qid,pred
0008-0,"The difference between the last person's action and the actions of the first two people is that the first two people attempt to open the bottles with tools (a knife and a counter edge, respectively) in a somewhat controlled manner. The last person, however, smashes the bottle open with his bare hand, resulting in a destructive and messy explosion of the drink."
0008-1,"The answer depends on which section of the video description is considered.

*   **Full Video Answer:** The last person in the video differs from the others because he resorts to brute force and smashes the bottle open with his hand, resulting in a messy explosion of the drink. The other individuals in the video attempt unconventional methods, but they don't completely destroy the bottle in the process. The last person's action is the most extreme and destructive.
*   **Front Section Answer:** This section states that more information is needed about the last person's actions to answer the question effectively.
*   **Middle Section Answer:** This section states that there is only one person shown in the video, so the question is not applicable.
*   **End Section Answer:** This section states that there is only one person in the video, so there are no other individuals to compare the person's actions to.

**Reconciled Answer:**

The video description is inconsistent. The ""Full Video Answer"" describes a scenario with multiple people, while the ""Middle Section Answer"" and ""End Section Answer"" describe a scenario with only one person. The ""Front Section Answer"" acknowledges the need for more information.

**If the video features multiple people (as described in the ""Full Video Answer""):** The last person's actions differ by being the most extreme and destructive, resorting to brute force to smash the bottle open, unlike the others who attempt unconventional but less destructive methods.

**If the video features only one person (as described in the ""Middle Section Answer"" and ""End Section Answer""):** The question of how the last person's actions differ from others is not applicable, as there are no other individuals to compare them to. The video depicts a single person attempting a Coca-Cola bottle trick that goes wrong."
0008-2,"Based on the provided video section answers, the most accurate aggregated answer is:

**Yes, the last person opened the bottle without using a knife.**

Explanation:

*   The ""Full Video Answer"" explicitly states that the last person attempts to open the bottle with a spoon and then their hand, ultimately smashing it open. No knife is used.
*   The ""Middle Section Answer"" also confirms that the person did not use a knife, mentioning the use of a metal utensil (likely a spoon or fork) and emphasizing the unconventional method.

While the ""Front Section Answer"" and ""End Section Answer"" express uncertainty, the ""Full Video Answer"" provides a definitive answer based on the overall video content. The ""Middle Section Answer"" provides a similar answer. Therefore, the most reliable conclusion is that a knife was not used by the last person to open the bottle."
0008-3,"No.

Explanation: The ""Full Video Answer"" states that the first person opened a beer bottle with a knife. The last person smashed a Coca-Cola bottle open with his hand after failing with a spoon and his hand. This directly contradicts the question's premise. The other sections confirm that they cannot answer the question, but the ""Full Video Answer"" provides the necessary information."
0008-7,E
0012-0,"Due to the video file not being found, I cannot determine the number of robot figures that appear in the video."
0012-1,"The video file is not found, so I cannot determine the number of robot figures shown. All sections of the video report the same inability to answer due to the missing video file."
0012-2,"The answer cannot be determined. All sections of the analysis indicate that the video file is not found, and the description provides no information about the video's content, specifically whether it displays four robot figures. Therefore, it is impossible to answer the question based on the provided information."
0012-3,"Due to the ""File not found"" error across all video sections (Full, Front, Middle, and End), I cannot analyze the video and therefore cannot determine the number of robot figures shown."
0012-7,E
0016-0,"The person is facing to the side, either left or right. All video sections agree the face is shown in profile, meaning a side view. However, the descriptions don't provide enough information to determine if it's a left or right profile."
0016-1,"The person is looking to the side, either left or right. All video sections describe the image as a man's face in profile, meaning it's a side view."
0016-2,"Based on the video descriptions, it's impossible to definitively say if the person is facing both sideways and forward due to photo editing. All sections highlight that the image is distorted, and this distortion creates an illusion. The ""Full Video Answer"" suggests the distortion is intentional to create the effect of seeing the face from different angles. The ""Front Section Answer"" and ""Middle Section Answer"" state that the distortion *could* be achieved through photo editing to create the illusion but the description doesn't confirm this. The ""End Section Answer"" further suggests that the effect is likely an intentional illusion created through distortion, rather than typical photo editing. Therefore, while photo editing may be involved in the distortion, the descriptions focus on the *illusion* of seeing different angles rather than explicitly stating the image is edited to show both sideways and forward views simultaneously."
0016-3,"No, the person is not facing forward. All video sections consistently state that the description focuses on a distorted profile of a man's face. Since the face is in profile (side view), the symmetry of the shoulders cannot be assessed to determine if the person is facing forward. The video's trick relies on the distorted profile being corrected when viewed upside down, and it doesn't provide any information about the shoulders."
0016-7,E
0036-0,"The apparently slow spinning machine can cut zucchini so thinly primarily because of the **sharpness and design of the rotating blade(s)** inside the machine. While the visible external rotation may appear slow, the internal blade(s) are likely very sharp, and geometrically optimized for thin slicing. There is also the possibility that the internal mechanism includes gearing that allows the blade(s) to rotate at a high speed relative to the observable rotation of the machine. The ""whirring sound of the blades"" mentioned in one section further supports the idea of a fast-spinning internal blade."
0036-1,"The machine slices zucchini thinly despite appearing to spin slowly because the actual slicing is done by a rapidly rotating blade *inside* the machine's housing. While the external parts may rotate slowly to feed the zucchini, the internal blade spins much faster, likely due to gearing or a similar mechanical advantage. This high blade speed, combined with the blade's sharpness, precise angle, and a controlled feeding mechanism, allows it to shave off thin slices consistently. The whirring sound mentioned in one section also supports the idea of a fast-spinning internal blade."
0036-2,"No, the thinness of the zucchini slices is not due to a stroboscopic effect. All video sections agree that the thinness is determined by the machine's design, including the sharpness and spacing of the blades, and the speed at which the zucchini is fed through the mechanism. The stroboscopic effect, while a real phenomenon related to rapidly rotating objects, is not the reason for the thin slices in this case."
0036-3,"The video descriptions do not explicitly state whether the machine's ability to cut zucchini thinly, even at a slower speed, is due to the blade's sharpness.

However, the video sections could potentially answer the question through the following observations:

*   **Visual Inspection of Slices:** Observing the thinness and cut quality (clean vs. ragged) of the sliced zucchini. Very thin, clean cuts at a seemingly slower speed would suggest sharpness is a key factor.
*   **Sound Analysis:** Analyzing the sound of the blade cutting. A clean, crisp slicing sound implies a sharp blade, while a dull or struggling sound suggests the blade isn't very sharp.
*   **Machine Speed Observation:** Visually assessing the speed of the blade's rotation and correlating it with the resulting slice thickness. A relatively slow rotation producing thin slices implies sharpness contributes significantly.
*   **Close-up of the blade:** A clear view of the blade's edge would allow viewers to assess its sharpness.
*   **Variable speed demonstration:** If the machine has adjustable speed settings, the video could demonstrate slicing at different speeds to show that thin slices are still achievable even at slower speeds.
*   **Slicing different vegetables:** Does the video show other vegetables (like a zucchini) being sliced? This would help determine if the machine consistently produces thin slices regardless of the vegetable.
*   **Slow-motion footage:** Slow-motion footage of the slicing process would help observe how the blade interacts with the vegetable."
0036-7,C
0037-0,"Multiple parts of the video have been artificially edited. The video description details visual effects used to create glitching effects, including the cup shaking, the creator's body distorting and pixelating, duplication of the creator, and multiplication of the ping pong balls. The middle section answer suggests that all parts of the video after the initial shot are artificially edited, which is supported by the description of various glitch effects."
0037-1,"The video shows signs of artificial editing in four sections. This is based on the analysis of the full video which identifies: cup shaking, body glitching, duplication of the creator, and ping pong ball multiplication as effects achieved through editing. The other sections focus on individual effects but the full video analysis provides the most comprehensive answer to the question."
0037-2,"Yes, the video is edited in multiple parts to create the effect of video game glitches. All sections of the video description confirm the use of visual effects and editing techniques like pixelation, duplication, object multiplication, body distortion, and digitally added elements such as ""ERROR"" messages to simulate glitches."
0037-3,"No, the video is not edited only in one part to create the glitch effects. The video description indicates that editing is used throughout the video to create various glitch effects, including the shaking cup, the creator's body glitching and pixelating, duplication of the creator, and multiplication of ping pong balls."
0037-7,A
0038-0,"The video description does not support the question's premise. The last person in the video does *not* open the bottle easily. Instead, according to the Full Video Answer and End Section Answer, they smash the bottle open in frustration, resulting in a messy explosion. The End Section Answer also suggests the shaking likely increased the pressure inside, making the eventual release (the explosion) more forceful.

The Middle Section Answer provides a possible alternative explanation, *if* the ""last person"" refers to the man hitting the cap with a metal utensil repeatedly. In this case, the repeated hitting likely weakened the seal and/or the metal of the cap itself, making it easier to remove.

The Front Section Answer points out that to determine why the last person opened the bottle easily (if they did), you'd need to observe the video itself, paying attention to the bottle type, the person's technique, the cap's condition, and a comparison to previous attempts. However, based on the other sections, this scenario does not occur."
0038-1,"The answer depends on which ""last person"" we're talking about, as the video seems to depict multiple attempts to open a bottle. Here's a breakdown:

*   **If the ""last person"" is the one who smashes the entire bottle:** They didn't break the cap off easily. They used brute force to smash the entire bottle, resulting in an explosion of Coca-Cola. The ""ease"" was due to destructive force, not skill.

*   **If the ""last person"" is the one hitting the cap with a utensil:** The cap likely broke off easily because the repeated hitting weakened the metal of the cap, creating fractures and stress points.

*   **If the ""last person"" is the one who shakes the bottle:** The cap didn't break off in a controlled manner. The bottle exploded due to the pressure from shaking, forcing the cap off.

*   **If the ""last person"" is someone else not described in detail:** The video descriptions do not provide enough information to determine why they were able to break off the bottle cap easily. It could be due to a tool, a specific technique, a pre-existing weakness in the cap, or the person's strength/skill."
0038-2,"Yes, the last person successfully broke the bottle. The full video answer and the end section answer both confirm that the last person broke the bottle, with the end section even describing the bottle exploding."
0038-3,"No. None of the video section descriptions mention anyone using a lighter as a lever to open a bottle. They describe other methods, such as hitting the bottle with a utensil, shaking the bottle, and attempting tricks."
0038-7,E
0064-0,"The answer to why the room went dark after the stick figure character closed the door is inconsistent across the video sections.

*   **Full Video Answer:** Suggests the darkness resulted from closing the door, blocking a light source, though it doesn't explicitly state a light was on.
*   **Front Section Answer:** States the character turned off the light switch.
*   **Middle Section Answer:** Describes a sneeze knocking over a lamp, which doesn't directly answer the question but implies the room was lit by the lamp prior to the sneeze.
*   **End Section Answer:** Does not answer the question.

Reconciling these answers, the *most direct* answer, based on the video section descriptions, is that **the stick figure character turned off the light switch (Front Section Answer).** The Full Video Answer is a possible explanation, but it is not explicitly stated. The Middle Section Answer is about a sneeze knocking over a lamp, which is not related to the question."
0064-1,"The room became dark because the stick figure character turned off the light switch. This is supported by the full video description and the front section answer, both of which state the character turned off the light switch between 0:00-0:02 of the video. The middle section describes a different scenario involving a sneeze and a lamp, and the end section describes a scene already in darkness, so these sections are irrelevant to the initial question."
0064-2,"No.

Based on the provided video section descriptions:

*   **Full Video Answer:** The room goes dark when the character turns off the light switch in Scene 1. Scene 2 shows a door slamming but doesn't connect it to the darkness or a lamp. Scene 3 links darkness to a shadowy figure.
*   **Front Section Answer:** The room went dark because the character turned off the light switch.
*   **Middle Section Answer:** The lamp fell due to a sneeze, not a door closing. The room going dark is not mentioned.
*   **End Section Answer:** The video starts with darkness.

Therefore, none of the descriptions support the idea that the room went dark because the stick figure closed the door and caused a lamp to fall. The front section explicitly states the darkness is from a light switch, and the end section says the video begins in darkness."
0064-3,"No, the room did not go dark because the stick figure character accidentally hit the light switch when closing the door.

*   **Full Video Answer & Front Section Answer:** These sections explicitly state the character *intentionally* turned off the light switch.
*   **Middle Section Answer:** This section describes a completely different scenario involving a sneeze and a lamp, unrelated to the question.
*   **End Section Answer:** This section describes a black screen transitioning to a face, with no mention of a light switch or door. While the initial darkness *could* be interpreted as the room being dark, the video doesn't explain why.

Therefore, based on the provided video sections, the most direct answers indicate the darkness was due to the character intentionally turning off the light or a lamp being knocked over, not an accidental hit of a light switch while closing a door. The end section does not provide enough information to answer the question."
0064-7,D
0070-0,"The person in the video poured the water one time in the Front, Middle, and End Sections. The Full Video Answer states that the person in the video pours the water twice. The video description states that the man pours the water from the M&M mug into the gun mug once (0:00-0:05), and then after pausing and thinking, he pours the water again (0:06-0:12). Since the question asks to only use the context from the video sections for the final answer, the Full Video answer is not considered.

The person in the video poured the water one time. The Front, Middle, and End Sections all state that the person in the video pours the water one time."
0070-1,"The person pours water one time in the video.

Explanation:

*   **Full Video Answer:** States two times, but we are prioritizing the section-specific answers.
*   **Front Section Answer:** States one time.
*   **Middle Section Answer:** States one time.
*   **End Section Answer:** States one time.

Since the majority of the sections indicate the person pours water one time, and we are prioritizing the section-specific answers, the final answer is one time."
0070-2,"Based on the video sections, the answer is **Yes**.

The ""Full Video Answer"" explicitly states that the person pours the water twice, with the second pour occurring after a pause and the appearance of visual effects. The other sections don't contradict this, but rather state that they can't confirm if the water was poured twice based *solely* on their respective descriptions. Since the ""Full Video Answer"" provides a definitive answer based on the entire video description, it overrides the ambiguity of the other sections."
0070-3,"The person in the video poured the water once. The front, middle, and end sections all describe a single instance of pouring water between the mugs. While the full video answer states the water was poured twice, we are only considering the individual section answers."
0070-7,D
0080-0,"The purpose of beating the balloon is multifaceted, depending on the video section:

*   **Full Video Answer:** To demonstrate the stress-relieving function of the DIY stress ball and for comedic effect through exaggerated reactions.
*   **Front Section Answer:** If present, it would be a deliberately nonsensical action included to generate humor by highlighting the ridiculousness of trying to find a ""hack"" for everything.
*   **Middle Section Answer:** To release the baking soda inside, creating a small ""explosion"" and a potential mess, as part of a prank or homemade ""stink bomb.""
*   **End Section Answer:** The video does not depict beating a balloon. Instead, it uses a visual pun of balloons drawn with faces and a burp sound effect to create humor.

Reconciling these, it's clear there are conflicting interpretations. The *Full Video Answer* and *Front Section Answer* focus on comedic absurdity and stress relief. The *Middle Section Answer* interprets it as a prank involving a baking soda explosion. The *End Section Answer* claims there is no beating of a balloon, but rather a visual pun.

**Final Answer:** There is no definitive answer. The purpose of beating the balloon depends on the interpretation of the specific video section. It could be for stress relief, comedic effect, to trigger a baking soda explosion as a prank, or it might not exist at all, instead being a visual pun."
0080-1,"Based on the video sections, here's why you need to hit the balloon:

*   **Middle Section:** Hitting the balloon is the action that activates the prank. The balloon is intended to be thrown on the ground to burst open, releasing baking soda with a popping sound, creating a ""stink bomb"" effect.

*   **End Section:** Hitting the balloon is a setup for an unexpected burp sound. The video plays on the audience's expectation of a pop, subverting it with a burp.

*   **Full Video:** Hitting the ""stress ball"" (balloon filled with baking soda and glove filled with vinegar) likely causes the baking soda and vinegar to mix. This creates a chemical reaction (producing carbon dioxide gas), which would inflate the glove/balloon and potentially create a squishy, stress-relieving effect. The smashing action is probably necessary to initiate the reaction and activate the stress ball.

*   **Front Section:** This section doesn't mention a balloon or hitting anything.

**Reconciled Answer:**

The primary reason for hitting the balloon appears to be to either activate a prank (releasing baking soda) or to initiate a chemical reaction to create a stress ball. In one instance, the act of hitting the balloon is also used to subvert expectations, replacing the anticipated ""pop"" sound with an unexpected ""burp."""
0080-2,"No, the purpose of hitting the balloon is generally not to create a fun and interactive toy in the traditional sense.

*   **Full Video Answer:** The video shows a stress ball creation ending with smashing it, suggesting the ""fun"" is in the forceful impact rather than gentle play.
*   **Front Section Answer:** The video is described as a collection of humorous and absurd ""life hacks"" that are intentionally impractical and pointless.
*   **Middle Section Answer:** The video demonstrates a prank involving a balloon filled with baking soda that bursts upon impact.
*   **End Section Answer:** The video depicts balloons with faces drawn on them, and the humor comes from a burp sound effect. The ""fun"" comes from the surprise and incongruity of the burp sound."
0080-3,"No, the purpose of hitting the balloon is not to make it pop loudly. The video sections describe different scenarios: one where the balloon contains baking soda for a chemical reaction and stress ball creation, another where it's part of a ""stink bomb"" prank, and a third where the balloon is associated with a burp sound effect for comedic purposes. In none of these scenarios is the primary goal to simply create a loud popping sound."
0080-7,E
0081-0,"The video descriptions don't definitively state that the man puts his hand on his face, but the ""Full Video,"" ""Middle Section,"" and ""End Section"" answers infer that he might, based on his unenthusiastic demeanor and the contrast with the woman's energetic dancing.

Possible reasons for the man putting his hand on his face, based on these inferences, include:

*   **Embarrassment or discomfort:** He might be embarrassed by the situation or the woman's energy.
*   **Exasperation or disbelief:** He could be expressing his frustration or disbelief at the woman's behavior.
*   **Hiding a smile:** He might find the situation funny but is trying to maintain a straight face.
*   **Attempting to be Funny/Relatable:** He might be intentionally using the hand-on-face gesture to amplify the comedic effect of his reluctance.
*   **Choreographed Part of the Dance:** It's possible the hand-on-face is a brief, ironic gesture within the dance itself.

The ""Front Section"" answer states that the video description doesn't mention the man putting his hand on his face and that he only moves his arm to point at the woman, so it cannot answer the question."
0081-1,"The video descriptions provided do not explicitly state that the man covers his face with his hand. However, based on the context of the video descriptions, which highlight the contrast between the woman's energetic dancing and the man's lack of enthusiasm and stoic expression, a possible reason he *might* cover his face is due to **embarrassment, discomfort, or reluctance to participate** in the dance trend. Covering his face could be a way to hide his reaction, express his lack of enthusiasm, or simply distance himself from the situation. The descriptions also suggest this action could be a deliberate comedic choice to emphasize the contrast and heighten the humor."
0081-2,"No, the man did not cover his face to transfer the cat face filter to the girl next to him. All video sections consistently state that the descriptions do not mention him covering his face or transferring the filter. The descriptions indicate that both the man and the woman already have the cat ear filter."
0081-3,"No. Based on the descriptions of the front and middle sections, the man did not put his hand on his face. The full and end section descriptions do not mention the man's hand movements, stating the video would need to be analyzed for specific movements to answer the question. However, since the front and middle sections specifically state he did not put his hand on his face, that is the most likely answer."
0081-7,E
0083-0,"Based on the provided video section descriptions, it's difficult to definitively say what the video wants to tell through the daughter entering the room *several* times because only the full video answer states that the daughter enters the room multiple times. The other video sections do not confirm the daughter's multiple entries.

However, *if* the daughter enters the room repeatedly, the video sections suggest the following:

*   **Building Comedic Tension:** The daughter's entries serve to build comedic tension and highlight the misunderstanding. Each entry (or attempted entry) is driven by her increasing outrage and conviction that a child is being mistreated. The anticipation, coupled with the eventual reveal that it's just a dog, is the core of the video's humor. Repeated entries amplify the comedic effect, making the final reveal even more absurd and funny.
*   **Highlighting the Mother's Fluctuating Behavior:** The multiple entries could emphasize the mother's fluctuating behavior and hidden affection for the dog. Each time the daughter appears, the mother quickly switches between her initial disapproval and her moments of secretly caring for the pet. This emphasizes the mother's internal conflict and the comedic contrast between her public persona and her private actions.
*   **Escalating the Situation:** Each entry could introduce a new element of chaos or mess associated with the dog, further frustrating the mother and escalating the comedic situation.

In summary, the multiple entries, if they exist, likely serve to amplify the comedic effect, build tension, and highlight the mother's internal conflict and the escalating absurdity of the situation."
0083-1,"The answers provided are contradictory and based on misinterpretations of the video's content.

*   **Full Video Answer:** This answer infers the daughter's repeated entries expose the mother's hypocrisy and evolving affection for the dog, but admits the video description doesn't specify this.
*   **Middle Section Answer:** This answer states there is no daughter repeatedly entering a room, but a woman entering once after eavesdropping. The message is that jumping to conclusions can lead to embarrassment.
*   **End Section Answer:** This answer also states there is no daughter repeatedly entering a room, and the video shows a woman interacting with a dog and being confronted by her mother.

**Aggregated Answer:**

Based on the provided video section descriptions, the question cannot be directly answered. The descriptions do not depict a daughter repeatedly entering a room. Instead, the middle and end sections describe a single entry by a woman (potentially the daughter). The message conveyed by this single entry, according to the middle section, is that **jumping to conclusions can lead to embarrassment.** The woman overhears baby talk, assumes a child is being mistreated, and barges in, only to find it's directed at a dog."
0083-2,"Based on the provided video section descriptions, it's possible, but not explicitly stated, that the daughter is trying to uncover her mother's true feelings about the dog by entering the room multiple times.

Here's a breakdown of the reasoning:

*   **Full Video Answer & Front Section Answer:** These sections point out that while not directly stated, the daughter's actions (like pretending to close the door on the dog and the back-and-forth about getting rid of it) *imply* she's gauging her mother's reaction and trying to understand her true feelings. The scene breakdown in the Front Section Answer suggests multiple entries into the room.
*   **Middle Section Answer:** This section is irrelevant as it describes a completely different scenario involving a misunderstanding about a child.
*   **End Section Answer:** This section highlights the daughter's attempt to ""sneak up"" on the dog, suggesting caution and awareness of the mother's strong feelings, which could be interpreted as an effort to understand the depth of her affection.

Therefore, the evidence suggests that the daughter's actions and repeated entries into the room *could* be motivated by a desire to understand her mother's genuine feelings about the dog, even though this isn't explicitly confirmed."
0083-3,"No, the video does not show the daughter repeatedly entering the room to announce the pet dog, highlighting cultural differences. All video section descriptions consistently state that the daughter's entrance and announcement of the dog occur only once at the beginning of the video. The video focuses on the mother's stereotypical reactions and the dog's favored status, rather than repetitive actions by the daughter."
0083-7,E
0099-0,"Based on the provided information from the video sections, there are at least **two** zoomed-in close-ups.

*   The **Full Video Answer** states there is one zoom-in.
*   The **Front Section Answer** indicates zooming in and out between 0:09 and 0:16, implying at least one zoom-in.
*   The **Middle Section Answer** does not provide any information.
*   The **End Section Answer** states there is one zoom-in between 0:16 and 0:19 on the letter ""A"".

Combining these, we can definitively say there are at least two zoomed-in close-ups: one between 0:09 and 0:16, and another between 0:16 and 0:19."
0099-1,"The total number of zoomed-in close-ups in the video is likely between 2 and 3.

Here's the reasoning:

*   **Full Video Answer:** States one instance of zooming in on the pattern.
*   **Front Section Answer:** Indicates zooming ""in and out"" between 0:09 and 0:16, suggesting multiple zoomed-in instances (estimated 2-3).
*   **Middle Section Answer:** States there are no zoomed-in close-ups.
*   **End Section Answer:** States there is one zoomed-in close-up on the letter ""A"" between 0:16 and 0:19.

Reconciling the differences:

The ""Middle Section Answer"" contradicts the others and can be disregarded as it states there are no zoomed-in close-ups, which is incorrect. The ""Front Section Answer"" and ""Full Video Answer"" both suggest zooming in and out of the pattern. The ""End Section Answer"" focuses on zooming in on the letter ""A."" Since the question asks for the total number of zoomed-in close-ups, and the front section indicates that there are multiple zooms in and out, the ""Full Video Answer"" and ""End Section Answer"" can be combined with the ""Front Section Answer"" to suggest that there are 2-3 zoomed-in close-ups."
0099-2,"Yes, there are two zoomed-in close-ups in the video focusing on the geometric pattern. The Front Section answer explicitly states the video ""zooms in and out,"" implying at least one zoom-in. The End Section answer confirms a zoom-in at 0:16-0:19 and suggests the initial view of the pattern at 0:00-0:04 could be considered the first zoomed-in close-up."
0099-3,"No. The video descriptions provided do not indicate that there are 10 zoomed-in close-ups of the geometric pattern. The full video answer, front section answer, and middle section answer all state that they cannot determine the exact number of close-ups based on the description. The end section answer explicitly states that only one zoom-in close-up of the geometric pattern is mentioned (0:00-0:04)."
0099-7,D
0101-0,"The question asks about teleportation, but the video sections provide conflicting information.

*   **Full Video Answer:** Explicitly states there is no teleportation and lists hiding places: blanket, bookcase, couch, cardboard box.
*   **Front Section Answer:** Confirms no teleportation, mentions hiding under a blanket.
*   **Middle Section Answer:** Mentions hiding inside the couch only.
*   **End Section Answer:** Claims ""teleportation"" (interpreted as quick movement) occurs from cardboard box to under a blanket.

The ""Full Video Answer"" is the most comprehensive, but the ""End Section Answer"" directly addresses the question by interpreting ""teleport"" as quick movement. Since the question is specifically about the *sequence* of locations, and the ""End Section Answer"" provides a sequence, that is the most relevant answer.

Therefore, the sequence is: **Cardboard Box, Under a Blanket.**"
0101-1,"Based on the provided video section descriptions, there's conflicting information and no clear indication of teleportation. Here's a breakdown and the most likely answer:

*   **Full Video Answer:** Suggests a sequence of hiding places: Blanket, Bookcase, Couch, Box.
*   **Front Section Answer:** No teleportation mentioned, focuses on hide-and-seek and a falling bookcase.
*   **Middle Section Answer:** Only mentions the man appearing inside the couch.
*   **End Section Answer:** Suggests a sequence of Box, then Blanket.

Aggregating this information, and acknowledging the absence of teleportation, the most complete sequence we can construct from the video section descriptions is:

**Cardboard Box, Under a Blanket, Behind a Bookcase, Inside the couch.**

This order is derived by combining the information from the Full Video Answer and the End Section Answer, while acknowledging the single location mentioned in the Middle Section Answer."
0101-2,"No, the man does not teleport. All video sections consistently state that the man hides in different locations (bookshelf, couch, cardboard box, and under a blanket) sequentially, with no indication of teleportation. The descriptions focus on his hiding attempts and the reactions of others (like a dog)."
0101-3,"Based on the video section descriptions provided:

*   **Front Section:** Does not provide information about the man teleporting to a bookshelf, cardboard box, or couch. It only mentions him hiding under a blanket and the bookcase falling. Therefore, this section cannot answer the question.
*   **Middle Section:** Only describes the man popping out of the couch. It does not mention teleportation to a bookshelf, cardboard box, or under a blanket. Therefore, this section indicates the answer is no.
*   **End Section:** States the man hides in a cardboard box and then under a blanket. It does not mention the bookshelf or the couch. Therefore, this section indicates the answer is no.
*   **Full Video Answer:** No, the man does not teleport in that specific order. According to the video description, the man's hiding attempts are: behind the blanket (briefly), behind the bookcase, inside the couch, and inside a cardboard box. He does not return to under the blanket at the end of the sequence.

**Answer:** No, based on the video section descriptions, the man does not teleport in the order of bookshelf, cardboard box, couch, and then back to the blanket. The order of hiding places varies between the sections, and some sections do not mention all the locations."
0101-7,E
0113-0,"Two buildings are demolished throughout the video.

Explanation:

*   **Full Video Answer:** Explicitly states two buildings are demolished: one with explosives (0:30-0:38) and a water tower with an excavator (0:55-0:59).
*   **Front Section Answer:** States no buildings are demolished, focusing on unsafe tool use. This section does not contribute to the final count.
*   **Middle Section Answer:** States one building is demolished with controlled explosions (0:09-0:18). This seems to refer to the same demolition described in the full video answer (0:30-0:38), just with a different timecode.
*   **End Section Answer:** States one building (a water tower) is demolished (0:015-0:019). This seems to refer to the same water tower demolition described in the full video answer (0:55-0:59), just with a different timecode.

Reconciling the information, the ""Full Video Answer"" is the most comprehensive, accurately describing both demolitions. The other sections focus on specific parts of the video and only describe one demolition each."
0113-1,"The total number of buildings taken down in the video is three.

Explanation:

*   **Full Video Answer:** This section provides a comprehensive overview, identifying three distinct instances of buildings being taken down: a building demolished with explosives, a tall structure being dismantled, and a water tower being demolished.
*   **Front Section Answer:** This section describes unsafe tool usage and does not mention any building demolitions. Therefore, it does not contribute to the final answer.
*   **Middle Section Answer:** This section mentions one building being demolished.
*   **End Section Answer:** This section mentions one building (water tower) being taken down.

Reconciling the differences, the ""Full Video Answer"" provides the most complete and accurate count based on the combined information from all relevant sections. The middle and end section answers are less comprehensive."
0113-2,"Yes, two buildings are demolished in the video. The full video answer states that one building is demolished with explosives between 0:30 and 0:38, and a water tower is demolished by an excavator between 0:55 and 0:59. The middle section describes one building being demolished through controlled explosions between 0:09 and 0:18. The end section states that a water tower is demolished. Although the times are different, the full video answer is the only one that accounts for both demolitions. We can reconcile the difference in the middle section by assuming that the times are approximate."
0113-3,"Based on the video sections, the answer is not definitively clear, and there are contradictions.

*   **Full Video Answer:** States one building is demolished, also mentions a water tower demolition (not a building) and a structure being dismantled (not explicitly a building).
*   **Front Section Answer:** Does not mention any building demolitions.
*   **Middle Section Answer:** States one building is demolished.
*   **End Section Answer:** States one *water tower* is demolished, explicitly calling it a building.

Reconciling these:

The Middle Section and Full Video Answer indicate one building is demolished. The End Section contradicts this by stating a water tower is demolished and calling it a building. The Front Section provides no information.

Therefore, the most accurate answer, acknowledging the contradictions, is: **Potentially yes, only one building is demolished, but there is conflicting information. Some sections describe a building demolition, while another describes a water tower demolition and calls it a building. It is unclear if the water tower is considered a building in the video.**"
0113-7,"Based on the provided information:

*   **Full Video Answer:** A (Two)
*   **Front Section Answer:** E (None of the above) - because the description doesn't mention demolitions.
*   **Middle Section Answer:** D (One)
*   **End Section Answer:** D (One)

Reconciling the answers, we have conflicting information. The full video suggests two buildings are demolished, while the front section suggests none, and the middle and end sections suggest one. Without seeing the video, it's impossible to definitively say. However, since the question asks for the number of buildings demolished *in the video*, the ""Full Video Answer"" is the most relevant.

Therefore, the best answer is:

A"
0117-0,"Based on the provided video section descriptions:

*   **Middle Section:** States there is one toy car (a ride-on BMW).
*   **End Section:** Mentions two toy cars (a classic car doing a wheelie and a drift car drifting around a corner).

Reconciling the information, it seems the video contains at least two toy cars.

**Answer:** Two"
0117-1,"One toy car. The middle section description explicitly states that a ""child's toy car, specifically a ride-on toy designed to look like a BMW"" is being driven. The other sections either don't mention toy cars or state that the description doesn't provide enough information."
0117-2,"Yes, there are two toy cars shown in the video clip. The middle section description explicitly states that the initial shot shows a child's ride-on toy car, followed by another person on a similar low-riding vehicle."
0117-3,"No, there are two toy cars shown in the video clip. The middle section of the video description explicitly mentions ""a child's toy car, specifically a ride-on toy designed to look like a BMW"" and ""another person on a similar type of low-riding vehicle follows"". The other sections either don't mention toy cars or specifically say they don't show any. Therefore, based on the available information, the most accurate answer is that there are two toy cars."
0117-7,E
0118-0,"The person pushed a row of blue water bottles off the railing. This action is described in the video section [00:00:00-00:00:02]. The ""Front Section Answer"" also supports this, stating the person pushed containers down, although it mentions stairs rather than a railing. The middle and end sections do not contain information relevant to the question."
0118-1,The person pushed a row of blue water bottles off the railing of a staircase. This action caused the bottles to fall (Full Video Answer and Front Section Answer). The Middle and End Sections do not contain information about a person or a bottle.
0118-2,"Yes, according to the full video and front section descriptions, the person let go of the bottles (or blue containers described as such) on a slope (staircase railing or side of the stairs), causing them to fall. The middle and end sections do not address the question."
0118-3,"Yes, based on the full video and front section descriptions, the person pushed the bottle with their hand to make it fall. The full video description explicitly states the man pushes the bottles off the railing, and the front section description confirms the man pushed containers, including a bottle, with his hand. The middle and end sections do not provide relevant information to answer the question."
0118-7,E
0127-0,"Based on the provided information from the video sections:

*   **Front Section Answer:** One watch is shown.
*   **Middle Section Answer:** More than one watch is shown.
*   **End Section Answer:** Two watches are shown.
*   **Full Video Answer:** Three watches are shown.

Reconciling the differences, the most accurate answer, considering all sections, is that there are at least three watches shown in the video. The full video answer explicitly states three watches, and the other sections support the presence of multiple watches.

**Answer:** Three watches are shown in the video."
0127-1,"Based on the video section answers:

*   **Full Video Answer:** 3 watches are shown, specifically mentioning a watch with a red rotor design, a watch with a gold Lamborghini brake caliper and rotor design, and a watch with a green rotor design.
*   **Front Section Answer:** 1 watch is shown.
*   **Middle Section Answer:** The exact number of watches cannot be determined.
*   **End Section Answer:** 2 watches are shown, one normal and one car wheel watch.

Reconciling the answers, the ""Full Video Answer"" provides the most comprehensive count by mentioning the specific watches shown in the video.

**Answer:** 3 watches"
0127-2,"No, the video sections provide conflicting information, but the most definitive answer comes from the End Section, which states that only two watches are shown. The Full Video Answer suggests at least three based on rotor colors, while the Middle Section implies at least two. The Front Section mentions only one watch. Since the End Section directly addresses the number of watches, it's the most reliable source within the provided context."
0127-3,"No, the descriptions provided do not definitively confirm if there are five watches.

*   **Full Video Answer:** Mentions three watches with different rotor designs but doesn't confirm the total number.
*   **Front Section Answer:** Mentions only one car-themed watch.
*   **Middle Section Answer:** Implies there's more than one watch but doesn't specify the exact number. It states ""The video then shows close-up shots of the watches,"" implying there is more than one.
*   **End Section Answer:** States there are only two watches shown.

Reconciling the answers, the descriptions are inconsistent. The full video answer mentions three watches. The end section answer states there are two watches. The front section answer mentions one watch. The middle section implies more than one. Based on the provided descriptions, it is impossible to determine if there are five watches shown in the video."
0127-7,"Based on the provided information:

*   **Full Video Answer: C** (Three watches)
*   **Front Section Answer:** Only one watch is shown.
*   **Middle Section Answer:** Cannot determine the number of watches.
*   **End Section Answer: B** (Four watches)

Reconciling the differences, the ""Full Video Answer"" should be the most reliable answer.

Therefore, the answer is:

C"
0129-0,"Based on the video section descriptions, there is conflicting information. The full video, front section, and middle section answers state that no men appear in the video, focusing on a woman as the central figure. However, the end section answer states that two men appear: one walking by a balloon illusion and another taking pictures of the woman.

Therefore, based on the available information, the best answer is: **2**. The end section description specifically mentions two men appearing in the video at specific timestamps."
0129-1,"The number of male figures shown in the video is 2.

The full, front, and middle sections of the video description state that there are no male figures in the video, focusing on a woman creating illusions. However, the end section description explicitly mentions two instances where a man is present: one walking by with a balloon and another taking pictures of the woman with an avocado illusion. Since the end section provides specific timestamps and descriptions of male figures appearing, it overrides the general statements of the other sections."
0129-2,"No. While the initial sections of the video description focus on a woman and suggest she is the only person present, the end section explicitly mentions two men appearing in the video at different points. Therefore, there is not only one man in the video."
0129-3,"Yes, there are two men in the video. The end section description explicitly states that a man walks by the balloon illusion and another man takes pictures of the woman in the avocado illusion. While the full video, front section, and middle section descriptions do not mention any men, the end section provides definitive evidence of their presence."
0129-7,D
0133-0,"The video file is not found in any of the sections (Full, Front, Middle, and End). Therefore, I cannot describe the final scene or answer what it depicts."
0133-1,"The video file is not found, therefore, I cannot determine what is shown in the final scene. All sections of the video description state the same inability to answer due to the missing video file."
0133-2,"Answer: Cannot be determined.

Explanation: All video sections (Full, Front, Middle, and End) state that the video file is not found, and therefore they cannot determine what the final scene depicts or if it shows three men jumping through a hula hoop."
0133-3,"The video file is not found, so it is impossible to determine if the final scene demonstrates the gyroscopic effect of a spinning wheel. All sections of the video description state that the video is needed to analyze the scene and look for key indicators of gyroscopic effect, such as the presence of a spinning wheel, resistance to tilting, and precession."
0133-7,E
0142-0,"The most likely purpose of the white tape, based on the video descriptions, is to **mark a spot that has been cleaned.** This allows the Spider-Man character to visually track progress, avoid re-cleaning the same area, or demonstrate how quickly the handrail becomes dirty again. The tape serves as a visual aid, emphasizing the need for cleaning in public spaces."
0142-1,"The video descriptions don't explicitly state why the Spider-Man character places a piece of white tape on the handrail. However, based on the common threads and possible interpretations across the different video sections, here's the most likely explanation:

**Answer:** The white tape is most likely used as a **visual marker related to the cleaning process**.

**Explanation:**

Several sections suggest the tape serves as a visual aid in demonstrating or tracking cleanliness. The specific purpose could be one or a combination of the following:

*   **Tracking Cleaning Progress:** To mark the starting point and visually track how much of the handrail has been cleaned.
*   **Demonstrating Cleaning Effectiveness:** To highlight the difference in cleanliness between the cleaned section (where the tape is) and the uncleaned section. Removing the tape later would show a before-and-after comparison.
*   **Testing Cleanliness:** To check the tape later for dirt or residue, indicating the actual cleanliness of the wiped surface.

The act of placing the tape could also be a humorous element, exaggerating hygiene practices."
0142-2,"The purpose of the white tape is not explicitly stated in any of the video section descriptions. However, based on speculation from the video context, here are the possible purposes:

*   **Marking a Clean Spot:** The tape could be used to mark sections of the handrail that have already been cleaned, ensuring no spots are missed.
*   **Testing Cleanliness:** The tape could be applied after cleaning to see if it picks up any dirt or residue, testing the effectiveness of the cleaning.
*   **Tracking Cleanliness Over Time:** The tape could mark a spot to track how quickly it gets dirty again after being cleaned.
*   **Visual Marker for Viewers:** The tape could serve as a subtle indicator for the viewer to see which section of the handrail has been wiped, demonstrating the before-and-after effect."
0142-3,"The video does not directly answer the question of whether a small piece of white tape is attached to an armrest to attract dust. All sections of the video description confirm this.

However, the video sections do provide some indirect context. The video focuses on the cleanliness of public surfaces, specifically escalator handrails. One section shows someone dressed as Spider-Man cleaning an escalator handrail with a white wipe, which becomes visibly dirty. This demonstrates that public surfaces accumulate dust and grime. While the video doesn't show an armrest or white tape, it suggests that if tape were present on an armrest, it could potentially collect dust."
0142-7,E
0146-0,"The car changes color a total of three times in the video.

*   **Front Section:** The car changes from light blue to dark grey (1 change).
*   **Middle Section:** The car changes from purple-ish grey to dark green (2 changes).
*   **End Section:** The color of the car does not change.

Total changes: 1 + 2 + 0 = 3."
0146-1,"The car's color shifts a total of three times in the video.

Here's the breakdown:

*   **Front Section:** 1 shift (light blue to dark grey)
*   **Middle Section:** 2 shifts (light blue to purple-ish grey, then purple-ish grey to dark green)
*   **End Section:** 0 shifts (color remains consistent)

Summing the shifts from each section: 1 + 2 + 0 = 3 shifts."
0146-2,"No, according to the middle section answer, the car does not change color four times starting with black. It starts as light blue and changes to purple-ish grey and then dark green. The other sections either don't mention the color changes or don't provide enough information to answer the question."
0146-3,"The answer is unclear based on the provided sections.

*   **Full Video Answer:** Claims the car changes color three times, starting with blue, based on the video description.
*   **Front Section Answer:** Claims the car changes color twice, from light blue to dark grey.
*   **Middle Section Answer:** Claims the car changes color three times, from light blue to purple-ish grey to dark green.
*   **End Section Answer:** Only mentions a green Porsche and doesn't address color changes or the initial color.

The sections contradict each other regarding the number of color changes and the specific colors. Therefore, it's impossible to definitively answer the question based solely on these descriptions."
0146-7,B
0151-0,"The video descriptions do not provide specific details about the clothing of the person holding the potato. While one section mentions it's likely only the hands and forearms are visible due to close-up shots, and another states the person is a woman, there's no information about the color, style, or type of clothing worn. Therefore, it's impossible to describe the clothing based on the provided video section descriptions."
0151-1,"The features of the person holding a potato in the video are:

*   **Hands/Arms:** Visible in close-up shot (inferred from the Full Video Answer and Middle Section Answer)
*   **Gender:** Woman (from the End Section Answer)
*   **Actions:** Attempts to push a straw through a potato (from the End Section Answer and Middle Section Answer)

The Full Video Answer and Middle Section Answer infer the presence of hands and arms due to the nature of the experiment. The End Section Answer explicitly states the person is a woman and describes her action. The Front Section Answer is irrelevant as it describes a different person and action."
0151-2,"The video descriptions do not provide enough information to definitively answer the question. While the end section mentions a woman attempting the potato straw trick, it doesn't describe her clothing or hair color. The other sections either don't mention a person holding the potato or state that they lack information about the person's appearance. To answer the question, one would need to visually analyze the video sections showing the potato experiment and observe if the person holding the potato is wearing a red coat and has long brown hair."
0151-3,"Based on the provided video section descriptions, it is impossible to definitively answer whether the person holding the potato is wearing a light pink hoodie and a black cap.

*   **Full Video Answer, Front Section Answer, Middle Section Answer, and End Section Answer:** All sections indicate that the descriptions do not provide details about the person's clothing while holding the potato. The end section mentions a woman attempting to push a straw through a potato but explicitly states that her attire is not described.

To answer the question, the actual video footage of the section where someone is holding the potato would need to be viewed."
0151-7,E
0152-0,"The tools for fixing the position of the pages, according to the video section descriptions, are:

*   **Two blue rubber bands:** Used to hold the book open in the front section.
*   **Blue string:** Used to wrap around the folded pages to maintain the shape of the word in the middle section.

The full video answer only mentions hands, but the front and middle sections specifically identify tools. The end section does not mention any tools used for fixing the position of the pages."
0152-1,"The video uses multiple tools to secure the pages in place at different stages:

*   **Front Section:** Two blue rubber bands are used to hold the book open.
*   **Middle Section:** A blue string is wrapped around the folded pages to maintain the shape.
*   **End Section:** A blue wire is used to clean and define the edges of the carved letters, and it's possible this was also used to hold pages together temporarily.

Therefore, the tools used to secure the pages in place are **two blue rubber bands, a blue string, and potentially a blue wire**."
0152-2,"No, the tool used to fix the pages in the video is not a blue retainer. Different sections of the video description mention blue rubber bands holding the book open, a blue string wrapped around the pages, and a blue wire used to clean the edges. None of these are a retainer, and the description explicitly states that a retainer is a dental appliance, which is not used in this context."
0152-3,"Based on the video section descriptions:

*   **Front Section:** Yes, rubber bands are used to hold the book open.
*   **Middle Section:** No, a blue string is used to maintain the shape of the folded pages, not a rubber band.
*   **End Section:** No information about tools used to fix the pages or rubber bands.
*   **Full Video Answer:** No, there is no mention of a rubber band being used to fix the pages.

Reconciling the answers: The front section states that rubber bands are used to hold the book open, while the middle section states that a blue string is used to maintain the shape of the word. The full video answer states that there is no mention of a rubber band being used to fix the pages.

Answer:

It depends on what is meant by ""fix the pages."" Rubber bands are used to hold the book open, but a blue string is used to maintain the shape of the folded pages."
0152-7,E
0154-0,"The video file is not found, therefore it is impossible to determine with which hand the adult man hands the white cutting board to the child."
0154-1,"I cannot answer the question. All video sections indicate that the video file is not found, so it is impossible to determine which hand the man uses to pass the white cutting board to the child."
0154-2,"Answer: Cannot be determined.

Explanation: All video sections (Full, Front, Middle, and End) indicate that the video file is not found. Therefore, it's impossible to observe the man's actions and determine which hand he uses to hand the cutting board to the child."
0154-3,"The answer cannot be determined. All video sections indicate the video file is not found, so there is no visual information to determine if the man hands the white cutting board to the child using his right hand."
0154-7,E
0162-0,"Based on the provided video section descriptions, here's the breakdown:

*   **Full Video Answer:** Claims 11 successful hits.
*   **Front Section Answer:** Claims 4 successful hits (bell, egg, candle, punching bag).
*   **Middle Section Answer:** Cannot determine the number of successful hits. The description mentions an egg, golf ball, Guinness glass, and lightbulb as targets, but doesn't specify if they were hit successfully.
*   **End Section Answer:** Claims 1 successful hit (golf ball).

Reconciling the differences, we can't definitively say how many times the golfer successfully hits the target based solely on the individual section descriptions. The full video description provides the most comprehensive answer, stating 11 successful hits. However, without knowing the actual video content, we can only rely on the information provided.

**Answer:** Based on the video section descriptions, the number of successful hits is uncertain. The full video description claims 11, while the front section claims 4, the middle section is inconclusive, and the end section claims 1."
0162-1,"The answer depends on which section of the video is being considered.

*   **Front Section Answer:** States 4 successful hits (bell, egg, candle, punching bag).
*   **Middle Section Answer:** Cannot determine the number of successful hits.
*   **End Section Answer:** States 1 successful hit (golf ball).
*   **Full Video Answer:** States 11 successful hits, based on the description claiming everything is ""hit"".

Since the question asks to reconcile the differences and only use the context from the video sections, and the middle section cannot determine the number of hits, the answer cannot be determined."
0162-2,"The answer is uncertain based on the provided sections.

*   **Full Video Answer:** States the golfer hits multiple targets, therefore more than once.
*   **Front Section Answer:** States the golfer hits a target four times.
*   **Middle Section Answer:** Does not mention a target being hit, only a golf ball being hit off a tee. This section is inconclusive.
*   **End Section Answer:** States the golfer hits a golf ball (the target) only once.

Reconciling the differences: The ""Full Video"" and ""Front Section"" answers contradict the ""End Section"" answer. The ""Middle Section"" is inconclusive. Without knowing the relative weight or reliability of each section's information, it's impossible to definitively answer whether the golfer hits *a* target only once. The ""End Section"" specifically mentions a golf ball as the target and states it's hit only once. However, other sections mention other targets."
0162-3,"Based on the provided video section descriptions, it is **not possible to definitively answer** whether the golfer hits the target 10 times.

*   The ""Full Video Answer"" suggests 11 targets are attempted, but it's unclear if all attempts are successful.
*   The ""Front Section Answer"" only shows 4 successful hits.
*   The ""Middle Section Answer"" and ""End Section Answer"" don't provide enough information to determine the number of successful hits or even if there's a defined target in those sections.

Therefore, without a complete and detailed account of all the attempts and their outcomes across the entire video, the question cannot be answered."
0162-7,E
0167-0,"The woman's surprise varies depending on the video section:

*   **Front Section:** She is pretending to be surprised as part of a comedic skit where a ""pencil"" is seemingly broken on her wrist. Her reaction is exaggerated for humor.

*   **Middle Section:** She is surprised because she is unexpectedly tickled by the man with a toothpick.

*   **End Section:** She is surprised by the lack of any magical outcome after the stick is broken. She expects something more to happen.

*   **Full Video Answer:** She is surprised because she believes she broke the stick, but then realizes it was an illusion."
0167-1,"The woman's astonishment stems from different sources depending on the video section.

*   **Full Video Answer:** She is astonished by the illusion of a breaking stick that remains whole due to a hidden hole.
*   **Front Section Answer:** She is astonished (or pretends to be) by a harmless prank where a pencil is pretended to be broken across her wrist.
*   **Middle Section Answer:** She is astonished by an unexpected tickle with a toothpick.
*   **End Section Answer:** She likely experiences amusement or astonishment due to the anticlimactic ending where no magical effect occurs after being handed the ""broken"" stick.

Therefore, the woman's astonishment is caused by a variety of tricks and pranks throughout the video, including the illusion of a broken stick, a harmless pencil prank, a surprise tickle, and the anticlimactic ending of a broken stick trick."
0167-2,"Based on the provided video section descriptions, here's the answer:

**No, the woman is not surprised because the pencil remains unbroken.**

Here's the reasoning based on the different sections:

*   **Full Video Answer:** Directly states the ""pencil"" (actually a stick with a hole) doesn't break. The surprise is due to the successful trick and humorous reveal.
*   **Front Section Answer:** Suggests the pencil likely didn't break, and the woman's reaction is feigned.
*   **Middle Section Answer:** This section describes a toothpick and tickling, irrelevant to the question about a pencil.
*   **End Section Answer:** This section describes a broken stick, irrelevant to the question of an unbroken pencil.

The most comprehensive answer comes from the ""Full Video Answer,"" which clarifies that the stick is designed not to break. The ""Front Section Answer"" supports this by highlighting the feigned nature of the woman's reaction. The other sections are irrelevant."
0167-3,"Here's the aggregated answer based on the provided video section descriptions:

The answer is uncertain and depends on the specific video section.

*   **Full Video Answer:** Yes, the woman is surprised. The description indicates her surprised expression adds to the comedic effect of the trick.

*   **Front Section Answer:** Yes, the woman is surprised. The description notes she reacts dramatically as if the pencil breaking caused her pain, implying surprise and disbelief.

*   **Middle Section Answer:** Cannot determine. This section describes a toothpick trick and tickling, with no mention of a pencil or the woman's reaction to a broken pencil.

*   **End Section Answer:** No, she is likely not surprised. The description suggests she anticipates something further to happen after the stick is broken, implying she's expecting a trick rather than being surprised by the breaking itself.

**Reconciliation:**

There is conflicting information. The full and front sections suggest surprise, while the end section suggests anticipation rather than surprise. The middle section is irrelevant to the question.

**Final Answer:**

Based on the conflicting information, it's impossible to definitively say whether the woman is surprised. Some sections indicate she is surprised by the apparent breaking of the pencil (or stick), while another suggests she is anticipating a trick, implying she is not surprised by the breaking itself."
0167-7,E
0169-0,"The woman pours juice into the mold a total of three times.

*   **Front Section:** One time (orange soda).
*   **Middle Section:** Two times (orange and red liquid).
*   **End Section:** Zero times (removing popsicles).

Combining the front and middle sections, she pours juice three times. The end section is irrelevant as it shows the removal of popsicles."
0169-1,"The woman fills the mold with juice at least two times in the video. The Middle Section Answer explicitly states that she pours orange liquid and then red liquid into the cylinders, indicating at least two fillings. The Front Section Answer only mentions one instance of filling, but the Middle Section provides more comprehensive information. The Full Video Answer implies one filling per popsicle, but doesn't give a total number of fillings. The End Section Answer is irrelevant."
0169-2,"No, based on the information provided, the woman is shown pouring orange soda into a popsicle mold once between 0:07 and 0:11. The descriptions of the middle and end sections do not provide information about pouring juice into the mold. The full video answer suggests watching the video to confirm, but based on the available descriptions, there is no evidence of her pouring juice into the mold twice."
0169-3,"No, the woman does not pour juice into the mold three times. The front section of the video shows her pouring orange soda into a popsicle mold one time. The middle section shows her pouring orange liquid and then red liquid, but not a third pour. The end section focuses on popsicle removal, not filling."
0169-7,E
0179-0,"Due to the unavailability of the video file, I cannot determine how many times the person cuts the stem. All video sections (Full, Front, Middle, and End) explicitly state that they cannot answer the question without access to the video content."
0179-1,"The video files are not found for any section (Full, Front, Middle, End). Therefore, it is impossible to determine how many times the stems have been cut based on the provided information."
0179-2,The answer cannot be determined. All video sections indicate that the video file is not found or that there is no information available to determine if the person cuts the stem with one swing.
0179-3,"Cannot be determined. All video sections report that the video file is not found, making it impossible to determine the number of times the stem is cut."
0179-7,E
0198-0,"The answer is 11.

Explanation: The ""Full Video Answer"" explicitly states that there are 11 photos depicting the ""old me"" in the video and lists all the scenes. While other sections provide partial lists, the full video answer provides the most comprehensive and accurate count. The other sections focus on individual segments, but the question asks about the entire video."
0198-1,"The total number of photos labeled 'old me' shown in the video is 6.

The ""Front Section Answer"" and ""Middle Section Answer"" both state that there are 6 photos/clips labeled ""Old me"". The ""Full Video Answer"" lists 11 photos, but this is based on the video description, not necessarily what is explicitly shown and labeled in the video. The ""End Section Answer"" states 0 but is about a different part of the video. Therefore, based on the sections that directly address the question, 6 is the most consistent and likely correct answer."
0198-2,"No, there are not 12 photos labeled 'old me' in the video. The Full Video Answer explicitly lists 11 scenes/photos associated with the ""old me"" section. The other sections either don't provide a specific number or don't mention the ""old me"" photos at all."
0198-3,"No, the video does not include a photo of the 'old me' reading a book at a desk twice. The Full Video Answer directly states this. While the Front and Middle sections mention the 'old me' at a desk reading or studying, they don't confirm the same photo is used twice. The End Section doesn't mention the 'old me' reading at all. Therefore, based on the provided descriptions, the answer is no."
0198-7,B
0217-0,"Based on the provided video section answers, here's the breakdown:

*   **Full Video Answer:** The time-lapse portion runs from 0:09 to 0:14 (5 seconds in video time), and is sped up 8x, resulting in 40 seconds of actual time.
*   **Front Section Answer:** This section doesn't mention capillary action.
*   **Middle Section Answer:** The time-lapse sequence occurs between 0:03 and 0:04 of the video. Therefore, the time lapse of the demonstration of capillary action lasted precisely 1 second in physical time of the video.
*   **End Section Answer:** The video is sped up by 8x, but without knowing the duration of the capillary action demonstration in video time, it's impossible to determine the real-time duration.

Reconciling the answers, the **Full Video Answer** provides the most complete and specific information. It identifies the time-lapse segment and the speed-up factor. The **Middle Section Answer** contradicts the **Full Video Answer**. The **End Section Answer** acknowledges the speed-up but lacks the necessary video time duration.

Therefore, the time lapse of the demonstration of capillary action lasted precisely 40 seconds in physical time. This is based on the 5-second video segment sped up by a factor of 8."
0217-1,"The full video answer provides the most comprehensive information. It states the setup takes 4 seconds (0:04-0:08) and the time-lapse of the capillary action is 5 seconds (0:09-0:14), sped up by 8x. Therefore, the real-time duration of the capillary action is 5 seconds * 8 = 40 seconds. Adding the setup time, the total real-time duration of the capillary action demonstration is approximately 44 seconds.

Therefore, the exact duration of the capillary action demonstration in real time as shown in the video is approximately **44 seconds**."
0217-2,"Based on the provided video section descriptions, here's the answer:

No, the time lapse of the capillary action demonstration did not last one hour and fifteen minutes according to the clock in the video. The end section description states that the video is sped up by 8x, meaning the elapsed time cannot be accurately determined by observing the clock in the video."
0217-3,"No, the time lapse of the capillary action demonstration did not last precisely 2 hours as indicated by the clock in the video. The end section answer states the video is sped up by 8x. Therefore, even if the clock showed a 2-hour lapse, the actual time would have been longer."
0217-7,E
0242-0,"The video description does not definitively state the exact reason the two orange cats jumped away from the kitchen countertop with a person in a red hat. However, the ""Front Section Answer"" mentions a scene where ""A cat jumps off the counter after being startled by a noise"" and ""Two cats run away from a toilet after something falls"". Based on this, it's likely the orange cats jumped because they were startled by a sudden noise or something falling."
0242-1,"The video sections do not contain a scene with two orange cats in a kitchen with a person wearing a red hat. However, the ""Front Section Answer"" mentions a scene where ""Two cats run away from a toilet after something falls.""

Therefore, the most likely answer, based on the available information, is: **Something falling near the toilet startled the two cats, causing them to run away.**"
0242-2,"Based on the provided video section descriptions, the answer is:

The video description does not directly answer the question. None of the descriptions mention two orange cats jumping away because a person in a red hat used a party blower. However, the ""End Section"" description mentions a clip from 0:14-0:17 showing an orange cat being startled by a noisy toy and running away. This clip *might* be relevant if the toy sounded like a party blower, but there's no mention of a person in a red hat being involved. Therefore, whether the two orange cats jumped away because the person in the red hat used a party blower is not answered by the video section descriptions."
0242-3,"The description does not directly answer the question of whether two orange cats jumped away because they were frightened by a toy snake.

Here's what the video sections show:

*   **Full Video Answer:** Contains multiple clips of cats (potentially including orange cats) being frightened by toy snakes.
*   **Front Section Answer:** Mentions cats being startled by toy snakes but doesn't specify orange cats or two cats together. It also mentions two cats running away from a toilet due to something falling.
*   **Middle Section Answer:** States the description doesn't mention two orange cats or a toy snake.
*   **End Section Answer:** Describes an orange cat being startled by a noisy toy (not necessarily a snake) and running away.

Therefore, while the video contains instances of cats being scared by toy snakes and at least one instance of an orange cat being scared by a noisy toy, none of the descriptions explicitly state that *two* orange cats jumped away specifically because of a toy snake. To definitively answer the question, the video would need to be reviewed for a clip showing two orange cats reacting to a toy snake."
0242-7,E
0248-0,"The video file is not found in any section (Full, Front, Middle, End). Therefore, I cannot determine what the person in the foreground is doing."
0248-1,"The video file is not found. Therefore, it is impossible to determine what activity the person in the foreground is engaged in."
0248-2,"Answer: Cannot be determined.

Explanation: All video sections (Full, Front, Middle, and End) state that they cannot determine if the person in the foreground is painting a hyperrealistic image of a wet-haired woman because the video file is not found and therefore no visual information is available."
0248-3,"No, it cannot be definitively determined if the person in the foreground is under running water. All video sections are unavailable (""File not found""), so there is no visual information to confirm or deny the presence of running water or the reason for the water droplets on the person's face. While the water droplets suggest the possibility of running water, other explanations are possible."
0248-7,E
0256-0,"The video descriptions do not provide a specific number of bounces. The descriptions indicate that the ping-pong ball bounces on each step of the staircase as it descends. Therefore, the number of bounces is equal to the number of steps on the staircase, which is not specified."
0256-1,"The video descriptions don't explicitly state the number of times the ping-pong ball hits the ground. To determine the answer, one must watch the video and count the number of times the ball bounces. The ball bounces on each step of the staircase, and then potentially bounces on the floor at the bottom before landing in the glass. The total number of bounces is the sum of the bounces on the steps and the bounces on the floor. The middle section answer incorrectly states that the number of bounces is equal to the number of steps."
0256-2,"The question cannot be answered based on the provided video section descriptions. All sections agree that the descriptions lack the necessary information to determine if a ping-pong ball bounces 17 times on the ground before entering a cup. The descriptions focus on the ball bouncing down stairs, not on the ground, and do not mention a cup."
0256-3,"The video descriptions do not provide enough information to definitively answer whether the ping-pong ball bounces 15 times. All sections agree that the number of bounces needs to be counted by watching the video. The middle section suggests that knowing the number of steps would be sufficient, assuming the ball bounces on each step. However, none of the sections provide the number of steps. Therefore, based solely on the provided text, the question cannot be answered."
0256-7,E
0259-0,"The video sections do not show the man throwing away his hat. Therefore, I cannot answer which hand he used. All sections of the video focus on the man playing mini-golf, reacting to poor shots, and using a tiny screwdriver. None of the descriptions mention a hat or the action of throwing anything away. To answer the question, the video would need to show the man wearing a hat, removing it, and throwing it, and the description would need to mention which hand he used to do so."
0259-1,"The video sections do not provide enough information to answer the question. None of the descriptions mention the man wearing or discarding a hat. To answer the question, the video would need to show the man wearing a hat and then discarding it, allowing us to observe which hand he used."
0259-2,"The question cannot be answered based on the provided video section descriptions. None of the descriptions mention the man throwing away his hat or which hand he used.

To answer the question, the video section would need to visually show the man's actions after failing the shot, including whether he was wearing a hat, if he took it off and threw it, and which hand he used to do so."
0259-3,"The video sections do not provide enough information to answer the question. All sections state that the descriptions do not mention the man throwing away his hat or using either hand. To answer the question, the video would need to show the man removing and throwing his hat, and clearly show which hand he used."
0259-7,E
0266-0,"The video description does not answer the question of which thumb the yellow rubber band is looped around. All sections of the description consistently state that the initial position of the rubber band on the hand(s) is not explicitly detailed. To answer the question, the video would need to visually show the starting position of the rubber band, specifically which thumb (left or right) it is looped around at the beginning of the trick."
0266-1,The provided descriptions of the video sections consistently state that they do not contain the specific information needed to determine around which thumb the yellow rubber band is completely wrapped. All sections emphasize the need to visually observe the video to track the rubber band's placement and hand movements.
0266-2,"Based on the video descriptions, it is not possible to definitively answer if the yellow rubber band is fully looped around the left thumb. None of the sections provide explicit information about the rubber band's initial or ongoing position relative to the left thumb. Each section highlights the need for a more detailed visual analysis of the video itself to determine the answer. The descriptions focus on the overall content, structure, humor, and advertising aspects of the video, rather than specific details about the rubber band's placement."
0266-3,"The provided descriptions from all video sections consistently state that they do not contain the necessary information to determine if the yellow rubber band is fully looped around the right thumb. The descriptions focus on the overall trick, structure, humor, and visual/audio elements of the video, but lack specific details about the rubber band's position on the right thumb. To answer the question, a visual observation of the video is required to see if the rubber band encircles the thumb completely."
0266-7,A
0267-0,"The answers from the video sections contradict each other. Here's a breakdown and a reconciled answer:

*   **Full Video Answer:** States the first person is hanging from a white line on a colorful court.

*   **Front Section Answer:** Acknowledges the question but does not provide a specific answer.

*   **Middle Section Answer:** States the first person is walking on a sidewalk as a tram passes by.

*   **End Section Answer:** States the first person is ""smoking"" a large flame in an industrial setting.

Given these conflicting descriptions of the *very first* person in the video, it's impossible to definitively answer the question without seeing the video. Each section claims to describe the first clip.

**Reconciled Answer:**

Based on the provided information, the first person in the video is described in three different ways: hanging from a line on a court, walking on a sidewalk, and ""smoking"" a flame. Since these descriptions are mutually exclusive, it's impossible to determine what the first person is actually doing without viewing the video."
0267-1,"The answers from the different video sections are contradictory. Here's a reconciled answer based on each section:

*   **Full Video Answer:** The first person is hanging from a white line on a colorful court.
*   **Front Section Answer:** This section doesn't provide a specific action but suggests possibilities based on forced perspective.
*   **Middle Section Answer:** The first person is walking on the sidewalk in an urban environment.
*   **End Section Answer:** The first person is ""smoking"" a large flame in an industrial setting.

Since the question asks about the *first* person and the *first* action, and the video sections explicitly label the first clip, we must consider the Middle and End Section answers.

**Final Answer:**

Based on the Middle Section answer, the first person in the video is **walking on the sidewalk** in an urban environment as a tram passes by. Based on the End Section answer, the first person in the video is **""smoking"" a large flame.** These answers are contradictory, so there is no way to know the answer for sure."
0267-2,"Based on the provided video section answers, here's the aggregated response:

It is highly likely that the person in the video is creating an illusion by laying on the basketball court. The ""Front Section Answer"" specifically states that the video is a compilation of forced perspective photography. Forced perspective often involves manipulating perceived size and distance, and laying on a basketball court could be a setup for such an illusion. The other sections either lack the necessary information or state they cannot answer the question. Therefore, the ""Front Section Answer"" provides the most relevant and informative response."
0267-3,"Based on the video descriptions provided, it is impossible to determine if the person in the video is jumping or leaping. The descriptions focus on other aspects of the video, such as forced perspective and silhouettes, and do not provide details about the movements of the people in the clips that would indicate jumping or leaping. Some sections suggest what would be needed to determine whether the person is jumping or leaping, such as analyzing the distance covered, height achieved, leg movement, and context of the action. However, the descriptions themselves do not provide this information."
0267-7,E
0273-0,"Based on the provided video section descriptions, it is impossible to determine which color is facing up after solving the Rubik's Cube. None of the descriptions mention the final state of the cube or the color of the top face. The descriptions focus on the act of solving the cube and the surrounding context, but not the result."
0273-1,"Based on the video descriptions provided, none of the sections (Full, Front, Middle, End) give a definitive answer to the color of the top face of a solved Rubik's Cube. The descriptions consistently state that they lack the necessary information to answer the question. The middle section mentions a man solving the cube, but the final state isn't clear enough to identify the top color.

Therefore, the answer is: The video descriptions do not provide enough information to determine the color of the top face of the solved Rubik's Cube."
0273-2,"The video sections do not provide enough information to determine the color of the top face of a solved Rubik's Cube. The video focuses on a man solving a Rubik's Cube in a crowd, but it doesn't show the final, solved state or the colors of any of the faces. Therefore, I cannot answer the question based on the provided information."
0273-3,"The video description does not directly answer whether the top color of a solved Rubik's Cube is yellow. The full video, front section, and end section descriptions all state that they don't contain information about Rubik's Cubes or their colors. The middle section mentions a man solving a Rubik's Cube, but the colors are not explicitly mentioned or clearly visible. However, it suggests that if the solved cube's top face is visible at the end, the color could potentially be discerned by watching the video."
0273-7,E
0274-0,"The video description states that there are five dancers. Therefore, there are five people in the video."
0274-1,"The total number of individuals visible in the video is five. The full video and front section answers explicitly state there are five dancers, based on the video description. While the middle and end sections don't provide a definitive number, they refer to ""a group of dancers,"" implying multiple individuals are present. Therefore, the most consistent and explicit answer across the available information is five."
0274-2,"No, based on the full video and front section descriptions, the total number of people in the video is five. These sections explicitly state that there are five dancers. The middle and end section descriptions do not explicitly state the number of dancers and suggest needing to see the video to count. However, the explicit statements from the full video and front section take precedence."
0274-3,"No. The Full Video and Front Section descriptions explicitly state that there are five dancers in the video. The Middle and End Sections do not provide a specific number, but the Middle Section mentions a ""group"" of dancers. Since the other sections provide a definite number, we can conclude the total number of people is five, not six."
0274-7,E
0276-0,"No, based on the descriptions of all video sections, it's unlikely that video editing effects are significantly used to create the illusion. The believability primarily comes from the quality of the drawing (shading, perspective), the strategic placement of real objects, the static camera, even lighting, and the timing of the reveal. Sound effects are used for comedic timing rather than creating the illusion itself."
0276-1,"The techniques used to create the illusion of the pen passing under the cube are:

*   **Perspective:** The cube is drawn using perspective, creating the initial impression of depth and space.
*   **Shading:** Shading on the cube and the area underneath it enhances the 3D effect, making the space *under* the cube seem real. The Front Section answer also suggests subtle shading on the underside of the cube where the pen is supposedly passing, reinforcing the idea that the pen is in shadow.
*   **Visual Occlusion (Placement of the Pen):** The pen's line is interrupted where it passes behind the ""bottom"" edge of the cube in the drawing. This break in the line is a key visual cue that one object is in front of another. The pen is placed in such a way that it looks like it's going behind the lines of the cube.
*   **Sound Effect:** The Middle Section Answer mentions a ""boing"" sound effect, timed with the pen's placement, adds to the illusion by making it seem like the pen is interacting with a solid object.
*   **Precise Alignment:** The Front Section Answer suggests that the angle and position of the pen relative to the cube's lines and shading would need to be very precise to maintain the illusion."
0276-2,"No, the illusion likely does not rely on video editing effects like masking. All video sections emphasize the use of drawing techniques like perspective and shading, along with a static camera and well-timed sound effects, to create the illusion. The full video section explicitly states the reveal involves picking up the drawing to show it's flat, which wouldn't be possible if masking were used. The end section also mentions the placement of a real cube and its removal as part of the illusion, further supporting the absence of masking."
0276-3,"Yes, the illusion is likely created solely through skillful drawing and perspective without any video editing.

Explanation: All video sections emphasize the importance of skillful drawing, shading, and perspective in creating the 3D illusion. They highlight the static camera, even lighting, and lack of mention of any video editing techniques used to alter the image. While sound effects are used for comedic effect and to enhance the illusion, they do not contribute to the visual creation of the 3D effect itself, which is attributed to the drawing. The end section explicitly states that the placement/removal of a real cube and the ""wah"" sound effect enhance the illusion, but the core illusion is still based on the drawing."
0276-7,A
0278-0,"The writing on the paper in the video is in black, red, and orange ink.

Explanation: The ""Full Video Answer"" states black and red ink. The ""Front Section Answer"" and ""End Section Answer"" state orange marker. The ""Middle Section Answer"" states red ink. Combining all of these, the writing is done in black, red, and orange."
0278-1,"The text in the video is written in black, red, and orange ink/marker.

Explanation:

*   **Full Video Answer:** States black and red ink are used.
*   **Front Section Answer:** States orange marker is used.
*   **Middle Section Answer:** States red ink is used.
*   **End Section Answer:** States orange marker is used.

Therefore, considering all sections, the text is written in black, red, and orange."
0278-2,"The writing on the paper in the video is orange.

Explanation: While the ""Full Video Answer"" states the writing is black and red, the ""Front,"" ""Middle,"" and ""End"" sections all explicitly state, based on the video description, that the writing is orange due to the use of an orange marker. Therefore, reconciling the conflicting information and prioritizing the specific details about the marker color, the writing is orange."
0278-3,"The answer is complex and contradictory based on the provided information.

*   **Full Video Answer:** States both black and red ink are used.
*   **Front Section Answer:** States the marker is orange, implying the writing is orange, not red.
*   **Middle Section Answer:** States the writing is in red ink.
*   **End Section Answer:** States the marker is orange, implying the writing is orange, not red.

Reconciling the information, it seems there's conflicting information about the color of the ink used. The ""Full Video Answer"" suggests both black and red are used. However, the ""Front Section Answer"" and ""End Section Answer"" both mention an orange marker, suggesting the writing might be orange instead of red. The ""Middle Section Answer"" explicitly states the writing is red.

Therefore, based on the conflicting information, it's impossible to definitively say if the writing is red. It could be red, orange, a combination of red and black, or a combination of orange and black."
0278-7,C
0288-0,"The cleaver is not easy to use. The full video answer, middle section answer, and end section answer all point to the cleaver being difficult to use, either due to the user's inexperience or the knife's inherent characteristics. The front section answer also suggests the cleaver-like knife is likely the one that is not easy to use."
0288-1,"The cleaver is difficult to use. The full video answer states the man struggles with the cleaver. The front section infers the difficulty due to the large bone and the man's behavior. The middle section explicitly states the large cleaver is difficult, citing the man's failure to cut a water bottle. The end section suggests the cleaver is difficult for the woman to use due to her inability to cut the meat."
0288-2,"The video description does not provide enough information to definitively answer the question.

Here's why:

*   **Knife Description:** None of the video sections describe the knives in enough detail to determine if one has ""darker black steel.""
*   **Ease of Use:** While the end section mentions the man initially using a knife, then the woman struggling with it and the man offering his knife, it doesn't explicitly connect the ""darker black steel"" knife (if it exists) to the difficulty.

The end section suggests a possible inference: the knife the woman uses is the one that is not easy to use. However, without visual information about the color of the knives, it's impossible to say if the knife the woman uses is the one with darker black steel."
0288-3,"The question cannot be answered definitively based on the provided video section descriptions.

Here's why:

*   **No Lighter Silver Steel Knife:** None of the descriptions explicitly mention a ""lighter silver steel knife.""
*   **Inconsistent Knife Use:** Different sections describe different knife-related events. One section features a man blaming a knife for a woman's inability to cut meat. Another involves a man failing to cut a water bottle with a cleaver. A third has a man protective of his knife.
*   **Inference vs. Fact:** While some sections *imply* a knife might be difficult to use (e.g., the man blaming the knife, the bald man not wanting anyone to touch the knife), these are inferences, not direct statements.

Therefore, without a direct mention of a ""lighter silver steel knife"" being difficult to use, the question cannot be answered using only the information provided in the video section descriptions."
0288-7,E
0292-0,"The video sections do not provide enough information to determine how many vehicles are behind the bus. Each section focuses on the photography technique, camera settings, and the visual effect of light trails. None of the sections show or describe the traffic situation behind the bus."
0292-1,"The number of vehicles following the bus cannot be determined. None of the video sections provide information about the number of vehicles following the bus. The video focuses on photography techniques, camera settings, and light trails."
0292-2,"The descriptions of the video sections do not definitively answer whether there is only one vehicle behind the bus after it passes.

Here's a breakdown of what each section offers:

*   **Full Video Answer:** States that the description doesn't provide a definitive answer but suggests analyzing the long exposure result at 0:07-0:09 for light trails. If there's one distinct light trail, it implies one vehicle; multiple trails, multiple vehicles. However, the clarity and exposure length are crucial factors.
*   **Front Section Answer:** States the description doesn't explicitly state how many vehicles are behind the bus. It suggests analyzing the video footage itself, specifically the section after the bus passes (0:02-0:03), to look for headlights or visible vehicles.
*   **Middle Section Answer:** The description doesn't directly answer the question. It suggests analyzing the video itself to observe the traffic patterns and count the vehicles behind the bus after it passes.
*   **End Section Answer:** The description does not answer the question.

Since the descriptions do not provide a definitive answer, the best approach is to analyze the video footage itself, specifically the sections mentioned (0:02-0:03 and 0:07-0:09), to look for visual cues about the number of vehicles behind the bus."
0292-3,"Based on the provided descriptions of the video sections, it is impossible to definitively answer whether there are two vehicles following the bus. None of the descriptions explicitly mention or depict two vehicles following the bus with two sets of headlights.

*   **Full Video Answer:** Does not provide enough information.
*   **Front Section Answer:** Mentions the bus driving by, making it possible there are vehicles following, but doesn't confirm two vehicles with headlights.
*   **Middle Section Answer:** Unrelated to the question, focuses on the photographer.
*   **End Section Answer:** Focuses on camera settings and light trails, not specific vehicles.

To answer the question, the video would need to show the road behind the bus and visually depict the number of vehicles and their headlights."
0292-7,B
0295-0,"The person holding the yellow bag tried one method. All video sections that mention the yellow bag consistently describe only one method being attempted: pouring mustard from the bag into the bottle. The end section doesn't mention the yellow bag, so it's not relevant."
0295-1,"The person with the yellow bag attempted one technique. All video sections that mention the person with the yellow bag (full, front, and middle) agree that they only attempted one technique: transferring mustard from the large bag into the smaller bottle."
0295-2,"No. The front and middle sections of the video description explicitly state that only one method of pouring is mentioned: squeezing the bag directly into the bottle. The full video answer suggests watching the video to confirm, but the available descriptions don't describe a second method. The end section is irrelevant as it doesn't mention the yellow bag or pouring."
0295-3,"The video description does not answer the question.

Explanation: All video sections (Full, Front, Middle, and End) indicate that the video descriptions do not provide enough information to determine if the person with the yellow bag tried three methods to pour the contents. The descriptions focus on a single method (squeezing), a man's facial expression, or simply don't mention a yellow bag or pouring attempts at all. To answer the question, the video would need to show the person with the yellow bag attempting different pouring techniques."
0295-7,D
0296-0,"The video descriptions offer several possible explanations for why the man doesn't catch the blue pants on his first attempt, but they also contain conflicting information.

*   **Full Section Answer:** Suggests the failure is part of a comedic setup with oversized clothing, making the catch difficult.
*   **Front Section Answer:** Points to a child's action (running into the clothesline), oversized clothing, distraction, and comedic intent as possible reasons. The child's action is highlighted as the most likely cause.
*   **Middle Section Answer:** Highlights the surreal and comedic nature of the edited scene, with ""floating pants"" due to visual effects, making a normal catch impossible.
*   **End Section Answer:** States that the video description doesn't depict the man attempting to catch blue pants at all, but rather throwing a shrunken item into a basket.

Reconciling these, it's clear there are two distinct scenarios being described. The **End Section** directly contradicts the premise of the question, stating there is no catching attempt described in that section.

Therefore, focusing on the **Full, Front, and Middle Sections**, the most likely reason the man doesn't catch the blue pants on his first attempt is a combination of factors contributing to a comedic scenario:

*   **The pants are behaving unrealistically:** This is supported by the Middle Section's mention of ""floating pants"" due to visual effects.
*   **The pants are oversized or unwieldy:** This is supported by the Full and Front Sections.
*   **External factors, such as a child running into the clothesline, may be involved:** This is supported by the Front Section.
*   **The missed catch is intentional for comedic effect.**

In summary, the man likely fails to catch the blue pants on his first attempt because the scene is designed to be humorous and surreal, with the pants behaving in an unexpected way."
0296-1,"The question of why the man misses catching the blue pants on his first try is not definitively answered by any of the provided video section descriptions. Here's a breakdown of what each section offers and a possible aggregated answer:

*   **Full Video Answer:** Suggests distraction by the child, an unexpected event (like wind), or comedic timing as possible reasons.
*   **Front Section Answer:** Suggests distraction by giving directions, child interference with the clothesline, the awkwardness of the task, or his primary focus being on the photoshoot.
*   **Middle Section Answer:** States the pants are floating in the air due to visual effects, making them difficult to catch.
*   **End Section Answer:** States the video doesn't show him trying to catch the pants at all. It shows him frustrated with a small, blue object and throwing it into a basket, leading to speculation he might have missed a toss due to the shrunken size.

**Aggregated Answer:**

The most likely reason the man misses catching the blue pants on his first try, based on the video section descriptions, is that **the pants are floating in the air due to visual effects, making it difficult or impossible to catch them normally.** This explanation comes from the middle section description. Other sections suggest distraction or awkwardness, but these are secondary inferences. The end section does not show him trying to catch the pants, but does suggest it could be a small shrunken object he is throwing."
0296-2,"The description doesn't explicitly state that a visual illusion is the reason the man misses the blue pants. However, the video details suggest several possibilities that could lead to him missing them, though not necessarily due to a *true* visual illusion:

*   **Divided Attention/Distraction:** The split-screen format and busy scene with family, clothesline, and photographic equipment could distract the man, causing him to miss the pants due to divided attention.
*   **Camouflage/Blending:** The pants might blend into the background (grass, other objects), making them less noticeable.
*   **Intentional Obscuring (Editing):** The video could be edited to strategically obscure the pants through fast cuts, camera angles, or objects blocking the view.
*   **Camera Angle/Lighting:** The camera angle or lighting could make it difficult to see the pants clearly.

Therefore, while a *true* visual illusion isn't explicitly stated, the video's elements could create conditions where the man overlooks the pants due to visual clutter, distraction, or deliberate manipulation."
0296-3,"No, the video description does not support the idea that the reason the man doesn't catch the blue pants on his first attempt is because they are a painted object.

All sections of the video description agree that there is no mention of the blue pants being painted. The descriptions suggest the miss is likely due to comedic effect, the absurdity of the setup with oversized clothing, or visual effects making the pants float. The end section further emphasizes the lack of information about the pants' texture, material, or physics of the throw/catch, making it impossible to determine if they are painted."
0296-7,E
0303-0,"The man stops cycling by falling off his bike. The full video and end section both state he falls. The full video specifies this happens after a failed backflip attempt, while the end section mentions it occurs after failing to ride up a ramp. The front and middle sections do not show or describe the end of the ride. Therefore, based on the available information, he stops cycling by falling off his bike, either after a failed backflip or while attempting a ramp."
0303-1,"The man brings his cycling to a halt by **falling off his bike**. While some sections speculate on standard braking techniques or a controlled landing after a trick, the full video answer and the end section explicitly state that the rider falls after an incomplete backflip, causing the cycling to stop abruptly. The front and middle sections do not explicitly state how the rider brings the cycling to a halt, but they do not contradict the other sections."
0303-2,"No, the man does not stop cycling by jumping off his bike and crashing into a cushion.

Explanation: All video sections consistently state that the man does not jump off his bike and crash into a cushion. The full video answer and the end section answer state he falls off his bike after attempting a stunt, while the front and middle sections describe him successfully completing a backflip with no mention of a crash or cushion."
0303-3,"No, the man does not stop cycling by dismounting and walking away. The full video description and the end section explicitly state he falls off his bike and celebrates. The front section ends immediately after the stunt. The middle section doesn't show the end, but none of the sections describe him dismounting and walking away."
0303-7,E
0304-0,The person initially writes on one layer of paper. All video sections consistently state or imply that the initial writing occurs on a single layer of paper or a similar white surface.
0304-1,The person starts writing on one sheet of paper. All video sections explicitly state or strongly imply that the initial writing occurs on a single sheet of paper.
0304-2,"Yes, the person initially writes on two layers of paper.

Explanation: The Full Video Answer explicitly states that the numbers and symbols were written on two separate pieces of paper. The Front Section Answer also implies this, as the narrator questions why the writing is split between two pieces of paper. While the End Section Answer suggests a single layer, the Full Video Answer provides the most direct and comprehensive answer based on the video content."
0304-3,"The answer is unclear based on the provided information.

*   **Full Video Answer:** No, the paper is lifted to reveal two layers.
*   **Front Section Answer:** No, the writing is split between two pieces of paper.
*   **Middle Section Answer:** Yes, the person initially writes on just one layer of paper. The description focuses on the writing process and pen, implying a single layer.
*   **End Section Answer:** Yes, the person initially writes on just one layer of paper. The description mentions drawing on a ""white surface,"" suggesting a single layer.

The ""Full Video Answer"" and ""Front Section Answer"" contradict the ""Middle Section Answer"" and ""End Section Answer."" Without further information, it is impossible to definitively determine if the person initially writes on just one layer of paper."
0304-7,A
0308-0,"The first military aircraft is doing different things depending on which part of the video you're looking at.

*   **Front Section:** The first military aircraft is a CGI fighter jet taking off from an aircraft carrier.
*   **Middle Section:** The first military aircraft is a Black Hawk helicopter, and a person is dancing in front of it.
*   **Full Video Answer:** The first military aircraft is taking off from an aircraft carrier.
*   **End Section:** The video shows ground crew directing fighter jets (F-16s) with dance moves, suggesting the jets are taxiing, preparing for takeoff, or being guided into a parking position.

The answers are contradictory. The front section and full video answer agree on a fighter jet taking off from an aircraft carrier. The middle section describes a Black Hawk helicopter. The end section describes F-16s being directed by dancing ground crew.

Therefore, based on the combined information, the first military aircraft shown is either a CGI fighter jet taking off from an aircraft carrier, or a Black Hawk helicopter with a person dancing in front of it, depending on the specific section of the video being referenced."
0308-1,"The initial military aircraft is attempting to **take off from an aircraft carrier**.

Explanation: The ""Full Video Answer"" and ""Front Section Answer"" both explicitly state that the initial aircraft is attempting to take off from an aircraft carrier, based on the opening CGI sequence (0:00-0:05). The ""Middle Section Answer"" focuses on a Black Hawk helicopter later in the video and admits it can't determine the helicopter's purpose. The ""End Section Answer"" discusses aircraft being directed by ground crew, but this appears to be a later scene, not the initial one. Therefore, the most direct and supported answer is takeoff from an aircraft carrier."
0308-2,"Based on the provided video section descriptions, the answer is no. None of the described sections explicitly depict a military aircraft attempting to land on an aircraft carrier and failing. While the full video answer acknowledges the possibility of a brief clip showing a failed landing, it's speculative and not directly supported by the description. The front, middle, and end sections all explicitly state that the described content does not include a failed landing attempt."
0308-3,"Yes, the first military aircraft is taking off from an aircraft carrier. The full video answer and the front section answer both explicitly state that the first few seconds of the video (0:00-0:05) show a fighter jet taking off from an aircraft carrier. While the middle section answer doesn't explicitly confirm the takeoff is from a carrier, it does mention an F-35 fighter jet performing maneuvers in the same timeframe (0:00:03-0:00:08). The end section does not show or describe the first military aircraft. Therefore, based on the consistent information from the beginning of the video, the answer is yes."
0308-7,E
0313-0,"The video descriptions consistently state that the number of compartments on the shelf cannot be determined from the provided text. All sections emphasize that a visual analysis of the video's final shot would be needed to count the compartments. The ""End Section Answer"" highlights that the camera reveals the *entire* display at the end, implying all compartments are visible, but the *number* remains unspecified.

Therefore, the answer is: The number of compartments the products occupy on the shelf at the end of the video cannot be determined from the provided descriptions. To answer this, one would need to visually analyze the final shot of the video and count the distinct compartments."
0313-1,"All sections of the shelf are filled with products by the end of the video. This is supported by multiple sections of the video description, which state that the video ends with a ""fully stocked,"" ""completed,"" and ""now-full"" shelving unit where ""each cube is filled with various products."""
0313-2,"Based on the video descriptions alone, it is impossible to definitively answer whether the products occupy 9 compartments on the shelf at the end of the video.

While the ""Full Video Answer"" suggests it's likely based on the description of a sparsely filled shelf transforming into a fully stocked one with each cube filled, and the assumption of a 3x3 (9 compartment) shelf, this is still an assumption. The other section answers consistently state that the description doesn't provide the specific number of compartments or confirm that all compartments are filled. They all agree that visually confirming the number of compartments in the final shot is necessary to answer the question."
0313-3,"Based on the video descriptions provided, it's impossible to definitively answer whether the products occupy 10 compartments on the shelf at the end of the video. None of the descriptions explicitly state the number of compartments in the shelf unit. To answer the question, one would need to visually analyze the end of the video (specifically between 0:09 and 0:19, as mentioned in the ""Full Video Answer"") and count the number of compartments that contain products."
0313-7,E
0319-0,"The answers provided from different sections of the video are contradictory. Here's a breakdown and reconciliation:

*   **Full Video Answer:** The ball is at line C. This is the most comprehensive answer, explicitly stating the ball's final position.

*   **Front Section Answer:** The ball is rolling off the table. This contradicts the full video answer. It likely describes an earlier part of the video.

*   **Middle Section Answer:** The ball is on the black table. This is consistent with the full video answer, describing the ball's movement after leaving the ring.

*   **End Section Answer:** The ball is inside the wooden ring. This contradicts the full video answer. It describes the very end of the video, but before the ball's final position is reached.

Therefore, based on the ""Full Video Answer"" and the ""Middle Section Answer"" and taking into account that the question asks about the end of the video, the most accurate answer is:

The ball is at the line labeled ""C"" at the end of the video after being released from the ring and rolling onto the table."
0319-1,"The final position of the ball is ambiguous based on the provided video section descriptions. Here's a breakdown:

*   **Full Video Answer:** The ball ends at line ""C"" on the diagram.
*   **Front Section Answer:** The ball ends on the floor.
*   **Middle Section Answer:** The ball ends on the table along a trajectory related to lines A, B, C, D, and E.
*   **End Section Answer:** The ball ends inside the wooden ring on the black table.

The answers contradict each other. The ""Full Video Answer"" and ""Middle Section Answer"" suggest the ball is on the table, while the ""Front Section Answer"" states it's on the floor. The ""End Section Answer"" states the ball is inside the ring. Since these are descriptions of different sections of the video, it's likely the experiment is repeated or has multiple stages. Without knowing the order of these sections or having the video itself, it's impossible to definitively determine the *final* position of the ball for the *entire* video."
0319-2,"Here's the aggregated answer based on the provided video section descriptions:

The answer is unclear based solely on the provided descriptions.

*   **Full Video Answer:** States the ball stops at position C, but doesn't mention anyone putting it back.
*   **Front Section Answer:** Doesn't definitively say if it stops at C or is put back, but suggests it rolls off the table and the video ends.
*   **Middle Section Answer:** Suggests the ball stops somewhere on the table *after* exiting the ring, not at C, and implies the person likely puts it back to repeat the experiment.
*   **End Section Answer:** Shows the ball being placed in the ring, but doesn't show its motion or any interaction afterward.

Reconciling these different descriptions, we can conclude that the ball's final resting position and whether a person puts it back in the ring are not consistently or definitively shown across all described video sections. The ""Full Video Answer"" contradicts the ""Front Section Answer"" and ""Middle Section Answer."" The ""End Section Answer"" is inconclusive."
0319-3,"No, the ball does not end up at position A. The full video answer and the front section answer both explicitly state that the ball does not end up at position A. The middle section doesn't provide a definitive answer but implies it doesn't end up at A unless its path aligns with line A, which isn't stated. The end section doesn't show the ball being released, so it's irrelevant."
0319-7,E
0320-0,"The last person's jump is a failed attempt at a flip on a bar, resulting in a fall on their head. This is according to the End Section answer."
0320-1,"The last person uses a **parkour jump**. The ""Front Section Answer"" specifically states that Valera Pashkevich, the last person described, ""performs a parkour jump from the rooftop to the ground."""
0320-2,"No. None of the video section descriptions mention the last person in the video using a pole to jump onto a tire. The end section explicitly states that based on the description, there's no mention of anyone standing on a pole to jump onto a tire."
0320-3,"Based on the provided video section descriptions, it is impossible to definitively answer whether the last person performs a parkour move to jump over a fence.

Here's why:

*   **Full Video Answer:** Mentions fence climbing generally, but not as the *last* action.
*   **Front Section Answer:** Focuses on the beginning and middle, not the end.
*   **Middle Section Answer:** Describes three scenes, including a backflip over a fence, but doesn't specify if this is the last action.
*   **End Section Answer:** Describes a man about to climb a wall, not a fence.

None of the descriptions explicitly state that the final action of the video is a person performing a parkour move to jump over a fence. The ""End Section Answer"" describes a man about to climb a wall, which *could* be the last action, but it's not confirmed."
0320-7,E
0321-0,"The group of people are primarily engaging in playing rock-paper-scissors. While the full video and end sections suggest a broader playful activity and coordinated actions likely for social media, and the front section hints at a team cheer being disrupted, the middle section explicitly states they are playing rock-paper-scissors, which is visually confirmed by hand gestures in the video. Therefore, rock-paper-scissors is the central activity."
0321-1,"The people in the group are playing rock-paper-scissors. The video sections describe coordinated hand gestures, including fists and peace signs, culminating in the specific action of playing rock-paper-scissors, which is explicitly stated in the middle section's answer. The other sections support this by describing a playful and lighthearted activity suitable for social media."
0321-2,"The answer is uncertain, but leaning towards yes.

Here's the breakdown:

*   **Full Video:** Suggests possible choreography due to hand gestures and promotional context, but doesn't definitively confirm.
*   **Front Section:** Suggests possible simple choreography due to repetitive hand actions and music.
*   **Middle Section:** Contradicts the idea of choreography, stating they are playing rock-paper-scissors.
*   **End Section:** Confirms choreography with a sequence of peace signs, fists, and finger hearts.

Reconciling the differences: The middle section explicitly states they are playing rock-paper-scissors, which is not choreography. However, the end section explicitly states that they transition their hands through a series of gestures: peace signs, fists, and finger hearts, which constitutes a simple form of choreography."
0321-3,"The answer is inconclusive.

*   The Full and Middle Sections explicitly state the group is playing rock, paper, scissors based on the video description.
*   The Front Section *strongly suggests* they might be playing based on hand gestures (fists and peace signs) typical of the game, though it doesn't definitively confirm it.
*   The End Section states they are *not* playing rock, paper, scissors, but instead performing coordinated hand gestures, despite showing similar hand signs.

Since the sections contradict each other, and the End Section directly refutes the game being played despite similar hand gestures, the answer is ultimately inconclusive based on the provided information."
0321-7,B
0325-0,"Based on the provided information from the video sections:

*   **Full Video Answer:** Does not provide a specific count but suggests watching the ""Trick Sequence"" (0:04-0:30) and counting flips and jumps.
*   **Front Section Answer:** Does not provide a specific count but suggests watching the video and counting flips and jumps while the rider is crossing an obstacle.
*   **Middle Section Answer:** States the rider flips once (backflip) and jumps twice (360 and no-handed trick).
*   **End Section Answer:** Mentions jumps but no flips. It also mentions a crash on one of the jumps.

**Reconciled Answer:**

The most specific answer comes from the **Middle Section Answer**, which states: ""The rider flips once (a backflip) and jumps twice (a 360 and a no-handed trick) while crossing obstacles in the air.""

Therefore, based on the provided video section descriptions, the rider flips once and jumps twice."
0325-1,"Based on the provided video section descriptions:

*   **Middle Section:** The rider performs 2 flips (a 360 and a backflip) and no jumps.
*   **End Section:** The rider performs 2 jumps and no flips.

Therefore, combining the information, the rider performs a total of **2 flips and 2 jumps**."
0325-2,"Based on the information provided in the video section descriptions, it is impossible to definitively say whether the rider flipped and jumped eight times while crossing the obstacles.

*   **Full Video Answer:** States the description lacks specifics about flips and jumps, suggesting analyzing the ""Trick Sequence"" section (0:04-0:30) for the answer.
*   **Front Section Answer:**  Indicates the description doesn't provide information about the number of flips or jumps.
*   **Middle Section Answer:** Mentions specific tricks (360, backflip, no-handed trick) but doesn't give a total number of flips and jumps or confirm they occurred while crossing obstacles.
*   **End Section Answer:** Describes a successful jump on a large ramp and a failed jump on a smaller ramp, but doesn't provide information about flips or the total number of jumps.

All sections agree that the descriptions provided do not contain the necessary information to answer the question. The ""Full Video Answer"" suggests the ""Trick Sequence"" section (0:04-0:30) may contain the answer."
0325-3,"No.

Here's the breakdown based on the provided information:

*   **Full Video Answer:** Insufficient information. Requires direct video analysis.
*   **Front Section Answer:** Insufficient information. Lacks specific trick details.
*   **Middle Section Answer:** States the rider performed one 360, one backflip, and one no-handed trick. This means one flip and, implicitly, the 360 and no-handed trick could involve jumps. It explicitly states the rider performed a total of three tricks, one of which was a flip.
*   **End Section Answer:** Mentions at least two jumps, one successful and one resulting in a crash.

The Middle Section answer explicitly states the rider performed one backflip (a flip) and two other tricks (a 360 and a no-handed trick), for a total of three tricks. The End Section mentions at least two jumps. Therefore, the rider performed at least one flip and two jumps, which means the rider did not flip and jump only three times."
0325-7,E
0334-0,"The scene that is NOT taken in real life is:

*   **Erasing the Path (0:01-0:02):** The full video answer and the end section answer both identify the scene with the giant pencil eraser erasing the path as likely not real. The end section specifically points to the surreal and fantastical nature of a giant pencil erasing a path as the reason. While some scenes might involve digital enhancement, this scene is the most likely candidate for being digitally created or heavily manipulated beyond simple forced perspective."
0334-1,"The video does not depict real-life scenes because it relies on illusions and impossible scenarios created through forced perspective and digital manipulation. Here's a breakdown:

*   **Forced Perspective Illusions:** The video uses forced perspective to create illusions where objects appear to interact in impossible ways, such as a water bottle being the source of a waterfall, small objects supporting a bridge, or a key unlocking a large archway. While the objects themselves are real, their interaction is not.
*   **Impossible Scenarios:** The video presents scenarios that are impossible in real life, such as eating the sun with a bowl and spoon, birds flying inside a whisk, or a giant pencil erasing a path in front of a person.
*   **Digital Manipulation:** At least one scene involves digital manipulation, specifically the scene with the man walking on a path being erased by a giant pencil eraser. This scene is described as a digitally created or altered image, not a photograph of a real-world event."
0334-2,"Yes, the scene with the pencil erasing the road is a digitally created image. The ""Full Video Answer"" explicitly states this, citing the video description which says, ""A digital image shows a man walking on a path that is being erased by a giant pencil eraser."" While other sections speculate about forced perspective or other techniques, the full video description provides the definitive answer."
0334-3,"The scene in the seventh part of the video is likely not real. The Full Video Answer explicitly states the seventh image is a digital image depicting a man being erased, suggesting digital manipulation. The Front Section Answer notes the video uses forced perspective illusions, implying the scene is not ""real"" in a literal sense. The End Section Answer concludes that all scenes are likely surreal and symbolic, reinforcing the idea of the seventh scene not being a literal depiction of reality. While the Middle Section Answer doesn't provide specific information about the seventh scene, the other sections provide sufficient evidence to conclude it is likely not real."
0334-7,D
0340-0,"There are five drainage channels in the video. The full video answer states there are four holes in the wall and one flood discharge channel on the side of the dam, totaling five. The other sections provide incomplete or conflicting information. The front section mentions multiple gaps, the middle section doesn't mention the number, and the end section mentions one channel. The full video answer provides the most complete information based on the video description."
0340-1,"The total number of drainage channels shown in the video is 5.

Explanation:

*   **Full Video Answer:** This section provides a specific count. It identifies four drainage channels created by holes in the wall and one flood discharge channel, totaling 5.
*   **Front Section Answer:** This section mentions two drainage channels from initial pipes and an undetermined number from gaps in the wall, making it difficult to determine the exact number.
*   **Middle Section Answer:** This section acknowledges the presence of ""outlets in the wall"" that function as drainage channels but doesn't specify the number.
*   **End Section Answer:** This section mentions one channel dug for water flow.

The ""Full Video Answer"" is the most comprehensive, as it considers all the described drainage features and provides a specific count. The other sections are either less specific or focus on individual drainage features."
0340-2,"Based on the provided video section descriptions, the answer is likely yes, but with some caveats.

The ""Full Video Answer"" explicitly states that during the construction phase (0:07-0:17), the man creates ""four holes for water to flow through,"" which function as drainage channels. This directly answers the question in the affirmative.

The other sections are less definitive. The ""Front Section Answer"" mentions two pipes and gaps, but doesn't explicitly state four channels. The ""Middle Section Answer"" and ""End Section Answer"" both state that they would need to see the video to confirm the number of channels.

Reconciling these differences, the ""Full Video Answer"" provides the most direct and affirmative response based on a specific time frame in the video. While the other sections are less certain, none of them contradict the claim of four drainage channels. Therefore, based on the available information, it is likely that there are four drainage channels visible in the video."
0340-3,"The video description does not definitively answer whether there are five drainage channels.

*   The Full Video Answer states there are two pipes, then four holes, and then one channel, none of which equal five drainage channels.
*   The Front Section Answer mentions ""gaps in the wall"" in plural but does not specify the exact number.
*   The Middle Section Answer mentions outlets in the wall but does not explicitly state the number of drainage channels.
*   The End Section Answer mentions the man digging ""a channel for water to flow through"" (singular).

To answer the question, one would need to visually count the number of gaps/channels in the completed structure."
0340-7,C
0357-0,"The answer depends on which object the man in the white T-shirt takes out, as different sections of the video describe him taking out different items. Here's a breakdown:

*   **If he takes out a red, white, or blue jelly:** He might be slightly disappointed but amused. (Full Video Answer)
*   **If he takes out a green pickle:** He would likely show surprise or disgust. (Full Video Answer)
*   **If he takes out a yellow banana:** He would likely show surprise or amusement. (Full Video Answer)
*   **If he dissolves a pink dome:** He likely experiences surprise and excitement. (Front Section Answer)
*   **If he chooses a dome and pulls out a pickle, banana, or rubber duck:** His reaction would be comedic and over-the-top, emphasizing surprise and amusement. (Middle Section Answer)
*   **If he takes a phone out of the bowl:** He initially feels surprised/shocked, but quickly transitions to amusement and perhaps even relief. (End Section Answer)

Ultimately, the video aims for a comedic effect, so his reaction would likely contribute to that, involving surprise, amusement, and possibly even mild disgust depending on the specific object."
0357-1,"The man in the white T-shirt likely feels **surprise and perhaps amusement** when he takes out the phone.

**Explanation:**

The end section of the video description states that everyone reacts with ""shock and surprise"" when the phone is pulled out of the red bowl. The description specifies that the man in the white T-shirt is the one pulling out the phone. The comedic nature of the video suggests that the surprise is followed by amusement, both for him and the group."
0357-2,"Based on the provided video section descriptions, the answer is: **It is impossible to definitively answer the question.**

Explanation:

None of the video section descriptions provide the necessary information to determine if a man in a white T-shirt smiled wryly and looked disappointed as he took out his things. The descriptions lack specific details about the clothing worn by participants and their facial expressions when retrieving items.

To answer the question, the video sections would need to:

1.  **Confirm the presence of a man in a white T-shirt.**
2.  **Show the man taking out his things.**
3.  **Visually depict his facial expression** as he does so, looking for signs of a wry smile and disappointment. The end section also points to specific timestamps to analyze if the person in the center is wearing a white T-shirt."
0357-3,"The answer is inconclusive based on the provided video section descriptions.

*   **Full Video Answer, Front Section Answer, and Middle Section Answer:** These sections state that the descriptions do not explicitly say whether the man in the white T-shirt felt satisfied and happy. They mention surprise, excitement, exaggerated reactions, and the possibility of staged reactions, but not definitive satisfaction or happiness. The middle section doesn't even mention a man in a white T-shirt.

*   **End Section Answer:** This section describes someone pulling a phone out of a bowl and reacting with shock and surprise. It infers that the person felt satisfied and happy because they showed the phone to the camera. However, this section doesn't explicitly state that the person with the phone is the man in the white T-shirt.

Therefore, without more specific information linking the man in the white T-shirt to the phone incident in the end section, or direct statements about his feelings in other sections, it's impossible to definitively answer whether he felt satisfied and happy."
0357-7,C
0358-0,"The answer is: Because she was a ghost.

Explanation: The ""Front Section Answer"" and ""Middle Section Answer"" both explicitly state that the question is a riddle, and the answer is ""Because she was a ghost."" This answer plays on the common trope of a ""woman in white"" being a ghost, and ghosts being ethereal and lacking the substance to interact with a trampoline in a way that would cause them to fall."
0358-1,"Since the video sections are unavailable, I cannot definitively answer what prevented the woman in white from falling onto the trampoline. However, based on the possibilities suggested across the different sections, the most common and plausible explanations are:

*   **She was holding onto something:** This is mentioned in the Full Video, Front Section, and End Section answers.
*   **She was caught by someone:** This is mentioned in the Front Section, Middle Section, and End Section answers.
*   **She regained her balance:** This is mentioned in the Middle Section and End Section answers.
*   **She was using a safety device (harness, tether, etc.):** This is mentioned in the Front Section, Middle Section, and End Section answers.

Without the video, it's impossible to know which of these, or another reason, is the correct explanation. The video would show the event and its surrounding context, revealing the specific cause."
0358-2,"Based on the provided information from all video sections (Full, Front, Middle, and End), it is impossible to determine if the woman in white avoided falling on the trampoline because the man behind her didn't push her. All sections state that the descriptions do not contain information about the woman, the man, or their interaction on the trampoline. The ""File not found"" sections indicate that the video content itself is unavailable, preventing any visual confirmation."
0358-3,"The answer cannot be determined.

Explanation: All video sections (Full, Front, Middle, and End) are unavailable (""File not found""). Therefore, there is no visual information to determine whether the woman in white jumped off the trampoline herself or avoided falling some other way."
0358-7,E
0368-0,"The man showed a varying number of scenarios depending on the video section:

*   **Full Video Answer:** 10 scenarios
*   **Front Section Answer:** 4 scenarios
*   **Middle Section Answer:** 4 scenarios
*   **End Section Answer:** 3 scenarios

Since the question asks for the number of scenarios shown ""between the adult and the toddler"" and to reconcile the differences, we need to look at the individual scenario descriptions provided. The Front, Middle, and End sections provide specific scenarios. The Full Video Answer is likely a comprehensive list, but without individual descriptions, it's harder to verify.

Given the detailed breakdowns, the most accurate answer is likely derived from combining the unique scenarios described in the Front, Middle, and End sections.

*   **Front:** eating a snack, being asked to do something, napping, showering
*   **Middle:** Shower Curtain, Smearing food on glass door, Woman touching face, Aggressive sweeping
*   **End:** Cleaning up after a baby falls asleep, Being helpful, Playing with toys

Combining these, and removing any duplicates or scenarios that don't explicitly involve both adult and toddler (like ""Woman touching face""), we get:

*   eating a snack
*   being asked to do something
*   napping
*   showering
*   Shower Curtain
*   Smearing food on glass door
*   Aggressive sweeping
*   Cleaning up after a baby falls asleep
*   Being helpful
*   Playing with toys

Therefore, the man showed **10** scenarios between the adult and the toddler based on the combined detailed descriptions."
0368-1,"The man demonstrated 10 different scenarios between the adult and the toddler. This is based on the ""Full Video Answer"" which provides a comprehensive list of all scenarios demonstrated in the video. The other sections only focus on specific parts of the video and therefore provide incomplete answers."
0368-2,"The answer is no.

The video sections provide conflicting information. The full video answer says there are ten scenarios. However, the front, middle, and end sections state there are only four, four, and six scenarios, respectively. Since the question specifies using only the context from the video sections, and the majority of sections contradict the full video answer, the final answer is no."
0368-3,"The answer is unclear based on the provided information.

*   **Full Video Answer:** States yes, based on the video description listing six scenarios.
*   **Front Section Answer:** States no, describing only four scenarios.
*   **Middle Section Answer:** States no, describing four different scenarios than the front section.
*   **End Section Answer:** States yes, describing six scenarios, different from the full video description.

The video sections contradict each other and the full video description. Some sections describe four scenarios, while others describe six. The scenarios described also differ between sections. Therefore, it's impossible to definitively answer whether the man showed six scenarios based solely on the provided information from the video sections."
0368-7,C
0370-0,"Based on the provided descriptions of the video sections, no girls are explicitly mentioned as holding swords. Some sections mention flags, batons, or ceremonial rifles, but none mention swords.

Answer: 0. No girls are described as holding swords in any of the video sections."
0370-1,"0. None of the video sections mention girls with swords. They describe color guard performances with flags, baton twirling, and marching band members carrying rifles or batons."
0370-2,"No.

*   **Full Video Answer:** The color guard is waving flags, not swords.
*   **Front Section Answer:** The description mentions flags in the background but no swords.
*   **Middle Section Answer:** The color guard leader is twirling a baton, and flag bearers are carrying flags, not swords.
*   **End Section Answer:** The band members carry ceremonial rifles or batons, not swords. While this section doesn't explicitly rule out swords at the beginning, the other sections directly contradict the presence of swords."
0370-3,"Based on the provided descriptions of the video sections, it is impossible to determine if there are only three girls holding swords at the beginning of the video. None of the descriptions mention swords being used by the color guard or any other performers at the beginning of the video. The end section mentions ""ceremonial rifles or batons"" being carried, and that the band members are predominantly young women, which might be relevant if the question is referring to these items instead of swords. To answer the question, the beginning of the video would need to be viewed to identify if any performers are holding swords (or ceremonial rifles/batons) and count them."
0370-7,E
0372-0,"The girl's action at the end of the video varies depending on the section:

*   **Full Video Answer:** She is hanging from the basketball hoop.
*   **Front Section Answer:** She is attempting to shoot the basketball while on the man's shoulders.
*   **Middle Section Answer:** She successfully dunks the basketball.
*   **End Section Answer:** She is hanging from the basketball hoop.

Reconciling these different accounts, the most consistent action across the ""Full Video Answer"" and ""End Section Answer"" is that she is hanging from the basketball hoop at the end. The ""Front Section Answer"" describes an action earlier in the video, and the ""Middle Section Answer"" describes a successful dunk, which likely precedes her hanging from the hoop.

**Answer:** The girl is hanging from the basketball hoop at the end of the video."
0372-1,"The girl is hanging from the basketball hoop at the conclusion of the video. Different sections provide slightly different details:

*   **Full Video Answer & End Section Answer:** These sections agree that the girl is hanging from the hoop at the end, with the man striking a pose beside her. The ""Full Video Answer"" specifies that this is a freeze-frame from a social media story.
*   **Middle Section Answer:** This section states the girl dunks the basketball through the hoop. This action likely leads to her hanging from the hoop as described in the ""Full Video Answer"" and ""End Section Answer"".
*   **Front Section Answer:** This section states the girl attempts to shoot the basketball, but we don't see the outcome. This contradicts the other sections.

Therefore, based on the majority of the video sections, the girl is hanging from the basketball hoop at the conclusion of the video, likely after dunking the basketball."
0372-2,"Yes, based on the video section descriptions, the girl pretends to dunk the basketball by hanging on the basket at the end of the video. The ""End Section"" description directly states she is hanging from the hoop ""seemingly having just dunked a basketball,"" and the ""Full Video Answer"" confirms this, stating she grabs the hoop and hangs there, imitating a dunk. While the ""Middle Section"" doesn't mention hanging, and the ""Front Section"" ends before the dunk attempt, the other two sections provide sufficient evidence."
0372-3,"The answer is unclear based on the provided descriptions.

*   **Full Video Answer:** States she does NOT dunk and the man misses a throw.
*   **Front Section Answer:** Doesn't answer the question, ending at the attempt.
*   **Middle Section Answer:** States she DOES dunk successfully.
*   **End Section Answer:** Suggests she *may* have dunked, but uses ""seemingly,"" implying uncertainty and other possibilities.

There is a direct contradiction between the ""Full Video Answer"" and the ""Middle Section Answer."" The ""End Section Answer"" is ambiguous. Without seeing the video, it is impossible to definitively say whether she dunks the ball. The end section description implies she might have, but the ""seemingly"" qualifier suggests it's open to interpretation."
0372-7,D
0374-0,"The question asks about the first part of the video, so we will focus on the ""Full Video Answer"" and ""Front Section Answer"". The ""End Section Answer"" refers to a later part of the video (0:07-0:13). The ""Middle Section Answer"" refers to a different trick entirely.

*   **Full Video Answer:** States the first part involves balloon tricks using **balloons** and a **small disk**.
*   **Front Section Answer:** States the man uses his **mouth** to inflate the balloon.

Reconciling these, the magic trick in the first part of the video involves **balloons** and a **small disk**. The man uses his **mouth** to seemingly inflate the balloon."
0374-1,"The initial segment of the video involves balloon tricks, specifically inflating a balloon by seemingly swallowing the opening. The Full Video Answer suggests the balloon was likely pre-inflated and hidden. The person pretended to swallow the opening while releasing air from the hidden balloon. The second trick, swallowing a disk and then inflating a balloon, likely uses a similar method. The disk is palmed or hidden in the mouth, and the balloon is either pre-inflated or inflated using a hidden device. The Front Section Answer notes that the video description doesn't explicitly explain the trick's execution but alludes to it. The End Section Answer focuses on a later AirPod trick and is not relevant to the initial balloon trick."
0374-2,"No, the magic trick in the first part of the video likely did not involve an extra knot. The ""Full Video Answer"" indicates the first trick involves a balloon and swallowing the opening, with no mention of a knot. The ""Front Section Answer"" confirms the balloon but doesn't provide information about a knot. The other sections describe different tricks that do not involve balloons or knots."
0374-3,"Based on the provided video section descriptions, the answer is:

It depends on which ""first part"" is being referred to.

*   **Full Video Answer:** Suggests the first trick involves inflating a balloon by swallowing the opening, implying manipulation of air and the balloon itself, not insertion or removal of an object.

*   **Front Section Answer:** States the first part shows men inflating balloons, with no mention of inserting or removing objects.

*   **Middle Section Answer:** Describes a different trick (AirPods and a cup), irrelevant to the balloon question.

*   **End Section Answer:** Describes a pen trick involving inserting the pen into the nostril, which is also irrelevant to the balloon question.

Therefore, based on the descriptions of the first part of the video, if it involves inflating a balloon, the trick does not involve inserting or removing an object. If the ""first part"" refers to the pen trick, then the trick involves inserting an object."
0374-7,E
0377-0,"Based on the ""Front Section Answer"", **his hand** (the man sitting on the bench) is on the woman's shoulder in the second part of the video. The other sections either state they don't have the information or describe a different scene entirely."
0377-1,"Based on the provided information from the different video sections, there is conflicting information.

*   **Front Section:** States the hand on the woman's shoulder in the second segment belongs to the man sitting next to her on the bench.
*   **Middle Section:** States the second segment describes a baseball player, not a woman with a hand on her shoulder.
*   **End Section:** States the second segment describes a woman performing an acrobatic baton routine, not a woman with a hand on her shoulder.
*   **Full Video Answer:** States the second segment shows a man getting up from the bench and dancing, not a woman with a hand on her shoulder.

The **Middle Section, End Section, and Full Video Answer** all contradict the **Front Section** answer. Since the majority of the sections do not depict a woman with a hand on her shoulder in the second segment, it is likely that the **Front Section** is incorrect or refers to a different part of the video.

Therefore, based on the video descriptions, the question cannot be answered, as the second segment does not consistently depict a woman with a hand on her shoulder. The second segment of the video shows a man getting up from the bench and dancing to the beat of the music, a baseball player swinging a bat, or a woman performing an acrobatic baton routine, depending on the video section."
0377-2,"Based on the provided video section descriptions, it is impossible to determine if the hand on the woman's shoulder in the second part of the video is from the man behind her.

*   **Full Video Answer, Middle Section Answer, and End Section Answer:** These sections explicitly state that the descriptions do not contain information about a woman with a hand on her shoulder or a man behind her in the relevant sections. The ""End Section Answer"" specifically mentions Scene 2 (0:01-0:05) featuring a woman performing an acrobatic baton routine with no mention of anyone else or physical contact.
*   **Front Section Answer:** This section describes a different scene involving a man on a bench with a woman and another man approaching him. This scene is not relevant to the question about the ""second part of the video."""
0377-3,"Based on the provided video section descriptions, I cannot definitively answer the question.

*   **Full Video Answer:** Lacks specific details about the second part of the video.
*   **Front Section Answer:** Describes a man with his arm around a woman, not a hand on her shoulder.
*   **Middle Section Answer:** No information about a woman with a hand on her shoulder.
*   **End Section Answer:** No information about a woman with a hand on her shoulder.

Therefore, since none of the video section descriptions mention a woman with a hand on her shoulder in the second part of the video, it's impossible to determine if the hand is from the person sitting next to her."
0377-7,E
0410-0,"Based on the provided video section descriptions, none of them describe the dissolving of six cotton candies.

*   **Full Video Answer:** States a bowl of blue jelly is revealed after the sixth dome is dissolved, but this information is from the video description, not a specific video section.
*   **Front Section Answer:** Only describes the dissolving of the first three domes.
*   **Middle Section Answer:** Does not mention cotton candy or dissolving at all.
*   **End Section Answer:** Does not mention cotton candy or dissolving at all.

The video itself shows a prank involving a phone hidden in a bowl of red liquid, followed by an empty blue bowl.

Therefore, based solely on the provided video section descriptions, it is impossible to determine what happened after the sixth cotton candy is dissolved because the video sections do not involve dissolving cotton candy. The video shows a different prank entirely."
0410-1,"The full video answer states that after the sixth dome dissolves in the water, a blue jelly is revealed. However, the other video sections contradict this. The front section only describes the first three domes. The middle and end sections describe completely different scenarios involving hidden objects in liquid and pranks, with no mention of cotton candy or dissolving.

Therefore, based on the conflicting information and the lack of consistent context across all video sections, it's impossible to definitively answer the question about the outcome after the sixth cotton candy dissolves. The video sections describe different activities and do not provide a coherent narrative."
0410-2,"Based on the provided video section information:

*   **Full Video Answer:** Yes, the man finds nothing in the bowl. This section explicitly states that after the object is removed, only water remains.
*   **Front, Middle, and End Section Answers:** These sections do not mention cotton candy dissolving or what is found in the bowl after an object is removed. They either describe the domes as a ""soft, moldable material"" or don't mention the domes at all.

**Reconciliation:**

The ""Full Video Answer"" directly addresses the question and provides a definitive answer based on the video description. The other sections either don't address the question directly or don't provide enough information to answer it.

**Final Answer:**

Yes, the man finds nothing in the bowl. According to the full video description, after the cotton candy dissolves and the object is removed, only water remains in the bowl."
0410-3,"No, a phone is not revealed after the sixth cotton candy dissolves.

The ""Full Video Answer"" explicitly states that the items revealed after each of the six domes dissolve are: Red Jelly, White Jelly, Green Pickle, Yellow Banana, Red Jelly, and Blue Jelly. A phone is not among them. Although the ""End Section Answer"" mentions a phone being pulled out of a red bowl in the first part of the video, this is separate from the cotton candy dissolving sequence and doesn't happen after the sixth one. The other sections either state the description doesn't provide the answer or that it doesn't mention cotton candy or a phone."
0410-7,E
0416-0,"The man performing the trick (the magician) was *not* surprised, according to the full video description. Instead, the assistant is surprised that the egg disappeared and wasn't in the cup. The end section also suggests that the magician was surprised because the expected egg wasn't under the cup, and the egg may have transformed into a baby. This contradicts the full video description. The front and middle sections infer possible reasons for surprise, such as the trick failing, working too well, or an unexpected audience reaction, but these are speculative. Reconciling these, the most likely answer, based on the end section and the full video description, is that the *assistant* is surprised the egg is gone, while the magician may have been surprised by the *outcome* of the trick (the egg turning into a baby)."
0416-1,"The man performing the trick (the magician) was taken aback because the egg was missing from under the cup, contrary to the expected outcome of the trick. The ""End Section Answer"" explicitly states this, and the ""Full Video Answer"" supports the idea that the assistant was surprised by the egg's disappearance. The ""Front Section Answer"" suggests the magician might be taken aback by an unexpected outcome, which aligns with the egg's disappearance. The ""Middle Section Answer"" is irrelevant as it focuses on the spectator, not the magician."
0416-2,"No, the man was not surprised because a ball disappeared from under the cup. All video sections agree that the trick involves an egg, not a ball. The full video answer and end section answer explicitly state the man was surprised when the egg disappeared (either from under the cup or in general). The middle section answer states the spectator was surprised because the egg disappeared from the magician's hand. The front section answer doesn't directly address the surprise, but describes the setup with a skeptical audience member."
0416-3,"Yes, the man was surprised because the egg disappeared.

Based on the video section descriptions, the common theme is that the man (or spectator) is surprised when the egg disappears. The Full Video, Middle Section, and End Section all explicitly state the man's surprise as a result of the egg vanishing. While the question also asks about the egg reappearing in unexpected places, only the Full Video mentions the implication of a cat eating the egg, but it doesn't explicitly show the egg reappearing. The Front Section doesn't provide enough information to determine the man's reaction. Therefore, the primary reason for the man's surprise is the egg's disappearance."
0416-7,A
0417-0,"The person on the left is trying hard not to laugh because of a humorous situation involving the other soldier and a flag. Different sections of the video offer varying explanations:

*   **Front Section:** The other soldier is struggling to keep a large white flag upright, causing it to wobble and move erratically, which is funny given the formal setting.
*   **Middle Section:** The Olympic flag has been draped over the head of the guard on the right, obscuring his face, creating a comical situation.
*   **Full and End Sections:** The text overlay and caption suggest a humorous or unexpected situation occurred, implying the man is struggling to suppress laughter, possibly due to something related to the flag or the situation. The video relies on the viewer's interpretation to imagine what might be causing the suppressed laughter.

Reconciling these, the core reason is a comical situation involving the flag and the other soldier's actions, made funnier by the formal setting of the Beijing 2022 Winter Olympics and the serious demeanor expected of the military personnel."
0417-1,"The person on the left is trying hard not to laugh because of a humorous situation during a formal event, likely the 2022 Beijing Olympics opening ceremony. Different video sections suggest varying reasons:

*   **Front Section:** The soldier next to him is struggling to control a large white flag, causing it to wobble erratically.
*   **Middle Section:** The Olympic flag has draped over the head of the guard on the right, obscuring his face.

The text overlay ""Homie on the left doing his best not to laugh"" confirms this struggle and implies the humor arises from the contrast between the formal setting, military uniforms, and the absurd/unpredictable events unfolding. The end section reinforces this by highlighting the juxtaposition of the solemn setting and the implied struggle to suppress laughter."
0417-2,"Yes, the person on the left is likely trying not to laugh because of the seriousness of the occasion. All video sections describe a formal setting related to the Beijing Olympics, involving military uniforms and the Olympic flag. The sections also highlight a comical situation, such as the flag being draped over the head of the person on the right or the struggle with the unwieldy flag. The text overlay ""Homie on the left doing his best not to laugh"" (mentioned in multiple sections) explicitly suggests that the person on the left is suppressing laughter. The juxtaposition of the serious setting and the humorous situation reinforces the idea that laughing would be inappropriate, thus explaining the person's apparent struggle."
0417-3,"No, the person on the left is not trying not to laugh because their problem is unresolved. The video sections consistently point to the humor stemming from the situation with the flag (either its instability or it being draped over the other guard's head) in a formal setting. The person on the left is trying to maintain composure due to the comical nature of the situation, not because of an unresolved personal problem."
0417-7,C
0420-0,"Based on the video descriptions provided, we cannot definitively say if the cat won the ""which hand"" guessing game.

Explanation:

*   **Full Video Answer:** The cat slapped a fist away, but we don't know if that fist contained the pill.
*   **Front Section Answer:** The description lacks information about the cat making a choice, the hands opening, or the outcome.
*   **Middle Section Answer:** The description doesn't even explicitly state a ""which hand"" game is being played or that an object is hidden.
*   **End Section Answer:** The cat touched a fist, but it's not clear if this was part of a game or if the fist contained a reward.

To determine if the cat won, the video would need to show the rules of the game, the cat making a clear choice, and the reveal of the contents of the chosen hand. Since these elements are missing from the descriptions, the question cannot be answered."
0420-1,"The cat did not succeed in a traditional 'which hand' game. The full video answer states the cat refused to play, swatting a fist away, suggesting an aversion to a pill. The end section mentions a ""fist bump"" gesture where the cat briefly touches a fist, but this is portrayed as anticlimactic. The other sections either don't provide enough information or focus on the humorous aspects of the interaction rather than whether the cat correctly guessed. Therefore, the cat either refused to play or the interaction was a brief, uninterested touch, not a successful guess."
0420-2,"The answer is: The video descriptions do not provide enough information to determine if the cat won the game.

Explanation:

*   **Full Video Answer:** Implies a pill is involved and the cat is trying to avoid it by swatting a fist away, but doesn't explicitly state if this constitutes ""winning"" the game.
*   **Front Section Answer:** Highlights the lack of information about the cat making a clear choice and whether the chosen hand contained the object.
*   **Middle Section Answer:** States there is no mention of an object or the cat making a choice.
*   **End Section Answer:** Focuses on a fist bump attempt, not a game with a hidden object.

While the ""Full Video Answer"" suggests the cat might be avoiding a pill, none of the descriptions explicitly confirm the existence of a game with a hidden object and the cat successfully choosing the correct (or incorrect) hand. Therefore, based solely on the provided video section descriptions, we cannot determine if the cat won."
0420-3,"Based on the provided video section descriptions, the answer is: **It is impossible to definitively say whether the cat lost a game by choosing the wrong hand.**

Here's why:

*   **Conflicting Information:** The video sections offer conflicting interpretations. Some suggest a game-like scenario where the cat chooses between hands, possibly containing a treat or pill, and the dramatic sound effect implies a negative outcome for the cat's choice. Others state there's no game being played, and it's simply a human attempting a friendly gesture.
*   **Lack of Clarity:** None of the descriptions explicitly state that the cat lost a game. The ""Front Section Answer"" suggests the possibility but acknowledges the lack of definitive proof.
*   **Ambiguous Interaction:** The descriptions detail the cat touching or slapping a fist, but the contents of the fists and the consequences of the cat's action are unknown. Therefore, we cannot determine if the cat ""lost"" or ""won"" anything."
0420-7,E
0427-0,"The man's success in taking out and cutting a watermelon is inconsistent across the video sections.

*   **Front Section (0:05-0:07) and End Section:** He successfully takes out a whole watermelon and cuts it in half using a small knife and a cutting board.
*   **Middle Section:** He drops the watermelon and places it on a cutting board, but doesn't actually cut it.
*   **Full Video:** The video description indicates he repeatedly fails to cleanly cut the watermelon.

Therefore, based on the video sections, the man sometimes succeeds in taking out a whole watermelon and cutting it in half using a knife and cutting board, and sometimes fails."
0427-1,"The man used a **mirror** to make it appear as though he took out and cut a whole watermelon. The ""Front Section Answer"" explicitly states this, explaining that he cut the watermelon in half and placed one half on a mirror, using the reflection to create the illusion of a whole, cut watermelon. While the other sections don't directly confirm or deny this, the ""Full Video Answer"" acknowledges the use of a mirror as a possible technique for creating the illusion. The other sections focus on different parts of the video where the watermelon is not being cut, or is being cut normally, and are therefore not relevant to this specific question."
0427-2,"No, based on the provided video section descriptions, we cannot determine if video editing was used to create the illusion of taking out a whole watermelon. All sections consistently state that the descriptions lack information about the man taking out a *whole* watermelon. The descriptions focus on cutting watermelons in half, dropping them, and vendor reactions, not on any action that would involve taking out a whole watermelon."
0427-3,"No, the video descriptions do not provide enough information to determine if the man achieved the trick by hollowing out a watermelon rind and placing a peeled watermelon inside. All video sections (Full, Front, Middle, and End) consistently state that the descriptions lack the necessary details to answer the question. The descriptions focus on the vendor's inability to cut the watermelon, a watermelon being dropped, or a farmer cutting a watermelon, without showing the watermelon's interior, the cutting process in sufficient detail, or any manipulation of the rind and fruit separately."
0427-7,E
0430-0,"The damage to the phone is caused by **excessive and unrealistic charging methods, leading to overcharging and overheating.**

Explanation:

*   **Full Video & End Section:** Both point to overcharging as the primary cause, specifically due to a hand-cranked charger that delivers uncontrolled power.
*   **Front Section:** Highlights a ""super fast"" charger device that rapidly increases the battery percentage to an unrealistic level, causing overheating and damage.
*   **Middle Section:** Implies damage by attempting to use a pencil sharpener as a charging adapter, which would likely short-circuit or otherwise damage the phone due to an incompatible power source."
0430-1,"The phone appeared damaged because the person in the video used a blue, hand-cranked device to rapidly and unrealistically increase the charging percentage, causing the phone to smoke and shatter. This is supported by the ""Full Video Answer,"" ""Front Section Answer,"" and ""End Section Answer."" The ""Middle Section Answer"" describes a separate, earlier attempt to charge the phone with a pencil sharpener, which *likely* led to damage, but the video doesn't explicitly show it. Therefore, the primary cause of the visible damage is the hand-cranked charger."
0430-2,"The phone's damage was likely a result of video editing effects. While the full video answer suggests real damage initially, the front section, end section, and the ""FAKE Apple"" phone case mentioned in the end section strongly imply the video is a comedic skit relying on exaggeration and visual humor. The middle section is inconclusive as it doesn't show the damage. Therefore, the overall context points towards the damage being a staged effect."
0430-3,"Yes, according to multiple sections of the video, the phone got damaged because it was overcharged with a hand-crank charger. The ""Full Video Answer,"" ""Front Section Answer,"" and ""End Section Answer"" all describe the phone's battery percentage increasing rapidly and unrealistically due to the hand-crank device, leading to the phone smoking and shattering. The ""Middle Section Answer"" describes a different scenario with a pencil sharpener and no damage, so it is not relevant to the question."
0430-7,B
0432-0,"The answers from different video sections offer varying possibilities for the origin of the targets:

*   **Full Video Answer:** The targets are launched by a woman using an orange disc.
*   **Front Section Answer:** The targets are red balloons launched into the air.
*   **Middle Section Answer:** The targets were prepared beforehand and designed to release pink powder upon impact.
*   **End Section Answer:** The target was already set up at the shooting range prior to the video being recorded.

Based on the video sections, the last few targets likely came from a combination of being launched into the air via balloons and/or being launched by a woman using an orange disc. The targets were also prepared beforehand and designed to release pink powder upon impact, and were already set up at the shooting range prior to the video being recorded."
0432-1,"The last few targets in the video are the ones that released the pink powder. The video culminates in the release of pink powder, indicating the couple is expecting a girl. The descriptions mention a target (likely a balloon or container) that explodes upon impact, releasing a cloud of pink powder."
0432-2,"Based on the video descriptions from all sections, it is impossible to definitively say whether the last few targets are bullet casings thrown by the man. The descriptions focus on the gender reveal event itself and do not provide specific details about the objects on the ground or the man's actions after shooting.

To determine the answer, one would need to closely examine the video section after the shooting. Specifically, one should observe:

*   Whether the man ejects casings after each shot.
*   If the objects on the ground resemble spent shell casings in shape and color.
*   If the man is seen throwing anything that could be mistaken for a target.
*   The type of shotgun used and whether it automatically ejects casings.
*   The audio for the sound of casings hitting the ground."
0432-3,"No, the last targets (balloons) were launched into the air by a woman standing next to the shooter, according to the ""Front Section Answer"". The other sections either state it is unclear or that the description doesn't provide enough information to answer definitively."
0432-7,E
0435-0,"Based on the video descriptions, the answer is:

*   **Downward Cut and Horizontal Cut:** According to the ""Full Video Answer,"" the person makes two cuts: a downward cut and a horizontal cut.

The other sections provide conflicting or incomplete information:

*   The ""Front Section Answer"" states that the video description doesn't specify which swing cut the target.
*   The ""Middle Section Answer"" states that the person performs ""a cutting motion,"" implying only one swing.
*   The ""End Section Answer"" states that the video description doesn't specify which swings successfully cut the target and suggests watching the video to observe the outcome.

Since the ""Full Video Answer"" explicitly states that the person makes a downward cut and a horizontal cut, this is the most complete answer based on the provided information."
0435-1,"Here's an aggregation of the answers, resolving discrepancies based solely on the provided video section descriptions:

**Answer:**

Based on the video section descriptions, the answers vary:

*   **Full Video Answer:** Both sword swings successfully hit the straw mat target.
*   **Front Section Answer:** Impossible to determine the number of successful sword swings.
*   **Middle Section Answer:** One of the man's sword swings successfully hit the straw mat target.
*   **End Section Answer:** It's impossible to definitively say whether the sword swing successfully hit the straw mat target.

**Reconciliation and Final Answer:**

The answers are inconsistent. The Full Video Answer states that both swings were successful. The Front and End Section Answers state that it is impossible to determine if the swings were successful. The Middle Section Answer states that one swing was successful.

Without seeing the video, it is impossible to determine which answer is correct."
0435-2,"Yes, based on the majority of the video section answers, the man's first sword swing hit the target. The Full Section and Middle Section answers explicitly state the person successfully cuts or slices through the target, implying the first swing connected. While the Front and End Sections are less definitive, the Front Section implies a successful hit and the End Section suggests the video shows the cut happening."
0435-3,"No, the video descriptions do not definitively state that the sword cut through each section of the straw mat target with every swing. All sections of the video description emphasize the lack of specific details about the completeness of the cuts. They mention successful cuts, attempts to cut, and swiftly cutting, but none confirm a clean cut through all sections with every swing. Visual inspection of the video would be needed to observe the outcome of each cut."
0435-7,C
0439-0,"The man lights candles in the video. The descriptions from all video sections consistently refer to the lighting of candles, either singular or plural, inside a glass cylinder or vase."
0439-1,"The man ignites candles. All video sections consistently indicate that the man ignites either a candle or candles. The full video and end section explicitly mention ""candles,"" while the front and middle sections mention ""candle"" or ""a cluster of candles."""
0439-2,"Based on the video sections, the answer is likely yes, but not definitively.

*   **Front Section:** Indicates a candle or a cluster of candles, not necessarily a pile of thin candles.
*   **Middle Section:** Confirms a candle is lit.
*   **End Section:** Mentions ""candles go out,"" implying they were lit at some point, but doesn't specify the number or arrangement.

While the descriptions don't explicitly confirm a ""pile of thin candles,"" the combined context suggests multiple candles were likely lit for the experiment."
0439-3,"Based on the provided information from different video sections, here's the answer:

It is likely yes. The ""Front Section Answer"" explicitly states that the man lights a small candle (or cluster of candles) on a small base, which could be described as a small object that looks like a stack of matches. The ""Middle Section Answer"" also suggests the man likely lights a small object (like a stack of matches) to light the candle inside the cylinder. While the ""Full Video Answer"" and ""End Section Answer"" don't directly confirm this, they don't contradict it either. The ""End Section Answer"" mentions the presence of smoke and extinguished candles, implying something was used to light them. Therefore, based on the available information, it's probable the man lights a small object resembling a stack of matches."
0439-7,B
0441-0,"The answer depends on which part of the video is being analyzed, as the man's leg action changes.

*   **""What people expect the flintlockwood run to look like"" (Full Video & Front Section):** The legs are alternating between being extended forward, pushing off the ground, and lifted in the air, with a focus on projecting strength and athleticism. The stride is likely long and powerful.
*   **Middle Section (brief running sequence 0:00-0:02):** The left and right legs mirror each other, alternating between being in the air during the stride and making contact with the ground for support and propulsion.
*   **End Section (box jumps, not running):** The video section doesn't show him running, only doing box jumps. Thus, we can only infer that if he were running, his legs would be alternating between stance and swing phases, undergoing flexion and extension, and engaging various leg muscles.

In summary, the video contrasts an expected powerful run with a potentially awkward or exaggerated one. The actual running sequence is brief, showing the legs in a typical alternating pattern. The final section shows box jumps, making it impossible to describe his leg action during a run in that section. Therefore, the state of action of the muscular man's left and right leg throughout the run is alternating between being extended forward, pushing off the ground, and lifted in the air."
0441-1,"The condition of the man's legs during running varies depending on which part of the video is being referenced.

*   **""Impressive/Expectation"" Run:** The man's legs are presented as powerful, coordinated, and moving in an exaggerated, athletic manner. The video emphasizes his strength and athleticism.
*   **""Reality"" Run:** The legs are moving in an exaggerated and awkward manner, implying a lack of coordination. The video shows a person tripping and falling, but doesn't show a clear view of the legs *before* the fall.
*   **Middle Section (First Two Seconds):** The legs are actively engaged in running, demonstrating a powerful and intense stride. The close-up shot emphasizes his muscular build and the force of his movement.
*   **End Section (Box Jumps):** The man struggles with box jumps, suggesting his legs are fatigued and shaky, indicating they are under significant strain. While he *appears* strong, the reality is his legs are working very hard."
0441-2,"Based on the video section descriptions, the answer depends on which part of the video is being referenced:

*   **Full Video Answer:** The man is **actually running** in both scenarios, however, the running is more awkward in the second scenario.
*   **Front Section Answer:** The man is likely **staying in the same spot or moving very little** in the ""expectation"" scene.
*   **Middle Section Answer:** The man is **staying in the same spot** in the second part of the video (0:02-0:04).
*   **End Section Answer:** The man is performing box jumps, which means he is **not running** but is jumping onto and off of a box."
0441-3,"Yes, based on the provided descriptions, the muscular man's running style in the ""expectation"" scene likely involves high knee lifts and a pronounced forward thrust. The ""Front Section Answer"" explicitly states this based on the description of him running in a ""deliberately exaggerated, powerful manner."" The ""Middle Section Answer"" also implies this, describing intense running towards the camera, suggesting a high-energy and potentially exaggerated form. While the ""End Section"" describes box jumps, it reinforces the idea that he likely attempts to project a powerful and athletic image, which could translate to exaggerated movements like high knee lifts and forward thrust when running. The ""Full Video Answer"" acknowledges two running styles, but doesn't provide enough information to confirm or deny the presence of these elements."
0441-7,E
0452-0,"The video doesn't explicitly show the characteristics of the dancing man's left and right legs. Instead, it *implies* that the left leg is like Lionel Messi's and the right leg is like Cristiano Ronaldo's. The humor comes from the *incompatibility* of these two highly skilled legs when attached to one person.

*   **Left Leg (Messi's Left Leg):** The video implies this leg is highly skilled in dribbling, agility, and precise short passes. It is optimized for quick, agile movements and close control.
*   **Right Leg (Ronaldo's Right Leg):** The video implies this leg is powerful for shooting, long strides, and jumping. It is optimized for powerful, explosive movements.

The man's awkward and clumsy movements are a visual representation of the mismatch. The legs are trying to perform at a high level but are not working together harmoniously. The humor relies on the *contrast* between the expectation of having amazing legs and the reality of being completely uncoordinated."
0452-1,"The video descriptions do not provide details about the physical condition of the dancer's legs in terms of appearance, injury, or muscularity. Instead, they focus on the *effect* of the dancer supposedly having Messi's left leg and Ronaldo's right leg: extreme awkwardness and lack of coordination. The dancer is shown stumbling, struggling to maintain balance, and unable to move smoothly, implying that the legs are mismatched in terms of coordination and working against each other. The humor comes from the contrast between the expectation of athletic ability associated with Messi and Ronaldo and the dancer's uncoordinated movements."
0452-2,"The video sections do not explicitly state that the dancer's left leg is disabled while the right leg is healthy. All sections emphasize the awkward and uncoordinated movements resulting from the ""wish"" of having Messi's left leg and Ronaldo's right leg. The implication is that neither leg is inherently disabled, but their combination leads to a lack of coordination and difficulty in movement."
0452-3,"No. Based on the video descriptions, the humor derives from the dancer's lack of coordination and clumsiness. The premise is that the dancer *wishes* for Messi's agility in the left leg and Ronaldo's power in the right leg, but the result is awkward and uncoordinated movements. While the *intention* might be to showcase agility in the left leg and power in the right, the descriptions suggest the execution falls short, leading to a comical effect. Therefore, the video likely does *not* clearly depict the left leg showing agility and quick movements while the right leg shows power and strength."
0452-7,E
0463-0,"The counter starts counting from the **first throw**.

**Explanation:**

*   The ""Front Section Answer"" and ""Middle Section Answer"" both explicitly state that the counter starts tracking from the first throw, marking misses with ""X""s.
*   The ""End Section Answer"" claims the counter starts from the first missed throw, which is essentially the same as starting from the first throw since the misses are tracked.
*   The ""Full Video Answer"" contradicts the other sections by stating the counter starts from the third throw. However, the more detailed descriptions of the individual video sections provide stronger evidence that the counter begins at the first throw."
0463-1,"The counter begins to count from the first throw. All video sections (Full, Front, Middle, and End) explicitly state that the counter starts from the first throw. The descriptions mention the ""BASKET COUNTER"" graphic appearing at the beginning and the first few throws being marked as misses, confirming the counter's activity from the very first attempt."
0463-2,"No, the counter starts counting from the first throw made by the man. The video descriptions across multiple sections explicitly mention that the ""Basket Counter"" graphic displays misses (red ""X""s) from the very first throw. This indicates the counter is tracking all throws, not just starting from the second."
0463-3,"The counter does **not** start counting from the throw where the first successful basket is made. The full video answer states that the counter tracks all attempts, successful or not, from the start, marking misses with an ""X"" and successes with a checkmark. The other sections contradict this, but the full video answer has the most complete description."
0463-7,D
0466-0,"The answer is **7**.

Based on the provided information from the video sections, there are discrepancies in the number of optical illusions identified. However, the ""Full Video Answer"" explicitly states, ""Based on the video description, there are seven optical illusion imagery of clever perspective and time freezing shown in the video,"" and then lists seven specific examples with timestamps. Since the question asks for the total number of optical illusion imagery shown in the video and the full video answer provides a comprehensive list of seven such instances, that is the most accurate answer based on the given information."
0466-1,"The total number of images featuring optical illusions in the video is 5. This is based on the ""Full Video Answer"" which identifies five specific instances of optical illusions within the video: a giant seagull, an airplane engulfing the sun, an ant lifting the sun, a person eating the sun, and an airplane contrail forming the Statue of Liberty's torch flame. While other sections offer different counts, the ""Full Video Answer"" provides the most comprehensive and specific breakdown."
0466-2,"Based on the video section descriptions, the answer is **No**.

Here's the reconciliation:

*   **Full Video Answer:** This answer relies on information *outside* the provided video section descriptions, specifically the video description itself. We are restricted to only using the video section contexts.
*   **Front Section Answer:** This section describes 3 images and only identifies one as potentially an optical illusion (the digitally altered seagull), but argues it's more accurately described as a scale manipulation.
*   **Middle Section Answer:** This section explicitly states there are only *three* clips using forced perspective, which create optical illusions.
*   **End Section Answer:** This section describes 3 images, identifying 2 as possibly related to optical illusions.

Since the Front, Middle, and End sections all describe only 3 images and disagree on how many are optical illusions, and the question asks if there are *6* images related to optical illusions, the answer is definitively no."
0466-3,"No.

Based on the video sections provided:

*   **Full Video Answer:** States there are 6 images, with 5 employing optical illusions/forced perspective.
*   **Front Section Answer:** Identifies two potential optical illusions (giant seagull and plane flames), and states the first image is not an optical illusion.
*   **Middle Section Answer:** Identifies three clips using forced perspective with the sun, but states there are only three examples, not five.
*   **End Section Answer:** Identifies two images with optical illusions (sun entering mouth and Statue of Liberty torch contrail).

Reconciling the differences, the ""Full Video Answer"" claims 5 optical illusions, but the other sections identify fewer. The ""Middle Section Answer"" explicitly states there are only three examples of forced perspective with the sun. The ""End Section Answer"" only identifies two optical illusions. Based on the collective information, it's unlikely there are 5 optical illusion images shown in the video."
0466-7,E
0468-0,"Neither person in the video successfully walked down the stairs.

Here's the breakdown:

*   **Full Video Answer:** Directly states that neither person successfully walked down the stairs, as both fell.
*   **Front Section Answer:** Unclear if the person successfully walked down the stairs due to the abrupt ending.
*   **Middle Section Answer:** The person did not successfully walk down the stairs, as they stumbled and almost fell.
*   **End Section Answer:** The person likely successfully walked down the stairs because the video ends as they step onto the hardwood floor.

The ""Full Video Answer"" provides the most comprehensive answer, indicating that both attempts to walk down the stairs resulted in falls. The ""Middle Section Answer"" also indicates a failure. While the ""End Section Answer"" suggests possible success, it's based on an implication rather than a direct observation of a successful descent. The ""Front Section Answer"" is inconclusive. Therefore, the most accurate answer, considering all the information, is that neither person successfully walked down the stairs."
0468-1,"No one was able to walk down the stairs successfully in the video. The full video answer states that both attempts ended in falls due to the swirling distortion. The middle section answer confirms that the person stumbles and almost falls, implying an unsuccessful descent. While the end section mentions the person walking onto the hardwood floor, it focuses on walking *up* stairs and doesn't explicitly confirm a successful descent of the stairs in question. The front section also suggests difficulty navigating the stairs. Therefore, based on the combined information, no one successfully walked down the stairs."
0468-2,"No, the second person did not successfully walk down the stairs. The full video answer and middle section answer explicitly state the second person did not succeed, with the middle section specifying they stumbled. While the front section is unclear and the end section implies success, the explicit statements in the full video and middle section outweigh the ambiguity and implication."
0468-3,"No, the first person was not able to successfully walk down the stairs. The Full Video Answer and Middle Section Answer both explicitly state that the person either falls or stumbles and almost falls, indicating a lack of successful descent. The Front Section Answer and End Section Answer do not provide information about the person successfully walking down the stairs."
0468-7,E
0494-0,"The video file is not found, so it is impossible to determine how many kinds of scissors were used."
0494-1,"Since the video file is not found, I cannot determine the number of different types of scissors used."
0494-2,"No, the information provided does not allow me to determine if two kinds of scissors were used in the video. All sections indicate that the video file is not found, preventing analysis."
0494-3,"Based on the information provided from all sections (Full Video, Front, Middle, and End), the video file is not found. Therefore, it is impossible to determine how many kinds of scissors were used in the video.

Answer: I cannot answer the question because the video file is not found."
0494-7,E
0500-0,"The video sections provide conflicting information.

*   **Full Video Answer:** Suggests **one** ping-pong ball based on the description.
*   **Front Section Answer:** States it's impossible to determine the number of ping-pong balls as the description doesn't mention them.
*   **Middle Section Answer:** States there are **two** ping-pong balls used in different scenes.
*   **End Section Answer:** States the number of ping-pong balls cannot be determined.

Reconciling the information, the Middle Section Answer provides the most specific and potentially accurate answer as it describes scenes where ping-pong balls are used.

Answer: Two. The middle section of the video describes two scenes where ping-pong balls are used."
0500-1,"The total number of ping-pong balls shown in the video is three. The ""Middle Section Answer"" states that there are three ping-pong balls, with descriptions of scenes showing one ping-pong ball each in Scene 1, Scene 2, and Scene 4. The other sections either state there are zero ping-pong balls or that the description doesn't provide enough information. The ""Middle Section Answer"" provides the most specific and detailed information about the number of ping-pong balls."
0500-2,"No, there are not three ping-pong balls featured in the video. The middle section states that the video features two ping-pong balls: a white one in Scene 1 and an orange one in Scenes 2 and 4. The full video, front section, and end section descriptions do not provide enough information to determine the number of ping-pong balls."
0500-3,"No, there are not four ping-pong balls in the video. The full video answer states there is only one ping pong ball being hit between candles. The middle section answer references a ping pong ball in scene 1 and an orange ball in scenes 2 and 4, indicating a total of three ping pong balls. The other sections do not mention ping-pong balls."
0500-7,B
0501-0,"The video descriptions consistently state that they do not explicitly specify the number of dumplings on the man in purple's plate. To determine the number, one would need to carefully observe the video footage, particularly when the man is sitting down and eating, and count the dumplings visible on his plate."
0501-1,"Based on the provided video section descriptions, it is impossible to determine the number of dumplings on the plate of the man wearing purple. None of the descriptions explicitly state the number, and some sections don't even confirm the presence of a man wearing purple. To answer the question, the video would need to be reviewed to count the dumplings on the plate when the man in purple is shown eating."
0501-2,"The description does not explicitly state whether the man in purple has 5 soup dumplings on his plate. To determine the answer, one would need to watch the video and:

1.  Identify the man in purple.
2.  See if he has a plate of dumplings in front of him.
3.  Count the number of soup dumplings on his plate."
0501-3,"Based on the provided video section descriptions, it is impossible to definitively answer whether the man in purple has 6 dumplings on his plate. None of the descriptions explicitly state the number of dumplings on the man's plate or even confirm that he is wearing purple. To answer the question, one would need to carefully observe the video footage, specifically looking for a man wearing purple and then counting the dumplings on his plate. The ""Consumption"" section or the section where he delivers the dumplings would be the most relevant."
0501-7,E
0512-0,"The video descriptions do not provide a definitive number of pots hit by ping-pong balls at the beginning of the video. However, the ""Front Section Answer"" mentions that the ping-pong ball hit a *stack* of cooking pots at the beginning, but the number of pots in the stack is not specified. Therefore, to answer the question accurately, one would need to watch the beginning of the video and count the number of pots in the stack that the ping-pong ball interacts with."
0512-1,"Based on the provided video section answers, there is conflicting information.

*   **Full Video Answer:** Mentions the ball starts on a ramp and the sequence involves pots and pans, but doesn't specify if the ball immediately bounces off a pot.
*   **Front Section Answer:** States the ball bounces off a stack of cooking pots at the start, but the number of pots is unknown.
*   **Middle Section Answer:** States the ball starts on a track attached to a blue pegboard and does not mention any pots.
*   **End Section Answer:** Does not mention any pots at the start.

Reconciling these differences, the **Middle and End Section Answers** contradict the **Front Section Answer**. The **Full Video Answer** is inconclusive.

Therefore, based on the conflicting information, it is impossible to definitively determine how many pots the ping-pong ball bounced off at the start of the video. Some sections suggest it bounced off a stack of pots, while others suggest it started on a track without pots."
0512-2,"Based on the provided video section descriptions, it is impossible to determine if the ping-pong ball hit seven pots at the beginning of the video. None of the descriptions provide specific details about the initial moments of the video, including the number of pots involved (if any) or the ball's interaction with them. The descriptions mention pots in general but don't specify quantities or their placement at the very beginning of the video."
0512-3,"Based on the provided video descriptions, there is conflicting information.

*   **Full Section Answer:** Cannot determine if the ping-pong ball hit only two pots.
*   **Front Section Answer:** The ping pong ball falls ""off a ledge onto a stack of cooking pots,"" implying more than one pot.
*   **Middle Section Answer:** It is unlikely that the ball hit any pots at the beginning of the video.
*   **End Section Answer:** Cannot answer the question.

Reconciling these, the ""Front Section Answer"" explicitly mentions the ball falling onto a ""stack of cooking pots,"" which suggests more than two. The ""Middle Section Answer"" suggests the ball hits no pots at the beginning. The other two sections state they cannot answer the question.

Given the conflicting information, and the explicit mention of a ""stack"" of pots, the most likely answer is: No, the ping-pong ball likely hit more than two pots at the beginning of the video."
0512-7,E
0520-0,"The letters that need the minimum number of people to make up, based on the video sections, are:

*   **I:** Consistently mentioned across multiple sections (Front and End) as easily formed by a single person standing straight.
*   **L:** Mentioned in the Middle and End sections as being formable by a single person through simple poses.
*   **O, C, U, S:** Mentioned in the Full Video Answer as being formable by a single person through simple poses.
*   **J:** Mentioned in the Middle Section as being formable by a single person through simple poses."
0520-1,"Based on the video section descriptions, the letters requiring the fewest people to form are:

*   **I:** Consistently mentioned as requiring only one person (Full Video, Front Section).
*   **V, Y, Z:** Mentioned in the End Section as likely formed by a single person contorting their body.
*   **L, J:** Mentioned in the Middle Section as likely formed by a single person.
*   **O, C, U, S:** Mentioned in the Full Video Section as likely formed by a single person bending into the shape of the letter.

Therefore, the letters that require the fewest people to form are **I, V, Y, Z, L, J, O, C, U, and S**. These letters are likely created by a single person contorting or positioning their body."
0520-2,"The answer is likely yes for 'I' and 'V', but possibly no for 'W'.

*   **Full Video Answer:** Suggests 'I', 'V', and 'W' likely need only one person each based on the description of simple poses.
*   **Front Section Answer:** States 'I' likely needs one person, 'V' might need two, and 'W' might need three.
*   **Middle Section Answer:** Does not address the question as it covers letters ""J"" through ""R.""
*   **End Section Answer:** Suggests 'I' and 'V' can easily be formed by one person. 'W' could be formed by one person, but might require more contortion or two people for a clearer representation.

Reconciling these, the consensus is that 'I' and 'V' likely only need one person. 'W' *could* be formed by one person, but the front and end sections suggest it might be more visually effective or require less contortion if formed by two or three people."
0520-3,"Based on the video sections provided, we cannot definitively answer if the letter 'i' is the *only* one that needs the minimum number of people to form.

*   **Full Video Answer:** Suggests 'i' likely needs the minimum, but this is based on inference, not direct observation.
*   **Front Section Answer:** Covers letters A-I, but states that while 'i' likely requires a small number of people, we don't have enough information to compare it to A-H.
*   **Middle Section Answer:** Covers letters J-R. We cannot answer if 'i' is the *only* letter that needs the minimum number of people because the video does not show letters A through I.
*   **End Section Answer:** Covers letters R-Z. We cannot answer if 'i' is the *only* letter that needs the minimum number of people because the video does not show letters A through Q.

Therefore, because the video sections do not show all the letters, we cannot definitively say if the letter 'i' is the *only* one that needs the minimum number of people to form."
0520-7,B
0522-0,"The number of men in hats seen in the video is between zero and one.

*   **Full Video Answer:** Zero men in hats. Mentions a unicorn helmet, but not a hat.
*   **Front Section Answer:** Zero men in hats.
*   **Middle Section Answer:** One man in a pink rhino hat.
*   **End Section Answer:** One man in a unicorn hat.

Reconciling the answers, the middle and end sections both identify one man wearing headwear that could be considered a hat. The full video and front section do not identify anyone wearing a hat.

Therefore, based on the video sections, there is **one** man in a hat."
0522-1,"The number of men wearing hats in the video is 1.

Explanation:

*   **Full Video Answer:** States one man is wearing a ""light up unicorn helmet"" (which is a type of hat).
*   **Front Section Answer:** States no one is wearing a hat, but describes a beach scene and shirtless men, offering no relevant information about hats.
*   **Middle Section Answer:** States one man is wearing a ""pink rhino hat"".
*   **End Section Answer:** States one man is wearing a ""unicorn hat"".

Reconciling the answers, the front section is irrelevant. The full video, middle, and end sections all indicate that one man is wearing a hat (either a unicorn helmet/hat or a rhino hat). Therefore, the best answer is 1."
0522-2,"Based on the provided video section descriptions:

*   **Front Section:** Doesn't mention any hats.
*   **Middle Section:** Mentions one man wearing a ""pink rhino hat"" and no others.
*   **End Section:** Mentions one man wearing a ""unicorn hat"" and no others.

The Full Video Answer states it is difficult to say if there are two men in hats and suggests carefully reviewing the video.

Combining the information, the Middle and End sections each describe one man wearing a hat, but different hats. Therefore, it is possible there are two men in hats in the video, but not in the same section.

**Answer:** Possibly. The middle section describes one man wearing a ""pink rhino hat"" and the end section describes one man wearing a ""unicorn hat"". This suggests there could be two different men wearing hats in the video at different times."
0522-3,"Based on the video section descriptions:

*   **Front Section:** No mention of hats. We need to view the video to see if anyone is wearing a hat.
*   **Middle Section:** Mentions one man wearing a pink rhino hat.
*   **End Section:** Mentions only one hat: a unicorn hat.

Therefore, the answer is no. The middle section mentions one man in a rhino hat, and the end section mentions a unicorn hat, but neither section indicates three men in hats."
0522-7,E
0525-0,"The person not in the wheelchair has two legs. All video sections consistently describe a person pushing or assisting someone in a wheelchair, implying they are walking and therefore have two legs."
0525-1,"The person not in the wheelchair has two legs. The video sections consistently describe a person assisting the person in the wheelchair by wading, running, pushing, and walking, implying they have the typical human number of legs, which is two."
0525-2,"No, the information provided does not allow us to determine if the person not in the wheelchair has only one leg. All sections of the video description consistently state that there is insufficient detail about the physical characteristics of the person assisting to answer the question. The descriptions focus on the act of assistance and the environment, not the number of legs the person has. To answer the question, the video would need to show a clear view of the person's legs."
0525-3,"Yes, it is likely true that the person not in the wheelchair has two legs.

Explanation: The video sections generally agree that it is likely the person assisting the individual in the wheelchair has two legs. The reasoning is based on the descriptions of the assistant wading through floodwater, helping to push the wheelchair, or being a man in athletic wear pushing the wheelchair. These actions imply the ability to walk, making it probable that the person has two legs. The ""Front Section Answer"" provides a more cautious perspective, highlighting the lack of definitive information and the possibility of hidden disabilities. However, the overall consensus, based on the implied actions described in the video sections, leans towards the assistant having two legs."
0525-7,B
0526-0,"The question asks about the ""second video"". However, the provided answers reference different sections of a single video, not multiple videos. Assuming the question meant ""in a specific section of the video"", here's an analysis:

*   **Full Video Answer (Lighter Sequence):** States the man holds two lighters at the end of the sequence (0:09-0:16).
*   **Front Section Answer:** States the man holds one lighter.
*   **Middle Section Answer:** States the man holds one lighter (0:00-0:04).
*   **End Section Answer:** States the section focuses on a Yen bill and doesn't show lighters.

Since the question is general (""in the second video""), and we have conflicting information from different sections, the most accurate answer is:

It depends on the specific section of the video. In the section from 0:00-0:04, the man holds one lighter. In the section from 0:09-0:16, the man holds two lighters. The end section does not show any lighters."
0526-1,"Based on the provided video section descriptions:

*   **Lighter Sequence (0:09-0:16):** The man is holding two lighters.
*   **Front Section:** The man is holding one lighter.
*   **Middle Section:** The man is holding one lighter.
*   **End Section:** The number of lighters cannot be determined.

The number of lighters the man is holding varies depending on the specific section of the video. In the ""Lighter Sequence"", he holds two. In the front and middle sections, he holds one. The end section provides no information."
0526-2,"Based on the provided information from the video sections:

*   **Full Video Answer:** Yes, the man is holding two lighters in the second video section (0:09-0:16). The description indicates one lighter is used to light another.
*   **Front Section Answer:** The description doesn't address the question.
*   **Middle Section Answer:** No, the description only mentions one lighter in the 0:00-0:04 section.
*   **End Section Answer:** The description doesn't address the question.

**Answer:** Yes, the man is holding two lighters. The full video section description explicitly states that one lighter is used to light another in the second video section (0:09-0:16)."
0526-3,"No, the man is not holding three lighters in his hands in the second video.

*   **Full Video Answer:** Explicitly states the man is not holding three lighters, but lighting one lighter with another.
*   **Front Section Answer:** Mentions lighting ""a lighter,"" implying one, but doesn't confirm or deny the presence of three.
*   **Middle Section Answer:** Mentions holding one lighter at the very beginning, but not three.
*   **End Section Answer:** This section describes a magic trick with a bill and does not involve lighters."
0526-7,E
0530-0,"Based on the provided video section descriptions, there are conflicting accounts of what happens in the fifth scene.

*   **Full Video Answer:** States the fifth scene (0:05-0:07) shows a person doing a backflip and mentions nothing about a man in blue or a ball.
*   **Front Section Answer:** States the fifth scene (0:09-0:11) shows ""A man kicks soccer balls in the air.""
*   **Middle Section Answer:** States the fifth scene shows a man performing a skateboard trick.
*   **End Section Answer:** States there is no fifth scene.

The ""Front Section Answer"" directly answers the question. Therefore, the man in blue kicked **soccer balls** in the fifth scene."
0530-1,"The video descriptions indicate that the fifth scene does not involve a man in blue kicking a ball. Instead, the fifth scene (0:07-0:08) features a skateboarder attempting a trick and falling. Therefore, the question cannot be answered based on the provided information."
0530-2,"No. Different video sections describe the fifth scene differently, but none of them mention a man in blue kicking a ball. The descriptions include a skateboarder falling, a person with curly hair performing a backflip while Joe Rogan watches, and a man performing a skateboarding trick in an indoor skate park. The end section does not provide information about the fifth scene."
0530-3,"The question cannot be answered based on the provided video section descriptions.

Here's why:

*   **Full Video Answer:** The fifth scene (0:07-0:08) shows a skateboarder falling, with no mention of a man in blue or any balls.
*   **Front Section Answer:** The fifth scene (0:09-0:11) shows a man kicking soccer balls, but the description doesn't mention the man's clothing color or whether he kicked the top ball.
*   **Middle Section Answer:** The fifth scene shows a skateboarder in an indoor skate park, with no mention of a man in blue or any balls.
*   **End Section Answer:** The description doesn't cover the fifth scene.

The descriptions of the fifth scene are contradictory (skateboarder vs. man kicking soccer balls). Even if we assume the ""man kicking soccer balls"" description is accurate, it doesn't provide information about the man's clothing color or which ball he kicked."
0530-7,E
0539-0,"Based on the video sections provided:

*   **Full Video Answer:** At least one group of children at a crosswalk are scared.
*   **Front Section Answer:** A group of children walking on the sidewalk are scared.
*   **Middle Section Answer:** Zero people not in a car are scared.
*   **End Section Answer:** Cannot determine the number of people not in a car that are scared.

Reconciling the answers, the ""Full Video"" and ""Front Section"" answers both indicate that a group of children, who are not in a car, are scared by the masked person. The ""Middle Section"" states that zero people not in a car are scared, which contradicts the other two answers. The ""End Section"" is inconclusive.

Considering the conflicting information, and prioritizing the sections that explicitly describe people outside of cars being scared, the best answer is:

A group of children are scared by the masked person while not in a car."
0539-1,"The answers from the video sections are contradictory.

*   **Full Video Answer:** States multiple individuals are frightened, referencing children at a crosswalk and children in a car (although the children in the car are technically *in* a car).
*   **Front Section Answer:** States at least 6 individuals are frightened, including children in a car, children on a sidewalk, and a woman.
*   **Middle Section Answer:** States it's impossible to determine the exact number, as the focus is on drivers. It acknowledges the *potential* for pedestrians to be frightened, but lacks specific evidence.
*   **End Section Answer:** States 0 individuals are frightened outside of a car, as the focus is on reactions from within vehicles.

Reconciling these differences, we can say:

The video description indicates that there are instances of people outside of cars being frightened. The ""Full Video Answer"" and ""Front Section Answer"" both suggest this, specifically mentioning children at a crosswalk. The ""Middle Section Answer"" acknowledges the potential for pedestrians or cyclists to be frightened. The ""End Section Answer"" is too restrictive.

Therefore, the answer is: At least some individuals outside of a car are frightened. The video description mentions children at a crosswalk who scream and run away in fear. The exact number is difficult to determine from the conflicting descriptions, but it is more than zero."
0539-2,"Based on the video descriptions, the answer is likely true that six people not in a car are scared by the masked person.

The ""Full Video Answer"" and ""Front Section Answer"" both point to instances in the video description where groups of children, who are pedestrians (not in a car), are scared by the masked person. The ""Full Video Answer"" explicitly mentions children at a crosswalk and in the opening being scared. The ""Front Section Answer"" mentions children on the sidewalk being scared. While the ""Middle Section Answer"" and ""End Section Answer"" don't support this claim, they also acknowledge limitations in their analysis based on the provided description, focusing primarily on drivers. Therefore, considering the combined evidence from the video descriptions, especially the ""Full Video Answer,"" it is likely true that six people not in a car are scared."
0539-3,"The question cannot be definitively answered based on the video section descriptions. While the ""Crosswalk Scene (0:06-0:09)"" section mentions ""a group of children"" at a crosswalk screaming and running away, it doesn't specify the exact number of children. The other sections focus primarily on the reactions of drivers in cars and do not provide information about the number of people not in cars who are scared."
0539-7,C
0541-0,"The exact number of teeth in the video cannot be determined from the provided descriptions. All sections agree that the video features a drawing of a mouth with teeth, but none specify the number of teeth depicted. The middle section speculates that there are likely 10-16 teeth or more, depending on whether it's a full set or just a row. To answer the question definitively, one would need to watch the video and count the teeth."
0541-1,"The total number of teeth shown throughout the video cannot be determined. All sections of the video description state that the video features a drawing of a mouth with teeth, but none specify the exact number of teeth depicted. Therefore, without viewing the video and counting the teeth in the drawing, it is impossible to answer the question."
0541-2,"No, there are not consistently 10 teeth visible. The front and middle sections state it's impossible to definitively say if there are consistently 10 teeth visible because the description doesn't specify the number of teeth and mentions changes in their appearance. The end section explicitly states that the number of teeth visible and their condition change as the paper is submerged in water."
0541-3,"Based on the video section descriptions, the answer is:

It depends on the section of the video.

*   **Full Video Answer & Front Section Answer:** These sections do not mention water or a rising water level. They describe the video as manipulating a plastic bag over a drawing of teeth, creating an illusion. Therefore, in these sections, the number of visible teeth remains constant and does not decrease to none.

*   **Middle Section Answer:** This section states that the number of visible teeth decreases to none as the water level rises. The coloring that initially obscures the drawing disappears as the bag is submerged, revealing the word ""ESCAPE"" where the teeth were, effectively making the teeth disappear from view.

*   **End Section Answer:** This section describes the teeth appearing to become heavily decayed as the drawing is lowered into the water. While the teeth become discolored, the description doesn't state that they disappear entirely."
0541-7,E
0542-0,"The middle section of the video description provides the best answer. While there isn't a specific scene acting as a metaphor for the passage of time *between* the cooking of the bread (pizza dough), the video uses **time-lapse and quick cuts to compress the cooking process**. This technique *functions* as a metaphor for the passage of time, showing a longer process condensed into a shorter viewing period."
0542-1,"The answer depends on which section of the video is being referenced. Here's a breakdown:

*   **Full Video (0:48-0:52):** The scene showing the cast iron pan with the bread sitting amongst the coals symbolizes the passage of time as the bread bakes.

*   **Front Section:** This section doesn't depict bread or cooking, so there's no scene symbolizing the passage of time during baking. It focuses on ingredients being served to a mushroom.

*   **Middle Section (0:19-0:22):** Time-lapse and quick cuts during the pizza cooking process symbolize the passage of time.

*   **End Section:** Fast-paced editing, showing the strudel before and after baking with hot coals, symbolizes the passage of time.

**Final Answer (Aggregated):**

The scene symbolizing the passage of time during the cooking process depends on the specific section of the video:

*   If referring to the **full video (0:48-0:52)**, it's the visual of the cast iron pan with the bread amongst the coals.
*   If referring to the **middle section (0:19-0:22)**, it's the time-lapse and quick cuts during the pizza cooking.
*   If referring to the **end section**, it's the fast-paced editing showing the strudel before and after baking.
*   The **front section** does not depict bread or cooking."
0542-2,"No. None of the video section descriptions mention a person meditating under a waterfall. Therefore, it cannot be used as a metaphor for time passing while bread cooks. The descriptions focus on the cooking process, ingredients, humorous elements, and the scenic environment."
0542-3,"No, the scene where a person is bathing under a waterfall is not used as a metaphor for the passage of time during the bread's cooking. All video sections agree that the video description does not mention a person bathing under a waterfall. Some sections mention the cook collecting water from the waterfall, but none suggest this scene, or a bathing scene, is used as a metaphor for the passage of time. The video focuses on the humorous contrast between the pristine natural environment and the processed ingredients, with time-lapse and quick cuts used to compress the cooking process."
0542-7,E
0548-0,"The second thing the man clips with a car window is a carrot. The ""Front Section Answer"" specifically mentions Clip 5 (0:08-0:10) showing a man holding up a cucumber, then a carrot. This directly answers the question. The other sections either state they cannot answer or don't provide relevant information."
0548-1,"The second item the man clips with the car window is a carrot. This is based on the ""Front Section Answer"" which references Clip 5 (0:08-0:10) stating ""A man in a car holds up a cucumber, then a carrot."" The other sections do not provide relevant information."
0548-2,"Based on the provided video section descriptions, the answer is no.

Explanation: While a man is shown holding a cucumber in a car (Front Section, 0:08-0:10), there's no mention of him clipping it with the car window or any mention of a sausage in that context. The other sections don't mention any of these items. The full video description confirms that the question cannot be answered based on the video content."
0548-3,"The question cannot be definitively answered based on the provided information.

Here's why:

*   **Full Video Answer:** Suggests the possibility but doesn't confirm.
*   **Front Section Answer:** Mentions a man holding a cucumber and carrot in a car but doesn't mention clipping.
*   **Middle Section Answer:** States ""no"" because the description doesn't mention it.
*   **End Section Answer:** Doesn't mention the carrot or car window.

The video section descriptions provide details about various clips, but none explicitly state that a man clips a carrot with a car window. The front section does mention a man holding a carrot in a car, which could be related, but there's no confirmation of the clipping action. The middle section explicitly states ""no"", but this is only based on the absence of information in its description."
0548-7,E
0551-0,"The provided video descriptions from all sections (Full, Front, Middle, and End) do not mention any wall switches or their state (on or off) in the scene with the woman kneeling. The descriptions focus on the woman's actions, the setting, the cleaning supplies being cake, and the overall comedic effect. Therefore, it's impossible to determine the state of any switches based on the information given."
0551-1,"The video descriptions provided do not mention the presence or position of any switches on the wall in the scene with the woman kneeling. The descriptions focus on the woman's actions and the reveal that the cleaning supplies are cake. Therefore, I cannot answer the question."
0551-2,"Based on the provided video section descriptions, none of them mention a switch in the scene with the kneeling woman. The descriptions focus on the woman, a green cloth, a bucket, and the reveal that these objects are cake. Therefore, it is impossible to determine if a switch is in two different positions based on the information given.

**Answer:** The video descriptions do not provide any information about a switch, so I cannot answer if it is in two different positions."
0551-3,"Based on the provided video section descriptions, it is impossible to determine if the switches on the wall in the scene with the woman kneeling are in the same position. None of the descriptions mention switches, a wall in the scene with the kneeling woman, or even confirm that such a scene exists. The descriptions focus on different actions of the woman, such as cleaning and eating objects that turn out to be cake, or scrubbing a plate and pumping hand soap."
0551-7,E
0552-0,"Based on the provided video section descriptions, it is impossible to determine how many slices of bread are on the plate the guy in the kitchen is carrying. The descriptions either don't mention a man carrying a plate of bread (Front Section, Middle Section), focus on a woman making sandwiches (Full Video Answer) without specifying the number of sandwiches, or describe a ""Toast Mishap"" (End Section) where the toast flies out of the pan. None of the descriptions provide a clear count of bread slices on a plate being carried by a man."
0552-1,"Based on the video section descriptions, we can only definitively answer the question using the ""End Section Answer"" and the ""Full Video Answer"".

*   **End Section Answer:** Describes a ""Toast Mishap"" where someone tries to flip toast from a pan onto a plate, but the toast falls. It doesn't say how many slices were intended for the plate.
*   **Full Video Answer:** Mentions a woman cooking sandwiches and flipping ""the plate of sandwiches,"" implying multiple slices of bread were involved.

The other sections don't provide any relevant information.

Therefore, the most accurate answer, based on the available information, is: It is impossible to determine the exact number of bread slices on the plate. The ""Full Video Answer"" suggests there is more than one slice of bread on the plate because it mentions ""sandwiches"" (plural). The ""End Section Answer"" only mentions toast, but does not specify the number of slices."
0552-2,"Based on the provided information:

*   **Full Video Answer:** Suggests a woman is cooking sandwiches and flips a plate of them. If each sandwich uses two slices of bread, then three sandwiches would equal three pairs of sliced bread. It's possible, but not definitively confirmed.

*   **Front Section Answer:** No relevant information.

*   **Middle Section Answer:** No relevant information.

*   **End Section Answer:** Describes a ""Toast Mishap"" where someone tries to flip toast from a pan to a plate, but it falls. The number of slices is not specified.

**Answer:**

The question cannot be definitively answered based on the provided video section descriptions. While the ""Full Video Answer"" suggests the possibility of three pairs of sliced bread if she is making three sandwiches, and the ""End Section Answer"" confirms someone is in a kitchen cooking toast and using a plate, neither section confirms the presence of three pairs of sliced bread being carried on the plate. The ""End Section"" describes toast falling, so it's unlikely the toast is neatly arranged as pairs of sliced bread on the plate."
0552-3,"The answer is unknown based on the provided descriptions.

Here's why:

*   **Full Video Answer:** This section points to clip 14 (0:45-0:48) showing a woman cooking sandwiches and flipping a plate of them. It states that a visual examination of this clip is needed to count the bread slices/sandwiches.
*   **Front Section Answer:** This section is irrelevant as it describes clips unrelated to a kitchen or bread.
*   **Middle Section Answer:** This section is also irrelevant as it describes clips unrelated to a kitchen or bread.
*   **End Section Answer:** This section mentions a ""Toast Mishap"" clip (0:05-0:08) where someone flips toast from a pan to a plate, but the toast falls. The number of slices is not specified.

Therefore, only the ""Full Video Answer"" describes a scene where the question *might* be answerable, but it requires visual confirmation of the clip. The other sections do not contain the necessary information."
0552-7,E
0561-0,"Based on the video sections provided, the number of times the watch appears varies depending on whether the man is wearing one and if it's visible in each shot.

*   **Front Section Answer:** Suggests the watch appears 3 times if he's wearing it and it's visible in the 2, 3, and 4-month shots.
*   **Middle Section Answer:** Doesn't provide a specific number but notes the man is holding a puppy in front of the mirror multiple times, implying the watch *could* be visible.
*   **End Section Answer:** Suggests the watch appears 3 times if he's wearing it and it's visible in the 9-month, 1-year, and 2-year shots.
*   **Full Video Answer:** Suggests the watch appears 8 times if he's wearing it and it's visible in the shots from 2 months to 2 years.

**Answer:**

The provided descriptions offer varying answers. The front and end sections suggest the watch appears 3 times each, while the full video answer suggests 8. The middle section does not provide a specific number. Since all sections depend on whether the man is wearing a watch and it is visible in each shot, it is impossible to determine the exact number of times the watch appears in the video."
0561-1,"Based on the video sections, the estimated number of times the man's watch appears varies. The front section cannot determine if the watch appears. The middle section estimates at least four times, based on the puppy's age at 4, 5, 6, and 9 months. The end section estimates at least three times, based on the puppy's age at 9 months, 1 year, and 2 years.

Therefore, the man's watch appears at least **three to four** times throughout the video, assuming he is wearing it in each shot. This is based on the puppy's age at 4, 5, 6, 9 months, 1 year, and 2 years."
0561-2,"Based on the provided descriptions of the video sections, it is impossible to definitively say if the man's watch appears 7 times. The descriptions focus on the dog's growth and the man's expressions, not on tracking the appearance of his watch. Each section highlights that the man appears multiple times in front of a mirror, taking selfies with the dog as it grows. It's likely his watch is visible in these shots if he's wearing one. However, the exact number of times the man appears, and therefore the potential number of times the watch could be visible, is not explicitly stated. The video sections mention the dog's age at 2, 3, 4, 5, 6, 9 months, 1 year, and 2 years, suggesting at least 8 appearances, but the descriptions do not confirm that these are all distinct shots or if the man is wearing a watch and if it is visible in each shot."
0561-3,"No, the watch does not definitively appear 10 times in the video.

Here's why:

*   Several sections (Front, Middle) explicitly state that the description doesn't mention whether the man is wearing a watch at all. If he isn't wearing one, the watch cannot appear 10 times.
*   The Full Video Answer states that there are 8 different time points mentioned (2 months, 3 months, 4 months, 5 months, 6 months, 9 months, 1 year, and 2 years), so the watch would appear a maximum of 8 times if he is wearing it in each shot.
*   The End Section Answer acknowledges that the exact number of shots is unknown. While it suggests the watch *might* appear around 10 times or more, it's ultimately speculative.

Therefore, based on the provided descriptions, there's no definitive information to confirm the watch appears 10 times. The number of times the watch appears is contingent on the man wearing the watch and the number of shots in the video, which are not explicitly stated."
0561-7,E
0566-0,"The full video answer is the most relevant and comprehensive response. The other sections either don't mention the broken pot or speculate on its potential meaning. Therefore, the answer is:

The scenes with the broken pot of plant are included to visually represent the feeling of being unclean or messy. These scenes act as visual metaphors for the problem that Neve toilet paper and wipes are meant to solve, highlighting the need for a cleaning solution."
0566-1,"The purpose of the broken pot of plant in the scenes (specifically at 0:00-0:01 and 0:07-0:11) is to contribute to the video's overall theme of **juxtaposition and unexpected connections**. This is achieved through:

*   **Contrast and Scale:** The small, broken plant being cleaned up is contrasted with a large bulldozer scooping up dirt, highlighting a humorous imbalance.
*   **Mundane vs. Grand:** It represents mundane, everyday tasks, placed alongside other seemingly unrelated actions, suggesting connections between the ordinary and the absurd.
*   **Visual Rhyme:** The brown soil visually connects to brown powder later in the video, reinforcing the theme of unexpected connections."
0566-2,"Based on the provided video section descriptions, the answer is likely no.

Here's why:

*   **Front Section:** This section doesn't mention a broken pot of plant or relate to the cleaning process. It focuses on visual metaphors for bowel movements.
*   **Middle Section:** This section argues against the symbolism. It suggests the broken pot/sweeping scenes are connected to other elements like the bulldozer through visual rhyme and the idea of moving earth, not specifically to ineffective toilet paper use. It emphasizes the video's use of juxtaposition and humor through seemingly unrelated actions.
*   **End Section:** This section states the video does not contain a scene with a broken pot of plant.
*   **Full Video Answer:** While this section acknowledges a scene of sweeping dirt and plant debris, it considers the connection to ineffective toilet paper use as speculative, lacking explicit evidence.

While the ""Full Video Answer"" leaves open the *possibility* of a symbolic connection, the ""Middle Section Answer"" provides a more detailed analysis of the video's techniques (juxtaposition, visual rhyme) that suggests the broken pot scene is more broadly connected to other elements and not specifically meant to symbolize the mess of ineffective toilet paper use. The ""End Section Answer"" also states that the video does not contain a scene with a broken pot of plant."
0566-3,"Here's an aggregated answer based on the provided video section descriptions:

**Answer:**

The answer is mixed and depends on which part of the video is being referenced.

*   **Full Video Answer:** The full video description suggests that scenes with a broken pot indirectly highlight the effectiveness of Neve products by associating them with a general sense of cleanliness in contrast to messy situations.
*   **Front Section Answer:** The front section does not contain scenes with a broken pot and is unrelated to the question.
*   **Middle Section Answer:** The middle section describes a broken pot scene, but states that it does *not directly* highlight the effectiveness of Neve products. The connection is indirect and relies on viewer inference.
*   **End Section Answer:** The end section does not contain scenes with a broken pot and is unrelated to the question. However, it suggests how such a scene *could* be used to highlight the cleaning power of Neve products if it existed.

In summary, the video may or may not contain scenes with a broken pot, and if it does, it may or may not highlight the effectiveness of Neve products in cleaning up messes. It depends on the specific section of the video."
0566-7,B
0567-0,"Based on the provided descriptions of the video sections, it is impossible to determine the hair color of the third person in the video. None of the sections mention a third person or provide any details about their appearance."
0567-1,"Based on the provided video section descriptions, it is impossible to determine the hair color of the third individual shown in the video. The descriptions either don't mention a third individual specifically or describe a group of people (homeless people and children) without specifying any individual's hair color. To answer the question, one would need to view the video and identify the third individual shown, then observe their hair color."
0567-2,"Based on the provided video section descriptions, it is impossible to determine if the third person in the video is the one with long black hair. None of the descriptions mention a third person or provide details about anyone's hair color or length beyond the initial mention of a man and a woman. The descriptions focus on the dessert-making process, visual elements, and the woman preparing and distributing the cereal treats."
0567-3,The question cannot be answered based on the provided information. All video sections consistently describe only two people: a man wasting cereal and a woman preparing and distributing healthy cereal treats. None of the sections mention a third person or describe anyone with blonde hair and dark roots.
0567-7,E
0571-0,"The video descriptions for all sections (Full Video, Front, Middle, and End) consistently state that they do not mention whether the man in the video is wearing a ring. Therefore, based solely on the provided information from the video descriptions, it's impossible to determine if the man is wearing a ring or where it is worn. However, the full video description notes that the presenter's hands are visible, suggesting that a visual inspection of the video itself might reveal the answer."
0571-1,"The descriptions of the video sections do not provide enough information to determine if the man is wearing a ring or on which finger it is located. The ""Full Video Answer"" and ""Front Section Answer"" suggest that the video would need to be reviewed to see if the man is wearing a ring and on which finger. The ""Middle Section Answer"" and ""End Section Answer"" explicitly state that the descriptions do not mention the man wearing a ring."
0571-2,"The descriptions provided do not definitively answer whether the man in the video is wearing a ring on the middle finger of his left hand.

*   **Full Video Answer:** Suggests the video might show the presenter's hands and allow observation.
*   **Front Section Answer:** Indicates the video focuses on the man's hands, making it potentially possible to see a ring.
*   **Middle Section Answer:** States the description doesn't mention a man or a ring, so it can't answer the question.
*   **End Section Answer:** Re-emphasizes the need to see the presenter's hands in the video to determine if a ring is present.

Therefore, based on the provided descriptions, to answer the question, one would need to **watch the video and carefully observe the man's left hand, specifically the middle finger, to see if a ring is visible.** The descriptions indicate that the video sections might show the man's hands."
0571-3,"Based on the provided video section descriptions, it is impossible to determine if the man is wearing a ring on the ring finger of his right hand. None of the descriptions mention a ring or provide sufficient detail about his hands to answer the question definitively. The full video answer suggests the video *might* answer the question if the presenter's hands are visible, but the other sections do not confirm this."
0571-7,E
0575-0,"The little girl is wearing both **pink flip-flops** and **pink Crocs** on her feet, depending on the video section.

*   The ""Full Video Answer"" and ""Middle Section Answer"" state she is wearing pink flip-flops.
*   The ""Front Section Answer"" states she is wearing pink Crocs.
*   The ""End Section Answer"" does not provide an answer.

It's possible she changed footwear during the video, or the descriptions are inconsistent. Without viewing the video, it's impossible to definitively say which footwear she is wearing throughout the entire video."
0575-1,"The little girl is wearing either **pink flip-flops** or **pink Crocs** on her feet.

Explanation:

*   The ""Full Video Answer"" and ""Middle Section Answer"" state she is wearing pink flip-flops.
*   The ""Front Section Answer"" states she is wearing pink Crocs.
*   The ""End Section Answer"" does not provide information about her footwear.

Since there is conflicting information between the video sections, we can conclude she is wearing either pink flip-flops or pink Crocs. Without more information, it's impossible to definitively say which one is correct."
0575-2,"No.

Based on the video descriptions, the little girl is wearing either pink flip-flops or pink Crocs on her feet. None of the descriptions mention a phone or a phone case being worn on her feet. The phone was found under one of the flip-flops, not inside a slipper case. The end section does not mention anything about the little girl's feet."
0575-3,"The answer is inconsistent across the video sections.

*   **Full Video:** States the girl is wearing pink flip-flops.
*   **Front Section:** States the girl is wearing pink Crocs.
*   **Middle Section:** States the girl is wearing pink flip-flops.
*   **End Section:** Does not mention the footwear, requiring visual examination of the video to determine if they are pink flip-flops.

Therefore, based on the conflicting information, it's impossible to definitively answer the question. The video descriptions contradict each other, and the end section requires visual confirmation."
0575-7,A
0576-0,"The answer is contradictory across the video sections. The full video answer states the Gen Z girl uses a belt, while the front, middle, and end sections state there is no mention of a belt or that neither girl is explicitly described as wearing a belt.

Reconciling this, the most comprehensive answer comes from the full video description, which explicitly states the Gen Z girl wears a belt. Therefore, the answer is:

The girl representing Gen Z in the video uses a belt."
0576-1,"The Gen Z outfit includes a belt. The full video answer explicitly states this, while the other sections either don't mention belts or suggest the possibility of a fanny pack functioning similarly to a belt in the Millennial outfit."
0576-2,"Yes, the Gen Z girl is the one using a belt in the video. The full video answer states that the Gen Z outfit features a belt. Although the other sections don't mention a belt, the ""Full Video Answer"" directly addresses the question and provides a definitive answer based on the video's description."
0576-3,"No, based on the provided descriptions, the millennial girl is not explicitly stated to be using a belt. While the ""Front Section Answer"" speculates a belt *could* be used, it is not definitively stated. The ""Full Video Answer"" states the Gen Z outfit includes a belt and the woman plays both characters. The ""Middle Section Answer"" and ""End Section Answer"" both state that neither outfit descriptions mention a belt. Therefore, based on the information provided, only the Gen Z outfit is confirmed to have a belt."
0576-7,A
0578-0,"At least four people are in the video. The full video answer identifies Rowan Atkinson, a man performing acrobatic moves on scaffolding, a man taking risks on rooftops/scaffolding, and a construction worker. While other sections mention fewer people, the full video answer provides the most comprehensive count based on the available descriptions."
0578-1,"The total number of individuals shown in the video is at least 4.

Explanation:

*   **Full Video Answer:** Identifies 4 distinct individuals: acrobat, parkour practitioner, construction worker, and Mr. Bean.
*   **Front Section Answer:** Identifies 2 individuals: parkour practitioner and Mr. Bean.
*   **Middle Section Answer:** Identifies 2 individuals: Construction worker and Mr. Bean.
*   **End Section Answer:** Identifies at least 2 individuals: Mr. Bean and background actors.

Aggregating these, we have: acrobat, parkour practitioner, construction worker, Mr. Bean, and background actors. Since the question asks for the *total* number and the full video answer provides the most comprehensive list based on the video description, the answer is at least 4. The background actors in the alleyway scene would increase the number of individuals in the video."
0578-2,"It is impossible to definitively answer whether there are eight people visible in the video based on the provided descriptions of the video sections. The descriptions mention a man in a suit (Mr. Bean), a man doing parkour, a construction worker, and background actors in an alleyway. However, none of the descriptions provide a precise count of all the individuals present throughout the video, especially regarding the number of construction workers or background actors. To answer the question accurately, one would need to watch the video and count the individuals present in each scene."
0578-3,"It is possible that there are at least ten people in the video.

Explanation: The ""Full Video Answer"" and ""End Section Answer"" both suggest the possibility of at least ten people, citing multiple individuals in various roles and the presence of a crowd. The ""Middle Section Answer"" also leans towards this possibility, mentioning construction workers and implying the presence of more people operating machinery. While the ""Front Section Answer"" is more hesitant, focusing on the main characters, it acknowledges the potential for background actors. Considering all sections, the evidence points towards the likelihood of at least ten people appearing in the video."
0578-7,E
0580-0,"The video descriptions do not provide enough information to determine the number of steps the girl ran before reaching the top.

Here's why, based on the video section descriptions:

*   **Full Video Answer:** The description focuses on climbing holds and textured sections, implying a climb rather than running up steps. It states that the video would need to show the entire ascent to count steps/holds.
*   **Front Section Answer:** The description mentions running up the wall and grabbing a bar, but it doesn't specify the number of steps. It is impossible to know how many steps she ran without seeing the video.
*   **Middle Section Answer:** This section suggests the obstacle is a ""warped wall,"" not a staircase, and the woman uses upper body strength, implying no steps are run.
*   **End Section Answer:** This section focuses on the person already being at the top and writing on a chalkboard, providing no information about the ascent. It suggests potential ways to estimate steps if the video showed the climb.

Therefore, based solely on the provided descriptions, the number of steps the girl ran is unknown. The descriptions suggest different methods of ascent (climbing holds, running up the wall, using upper body strength on a warped wall) and none explicitly state the number of steps taken."
0580-1,"The video sections do not provide enough information to determine the exact number of steps the girl took before reaching the top of the wall. All sections consistently state that the video focuses on the climb itself or the actions at the top, not on the initial steps taken to approach or ascend the wall. Some sections suggest that the video might answer the question if it showed the entire climb from the ground up, but the descriptions indicate that the video starts with the girl already in motion or in position."
0580-2,"The answer is: The information provided in the video descriptions is insufficient to determine if the girl ran four steps before reaching the top.

Explanation: All video sections consistently state that the descriptions do not provide the necessary information to answer the question. They highlight that the video focuses on the climb itself, the actions at the top, or the swinging motion to start the climb, but none show the initial approach to the wall and the number of steps taken. To answer the question, the video would need to show the beginning of the climb, specifically the girl's feet and legs as she approaches the wall, allowing viewers to count the number of steps taken."
0580-3,"The answer is: The description does not provide enough information to determine if the girl ran five steps before reaching the top.

Explanation: All four video sections (Full, Front, Middle, and End) consistently state that the description lacks the necessary information to answer the question. They all point out that the video either starts with the person already climbing, hanging, or at the top, and thus doesn't show the initial approach or steps taken before reaching the top. To answer the question, the video would need to show the beginning of the climb, including any running steps taken towards the wall."
0580-7,E
0588-0,"The video sections do not provide enough information to determine the number of drawers on the table with the globe. All sections state that the table with the globe is not mentioned, nor are any drawers described. The video sections focus on oversized furniture and props in rooms designed to look like Andy's room from ""Toy Story"" and sets from the movie ""Up,"" but they don't provide specific details about the furniture, including whether a table with a globe exists or how many drawers it might have."
0588-1,The total number of drawers on the desk with the globe on top cannot be determined from the provided information. All video sections state that there is no mention of a desk or a globe in the descriptions. The video sections describe a room designed to make people look small (like Andy's room from *Toy Story*) and oversized props related to the movie *Up*.
0588-2,"Based on the information provided from all video sections, it is impossible to confirm if the desk with the globe has five drawers. None of the descriptions mention a desk with a globe or the number of drawers it might have. Each section focuses on different aspects of the video, such as the overall room design, the feeling of being small, or humorous commentary, without providing details about specific furniture. To answer the question, the video would need to show the desk with the globe clearly and for a sufficient amount of time to count the drawers."
0588-3,"Based on the provided video section descriptions, it is impossible to determine if the desk with the globe has four drawers. None of the descriptions mention the number of drawers on the desk. To answer the question, one would need to visually examine the video itself, specifically the desk with the globe, and count the number of drawers."
0588-7,E
0589-0,"No, based on the video sections, the person did not eat all the chocolate in six hours. The end section shows the man eating the substance over at least 12 hours. The front section focuses on the initial setup and a coconut water challenge, not the chocolate eating timeframe. The middle section doesn't mention chocolate at all."
0589-1,"No, the individual did not consume all the chocolate within a six-hour period. The ""Full Video Answer"" explicitly states that the video description clarifies the chocolate was eaten in small batches over several days, contradicting the idea of a six-hour consumption period. The ""Front Section Answer"" suggests looking for visual confirmation and time stamps, but ultimately doesn't provide a definitive answer. The ""Middle Section Answer"" and ""End Section Answer"" describe different scenarios involving Vita Coco and a green substance, respectively, and do not address the chocolate question."
0589-2,"Based on the provided video section descriptions, it is impossible to definitively answer whether half of the chocolate was still uneaten at the six-hour mark.

*   The ""Front Section,"" ""Middle Section,"" and ""End Section"" answers explicitly state that the descriptions do not mention chocolate or provide information about the amount of food eaten at the six-hour mark. The middle section even describes a different challenge involving Vita Coco.
*   The ""Full Video Answer"" suggests that the video *might* show how much chocolate was left at each of those time points. To answer the question, one would need to carefully watch the section of the video between the start and the six-hour mark and observe the amount of chocolate remaining in the tank at the six-hour timestamp.

Therefore, the descriptions do not provide enough information to answer the question. To determine if half of the chocolate was uneaten at the six-hour mark, one would need to watch the video and observe the amount of chocolate remaining at that time."
0589-3,"No, the video did not definitively show that it took 12 hours for the person to finish the chocolate.

Here's why:

*   **Full Video Answer:** While the video description mentions a 12-hour period and the coconut water challenge, it also states the man ate the food in batches over several days.
*   **Front Section Answer:** This section doesn't specify the duration or whether the chocolate was finished within 12 hours.
*   **Middle Section Answer:** The video shows time stamps of 2, 4, and 8 hours, but not 12 hours specifically for finishing the chocolate.
*   **End Section Answer:** The video description mentions text overlays that indicate the elapsed time, including ""12 hours.""

While the video displays a 12-hour timeframe, the full video answer clarifies that the chocolate wasn't necessarily consumed continuously within those 12 hours. The man ate it over several days."
0589-7,E
0590-0,"The answers provided from different video sections are inconsistent.

*   **Full Video Answer:** States the man in the black jacket screamed because a fake spider was placed on him, causing him to fall down the stairs.
*   **Front Section Answer:** Says it's impossible to determine the reason based on the description, as it only covers events up to the pillow being thrown.
*   **Middle Section Answer:** States the description doesn't detail the end of the video, so the reason for the scream is unknown.
*   **End Section Answer:** States the man in the black jacket screamed because the person in the red shirt jumped up and scared him.

Reconciling the conflicting information, the ""Full Video Answer"" and ""End Section Answer"" provide possible reasons for the scream. Since the ""Full Video Answer"" describes the entire video and the ""End Section Answer"" specifically describes the end of the video, we can assume the scream was caused by a fake spider being placed on him, causing him to fall down the stairs.
**Answer:** The man in the black jacket screamed because the man in red placed a fake spider on him. This caused him to fall down the stairs."
0590-1,"The question is: What caused the man in the black jacket to scream at the end of the video?

Based on the provided information from the video sections, there's a contradiction.

*   **Full Video Answer:** States the man in the black jacket screamed because a fake spider was placed on him, causing him to fall down the stairs.
*   **End Section Answer:** States the *man in the red shirt* screamed because the man in the black jacket jumped up and scared him.

Since the ""Full Video Answer"" explicitly answers the question, it is the most reliable source. The ""End Section Answer"" seems to be incorrect about who screamed. The other sections only speculate.

Therefore, the answer is: The man in the black jacket screamed because the man in red placed a fake spider on him, causing him to fall down the stairs."
0590-2,"The answer is yes, but with caveats.

*   **Full Video Answer:** Explicitly states the man in the black jacket screamed because a fake spider was placed on him.
*   **Front Section Answer:** No mention of a spider toy. Focuses on other pranks. Suggests no.
*   **Middle Section Answer:** Describes a playful fight with household items, not a spider toy. Suggests no.
*   **End Section Answer:** The man in the black jacket ends up with the spider on his face, but the description does not state that he screamed because of it. The person in the red shirt screamed because the man in the black jacket scared him.

Reconciling the answers, the ""Full Video Answer"" directly answers the question, while the ""End Section Answer"" indirectly answers the question. The other sections do not mention the spider toy.

Therefore, based on the available information, the man in the black jacket did scream because a fake spider was placed on him."
0590-3,"No, based on the aggregated information, the man in the black jacket did not scream because he stepped on a spider.

Here's the reconciliation:

*   **Full Video Answer:** States the man in the black jacket screamed because of a *fake* spider placed on him, not because he stepped on it.
*   **Front Section Answer:** Doesn't address the question at all, focusing on pranks and reactions.
*   **Middle Section Answer:** Describes a mock fight with no mention of spiders or screaming.
*   **End Section Answer:** States the man in the black jacket did *not* scream because he stepped on a spider. It describes the man in the black jacket having the spider on his face. It also describes the man in the black jacket scaring the man in the red shirt, who then screams.

The ""Full Video Answer"" provides the most direct answer, which is supported by the ""End Section Answer"" (the man in the black jacket has the spider on his face, not under his foot)."
0590-7,E
0595-0,"The boy (Michiel) in the video scores with a large blue exercise ball, a soccer ball, and a tennis ball.

Explanation:

*   The ""Front Section Answer"" identifies Michiel as the boy and states he scores with a large blue ball.
*   The ""Full Video Answer"" and ""Middle Section Answer"" mention Michiel scoring with a soccer ball and a tennis ball.
*   The ""End Section Answer"" confirms Michiel scores with a tennis ball into a small soccer goal.

Combining these details, we can conclude that Michiel (the boy) scores with all three items."
0595-1,"The boy (Michiel) used a large blue exercise ball, a soccer ball, and a tennis ball to score. This is based on aggregating the information from all the video sections: the front section mentions a large blue ball, the middle section mentions a soccer ball and a tennis ball, and the end section mentions a tennis ball. The full video answer confirms all three."
0595-2,"The answer is unclear and contradictory based on the provided video section descriptions.

*   **Full Video Answer:** States Michiel (not explicitly a boy, but implied) scored with all three balls.
*   **Front Section Answer:** States the boy (Michiel) only scored with the blue exercise ball.
*   **Middle Section Answer:** Doesn't mention a boy or blue exercise ball. Focuses on Celine and Michiel with a soccer ball and tennis ball, but doesn't say who scored.
*   **End Section Answer:** States the boy (Michiel) only scored with the tennis ball.

Because the answers are contradictory, we cannot definitively say whether the boy scored with all three balls, only the blue exercise ball, or only the tennis ball based on these descriptions."
0595-3,"No, the boy did not score with a basketball, a volleyball, and a baseball in the video. All video sections consistently describe Celine and Michiel using a large blue exercise ball, a soccer ball, and a tennis ball, but never a basketball, volleyball, or baseball. They are kicking or throwing these balls into a goal and/or a swimming pool. There is also no mention of a boy in any of the sections."
0595-7,E
0597-0,"The video descriptions don't provide explicit details about the person holding the camera, but we can infer some characteristics:

*   **Mobile and Active:** The camera follows the action closely, implying the camera operator is mobile and able to keep up with the running subjects. They are likely walking or running alongside the subjects.
*   **Handheld Technique:** The descriptions note the handheld feel of the camera work, suggesting the operator is not using stabilizing equipment.
*   **Focused on Capturing Action:** The camera work prioritizes capturing the comedic chase, indicating the camera person is focused on the action.
*   **Likely Using a Smartphone:** The end section description suggests the video appears to be shot with a smartphone.

Therefore, the person holding the camera is likely a mobile individual, skilled in handheld camera work, focused on capturing the action, and likely using a smartphone."
0597-1,"The video description doesn't explicitly describe the person operating the camera. However, based on the combined information, we can infer the following: The camera operator is likely mobile, walking or running alongside the actors to maintain the shot and keep them in frame. The camera work is handheld, contributing to a dynamic and energetic feel. The operator is focused on following the action closely. We cannot determine their gender, age, or other specific characteristics."
0597-2,"The video descriptions do not provide information about the person holding the camera or their attire. Therefore, it is impossible to determine whether the person holding the camera is wearing a light gray jacket and white sneakers. The descriptions focus on the men running and their costumes."
0597-3,"Based on the video descriptions from all sections (Full, Front, Middle, End), it is impossible to determine if the person holding the camera is wearing a white t-shirt and black sneakers. All descriptions focus on the people being filmed and their attire, and the camera work itself, but provide no information about the camera operator's clothing."
0597-7,E
0600-0,The orange ball hit Michiel on the head. The end section of the video description explicitly states this. The other sections do not mention an orange ball hitting a boy.
0600-1,"The orange ball made contact with Michiel's head. This is based on the ""End Section Answer"" which states ""the large orange ball falls on Michiel's head, causing him to fall to the ground."" The other sections do not mention an orange ball hitting anyone."
0600-2,"Based on the provided information from the video sections, the answer is:

Yes, the orange ball hit someone on the head.

Explanation:

*   The full, front, and middle sections of the video do not contain any information about an orange ball hitting anyone on the head. They describe Celine Michiel and a man balancing on a soccer ball.
*   The end section of the video states: ""The humor peaks when the large orange ball falls on Michiel's head, causing him to fall to the ground.""

While the question asks about a ""boy,"" the end section describes the orange ball falling on ""Michiel's"" head. Assuming Michiel is the boy in question, the answer is yes. If Michiel is not the boy in question, the information is still relevant as it shows an orange ball hitting someone on the head."
0600-3,"No, the orange ball did not hit the boy on his back. The end section specifically states the orange ball hit Michiel (presumably the woman from the front section) on the head. The other sections don't mention a boy or an orange ball at all, focusing on a woman and a man doing soccer tricks."
0600-7,E
0603-0,"The answer is complex and depends on which section of the video is considered. Here's a breakdown:

*   **Full Video Answer:** Identifies the person as Luigi based on the description of the final scene where Luigi gets hit by a balloon and soaked.

*   **Front Section Answer:** Identifies the person as Mario, based on the description of the blue player hitting the red balloon and winning, implying Mario (red player) lost all hearts.

*   **Middle Section Answer:** Identifies the person as the ""Red Character"" who attempts athletic stunts (backflips) and fails, losing hearts twice.

*   **End Section Answer:** Identifies the person as the man in the blue hoop, who gets hit twice by a water balloon and loses all hearts.

**Reconciliation and Final Answer:**

The answers are contradictory. The ""Front Section"" and ""Middle Section"" answers both point to the ""Red Character"" (Mario), while the ""Full Video"" and ""End Section"" answers point to Luigi (the ""man in the blue hoop"").

Without seeing the video, it's impossible to definitively say who failed twice and lost the heart-shaped pattern. It is possible that both characters lost twice at different points in the video.

*   **If the failures occurred sequentially, early in the video:** The ""Red Character"" (Mario), who attempts backflips and fails, losing hearts twice, is the answer.

*   **If the failures occurred at the end of the video:** Luigi, the ""man in the blue hoop"" who gets hit by the water balloon twice, is the answer.

Therefore, based on the video sections, the person who failed twice in a row and lost the heart-shaped pattern is either **Mario (Red Character) or Luigi (Man in the Blue Hoop)**, depending on when the failures occurred within the video."
0603-1,"Based on the video section answers, there are conflicting claims about who failed twice and lost the heart-shaped pattern:

*   **Full Video Answer:** Luigi
*   **Front Section Answer:** Mario (Red Character)
*   **Middle Section Answer:** Red Character
*   **End Section Answer:** Man in the blue hoop

Since the answers contradict each other and point to different characters, it's impossible to definitively determine who failed twice and lost the heart-shaped pattern based solely on the provided video section descriptions. Each section seems to focus on a different part of the video and interprets the events differently."
0603-2,"No.

Here's why:

*   **Middle Section Answer:** Directly states the person who failed twice and lost the heart-shaped pattern (the Red Character) wears a red t-shirt and black pants. The Blue Character wears a blue shirt and blue sweatpants.

The other sections provide conflicting or incomplete information:

*   **Full Video Answer:** Suggests the person who failed (Luigi) would wear green, which contradicts the question.
*   **Front Section Answer:** Confuses the game's ending with the specific failures.
*   **End Section Answer:** Acknowledges the man who failed was in the blue hoop, but doesn't provide clothing details.

The middle section provides the most direct and clear answer based on character descriptions."
0603-3,"Based on the provided video section answers, here's the analysis and final answer:

The question is: Is the person who failed twice in a row and lost the heart-shaped pattern wearing a red shirt with a white 'm' logo and standing in a pink hula hoop?

*   **Full Video Answer:** No. It suggests Luigi (associated with blue) likely failed twice, while Mario (red shirt with 'm' logo) is associated with the red hula hoop, not pink.
*   **Front Section Answer:** Yes. It explicitly states the Mario player (red shirt with 'M' logo) lost after failing twice and that one of the hula hoops is pink.
*   **Middle Section Answer:** Partially Yes. The person who failed twice wears a red shirt with a white 'm' logo. It doesn't confirm the hula hoop color.
*   **End Section Answer:** Cannot definitively answer. The description lacks information about shirt colors, who failed twice, and the heart pattern.

Reconciliation:

The ""Front Section Answer"" provides the most direct ""Yes"" response, explicitly stating all the conditions are met. The ""Middle Section Answer"" confirms the red shirt and 'm' logo but is inconclusive about the hula hoop color. The ""Full Video Answer"" contradicts the ""Front Section Answer"" by associating the failures with Luigi. The ""End Section Answer"" highlights the lack of information.

Final Answer:

Yes, according to the ""Front Section Answer,"" the person who failed twice in a row and lost the heart-shaped pattern is wearing a red shirt with a white 'm' logo and standing in a pink hula hoop."
0603-7,"Based on the provided information, here's the breakdown and the final answer:

*   **Full Video Answer:** Identifies Luigi as the loser, wearing a blue shirt and dark blue pants.
*   **Front Section Answer:** Identifies Mario as the loser, wearing a red shirt with the ""M"" logo and black pants.
*   **Middle Section Answer:** C
*   **End Section Answer:** The man in the blue hoop is the one who loses all his hearts. The video description does not provide specific details about the clothing of either participant. Therefore, the answer is E.

The Front Section Answer and the Full Video Answer contradict each other on who the loser is (Mario vs. Luigi). The End Section Answer does not provide specific details about the clothing of either participant. Therefore, the answer is E.
E"
0607-0,"The answers from the video sections provide conflicting information about what the man is doing at the end of the video.

*   **Full Video Answer:** The man is falling to the ground because a suction cup detaches.
*   **Front Section Answer:** The man says ""Okay, we're good,"" implying he is concluding the activity.
*   **Middle Section Answer:** The man yells ""Yes!"" because he made a basketball shot.
*   **End Section Answer:** The man is landing on his feet after a backflip.

Reconciling these, the ""Full Video Answer"" and ""End Section Answer"" seem to describe the literal end of the video more directly. The ""Front Section Answer"" is an interpretation of a phrase, and the ""Middle Section Answer"" describes an event that happens at the end of a middle section, not necessarily the very end of the video. Given the ""Full Video Answer"" and ""End Section Answer"", it is most likely the man is either falling to the ground or landing on his feet after a backflip."
0607-1,"The man is initially hanging upside down from the ceiling. The full video, front section, and middle section all confirm this, with the full video and middle section specifying that he is attached using suction cup-like devices or custom-made shoes/grips. At the end of the video, the man is standing on the floor."
0607-2,"No, the man is not standing on the ground made to look like a ceiling. All video sections consistently state that the man is hanging upside down from the actual ceiling using either suction cup devices, hand grips, custom-made shoes/grips or modified footwear. The video description in each section confirms this, and the camera angle, as described in the front section, also supports this conclusion."
0607-3,"The man is standing on the ceiling using equipment attached to his feet.

Explanation: While the ""Front Section Answer"" states he's using hand grips, the ""Full Video Answer,"" ""Middle Section Answer,"" and ""End Section Answer"" all explicitly describe him using equipment attached to his feet to adhere to the ceiling. Given the multiple confirmations and specific descriptions of foot-attached equipment, this is the most likely scenario. The ""Front Section Answer"" is likely incorrect or referring to a different part of the video."
0607-7,"Based on the provided information, the answers from the video sections are inconsistent. The full video and end section suggest the man is on the ceiling using equipment (C), while the front and middle sections suggest he is hanging upside down from the ceiling (A).

To reconcile this, we can consider that the video might show different perspectives or techniques at different points. It's possible the man starts by hanging upside down (A) and then transitions to using equipment to stand on the ceiling (C).

Since both A and C appear in the answers, and there is no information to decide which answer is more correct, we can not select one best answer.

Therefore, the answer is:

E"
0609-0,"The video description does not explicitly state the rules of elimination. However, based on inferences from different sections:

*   **Full Video:** The person who fails to keep the red ball moving or gets ""outplayed"" by the girl in the Santa hat is likely eliminated.
*   **Front Section:** The girl in the Santa hat is implied to be manipulating the ball's movement, potentially causing others to ""lose"" or be ""eliminated"" from winning.
*   **Middle Section:** The rules of the game and how a winner or loser is determined are not explained.
*   **End Section:** Dropping the ball may be the reason for elimination.

Therefore, it's most likely that **failing to keep the ball in play (dropping it or being outmaneuvered by the girl) leads to elimination.**"
0609-1,"Based on the information provided from all video sections, it is impossible to definitively say how elimination is decided in the video game. The video does not explicitly state the rules of the game or the elimination mechanics. The video shows people playing a game with a red ball, possibly on a table. The girl in the video seems to be outplaying the other players, which suggests that players are eliminated as she outplays them, possibly by manipulating the ball in a way that causes them to lose. However, the exact rules and elimination process remain unclear."
0609-2,"Based on the provided video section descriptions, it's *possible* that elimination is based on hand movement while the ball is held, but it is not explicitly stated. The descriptions focus on a girl ""scamming"" and manipulating the ball, likely with her hands, which suggests hand movements are relevant to the game. However, none of the sections definitively confirm this as a rule or the reason for elimination."
0609-3,"Based on the video descriptions, it is impossible to definitively answer whether the elimination is determined by who is holding the ball when it stops. None of the sections explicitly state the rules of the game or how eliminations occur. The descriptions suggest a game where a ball is moved around a table, and a girl might be manipulating the outcome. While some sections hint that the person closest to the ball when it stops might be eliminated, this is just speculation based on the ""scamming"" aspect and the progression of players. The end section even shows the ball falling with a funny sound effect, further muddying the waters as it doesn't describe any eliminations at all."
0609-7,E
0610-0,"The video descriptions provide conflicting information. The ""Full Video Answer"" describes the woman throwing *envelopes* out the window as a diversion to distract pursuing men, allowing her to escape. The other sections either deny the existence of this action or speculate on its purpose within a comedic context.

Therefore, based on the ""Full Video Answer,"" the woman threw the envelopes out the window after addressing them **as a diversion to distract the men pursuing her, giving her a chance to escape.**"
0610-1,"The reason the woman tossed the package out of the window after writing on it is to distract the two men and evade them. The ""Full Video Answer"" explicitly states this, referencing a scene where she throws envelopes out the window, causing the men to run and collect them, implying a diversion tactic. The other sections either deny the event occurred or offer alternative, less direct interpretations based on humor or revenge, but the ""Full Video Answer"" provides the most direct and clear explanation."
0610-2,"No, the woman did not throw the package out of the window so the two men could help her put it in the mailbox.

Explanation: All video sections consistently state that the woman throws envelopes (not a package) out the window. The men then run to collect them. None of the sections mention a mailbox or any indication that the men are putting anything in one."
0610-3,"Based on the video sections, the answer is **no, not exactly, but she was throwing items out the window.**

Here's why:

*   The ""Full Video Answer"" section states that the woman was throwing *envelopes*, not a package, out the window.
*   The ""Middle Section Answer"" clarifies that it is not explicitly stated that she was trying to get rid of the envelopes *quickly*. It also suggests the possibility that she was deliberately throwing them for the men to retrieve as part of a prank.
*   The ""End Section Answer"" describes the woman receiving a bag from the men, which is unrelated to the question.
*   The ""Front Section Answer"" cannot answer the question.

Therefore, while the woman was throwing items (envelopes) out of the window, it wasn't a package, and it's unclear if her intention was to ""quickly get rid"" of them. The video sections suggest a different motive, such as distraction or part of a prank."
0610-7,A
0612-0,"The person divides the paper into two parts to visually compare the artistic results of using ""zero dollar"" materials versus ""$300"" pencils. The split screen allows the viewer to see the drawing process, different techniques, and the outcomes side-by-side, highlighting the contrast, humor, and absurdity of the situation."
0612-1,"The paper is divided into two sections to visually compare and contrast the drawing process and results of using extremely cheap/unconventional ""zero dollar"" materials versus expensive/unconventional ""$300"" pencils. This split-screen format allows viewers to simultaneously see the different techniques, materials, and progression on each side, highlighting the differences in the process and the final outcome. The comparison is central to the video's comedic premise and its message about the value of creativity versus expensive supplies."
0612-2,"The purpose of dividing the paper to compare $0 pencils using non-traditional tools with $300 pencils is multifaceted. While the video does present a comparison, it's not a serious attempt to evaluate artistic quality. The primary goal is to create a humorous contrast between absurd, unconventional materials and traditional art supplies. The split screen emphasizes the absurdity of the tools and methods used, highlighting the contrast between the two approaches for comedic effect. The comparison also demonstrates that a recognizable image can be created even with unconventional materials, showcasing creativity and resourcefulness."
0612-3,"The answer is nuanced. While the primary reason for dividing the paper is to compare the results of using ""zero dollar pencils"" (unconventional items) with ""$300 pencils"" (traditional art supplies), it's not *simply* about the cost. The video uses absurd and unconventional substitutes on *both* sides, creating a humorous comparison of the ridiculous methods employed to create a portrait. The split screen is essential for a direct visual comparison of the two approaches."
0612-7,B
0614-0,"The video descriptions from all sections (Full, Front, Middle, and End) consistently state that they do not mention the men trembling in their hands at the beginning of the video. Therefore, based solely on the provided information, I cannot answer the question of why the men are trembling. The descriptions focus on a man eating enthusiastically and the reactions of others, but offer no explanation for any trembling."
0614-1,"The video descriptions provided do not explicitly state the reason for the man's trembling hands at the beginning of the video. However, based on the descriptions of the opening scene where the man is seated and about to eat, several possibilities are suggested:

*   **Nervousness/Anxiety:** He might be nervous about being filmed, being in the restaurant, or interacting with the waitress.
*   **Medical Condition:** He could have a medical condition that causes tremors.
*   **Weakness/Hunger:** He might be very hungry or weak.
*   **Cold:** The restaurant might be cold, causing him to shiver.
*   **Exaggerated Acting:** The trembling could be a deliberate action for comedic effect, emphasizing his character's quirkiness or over-the-top eating habits."
0614-2,"No, based on the provided descriptions of the video sections, there is no information to suggest the man is pretending to have a disability or causing his hands to tremble. The video sections focus on his unusual eating habits, attentive service from a waitress, and him giving the waitress a gift."
0614-3,"The video descriptions do not definitively answer whether the man's trembling hands are due to nervousness or excitement, as they don't explicitly mention or show his hands trembling. However, the descriptions provide context that allows for speculation:

*   **Full Video Answer:** If the man's hands *are* trembling, the exaggerated eating and surprise gift suggest excitement, especially if the trembling occurs while eating or right before giving the gift. The playful interaction with the waitress makes nervousness less likely. If hands are not visible, the video doesn't provide enough information.
*   **Front Section Answer:** The description focuses on the man's unusual behavior (pouring juice into salad and eating it with gusto) and doesn't mention any physical cues like trembling. To answer the question, the video would need to show visual cues (close-ups of hands), facial expressions, body language, and contextual clues.
*   **Middle Section Answer:** Similar to the front section, this description doesn't mention trembling. The video *could* offer clues through subtle body language, the context of the restaurant (e.g., first date vs. casual meal), and details about his appearance (e.g., sweating, eye contact).
*   **End Section Answer:** This description leans towards excitement as the more likely explanation. The positive interaction with the waitress, the pre-arranged gift, and the humorous tone of the video suggest a comfortable situation where excitement is more probable than nervousness.

**Aggregated Answer:**

Since none of the descriptions explicitly state that the man's hands are trembling, the premise of the question is uncertain. *If* the man's hands are trembling, the video sections suggest that **excitement is a more likely cause than nervousness**, primarily due to the playful and positive nature of his interaction with the waitress, the indication of a pre-arranged gift exchange, and the overall humorous tone of the video. However, without visual confirmation of trembling or more details about the context, a definitive answer is impossible."
0614-7,E
0616-0,"Based on the provided information, there are conflicting answers.

*   **Full Video Answer:** All three balls (white, blue, and black) reach the finish line at roughly the same time.
*   **Front Section Answer:** The white ball reaches the finish line first, and is the only one to make it into the hole.
*   **Middle Section Answer:** It's impossible to definitively say which colored ball reaches the finish line first; they ""eventually converge.""
*   **End Section Answer:** The description doesn't specify which color reaches the end first.

Reconciling these, the most definitive answer comes from the **Front Section Answer**, which states the white ball reaches the finish line first and falls into the hole. The **Full Video Answer** contradicts this by saying they all arrive at the same time. The other sections are inconclusive.

Therefore, the answer, based on the provided information, is: **The white ball reaches the finish line first.** The front section answer is the most specific, while the full video answer is more of an overall impression."
0616-1,"Based on the provided information, there are conflicting answers.

*   **Front Section Answer:** The white ball crosses the finish line first. The video description states that the white ball is the only one to reach the end goal.

*   **Full Video Answer, Middle Section Answer, End Section Answer:** The descriptions do not explicitly state which ball crosses the finish line first or state that it is impossible to definitively say which ball crosses the finish line first.

Considering these conflicting answers, the most direct answer based on a specific video section is:

**The white ball crosses the finish line first, according to the Front Section Answer.**"
0616-2,"Based on the provided video section descriptions, there are conflicting answers:

*   **Front Section:** States the white ball is the first to reach the finish line.
*   **Full Video, Middle Section, and End Section:** Do not definitively state which ball is first. They suggest observing the video to determine the order.

Therefore, the most direct answer based on the given information is that according to the **Front Section, the white ball is the first to reach the finish line.**"
0616-3,"Based on the provided video section descriptions, we cannot definitively say whether the blue ball reaches the finish line first.

*   The **Full Video Answer** states that all balls converge at the end and reach the same destination together, implying the blue ball does not reach the finish line first.
*   The **Front Section Answer** suggests the white ball is the one that makes it into the hole at the end, implying the blue ball did not reach the finish line first.
*   The **Middle Section Answer** and **End Section Answer** both state that the video description does not provide specific details about which ball wins the race and that the video needs to be analyzed to observe the order in which the balls cross the finish line.

Reconciling these answers, the most likely scenario is that the blue ball does not reach the finish line first. The full video answer states that they all arrive together, and the front section answer suggests that the white ball makes it to the end."
0616-7,E
0620-0,"The man is standing on the ceiling of a living room. All video sections consistently point to the man being in a living room, and the full video answer and end section answer explicitly state he is on the ceiling. The other sections imply the same by mentioning he is hanging upside down."
0620-1,"The man's position changes throughout the video. Initially, he is hanging upside down from the ceiling using suction cup-like devices or custom-made grips attached to his feet. He then transitions to a falling position when one of the devices fails. Finally, he lands on his feet on the floor after performing a backflip to detach himself."
0620-2,"No, the man is not standing on the ground made to look like a ceiling. All video sections consistently state that the man is hanging upside down from the actual ceiling using various methods (suction cups, hand grips, custom-made shoes/grips, modified footwear). The camera angle and descriptions emphasize his upside-down position and eventual detachment from the ceiling to the ground."
0620-3,"Yes, the man is standing on the ceiling using equipment attached to his feet. While the ""Front Section Answer"" contradicts this, stating he's hanging from hand grips, the ""Full Video Answer,"" ""Middle Section Answer,"" and ""End Section Answer"" all describe equipment attached to his feet that allows him to stick to the ceiling. The ""Middle Section Answer"" and ""End Section Answer"" specifically mention shoes or grips. The ""Full Video Answer"" mentions suction cup-like devices and a device failing, causing him to fall. Therefore, the weight of evidence supports the conclusion that he is using equipment attached to his feet."
0620-7,B
0621-0,"The descriptions from all video sections consistently state that there is insufficient information to determine which foot leans against the wall first. The descriptions focus on the upper body movements (leaning heads, shoulders, and hands) and the order in which people stand up, but do not provide details about foot placement or movement. To answer the question, the video would need to show the lower bodies of the individuals clearly enough to determine which foot, if any, is being used for support or balance against the wall."
0621-1,"The video descriptions consistently state that they do not provide enough detail to determine which foot each person places against the wall first. The camera angles and descriptions focus on upper body movements and overall actions, not specific foot placement. To answer the question, one would need to analyze the video itself to observe the foot movements."
0621-2,"The video descriptions do not provide enough detail to determine which foot is the first to lean against the wall. All sections (Full Video, Front Section, Middle Section, and End Section) consistently state that the descriptions focus on other aspects of the video, such as the synchronized swaying, upper body movements, and overall comedic effect, without detailing the specific movements of the feet."
0621-3,"The provided descriptions from all video sections (Full, Front, Middle, and End) do not contain the information needed to determine if the right foot is the first to lean against the wall. All sections state that the video would need to be analyzed specifically for foot movements to answer the question."
0621-7,E
0625-0,"The video description does not provide enough information to definitively determine the direction of displacement of the second ball. Here's why, based on the different video sections:

*   **Front Section:** States there is no second ball depicted.
*   **Middle Section:** Suggests a radial direction (inwards or outwards) along grooves, but acknowledges direction changes due to collisions and the importance of the initial position, which is unknown.
*   **End Section:** Describes a circular, rotating pattern within a circular depression, implying a tangential displacement.
*   **Full Video Answer:** Infers the second ball appears sometime between 0:02 and 0:16. Since the maze evolves from a simple line to more complex shapes, the second ball's initial displacement will likely be along the path of the maze structure present at the time it appears.

Therefore, without observing the video, the direction of displacement of the second ball cannot be determined from the video descriptions. It could be radial, tangential, or a combination thereof, depending on the maze structure and the ball's initial position when it appears."
0625-1,"The video descriptions do not provide a definitive answer to the direction of the second ball's movement.

Here's a breakdown:

*   **Full Video Answer:** Suggests the second ball likely moves along the same circular path as the first, presumably in the same direction to maintain a pattern.
*   **Front Section Answer:** Doesn't mention a second ball at all.
*   **Middle Section Answer:** Suggests the ball likely moves outwards along a groove, but its direction could change due to collisions.
*   **End Section Answer:** States that the video description lacks the necessary information to determine the second ball's specific direction, highlighting the need to know which ball is considered the ""second,"" the direction of rotation, and a reference point.

While the ""Full Video Answer"" speculates about movement in the same direction as the first ball along a circular path, the ""Middle Section Answer"" proposes outward movement along grooves. The ""End Section Answer"" emphasizes the lack of specific details.

Without further information about the video, it is impossible to definitively say which direction the second ball moves. The most likely scenarios are either along a circular path in the same direction as other balls, or outwards along a groove. However, collisions could alter the direction."
0625-2,"Based on the video section descriptions, the answer is **no**.

*   **Front Section:** States that there is only one ball, not a second ball. While it does move back and forth along the initial vertical line, this isn't a horizontal groove.
*   **Middle Section:** Describes the balls (including the supposed second ball) moving along grooves radiating outward from the center, like spokes on a wheel, not a horizontal groove.
*   **End Section:** Describes black spheres moving in a circular pattern, with no mention of a horizontal groove or back-and-forth movement.
*   **Full Video Answer:** States that it is impossible to say definitively if the second ball moves back and forth along a horizontal groove, but suggests it's unlikely based on the overall movement and evolution of the maze. To answer the question, we need to focus on specifically tracking the second ball, look for horizontal grooves, and observe the motion."
0625-3,"The answer is likely yes, but with some caveats.

*   **Full Video Answer:** Directly states yes, based on the ""Final State"" description of spheres moving along a circular path.
*   **Front Section Answer:** Initially says no, arguing the mazes are linear and don't form a circular loop. However, it focuses on the *initial* mazes, not the entire video. It also only addresses the path of a *single* ball.
*   **Middle Section Answer:** Is uncertain, stating it's impossible to definitively say. It raises the possibility of looped paths if balls transfer between grooves, but needs visual confirmation.
*   **End Section Answer:** Directly states yes, based on a ""continuous, rotating pattern"" within a circular depression.

Reconciling the differences: The front section focuses on the initial mazes, which are linear. The full video and end section answers refer to the later states of the video where the balls are in a circular depression. The middle section correctly identifies the ambiguity and the need for visual confirmation of groove transfers.

Therefore, based on the ""Final State"" and ""End Section"" descriptions, it's likely the second ball *does* follow a circular path in a loop within the circular depression. However, the middle section correctly points out that the description alone isn't conclusive, and visual confirmation of groove transfers is ideal."
0625-7,"Let's analyze the answers provided by each video section:

*   **Full Video Answer:** Suggests a vertical path based on the initial state of a single ball moving vertically in an oval enclosure.

*   **Front Section Answer:** Also points to a vertical groove initially, as the maze starts as a vertical line.

*   **Middle Section Answer:** Directly states D (Vertical groove).

*   **End Section Answer:** Claims the balls move in a circular pattern, implying the second ball also moves in a circular path.

The majority of the sections (Full, Front, and Middle) indicate a vertical groove. The End section contradicts this, suggesting a circular path. However, the Full and Front sections describe the *initial* state, which is more relevant to the question of the *second* ball's path, especially if the maze evolves over time. Without a clear indication of when the question is referring to, it is more likely that the *initial* state is the correct context.

Therefore, the best answer is:

D"
0627-0,"The woman in the video is changing her position. The video sections describe her moving away from the cutout, reacting to it, and the camera panning around her and the cutout, implying movement. While the ""Full Video Answer"" mentions the presenter, the other sections focus on the woman's movements, making her the primary subject changing position within the video segments provided."
0627-1,"The presenter/woman and the camera operator changed position in the video.

*   **Full Video Answer:** The presenter walks around the cutout, changing position.
*   **Front Section Answer:** The woman moves away from the cutout, changing position.
*   **Middle Section Answer:** It's inferred that the woman changed position, although not explicitly stated.
*   **End Section Answer:** The camera operator changed position as the camera pans around the cutout. The woman also likely changed position to make the illusion work."
0627-2,"No, the photographer is not moving in the video to change the position of the other person. The full video description explicitly states the photographer (presenter) moves to demonstrate the illusion from different viewpoints, not to reposition someone. While the front, middle, and end sections don't directly address the photographer's movement, the middle section states that the video focuses on the woman reacting to the cutout and how it works as a visual trick."
0627-3,"No, the woman in the video does not move another person. The descriptions consistently state that the woman interacts with cardboard cutouts, moves around them, or stands next to them. None of the descriptions mention her moving another person. The full video answer describes the presenter walking around the cardboard cutout, which changes her position relative to the cutout."
0627-7,E
0633-0,"The video descriptions from the full video, front, middle, and end sections all state that they do not provide enough information to determine the direction the wheels of the black car turn at the end of the video. The descriptions focus on other aspects of the video, such as a white SUV, snow chains, an accident scene, and the benefits of clip tire chains. To answer the question, the end of the video would need to be watched and analyzed to see if a black car is present and, if so, the direction of its wheels' rotation."
0633-1,"The video description does not provide enough information to determine the direction of the black car's wheels at the conclusion of the video. All sections of the description focus on the installation and function of tire chains, not the specific details of the final scene. To answer the question, one would need to view the video and observe the car's movement (forward, backward, or stationary) at the end."
0633-2,"Based on the provided descriptions, it's impossible to definitively say whether the wheels of the black car turn forward at the end of the video.

*   **Full Video Answer:** Suggests a car (likely the black car or one with chains) is moving forward at the end, implying the wheels are turning forward.
*   **Front, Middle, and End Section Answers:** All state that the descriptions do not provide specific details about the final scene, the color of the car, or the direction of the wheel movement. They mention a car driving on a snowy road, chains in use on various vehicles, and a humorous twist, but these elements do not confirm the direction of the black car's wheels at the end.

**Final Answer:** The video descriptions do not definitively answer the question of whether the black car's wheels turn forward at the end of the video. The full video answer suggests it, but the other sections do not provide enough information to confirm."
0633-3,"Based on the provided video section descriptions, it is impossible to definitively answer whether the wheels of the black car are turning in reverse at the end of the video. None of the descriptions explicitly state this.

Here's a breakdown:

*   **Full Video Answer:** Suggests the car is moving forward with chains, implying the wheels aren't turning in reverse, but requires visual confirmation.
*   **Front Section Answer:** Irrelevant; describes a person dressed as a car at the end, not the black car or wheel direction.
*   **Middle Section Answer:** No relevant information.
*   **End Section Answer:** Suggests the car is in motion with chains, implying forward movement, but requires visual confirmation of wheel rotation.

To answer the question, the end section of the video needs to be analyzed visually. We need to observe:

1.  **The direction of the car's movement:** Is it moving forward or backward?
2.  **The direction of wheel rotation:** Does the wheel rotation match the direction of the car's movement?

If the car is moving forward, but the wheels appear to be rotating backward, then the answer would be yes. Otherwise, the answer would be no."
0633-7,E
0643-0,"The answer is based on the middle section of the video. The video description suggests the wind is blowing strongly enough to drape the Olympic flag over the guard's head. Therefore, the wind direction is likely blowing *towards* the guard holding the flag, or at least has a significant component in that direction."
0643-1,"The video potentially allows you to determine the wind direction by observing the Olympic flag. In the middle section, the flag is described as being draped over a man's head, obscuring his face, possibly due to the wind. The direction the flag is blowing *from* would indicate the wind direction. The front section also mentions a man struggling with a large white flag, and the way it's being blown could suggest the wind direction, although a precise determination is difficult without a clear view relative to fixed objects. The full video answer also suggests observing the movement of a flag for clues. The end section provides no information related to wind direction. Therefore, by carefully observing the movement of the flag(s) in the video, particularly the Olympic flag draped over the man's head, one might infer the wind direction."
0643-2,"The wind direction is not consistently described across the video sections.

*   **Front Section:** The flag's movement suggests a potential wind direction, but it's inconclusive without knowing which way the flag is being pushed.
*   **Middle Section:** The description of the Olympic flag being draped over the guard's head indicates the wind is likely blowing from right to left.
*   **End Section:** No information about wind direction is provided.
*   **Full Video Answer:** The video description does not provide any information about the wind direction.

Based on the middle section of the video, the wind is likely blowing from the right to the left side of the screen."
0643-3,"Based on the video descriptions, it is *possible* the wind is blowing from right to left.

Here's the reasoning:

*   **Front Section:** The description notes the flag is wobbling and a soldier on the right is struggling to hold it, suggesting wind from right to left could be the cause.
*   **Middle Section:** The description explicitly states the flag is draped over the guard on the *right's* head due to the wind. This strongly implies the wind is blowing from right to left, pushing the flag in that direction.
*   **Full Video & End Section:** These sections do not provide conclusive evidence, but do not contradict the other sections. The end section mentions snowflakes that *could* indicate wind direction if they were moving, but it's speculative.

The middle section provides the most direct evidence, making it the strongest indicator of wind direction."
0643-7,A
0645-0,"Based on the video description snippets provided, it's impossible to definitively determine the location of the left end of the student's scarf relative to the camera at the end of the video.

The ""Full Video,"" ""Front Section,"" and ""Middle Section"" answers all highlight the lack of specific details about the scarf's movement, the student's final position, and the camera angle at the end of the video. They emphasize that without information about how the scarf is worn, how the student moves, and the final pose, any answer would be speculation.

The ""End Section"" answer provides a more specific, though still conditional, response. It states that if the student is on the left side of the frame, the left end of the scarf would likely be on the left side of the frame. If the student is on the right side of the frame, the left end of the scarf would be closer to the center of the frame. This answer relies on the assumption that the camera is static and the two women are standing side-by-side at the end of the video, as stated in the description. However, it still cannot give a definitive answer without knowing the student's position in the frame.

Therefore, the best possible answer, based on the provided information, is: **The location of the left end of the student's scarf relative to the camera depends on the student's final position in the frame. If she is on the left side of the frame, the left end of the scarf is likely on the left side of the frame. If she is on the right side of the frame, the left end of the scarf is likely closer to the center of the frame.**"
0645-1,"The video descriptions provided do not contain enough information to determine where the left end of the scarf ends up on the student character at the end of the video. All sections consistently state that the descriptions lack the necessary details about the scarf's movement and final position. The end section specifically mentions that the camera is static, and the student is wearing a green scarf, but it still doesn't provide the answer. To answer the question, one would need to watch the video and observe the student's movements with the scarf."
0645-2,"Based on the video descriptions provided, it is highly probable that the left end of the student's scarf remains on the left side of their body at the end of the video. The end section description notes that the two women are standing side-by-side throughout the video, with no mention of the student moving or the scarf being rearranged. While the other sections highlight the lack of explicit information, the end section provides the strongest indication due to the consistency of the scene."
0645-3,"The provided descriptions from all video sections (Full, Front, Middle, and End) consistently state that there is insufficient information to determine the position of the left end of the scarf relative to the student's body at the end of the video. The descriptions focus on the student holding and lifting the scarf, the overall impression of the video, and the lack of specific details about the scarf's placement on the student's body, especially at the end.

Answer: It is impossible to determine whether the left end of the scarf is on the right side of the student character's body at the end of the video based on the given descriptions."
0645-7,C
0652-0,"The position of the car after the spin is crashed into a truck.

The ""Front Section Answer"" explicitly states that the car crashed into a truck after swerving, which occurred after the spin. While other sections don't provide a definitive answer, the ""Front Section Answer"" provides the most direct and clear information about the car's final position. The ""Full Video Answer"" states the video ends abruptly, and the ""Middle Section Answer"" only implies a possible direction change and proximity to other vehicles. The ""End Section Answer"" doesn't mention a spin at all. Therefore, the most accurate answer, based on the provided information, is that the car crashed into a truck."
0652-1,"The car crashed into a truck. The ""Front Section Answer"" explicitly states this based on the video description, while the ""Full Video Answer"" notes the video cuts off before showing the final stop. The other sections don't provide definitive information about the car's final position. Therefore, the most complete answer based on the provided information is that the car ended up crashed into a truck."
0652-2,"Based on the video section descriptions, it is not possible to determine if the car ended up in the innermost lane facing the correct direction after the spin. None of the video sections depict the car's final position and orientation after the driver lost control or spun. The video sections show the car swerving, crashing, slowing down, but none provide the necessary information to answer the question."
0652-3,"Based on the provided video section descriptions, it is not possible to definitively determine if the car ended up facing the opposite direction after the spin.

*   The **Full Video Answer** describes dangerous swerving but doesn't show the car coming to a complete stop or its final orientation.
*   The **Front Section Answer** only mentions a crash into a truck and lacks information about the car's final direction.
*   The **Middle Section Answer** suggests looking for visual cues in the video to determine the car's orientation after the spin but doesn't provide the answer itself.
*   The **End Section Answer** shows the car slowing down, but doesn't depict a spin or the final orientation of the vehicle.

Therefore, none of the video section descriptions provide the necessary information to answer the question."
0652-7,E
0655-0,"The question of which is faster, the truck or the camera, cannot be definitively answered based solely on the video sections provided.

The video sections depict a Batmobile being transported on a flatbed tow truck while being filmed. The camera's position and movement are the key unknowns.

Here's a breakdown of the possibilities and why a definitive answer is impossible:

*   **Camera is Stationary:** If the camera is fixed and recording the truck as it passes, the truck is faster.
*   **Camera is Panning:** If the camera is panning to follow the truck, the truck is likely still faster because the camera is only rotating to keep up.
*   **Camera is Moving Alongside the Truck:** If the camera is in another vehicle moving alongside the truck, their speeds are likely similar. It's possible the camera's vehicle is slightly faster to allow it to adjust its position and keep the truck in frame.
*   **Camera is in/on the Truck:** If the camera is inside the truck, the camera and the truck will have the same speed.

Without knowing the camera's specific situation, it's impossible to determine which is faster."
0655-1,"The truck and the camera are likely moving at the same speed. The middle section explicitly states this, explaining that the person filming is moving along with the truck to keep the Batmobile in focus. The front section also suggests they are moving at a similar speed due to the camera panning to keep pace with the truck. While the full and end sections acknowledge the possibility of a stationary camera, the overall context points towards the camera moving alongside the truck."
0655-2,"The description does not provide enough information to determine if the camera is moving faster than the truck. All video sections consistently state this, highlighting the need for information about the camera's position (stationary or moving alongside), the relative motion of the background, and whether the truck is accelerating. Without these visual cues, a definitive answer is impossible."
0655-3,"The description does not provide enough information to determine if the truck is moving faster than the camera. The answers from all video sections consistently state that more information is needed to determine the relative speeds of the truck and the camera. Key missing information includes whether the camera is stationary or moving, and if moving, its speed relative to the truck. Visual cues like background movement, camera panning, and reference points are also needed to make a determination."
0655-7,C
0658-0,"The rider in dark clothing is faster during the race. The end section states that the rider in dark clothing is in front of the rider in white clothing, and since they are racing, the person in front is faster."
0658-1,"The rider in dark clothing is quicker. The end section of the video description states that this rider is in front of the rider in white clothing, indicating a faster speed."
0658-2,"Yes, according to the End Section, the rider in the black outfit is the faster one because they are in the front. The other sections either state they cannot determine who is faster based on the information provided or describe how they *might* determine who is faster if they contained more information about the race."
0658-3,"No, the rider in the white outfit is not the faster one, at least not at the end of the video. The end section answer states that the rider in dark clothing is in front of the rider in white clothing at the end of the video. The other sections of the video do not provide enough information to determine which rider is faster, as they either cut off before the race begins or only show the start of the race."
0658-7,E
0664-0,"The woman rolled the dice a variable number of times depending on the video section.

*   **Full Video Answer:** The full video description doesn't provide a specific number, but implies multiple rolls throughout the game.
*   **Front Section Answer:** The front section description also doesn't provide a specific number, but mentions at least one roll (a 6).
*   **Middle Section Answer:** The middle section description states she rolled the dice only **one** time.
*   **End Section Answer:** The end section description states she rolled the dice **3** times.

Therefore, based on the provided information, the number of times the woman rolled the dice varies depending on which section of the video is being referenced. The middle section says one time, and the end section says three times. The full video and front section do not provide a specific number."
0664-1,"The woman threw the dice a total of 4 times.

Explanation:

*   **Middle Section:** States the woman threw the dice 1 time.
*   **End Section:** States the woman threw the dice 3 times.

Adding these together, the total number of throws is 1 + 3 = 4. The other sections do not provide a specific number, but suggest counting the throws in the video. Based on the explicit counts in the middle and end sections, the answer is 4."
0664-2,"No, the information provided does not confirm that the woman rolled the dice 9 times. The full video, front, and middle sections don't mention the total number of times she rolled. The end section only mentions three specific rolls. To answer the question definitively, one would need to watch the entire video and count each time the woman rolls the dice."
0664-3,"The video description does not explicitly state whether the woman rolled the dice 11 times. All sections of the video analysis agree on this. The sections suggest that to determine the answer, one would need to watch the video and count each instance where the woman rolls the dice. The end section mentions the description details three distinct rolls, confirming she rolled at least 3 times, but this doesn't confirm or deny the 11 rolls."
0664-7,A
0667-0,"The full video answer states there are seven people participating. The front section states there are six. The middle and end sections are unable to give a definitive number, but suggest more than two people are involved.

Reconciling the answers, the ""Full Video Answer"" is the most comprehensive and likely represents the total number of participants in the entire challenge. The ""Front Section Answer"" might be focusing on a specific part of the video, or it could be inaccurate. The middle and end sections acknowledge multiple participants but cannot provide a precise number.

Therefore, the answer is: **Seven**. The full video description states that there are seven young people in the video, with one person dropping the balloon and six others trying to pop it."
0667-1,"The total number of participants in the challenge is seven. The ""Full Video Answer"" explicitly states this, referencing the video description which says ""There are seven young people in the video."" While other sections are less definitive, the ""Full Video Answer"" provides a clear and supported answer based on the provided context."
0667-2,"No, according to the full video answer, there are seven people participating in the challenge. The front section answer states there are six, but the full video answer contradicts this. The middle and end sections don't provide a definitive number, but imply more than two people are involved. Therefore, based on the most complete information (the full video answer), the answer is no."
0667-3,"The answer is unclear based on the provided information.

*   **Full Video Answer:** States there are seven people.
*   **Front Section Answer:** States there are six people.
*   **Middle Section Answer:** Does not provide a specific number, only mentions ""a group of young people"" and two specific girls. Visual analysis would be needed to determine the exact number.
*   **End Section Answer:** Implies multiple people are involved, but does not provide a specific number.

Since the ""Full Video Answer"" directly contradicts the ""Front Section Answer,"" and the other sections are inconclusive, it's impossible to definitively answer the question of whether there are seven people participating based solely on the provided descriptions. Visual analysis of the video would be required."
0667-7,E
0670-0,"The video descriptions do not provide an exact number of children who jumped into the water. However, the Full Video and End Section descriptions both mention the man jumping with a ""group of Hawaiian kids"" or ""a group of younger kids,"" implying that more than one child jumped. The Front Section doesn't specify any children jumping, and the Middle Section only mentions ""a group of people.""

Answer: More than one child jumped into the water."
0670-1,"The number of children who jumped into the water is not explicitly stated in any of the video section descriptions. However, the End Section description states that the man jumped off the pier with ""a group of younger kids,"" implying that multiple children jumped into the water. The other sections mention children being present and playing in the water or a ""group of people"" jumping, but don't definitively confirm that children were part of that group. Therefore, the best answer based on the provided information is that an unspecified number of children jumped into the water."
0670-2,"Based on the video descriptions provided, it is impossible to definitively answer whether only two children jumped into the water. All sections emphasize that the descriptions mention groups of children but don't specify the exact number.

*   **Full Video Answer:** Suggests watching the 0:12-0:25 section.
*   **Front Section Answer:** Mentions needing to see the specific section showing people entering the water to count the children.
*   **Middle Section Answer:** Notes the description mentions ""a group of people"" and ""the others"" teaching a jump, implying potentially more than two children, but doesn't confirm.
*   **End Section Answer:** Points to the opening scene (0:00-0:04) as potentially showing the children jumping.

To answer the question, one would need to watch either the 0:00-0:04 or 0:12-0:25 section of the video and count the number of children who jump into the water."
0670-3,"Based on the provided video section descriptions, it is impossible to definitively say whether four children jumped into the water. All sections acknowledge that people, including children, jumped into the water, but none specify the exact number of children."
0670-7,E
0673-0,"Based on the provided descriptions, it is impossible to definitively answer how many buckets of *real* popcorn are shown in the video.

Here's why:

*   **Front Section Answer:** Suggests one bucket of real popcorn belonging to a girl.
*   **Middle Section Answer:** Highlights the possibility that the main character's bucket is fake and doesn't confirm the reality of popcorn held by others in the background.
*   **End Section Answer:** Mentions a group holding popcorn buckets but doesn't confirm if the popcorn is real or the exact number of buckets.
*   **Full Video Answer:** Implies multiple buckets of real popcorn are shown, but does not give a specific number.

The descriptions are inconsistent and lack the necessary details to determine the exact number of *real* popcorn buckets. The middle and end sections specifically point out the uncertainty regarding the authenticity of the popcorn."
0673-1,"Based on the provided information from the video sections:

*   **Front Section:** One bucket of actual popcorn is visible.
*   **Middle Section:** At least one bucket is visible, possibly more.
*   **End Section:** Multiple buckets are visible, but the exact number is not specified.

Reconciling these, the most accurate answer is that **at least one bucket of actual popcorn is visible, and possibly more.** The front section confirms at least one. The middle and end sections suggest the possibility of multiple buckets being visible, but without a precise count."
0673-2,"Yes, there are at least two buckets of real popcorn shown in the video.

*   **Full Video Answer:** States there are two buckets of real popcorn, as the person with fake popcorn is trying to pass it off as real, implying others have real popcorn.
*   **Front Section Answer:** States the person with fake popcorn points to a girl with a real bucket.
*   **Middle Section Answer:** Doesn't definitively answer but acknowledges others are eating popcorn.
*   **End Section Answer:** States that since multiple people are holding buckets of popcorn, there are at least two buckets.

The answers converge on the idea that multiple people have popcorn buckets, and at least one other person has a real bucket in contrast to the fake one. Therefore, there are at least two buckets of real popcorn."
0673-3,"The answer is inconclusive based on the provided descriptions.

*   **Full Video Answer:** Claims there are four buckets of real popcorn, but this is based on an *inference* and not direct statement in the description.
*   **Front Section Answer:** Mentions only one bucket of real popcorn (the girl on the right).
*   **Middle Section Answer:** Mentions one bucket held by the main character and implies others have popcorn, but doesn't specify the number of buckets.
*   **End Section Answer:** Implies at least four buckets of popcorn because it mentions ""a group of young people"" all holding buckets, with at least one woman and ""others"" who react similarly. This section infers a minimum of four people.

While the ""End Section Answer"" and ""Full Video Answer"" lean towards at least four buckets, none of the descriptions explicitly state that there are *only* four buckets of real popcorn. Therefore, based solely on the provided descriptions, we cannot definitively confirm that there are exactly four buckets."
0673-7,B
0675-0,"Based on the provided video section descriptions, it is impossible to definitively answer how the man on the left felt after the man on the right revealed how the magic tricks were performed.

Here's why:

*   **Lack of Explicit Information:** None of the descriptions explicitly state that the man on the right reveals how the tricks are performed. Some sections mention a ""reveal"" but don't confirm it's done by the man on the right or what the context is.
*   **Inference and Possibilities:** The sections primarily offer inferences based on the video's tone and the relationship between the two men (father and son). These inferences suggest possibilities like amusement, satisfaction, disappointment, or embarrassment, depending on whether the reveal was intentional, accidental, or part of the act.
*   **Contradictory Information:** The ""End Section Answer"" describes a different scenario altogether, involving AirPods and not magic tricks.

Therefore, without more concrete information about a specific reveal in the video, it is impossible to provide a definitive answer about the man on the left's feelings."
0675-1,"Based on the provided video section descriptions, the question's premise is incorrect. None of the sections depict the man on the right exposing magic tricks performed by the man on the left.

Here's a breakdown of what each section *does* describe, and how it relates to the question:

*   **Full Video Answer & Front Section Answer:** These sections explicitly state that the video description doesn't show the man on the right exposing any tricks. They suggest possible reactions the man on the left *might* have if the man on the right *were* exposing tricks (mock annoyance, humorous frustration), but these are hypothetical.
*   **Middle Section Answer:** This section clarifies that the men are working *together* to perform the trick. The man on the right is participating, not exposing. The man on the left's reaction is likely collaboration and amusement, complementing the comedic effect.
*   **End Section Answer:** This section describes a completely different scenario involving AirPods and the phrase ""This is not witchcraft."" It has nothing to do with magic tricks or exposure.

**Therefore, the question cannot be answered directly based on the provided video section descriptions because the man on the right does not expose any magic tricks in the video.**"
0675-2,"The descriptions from all video sections consistently state that they do not explicitly mention the man on the left (the father) feeling displeased or exposed after any magic tricks are revealed. Some sections mention exaggerated facial expressions or a serious demeanor, but these are interpreted as comedic elements rather than signs of displeasure related to being exposed. The end section describes a completely different scenario involving AirPods and no magic tricks at all.

Therefore, the answer is: The descriptions do not answer the question."
0675-3,"Based on the provided video section descriptions, it is impossible to definitively answer whether the man on the left felt impressed and intrigued *after* magic tricks were explained.

Here's why:

*   **Lack of Explanation:** Most sections explicitly state that the descriptions do not mention the magic tricks being explained at all.
*   **Focus on Performance:** The descriptions primarily focus on the performance of the tricks (if any are present) and the reactions *during* the performance.
*   **Conflicting Content:** The ""End Section Answer"" describes a video about AirPods, not magic tricks, further highlighting the inconsistency.

The ""Middle Section Answer"" offers the most insight, suggesting that the man on the left (presumed to be the son) might already be familiar with the *type* of trick being performed, and his reaction is more about humor and enjoyment of the performance rather than genuine surprise or intrigue. However, this is speculative.

To answer the question, the video would need to include a segment where the magic tricks are explained and show the man on the left's reaction *after* the explanation. Close-ups of his facial expressions and body language would be needed to determine his level of intrigue and impressiveness."
0675-7,E
0679-0,"The lady in the white tank top vest likely feels surprised or shocked at the end of the video. The ""End Section Answer"" explicitly states she stops eating and looks surprised/shocked at something before poking the footrest, and her facial expression clearly indicates surprise or shock. The ""Full Video Answer"" and ""Middle Section Answer"" also suggest she feels startled and surprised, with the middle section adding that she makes an exaggerated facial expression of surprise or shock. While the ""Front Section Answer"" is less definitive, it still suggests annoyance or surprise as possibilities."
0679-1,"The woman in the white tank top is startled and spills her food. She shows an exaggerated expression of surprise/shock. Finally, she looks at the stool and points at the footrest with her finger."
0679-2,"Yes, the woman in the white tank top likely feels surprised at the end of the video. The full video answer states that the man intentionally bumps her stool, causing her to jump and spill her food, which would logically lead to surprise. The middle section explicitly says she ""gasps and makes an exaggerated facial expression of surprise or shock."" The end section also directly states, ""She then stops eating and looks surprised or shocked at something."" While the front section doesn't explicitly state she *feels* surprised, it suggests she likely *acts* surprised as part of the comedic bit. Therefore, based on the combined evidence, she does feel surprised."
0679-3,"The woman likely feels upset or frustrated at the end of the video. The full video answer explicitly states this, explaining that the man deliberately bumps her stool, causing her to spill her food, and her reaction suggests annoyance or frustration. While other sections offer alternative interpretations (amusement, playing up a reaction for comedic effect, or simply surprise), the full video answer provides the most direct and contextually relevant answer to the question."
0679-7,B
0689-0,"The man in the purple T-shirt likely changed the other man's lock screen wallpaper to his own photo as a prank. This is supported by the video descriptions which indicate the video is a comedic skit and highlight the unexpectedness of the action, suggesting it was done for humorous effect. The facial scanning mentioned in the middle section further suggests a method by which the prank could have been executed. The end section does not provide information relevant to the question."
0689-1,"The video description does not explicitly state *why* the man in the purple t-shirt changed the lock screen wallpaper. However, the full video answer suggests that he did it as a prank. The entire video is structured around a comedic setup with the reveal of the prankster's picture as the punchline, followed by the victim's confusion and the prankster's laughter."
0689-2,"Yes, based on the full video answer, the man in the purple T-shirt changed the lock screen wallpaper to his own photo. The ""Victim"" appears confused when shown the phone with the man in the purple T-shirt's photo, suggesting the wallpaper was not originally his. The other video sections do not provide enough information to answer the question, as they focus on other aspects of the video or lack specific details about the phone's lock screen."
0689-3,"Based on the video section descriptions, it's difficult to definitively say if the man in the purple T-shirt changed the lock screen wallpaper as a prank. Here's a breakdown:

*   **Full Video Answer:** Strongly suggests it is a prank based on the description of the ""Prankster"" showing a picture of himself on the phone and laughing at the ""Victim's"" reaction.
*   **Front Section Answer:** Suggests it *could* be the prank, but it's not explicitly confirmed.
*   **Middle Section Answer:** Focuses on facial recognition and doesn't mention the wallpaper prank.
*   **End Section Answer:** Focuses on a video call and doesn't mention the wallpaper prank.

**Answer:**

It is likely that the man in the purple T-shirt changed the lock screen wallpaper to his own photo as a prank. The full video description strongly suggests this, describing a scenario where the man, acting as a ""Prankster,"" shows the phone with his picture to the ""Victim"" and laughs at their reaction. While other sections don't confirm this explicitly, the full video description provides the most compelling evidence."
0689-7,"Based on the video sections, the answers are:

*   Full Video Answer: A
*   Front Section Answer: E
*   Middle Section Answer: E
*   End Section Answer: E

Reconciling the answers, we have a conflict. The full video answer suggests A, while the front, middle, and end sections suggest E. Given that three out of four video sections indicate ""None of the above,"" the most likely answer, based on the available information, is E.

E"
0690-0,"The reason the child is lying on the ground is unknown. All video sections indicate the file is not found, so there is no visual information to determine the reason. The provided text only offers possible scenarios, but without the video, a definitive answer cannot be given."
0690-1,"The video file is not found, therefore, it is impossible to determine why the child is on the floor. All sections of the video analysis state that they cannot provide an answer due to the missing video file. The ""Full Video Answer"" section describes what clues *would* be looked for if the video were available, such as the child's behavior, the surrounding environment, and interactions with others."
0690-2,"Based on the provided information from all video sections (Full, Front, Middle, and End), I cannot determine if the child is lying on the ground to secretly take the money during the trick. All sections state that the video is unavailable, providing no visual information to analyze the child's actions or the context of the trick."
0690-3,"The video file is not found, therefore it is impossible to determine if the child is lying on the ground because they are playing or relaxing.

To answer the question, the video would need to show the child's context, body language, facial expressions, surroundings, actions, and any relevant sounds. For example, if the child is in a park, smiling, interacting with toys, and laughing, it would suggest they are playing. If the child is in a quiet room, still, with eyes closed, and surrounded by blankets, it would suggest they are relaxing."
0690-7,E
0695-0,"The woman won the game. The end section explicitly states, ""The video ends with the woman winning the game."" While other sections suggest the woman likely won based on the man's frustration, only the end section provides a definitive answer."
0695-1,"The woman won the game. The ""End Section Answer"" explicitly states, ""The video ends with the woman winning the game."" While other sections infer the woman's victory based on the man's frustration, only the ""End Section"" definitively confirms the winner."
0695-2,"Based on the video sections, the answer is **yes, the woman likely won the game because she arranged her cups in the correct order.**

Here's why:

*   **Full Video Answer & End Section Answer:** Both the full video description and the end section explicitly state that the goal of the game is to arrange the cups in the correct color order. The end section directly states that the woman won because she arranged her cups correctly. The full video description also implies this, noting feedback is given on how many cups are in the correct position after each move.
*   **Front Section Answer & Middle Section Answer:** While the front and middle sections acknowledge the video ends before a clear winner is declared, the middle section suggests the woman was performing better due to her ""calm demeanor"" and the man's ""lack of memory."" This indirectly supports the idea that she was more successful at matching the cup order.

While the front and middle sections express some uncertainty, the full video and end section descriptions strongly suggest the woman won by correctly arranging her cups. Therefore, the most accurate answer, based on all provided information, is that she did win because she arranged her cups in the correct order."
0695-3,"No, the man did not win the game because he was faster at arranging the cups. The video sections consistently emphasize that the game is about matching colors or remembering the order of cups, not speed. The man is described as struggling with memory and accuracy, suggesting that his speed was not a determining factor. The end section explicitly states the woman won, further indicating that the man's speed was not the reason for a victory."
0695-7,E
0706-0,"The purpose of the man's actions in the first half of the video is multifaceted, serving both comedic and technical goals. He's embarrassing himself in public by performing awkward dance moves (Front Section Answer), which is intended for comedic effect and contrasts with the dramatic music and public setting. Simultaneously, he's gathering footage of himself performing these actions (Full Video Answer) and martial arts moves (End Section Answer) to later create a special effects sequence where he appears to be fighting a shadowy version of himself (Full Video Answer) or a digitally created opponent (End Section Answer). This sets up the comedic fight scene (Middle Section Answer)."
0706-1,"The man is trying to create a humorous and entertaining video. While the very beginning (0:00-0:01) might suggest he's initiating a fight, the full video, front section, and middle section answers all point towards a comedic intent. He's performing awkward dance moves and later enhancing them with special effects to create a silly, staged fight scene, aiming for a comedic effect through self-deprecating humor and parodying action movie tropes. The initial impression of a serious confrontation is a setup for the humorous payoff."
0706-2,"Yes, the man in the first half of the video is shooting footage for a video with special effects. The full video, middle section, and end section answers all explicitly state that the video will include special effects such as a fight scene with a shadowy version of himself, visual effects like colored smoke and distortion, and a digitally created opponent with energy effects. While the front section answer is uncertain, the other sections provide clear confirmation."
0706-3,"No, the man is not setting up the camera to record himself practicing martial arts. The ""Full Video Answer"" and ""Front Section Answer"" both state that the man is setting up the camera to record himself doing awkward dance moves, not martial arts. The ""Middle Section Answer"" and ""End Section Answer"" do not provide information about the beginning of the video."
0706-7,B
0707-0,"Based on the provided video section descriptions, there is no definitive answer to why the person in the video might be running towards the camera.

*   **Full Video Answer:** Suggests that if the man moves towards the camera, it's likely part of a choreographed dance to create dynamic shots and engage the viewer.
*   **Front Section Answer:** Does not show the man running towards the camera.
*   **Middle Section Answer:** Does not show the man running towards the camera. He is dancing while holding a drink.
*   **End Section Answer:** Speculates that if the person runs towards the camera at the end, it could be to create a dynamic ending, draw attention to a product (coffee cup), or create a sense of urgency/desire.

Therefore, without a video section explicitly showing the man running towards the camera, the purpose is unknown. However, if he *were* running towards the camera, the most likely explanation, based on the context of a social media dance video, is to add energy and engagement to the video."
0707-1,"The video descriptions provided do not explicitly state that the person runs towards the camera. However, based on the details given in the different sections, here are the possible reasons why the person might run toward the camera in a part of the video not explicitly described:

*   **To start the recording:** The middle section suggests the person might run towards the camera *before* the dance to start the recording after setting up the tripod.
*   **To stop the recording:** The full video answer suggests the person might run towards the camera *after* the dance to stop the recording.
*   **To check the footage:** The full video and front section answers suggest the person might run towards the camera to review the footage or adjust the framing.
*   **As part of the dance/performance:** The full video and end section answers suggest the run could be a choreographed move or a comedic element.
*   **To create excitement or urgency:** The end section suggests the run could be used to grab the viewer's attention.
*   **To emphasize a point:** The end section suggests the person might run towards the camera to highlight something.
*   **Startled by a sound:** The front section suggests the person might be startled by the ""boom"" sound effect and run toward the camera.

Since the descriptions don't confirm the run, these are all possibilities based on the context provided."
0707-2,"Based on the video section descriptions, the answer is likely yes, but not consistently throughout the video.

*   **Full Video Answer & End Section Answer:** Both sections mention a zoom-in on the coffee cup, specifically to show the logo. While neither explicitly states the person is *running*, the zoom suggests a deliberate action to get the drink closer to the camera, possibly for post-production clarity. The end section confirms the logo is visible.

*   **Front Section Answer:** This section shows the person holding the drink while setting up the phone. There's no running or explicit indication of showing the drink for post-production, but the act of holding it up could be a subtle form of presentation.

*   **Middle Section Answer:** This section explicitly states the person is dancing in front of a static camera. Therefore, there is no running towards the camera in this section.

Therefore, while the person is not running towards the camera in all sections, the zoom-in on the cup in the full video and end sections suggests a deliberate action to showcase the drink and its logo, potentially for post-production purposes."
0707-3,"**Is the person running towards the camera to engage the audience with a dynamic introduction?**

No, the video descriptions do not explicitly state that the person is running towards the camera. However, the Front Section and End Section descriptions suggest that the initial dance facing the camera, combined with the video's tone and upbeat music, *could* be interpreted as an attempt to engage the audience with a dynamic introduction, even if it's presented in a comical way. The Middle Section states the camera is static. The Full Video section mentions he interacts with the camera, looking at it and gesturing, which suggests he is facing the camera and potentially moving towards it at some points during the dance, but not necessarily running.

**What is his specific action?**

His specific actions are dancing while holding an iced coffee/beverage and filming himself with his phone on a tripod. He is also trying not to spill the drink."
0707-7,C
0708-0,"The cat screams in the last shot primarily due to its displeasure with the bath and beauty products the owner has acquired. While the *Middle Section Answer* focuses on the bath itself, the *Full Video Answer* and *End Section Answer* connect the scream to the overwhelming amount of bath and beauty products, specifically mentioning a large delivery from Ozon. The *Front Section Answer* highlights the comedic intent, explaining that the scream is an exaggerated sound effect used as a punchline to emphasize the cat's dislike and create humor. Therefore, the scream represents the culmination of the cat's negative reaction to these products, amplified for comedic effect."
0708-1,"The cat is yelling in the final scene because it is displeased with the owner's new bath and beauty products. The full video answer explicitly states the cat is hissing and growling at the overwhelming amount of these products. The end section answer confirms this, stating the cat is displeased with the owner's purchases of beauty and personal care products from Ozon. While the front section answer mentions a scream sound effect, and the middle section describes hissing, these are interpreted as further expressions of the cat's displeasure, supporting the primary reason: aversion to anything related to baths and grooming, and the influx of related products. The ""yelling"" is therefore a comedic representation of the cat's strong disapproval."
0708-2,"Yes, the cat likely screamed because it saw more bath products being brought in. The full video answer and the end section answer both state that the cat reacted negatively (hissing, growling, screaming) when the owner brought in shopping bags containing beauty and personal care products, implying they were bath-related items the cat disliked. The full video answer provides the additional context that the cat had previously sabotaged the bath and thrown products around, suggesting the cat was distressed by the arrival of more items. While the middle section answer suggests the scream was due to the impending bath itself, and the front section answer doesn't directly address the question, the weight of evidence from the other sections supports the conclusion that the cat's scream was triggered by the sight of more bath products."
0708-3,"No, the cat is likely not screaming in the last shot solely because of the mess in the bathtub.

Here's why, based on the provided video section descriptions:

*   **Full Video Answer:** The cat hisses and growls when the woman unpacks *more* bath products, suggesting the *addition* of products causes the reaction, not the existing mess.
*   **Front Section Answer:** The cat's scream is attributed to being in the bathtub and being bathed in general. The mess could contribute, but the bath itself is the primary cause.
*   **Middle Section Answer:** The cat's reaction is tied to the bath preparations, which include the mess. So, the mess is part of the problem, but not the sole cause.
*   **End Section Answer:** The cat is displeased with the owner bringing home shopping bags of beauty products. The final shot reinforces this displeasure.

While the ""mess"" is mentioned in some sections, the overall consensus is that the cat's distress is related to the bath itself, the preparation for the bath, or the arrival of more bath products, not *just* the mess already present. The end section specifically states the cat is upset with the owner bringing home new products."
0708-7,C
0721-0,"The man in sunglasses is holding a plane in his hand. This is based on the ""End Section Answer"" which references Clip 2 (0:01-0:05) where a man is standing with his arms raised, and the perspective is arranged so that it looks like he is holding the plane up. While other sections don't mention the man in sunglasses or mention a boy with a cup, the ""End Section Answer"" directly addresses the question using specific video clip details."
0721-1,"The man wearing sunglasses is standing with his arms raised, and the forced perspective makes it look like he is holding up a plane that is flying overhead. This is based on the ""End Section Answer"" which specifically mentions a man wearing sunglasses in Clip 2. Other sections either don't mention a man with sunglasses or provide general context about the video's theme of forced perspective illusions."
0721-2,"The answer is: It's implied he's not actually holding anything, but the forced perspective creates that illusion.

Explanation: While most video sections state the description doesn't mention a man in sunglasses or what he's holding, the ""End Section Answer"" specifically addresses the question. It states that in Clip 2, a man in sunglasses appears, and although the description doesn't explicitly say what he's holding, it implies he's not physically holding the plane. The forced perspective creates the illusion that he is."
0721-3,"Yes, the man in sunglasses is holding a plane. The End Section answer explicitly states this, referencing Clip 2 (0:01-0:05) where a man appears to be holding a plane due to forced perspective. While the description doesn't explicitly say he's wearing sunglasses or that it's a toy plane, it confirms the visual illusion of him holding the plane. The Full Video Answer also implies a man is holding an airplane."
0721-7,C
0723-0,"The little monster in the video likely looks active due to a combination of factors related to its design and the intended illusion. The full video answer states the cardboard cutout is shaped in a way that makes its head appear to always face the viewer, creating an optical illusion of movement. The front and middle sections suggest the cartoonish design with exaggerated features and a dynamic pose contribute to a sense of liveliness and activity. The unusual mix of dog and alligator features might also add to the perceived strangeness and animation. However, the end section contradicts this, stating the illusion is ""broken"" and the cutout is *not* appearing active.

Reconciling these differences, the intended effect, as described in the full video answer, is that the monster *should* appear active due to an optical illusion. The cartoonish design likely reinforces this illusion. However, the end section shows that the illusion isn't always successful. Therefore, the monster *looks like* it's active because of the design and the intended illusion, even if the illusion doesn't always work."
0723-1,"The little monster seems like it's moving because the cardboard cutout is designed to create a visual illusion of movement, likely by exploiting perspective. The cutout's three-dimensional structure and pyramid base are designed to make its head appear to always be facing the viewer, regardless of the viewer's position. As the viewer moves around the cutout, the head seems to follow, creating the illusion of movement. However, in the video, the illusion is described as ""broken,"" suggesting it's not working as intended. Other sections suggest that camera movement, animation/effects, perspective shift, or background movement could contribute to the illusion of movement."
0723-2,"Yes, the little monster appears to move due to an optical illusion involving a concave surface. The full video answer explicitly states this, and the middle section confirms that the illusion likely stems from how our brains interpret depth and perspective on a concave (or convex) surface due to the inside-out cardboard box design. The end section further supports this, mentioning a three-dimensional cutout built on a pyramid base and concave surfaces being used to create such illusions. While the front section doesn't explicitly confirm the concave surface, it does strongly imply an optical illusion is at play."
0723-3,"No, the little monster is not appearing to move because someone is manipulating it. The full video answer explicitly states that the movement is an optical illusion created by the shape of the cardboard cutout, and this is further supported by the middle and end sections which emphasize the stationary nature of the cutout and the concept of an illusion. While the front section acknowledges the possibility of manipulation, it ultimately concludes that the perceived movement is more likely due to a visual trick."
0723-7,E
0724-0,"The pen appears to pass through the banknote without breaking it due to a clever folding technique that creates a hidden passage. The banknote is folded in half in a specific way that creates a small pocket or flap. When the pen is pushed through, it's actually going *between* layers of the fold, not directly through the paper of the bill itself. Unfolding the bill reveals no hole because the pen never actually pierced the main body of the banknote. The video description states that the individuals ""fold the bill in half and then push the pen through the folded bill,"" implying a specific folding technique is crucial to the trick and that ""when the pen is removed, the bill is unfolded to reveal no damage,"" confirming the illusion of penetration without actual damage."
0724-1,"The pen appears to go through the banknote without tearing it due to a specific folding technique.

**Explanation:**

Based on the video sections, the ""Dollar Bill Penetration"" trick relies on cleverly folding the banknote to create a hidden pathway or gap. The pen is then inserted into this pre-existing space created by the folds, rather than actually piercing the bill's material. The middle section specifically mentions folding the bill in half, suggesting this is a crucial first step in creating the necessary hidden space. The pen is then inserted into a fold or crease, giving the illusion of penetration. The folds conceal any manipulation or pre-existing weaknesses, making it seem like the pen passed through cleanly. The full video section would visually demonstrate the folding process and how the pen is inserted into the hidden pathway. The front and end sections don't address the question as they discuss other tricks."
0724-2,"Yes, the reason the banknote remains intact is likely because the pen goes through a folded opening rather than the middle. The full video and middle section answers both suggest that the folding technique creates a space or channel that allows the pen to pass through without tearing the bill. The full video answer further implies that the video reveals the ""secret"" behind the trick, which likely involves the specific folding technique. The front and end sections are irrelevant as they discuss different tricks."
0724-3,"Based on the video sections, the answer is:

**Yes, the banknote is likely not broken because the pen has a hidden mechanism that creates the illusion of penetration.**

Explanation: The ""Full Video Answer"" explicitly states that the video reveals the secret behind the tricks, and in the context of a magic trick compilation, it's highly probable that the dollar bill penetration trick relies on a specially designed pen or a specific folding technique that allows the pen to appear to pass through the bill without actually damaging it. The other sections either describe different tricks (chip trick with rubber band) or suggest the trick relies on clever manipulation and illusion, which aligns with the idea of a hidden mechanism or technique to avoid actually breaking the banknote."
0724-7,E
0725-0,"The drink in the bottle decreased because the man poured some out to prepare for a trick (0:08-0:27) and then poured it back in (0:33-0:42). Additionally, the presenter was drinking from it with a straw (0:10-0:14, 0:06-0:17)."
0725-1,"The liquid level in the bottle drops because the man is drinking the Fanta (or orange juice). The video shows him drinking from the bottle with a straw, causing the liquid level to decrease. The video description also confirms that he's drinking the Fanta."
0725-2,"Based on the provided video section descriptions, here's the answer:

**No, the drink level is likely NOT decreasing because the balloon inside the bottle is deflating.**

Here's why:

*   **Full Video Answer:** While the full video answer mentions a balloon and implies its manipulation might allow liquid to flow, it doesn't explicitly show the balloon deflating in direct correlation with the drink level decreasing. It only suggests that pressure on the balloon allows the liquid to flow out of the straw.
*   **Front Section Answer:** This section highlights the lack of evidence showing the balloon deflating and the drink level changing simultaneously.
*   **Middle Section Answer:** This section describes a completely different scenario involving hot glue and orange juice, with no mention of a balloon or decreasing drink level.
*   **End Section Answer:** This section provides an alternative explanation: a hidden compartment or false bottom in the bottle. The liquid is likely draining into this hidden area, creating the illusion of the drink disappearing.

The video sections do not support the idea of the balloon deflating and causing the drink level to decrease. The ""End Section Answer"" provides a more plausible explanation based on the bottle's design."
0725-3,"No, the drink level is not decreasing because it is being consumed through the straw in a *normal* way. The full video answer explains the man performs a trick involving a modified bottle. While the front and end sections suggest the drink level decreases due to straw consumption, the full video answer clarifies the drink decreases because of a pre-existing modification and initial removal of some Fanta. The middle section highlights the presenter drinking from the bottle at [0:10-0:14], which would show whether the presenter is using a straw and if the drink level is visibly decreasing as they drink."
0725-7,C
0729-0,"The video description does not mention any long strips of different colors. Therefore, I cannot answer the question about which color of long strips is the shortest. The video focuses on curved shapes (black, red, and blue) or asks which strip is the longest or if they are the same length."
0729-1,"Black is longer.

Explanation:

*   **Full Video Answer:** States the black shape is longer than the red shape.
*   **End Section Answer:** Reinforces that the black shape appears longer due to a visual illusion and is marked as the correct answer in the video.

While the middle section acknowledges the illusion and the difficulty in judging length, the full video and end section explicitly point to the black shape being perceived as longer. Therefore, based on the provided information, the answer is black."
0729-2,"Yes, the black strip is the longest among the long strips in the video. The full video answer explicitly states and demonstrates this. The front section answer acknowledges the comparison between the black and red lines, and while it raises the possibility of other ""long strips,"" it doesn't present any evidence of them. The middle and end sections focus on the puzzle and its potential answers, and the end section states that the black shape is longer than the red shape. Since the video only presents the black and red strips as the ""long strips,"" the black strip is the longest."
0729-3,"The video description does not directly answer whether the black strip is the shortest among the long strips.

The descriptions consistently state that the video focuses on two curved shapes, one black and one red, and their perceived lengths. The middle section description mentions the puzzle of determining which strip is the *longest* or if they are the same length and also mentions a blue strip. To answer the question, one would need to visually analyze the video and compare the lengths of all the strips, including the black one, to determine if the black strip appears shorter than the others."
0729-7,E
0731-0,"Based on dual perception, the old man's nose can also look like:

*   **A bird's beak/head and neck:** The bird's head and neck are cleverly positioned and shaped to form the profile of the old man's nose and forehead.
*   **A rock or a seashell:** The nose is formed by elements of the landscape, which includes rocks and seashells.
*   **Part of a rock formation or a small island:** The nose functions as an element within the landscape depicted in the painting, which contains rocks, seashells, water, and islands."
0731-1,"The alternative images the old man's nose can represent in the video are:

*   **The head and neck of a bird:** This is based on the ""Front Section Answer,"" which states the nose is formed by the bird's head and neck in the seascape.
*   **A long, pointed object, like a horn or a sword:** This comes from the ""Middle Section Answer,"" focusing on the shape of the bird's beak (forming the nose) and its potential to be interpreted as a horn or sword.
*   **A rock formation or a small island:** The ""Full Video Answer"" suggests this, given the overall landscape context and the presence of rocks and islands in the artwork. The ""End Section Answer"" also suggests a rock formation as a possibility."
0731-2,"Yes, the old man's nose could be seen as a mermaid sitting on a reef. The video description states that the painting is an optical illusion where elements like a mermaid, rocks, and the sea are arranged to form the profile of a face. Therefore, it is plausible that the artist intended for the nose of the face to be interpreted as a mermaid sitting on a reef, as all the elements serve a dual purpose."
0731-3,"Yes, the old man's nose could be perceived as the head and beak of a bird. All video sections confirm this, explicitly stating that the painting's description mentions a bird whose head and beak form the nose of the face in the optical illusion."
0731-7,C
0735-0,"The provided information consistently states that the video file is not found. Therefore, it's impossible to determine how the scenery on the artboard came about in the second segment of the video. All sections of the video information confirm this inability due to the missing video content."
0735-1,"The provided information consistently states that the video file is not found. Therefore, it is impossible to determine the method by which the scenery appears on the artboard in the second part of the video. All sections (Full, Front, Middle, End) confirm the absence of the video file and thus, the inability to analyze its content."
0735-2,"The question cannot be answered. All video sections report that the necessary video files are not found, preventing any analysis of the scenery on the artboard in the second segment or its relationship to the environment."
0735-3,"Cannot be determined. All video sections report that the video file is not found, therefore there is no information available to determine what the scenery on the artboard in the second segment depicts."
0735-7,E
0738-0,"The man in the video filmed the sky changing from black to bright using the time-lapse feature on his iPhone (0:00-0:03). Time-lapse photography involves taking photos at set intervals over a period of time, which are then combined into a video to show the passage of time much faster than normal. This allowed him to capture the sunset and the changing sky in a short clip."
0738-1,"The man used **time-lapse recording** on his iPhone to make the sky appear to change from dark to light. The end section of the video description specifically states that the person is recording a sunset time-lapse. While other sections focus on different, unrelated aspects of the video, the end section directly addresses the method used to show the sky changing over time."
0738-2,"The answer is likely yes, based on the middle section description.

Explanation: While the full video, front section, and end section descriptions don't mention brightness adjustments, the middle section specifically states that the person adjusts the ""focus and exposure"" on the phone screen. Adjusting exposure directly affects the brightness of the image being recorded. Therefore, it's plausible that the man changed the sky's appearance from black to bright by manipulating the exposure settings, which is a form of brightness adjustment."
0738-3,"Yes, the man in the video used a time-lapse feature. The end section of the video description explicitly states the person is ""presumably recording a time-lapse of a sunset over the ocean"" from 0:00-0:03. The other sections either don't provide enough information or focus on other aspects of the video, but the end section directly addresses the use of time-lapse."
0738-7,E
0740-0,The third step of the calculation process is the division: 8 ÷ 2 = 4. This is based on following the order of operations (PEMDAS/BODMAS) from left to right after simplifying the parentheses.
0740-1,"The third step in the calculation process for the first math problem is performing the division: 8 ÷ 2 = 4. This is because after solving the parentheses (2+2 = 4) and rewriting the equation as 8 ÷ 2 * 4, division and multiplication are performed from left to right."
0740-2,"Yes, the third step is performing the multiplication of 4 × 4. All video sections agree that after solving the parentheses and performing the division from left to right, the remaining operation is 4 × 4."
0740-3,"Yes, the third step is performing the division of 8 ÷ 2. All video sections consistently describe the order of operations as first solving the parentheses, then performing division and multiplication from left to right. This means after simplifying (2+2) to 4, the problem becomes 8 ÷ 2 * 4. The next operation, moving from left to right, is the division 8 ÷ 2."
0740-7,A
0742-0,"x = 18.

Explanation: The video sections consistently show that x + 2x + 2x = 90, which simplifies to 5x = 90. To find the value of x, we divide both sides of the equation by 5, resulting in x = 18."
0742-1,"The value of 5x is 90.

Explanation: The video sections consistently state that the angles x°, 2x°, and 2x° form a right angle, which measures 90 degrees. This leads to the equation x + 2x + 2x = 90, which simplifies to 5x = 90. While some sections don't explicitly solve for x, they all point to the relationship 5x = 90."
0742-2,"Yes, the value of x is 18. All video sections agree that the equation 5x = 90 is derived, and therefore x = 18. Some sections initially state ""No"" because they are focused on the value of 5x, which is 90, but they all ultimately confirm that x = 18."
0742-3,"No, the value of x is not 25. All video sections agree that the equation derived from the problem is 5x = 90, which leads to x = 18."
0742-7,B
0743-0,"Based on the provided information, there are conflicting answers regarding the existence and solution of a ""third math question"" in the video.

*   **Front Section:** Claims the third question is 13 + 13, with the answer being 26.
*   **Middle Section:** Claims there *is no* third math question.
*   **End Section:** Claims there's no explicit third question, but a symbolic equation `!%@%읒#_#/+2=8@% %@%&>10` leads to the answer ""100"".
*   **Full Video:** Suggests the third question is within the ""Progression of Difficulty"" section (0:01-0:12), and the man likely gets it correct.

Reconciling these conflicting accounts is difficult without seeing the video. However, considering all the information, the most likely scenario is that the ""Front Section"" answer is correct and refers to the third question in the ""Progression of Difficulty"" section. The ""Middle Section"" answer is likely incorrect. The ""End Section"" refers to a different part of the video, focusing on a symbolic equation rather than a standard math problem.

Therefore, the answer to the third math question in the video is likely **26**, based on the ""Front Section"" description of 13 + 13."
0743-1,"Based on the provided video sections, there are conflicting claims about the third math problem.

*   **Front Section:** States the third problem is 13 + 13, with the solution being 26.
*   **Middle Section:** Claims there's no third problem mentioned at all.
*   **End Section:** Suggests the third ""problem"" is a box of numbers: `37464610499 374986647`, presented without any operation or instruction.

Reconciling these, the most likely scenario is that the video's content varies across different sections. The **Front Section** provides a concrete problem and solution, making it the most direct answer to the question, assuming that section is accurate.

Therefore, the solution to the third math problem in the video is **26**, based on the Front Section's claim that the problem is 13 + 13."
0743-2,"Based on the provided information from the video sections, **yes, the answer to the third math question is 26.**

The ""Front Section Answer"" explicitly states that the video progresses through the math problems: 1 + 1, 3 + 3, 13 + 13, and finally 20 + 10. The third problem is 13 + 13, which equals 26. Therefore, based on this section, the answer is 26. The other sections either state that the video does not provide enough information to answer the question or that the problems are nonsensical. However, the ""Front Section Answer"" directly answers the question."
0743-3,"Based on the provided video section answers, it is impossible to definitively say if the answer to the third math question is 25.

*   **Full Video Answer:** States it cannot confirm if the answer is 25 as the description doesn't provide that level of detail.
*   **Front Section Answer:** States the third problem is 13 + 13, and the answer is 26, not 25. Therefore, the answer is no.
*   **Middle Section Answer:** States there's no way to determine if the answer is 25, as the video focuses on a single, nonsensical problem and doesn't mention multiple questions.
*   **End Section Answer:** States it's impossible to definitively say if the answer is 25, as the video description only mentions one symbolic equation, not multiple math questions.

**Final Answer:**

No, based on the front section answer, the third math problem is 13 + 13, which equals 26, not 25. The other sections state that it is impossible to determine if the answer to the third math question is 25."
0743-7,E
0749-0,"Based on the provided video section descriptions, there are conflicting accounts of the first experiment.

*   **Full Video Answer & Front Section Answer:** These sections describe the first experiment (0:00-0:09) as involving a boy using a strainer (sieve) to move breadcrumbs, a liquid (likely egg wash), and flour. Therefore, breadcrumbs, liquid, and flour can pass through the sieve.

*   **Middle Section Answer:** This section states the first experiment involves laptop destruction and makes no mention of a sieve.

*   **End Section Answer:** This section describes the first experiment (0:00-0:05) as involving dropping objects into a glass filled with layered liquids of different densities and makes no mention of a sieve.

Since the ""Full Video Answer"" and ""Front Section Answer"" both describe the same experiment involving a sieve and food items, and the question refers to the ""first physics experiment in the video,"" I will prioritize those answers.

**Answer:** According to the video description, in the first physics experiment (0:00-0:09), breadcrumbs, liquid (likely egg wash), and flour can pass through the sieve."
0749-1,"Based on the video sections provided, the most likely answer comes from the ""Full Video Answer"" and ""Front Section Answer"" which both describe the first experiment (0:00-0:09) as involving a young boy using a strainer (sieve) in cooking preparation.

Therefore, the materials able to pass through the sieve in the first physics experiment are: **breadcrumbs, liquid (likely egg wash), and flour.** These answers are based on the description of the video showing the boy using a strainer to process these food items."
0749-2,"Based on the provided video section descriptions, the question of whether rice and a yellow coarse grain pass through a sieve in the first physics experiment cannot be definitively answered. None of the descriptions mention rice, yellow coarse grain, or a sieve being used in an experiment. The front section mentions a child using a large metal strainer to transfer breadcrumbs, egg wash, and flour, but doesn't include the requested items. To answer the question, the specific video section (0:00-0:09) would need to be viewed to see if rice and yellow coarse grain are present and whether they pass through the strainer."
0749-3,"Based on the provided video section descriptions, there is conflicting information.

*   The ""Full Video Answer"" and ""Front Section Answer"" both state that flour passes through a sieve in the first experiment (0:00-0:09), implying the experiment involves using a strainer with flour.

*   However, the ""Middle Section Answer"" and ""End Section Answer"" both contradict this. The ""Middle Section Answer"" states the first experiment is the destruction of a laptop and the second involves layering liquids, neither of which involve flour or a sieve. The ""End Section Answer"" describes the video sections (0:00-0:05, 0:05-0:12, 0:12-0:19) as showing layered liquids, an airplane propeller, and a golf ball being hit, none of which involve flour or a sieve.

Reconciling the differences, the ""Middle Section Answer"" and ""End Section Answer"" provide more specific details about the actual content of the video sections. Therefore, the most accurate answer is:

**No.** Based on the video section descriptions, the first physics experiment does not involve flour or a sieve. The described experiments involve layered liquids, an airplane propeller, and a golf ball being hit."
0749-7,A
0755-0,"The ""sponge"" in the video is made of **cake and frosting**. The video focuses on the comedic reveal that the cleaning sponge is actually a cake, not a real cleaning implement. While the video shows a woman using something that looks like a cleaning sponge, it is ultimately cake."
0755-1,"The sponge is made of cake and frosting. Different sections of the video confirm this: the full video section directly states the sponge is cake, and the end section specifies cake and frosting. While some sections initially lack information or focus on other elements, the conclusive evidence points to the sponge being a cake-based creation."
0755-2,"Yes, the sponge in the video is made of cake. The full video answer and the end section answer both explicitly state, based on the video description, that the sponge is revealed to be cake. While the front section initially suggests the humor comes from *not* being cake, the overall context from the full video and end section overrides this. The middle section doesn't address the sponge."
0755-3,"The sponge is likely made of cake and frosting, not synthetic materials like polyurethane foam.

Explanation: The ""End Section Answer"" directly states that the cleaning cloths, including the sponge, are revealed to be made of cake and frosting. While other sections offer possibilities like resembling a synthetic sponge for comedic effect or being more likely made of polyurethane foam if it were a dish sponge, the end section provides the most definitive answer based on the video's content."
0755-7,B
0757-0,"Based on the information provided from all video sections (Full, Front, Middle, and End), the question ""Which foot of the boy in red is in the pit?"" cannot be answered.

Explanation: All sections of the video description consistently state that there is no mention of a pit, a boy in red, or any interaction between a person and a pit. Therefore, there is no information available to determine if a boy in red exists, if a pit exists, or if any foot is in a pit. Each section outlines the details that would be necessary to answer the question, but these details are absent."
0757-1,"Based on the provided video section descriptions, it is impossible to answer the question: ""Which foot of the boy wearing red is inside the pit?""

Explanation: All video sections (Full, Front, Middle, and End) consistently state that the descriptions do not mention a pit or the position of the boy in red's feet relative to a pit. Therefore, there is no information available to determine which foot, if any, is inside a pit. Each section outlines the visual information that would be needed to answer the question, such as the presence of a pit, the boy's clothing color, and the position of his feet."
0757-2,"Based on the provided video section descriptions, the question cannot be answered. None of the descriptions mention a pit or the position of the boy in red's feet."
0757-3,"The video description does not provide enough information to answer the question. None of the sections mention a pit or provide details about the boy's feet beyond the fact that one boy is wearing a red soccer jersey and kicks a ball. Therefore, it's impossible to determine if the boy in red's right foot is in a pit."
0757-7,E
0762-0,"Based on the provided video section descriptions, there are conflicting answers regarding the second boat's material. Here's a breakdown and reconciliation:

*   **Full Video Answer:** Paper (but this refers to a raft, not necessarily the *second* boat in a series of attempts).

*   **Front Section Answer:** Suggests a sheet might have been used as a second attempt after a suitcase boat failed.

*   **Middle Section Answer:** Teddy bears were used as a second attempt after a couch.

*   **End Section Answer:** Guitars were used as a second attempt after teddy bears.

Reconciling these, it's clear that different sections of the video feature different sequences of attempts. The ""second boat"" depends on which sequence you're referring to.

Therefore, the answer depends on the specific section of the video being referenced. Here's a summary of possible answers:

*   If the first attempt was a couch, the second boat was made of **teddy bears**.
*   If the first attempt was teddy bears, the second boat was made of **guitars**.
*   If the first attempt was a suitcase boat, the second boat may have been a **sheet**.
*   A raft made of **paper** also existed."
0762-1,"The answer is ambiguous based on the provided information.

*   **Full Video Answer:** States the second boat was made of paper.
*   **Front Section Answer:** Does not mention a second boat, only a boat made of suitcases.
*   **Middle Section Answer:** Does not mention a second boat.
*   **End Section Answer:** States the second boat was made of guitars.

The ""Full Video Answer"" and ""End Section Answer"" contradict each other. Since all answers are based on video descriptions, it's impossible to definitively determine the material of the second boat without seeing the video and resolving the conflicting descriptions."
0762-2,"Yes, the second boat was made of paper. The ""Full Video Answer"" explicitly states that the ""Paper Test (0:04-0:07): The raft made of paper sinks instantly."" This directly answers the question. The other sections do not mention a second boat or the paper test, and therefore do not contradict the full video answer."
0762-3,"No, the second boat is not made of a mattress.

Here's why:

*   **Full Video Answer:** States the emojis shown are a suitcase, papers, a couch, a teddy bear, and a guitar. The second item tested is a paper raft.
*   **Front Section Answer:** States the second boat is made of suitcases. The ""sheet"" emoji indicates someone falling into the water, not a mattress boat.
*   **Middle Section Answer:** Suggests the emojis represent the items used to float, but doesn't confirm a mattress.
*   **End Section Answer:** Describes a boat made of teddy bears and indicates a sofa (or mattress) would sink.

While some sections mention a couch emoji or the possibility of a mattress boat, the most direct answers state the second boat is made of suitcases or a paper raft, and that a mattress/sofa would sink. The ""sheet"" emoji is related to falling in the water."
0762-7,E
0763-0,"Based on the video section descriptions, it's most likely that the **canned Coke that is still in the picture is real, and the canned Coke that was taken away is part of an illusion.**

Here's why:

*   **Full Video Answer:** Highlights the video's theme of visual illusions, suggesting at least one can is fake.
*   **Front Section Answer:** Concludes that neither can is real. The canned Coke that is still in the picture is likely an optical illusion, while the canned Coke that was taken away is likely a misdirection to make the audience believe in the illusion.
*   **Middle Section Answer:** Specifically mentions the drawing of a Coca-Cola can as an illusion. It suggests that the can that disappears is the drawing, while the remaining can is real, used for comparison or setup.
*   **End Section Answer:** Cannot answer the question.

While the ""Full Video Answer"" leaves room for both cans being illusions, the ""Middle Section Answer"" provides the most direct and plausible explanation: the disappearing can is the drawing, and the remaining can is real. The ""Front Section Answer"" seems to contradict the ""Middle Section Answer"", however, the ""Middle Section Answer"" provides the most direct and plausible explanation."
0763-1,"The video description doesn't definitively answer which canned Coke is genuine. However, the ""Middle Section Answer"" referencing the ""Drawing Illusions (0:00-0:12)"" segment suggests that at least one of the cans is a drawing used to create an illusion of depth. Therefore, the video likely shows how a drawn can is manipulated to *appear* real alongside a real can. To determine which is which, one would need to examine the video section itself and observe how the cans are presented and manipulated."
0763-2,"The video does not answer the question ""Is the real canned Coke the one that was taken away?"". All video sections describe optical illusions and drawing techniques. A Coca-Cola can is briefly used as an example in the drawing illusions section to demonstrate perspective and depth, but the video doesn't address the concept of a ""real"" versus ""fake"" Coke or which one was ""taken away."""
0763-3,"No. Based on the middle section's description, a Coca-Cola can is used as an example in the ""Drawing Illusions"" section. The video shows how drawing simple shapes with perspective can create the illusion of depth, using the can as an example. This suggests the Coke can is part of a drawing designed to create an illusion, and therefore likely not a real, physical can."
0763-7,B
0766-0,"The video descriptions do not explicitly state which shoulder Sheetal Devi uses to release the bow. However, they suggest that by observing which hand she uses to draw the bowstring back towards her face, one can infer the shoulder used to brace the bow and, by extension, ""release"" the bow (in the sense of anchoring it). If she draws with her right hand, she likely uses her left shoulder; if she draws with her left hand, she likely uses her right shoulder. The descriptions mention close-ups of her upper body and drawing process, suggesting this information *might* be visually discernible in the video itself. The End Section clarifies that the shoulder used to brace the bow is opposite the drawing hand."
0766-1,"The archer releases the bow from her **right shoulder**.

Explanation: The ""Front Section Answer"" states that the archer draws the bowstring back with her right hand, anchoring it near her right cheek. This indicates she is using her right shoulder to release the bow. While the other sections don't explicitly state the answer, they suggest observing the archer's hand movements to deduce the shoulder used for release."
0766-2,"The video descriptions do not provide enough information to determine if the archer released the bow using their right shoulder. All video sections (Full, Front, Middle, and End) consistently state that the descriptions focus on other aspects of the archer, such as aiming, facial expressions, and background information, but do not detail the specific mechanics of the arrow release or the movement of the archer's shoulders during the release. To answer the question, the video would need to show the actual release and provide a clear view of the archer's shoulder and arm movement during that action."
0766-3,"No, the video sections do not provide enough information to determine if the archer released the bow using their left shoulder.

*   **Full Video Answer:** States the video description doesn't explicitly say and that specific details like hand placement, body mechanics, and angle of view are needed.
*   **Front Section Answer:** States the video ends before the release, so it's impossible to tell.
*   **Middle Section Answer:** States the description focuses on other aspects and doesn't detail the release mechanics.
*   **End Section Answer:** States the video doesn't show the release and we'd need to see the archer's form during the release.

All sections consistently state that the video and its descriptions lack the necessary visual information about the release itself to determine if the left shoulder was used."
0766-7,D
0777-0,"Based on the provided information from the video sections:

*   **Front Section:** 5 trick shots
*   **Middle Section:** 6 trick shots
*   **Full Video Answer & End Section Answer:** Do not provide a specific number, but acknowledge more trick shots are shown.

Therefore, adding the trick shots from the front and middle sections, we get a total of 5 + 6 = 11 trick shots. The full video and end sections do not give a specific number, so we can only use the information provided in the front and middle sections.

**Answer:** 11"
0777-1,"The Full Video Answer provides the most detailed breakdown of trick shots across the entire video, summing to 13. The other sections focus on specific parts or offer less precise counts. Therefore, the best answer is:

The total number of trick shots displayed in the images is 13."
0777-2,"No, the total number of trick shots shown in the images is not 14. The ""Front Section Answer"" explicitly lists and counts 5 distinct trick shots based on its described time segments. The other sections either state they cannot determine the answer or describe the video content without providing a specific count. Therefore, based on the available information, the most accurate answer is 5."
0777-3,"The provided descriptions do not definitively answer whether there are 12 trick shots shown in the images/video.

*   **Full Video Answer:** States it's impossible to definitively say based on the description alone and requires meticulously counting each trick shot in the video.
*   **Front Section Answer:** Claims there are 5 distinct trick shots based on the video being divided into 5 sections.
*   **Middle Section Answer:** Describes 6 specific trick shot scenes but doesn't provide a total count for the entire video.
*   **End Section Answer:** Implies there are more than two segments/trick shots due to the video's structure around progression, but doesn't give a specific number.

Therefore, based solely on the provided descriptions of the video sections, it is impossible to confirm or deny if the total number of trick shots shown is 12. The descriptions provide conflicting information (5 trick shots vs. 6 scenes vs. more than 2 segments) and lack a definitive total count."
0777-7,E
0779-0,"The illusion achieved in the video is the Penrose Triangle, a seemingly impossible object. This is accomplished by arranging individual (or seemingly individual) cubic blocks in a specific configuration and filming them from a particular, carefully chosen angle. This arrangement tricks the eye into perceiving a continuous, three-dimensional triangle made of connected cubes, even though the blocks are separate and arranged in a way that only appears to form the triangle from that specific viewpoint. The rotation of the object would reveal its true, non-triangular nature, breaking the illusion."
0779-1,"The illusion in the video is the Penrose Triangle. It is created by constructing a 2D object with strategically arranged cubic blocks. When viewed from a specific, precise angle, this arrangement tricks the eye into perceiving a 3D triangle made of nine cubes, an impossible object. Rotating the object reveals its true, flat shape, breaking the illusion and showing that the blocks are not connected in that manner in three-dimensional space. The top-down camera angle may also contribute to the illusion."
0779-2,"Yes, the video shows a Penrose Triangle illusion created by arranging concave structures to appear as floating cubes. The full video answer explicitly confirms this, stating the object initially appears as nine floating cubes arranged in a triangular shape, and the presenter reveals it's a flat structure with protrusions creating the illusion. The middle section answer also supports this, mentioning the illusion is created by arranging cubic blocks (concave structures) to give the appearance of a Penrose Triangle. While the end section answer is less direct, the title and triangular arrangement of cubes suggest an attempt to evoke the Penrose Triangle illusion. The front section answer also confirms the Penrose Triangle illusion."
0779-3,"Yes, the illusion in the video is achieved by aligning blocks to form a continuous triangle from a specific angle. All video sections confirm this, highlighting that the arrangement creates the Penrose Triangle illusion only from a particular viewpoint, and rotating the object reveals its true, non-triangular shape."
0779-7,C
0790-0,"To see the blue tube, rotate the transparent sheet. Rotating the sheet changes which colored straws disappear. Specifically, rotating the sheet vertically makes the blue tube reappear while the orange and green straws disappear."
0790-1,"The adjustment needed to make the blue tube visible through the transparent sheet, when it is initially not visible, is to **rotate the transparent sheet.**

The ""Full Video Answer"" and ""Middle Section Answer"" directly state that rotating the transparent sheet is the key adjustment. The ""Full Video Answer"" explains that the orientation of the sheet determines which straws are visible. The ""Middle Section Answer"" specifically mentions that rotating the sheet vertically makes the blue tube visible.

The ""End Section Answer"" reinforces the rotation aspect, emphasizing that the specific angle of rotation is crucial to maximizing the visibility of the blue tube while obscuring the others. It acknowledges the sheet's properties (likely polarization and/or light scattering) play a role.

The ""Front Section Answer"" offers alternative solutions like increasing lighting or using a truly transparent sheet, but these are *not* the intended solution within the context of the video's demonstration. The video is designed to show how the sheet's rotation affects visibility, not to find ways to circumvent the effect."
0790-2,"Yes, the transparent sheet should be rotated by 90 degrees to see the blue tube.

The Full Video Answer and Middle Section Answer both explicitly state that rotating the transparent sheet by 90 degrees reveals the blue tube. The Front Section Answer acknowledges it can't definitively answer without more information about the sheet's properties and a visual demonstration. The End Section Answer also states the video description doesn't explicitly answer the question but implies it's unlikely a 90-degree rotation would make the blue tube disappear. Considering the explicit answers from the Full Video and Middle Sections, the most likely answer based on the video content is that a 90-degree rotation reveals the blue tube."
0790-3,"The video description provides conflicting information, making a definitive ""yes"" or ""no"" answer impossible.

*   The **Full Video Answer** suggests a 45-degree rotation would likely result in a partial or complete disappearance of *all* the straws, not specifically making the blue tube visible.
*   The **Middle Section Answer** only provides information about horizontal and vertical orientations, not a 45-degree rotation.
*   The **End Section Answer** states that a 45-degree rotation makes other straws blurry, implying a similar effect on the blue straw, but doesn't confirm its visibility.

Therefore, based solely on the video descriptions, it is unclear whether rotating the transparent sheet by 45 degrees will allow you to see the blue tube. The descriptions suggest it might make all straws blurry or disappear partially."
0790-7,"Based on the video sections provided:

*   **Full Video Answer:** D
*   **Front Section Answer:** E (None of the above, implying no rotation is needed)
*   **Middle Section Answer:** D
*   **End Section Answer:** C

The answers are conflicting. The front section suggests no rotation is needed (E), while the end section explicitly states ""C. Do not rotate."" The full and middle sections suggest ""D. Rotate by 90 degrees."" However, the end section's reasoning is more closely tied to the video's description of straws disappearing upon rotation. The front section also suggests no rotation is needed.

Considering the conflicting information and giving more weight to the end section's explanation (as it directly addresses seeing the blue tube), the best answer is:

C"
0794-0,"The answers from the different video sections provide conflicting interpretations of who the ""friend"" is. Here's a breakdown:

*   **Full Video Answer:** The ""friend"" is the person who pushed the cat off the ledge.
*   **Front Section Answer:** The ""friend"" is the person filming the video.
*   **Middle Section Answer:** The ""friend"" is the cat that pushes the other cat off the ledge.
*   **End Section Answer:** The ""friend"" is either of the two dogs on the rooftop.

Reconciling these differences is difficult without seeing the actual video. Each section interprets the caption ""Never trust your friend"" differently based on the actions and context within that specific part of the video.

Therefore, based on the aggregated and reconciled answers, the answer to the question is: It is difficult to determine with certainty who the caption is referring to as the ""friend"" because the different video sections offer conflicting interpretations. The ""friend"" could be the person filming, the cat that pushes the other cat, the person who pushed the cat, or either of the dogs on the rooftop."
0794-1,"Here's the aggregated answer, considering the different video sections:

The answer depends on which section of the video is being considered. Here's a breakdown:

*   **Full Video Answer:** One of the dogs is implied to be the ""friend"" who betrayed the cat by pushing it off the ledge.
*   **Front Section Answer:** The person filming the video is considered the ""friend"" who betrayed the cat by leading it into a dangerous situation.
*   **Middle Section Answer:** The cat who pushes the other cat off the ledge is described as the 'friend'.
*   **End Section Answer:** The description suggests that one of the dogs might be the untrustworthy ""friend,"" but it's not definitive, as the video ends without any action.

Therefore, based on the different sections, the ""friend"" could be:

1.  One of the dogs (Full Video and End Section)
2.  The person filming (Front Section)
3.  The cat that pushes another cat (Middle Section)"
0794-2,"Based on the provided video section descriptions, the answer is likely no.

Here's why:

*   **Front Section:** Doesn't mention a white cat leaving quickly. It suggests the ""friend"" could be the person filming.
*   **Middle Section:** Explicitly states the ""friend"" is the cat that pushes the first cat off the ledge, not a white cat leaving at the beginning.
*   **End Section:** Doesn't mention a white cat.
*   **Full Video Answer:** Suggests the ""friend"" is one of the dogs, not the white cat. It describes the video as creating a sense of betrayal and unexpected twists.

Although the Front Section does not mention a white cat, the Middle and Full Video Sections explicitly state that the 'friend' is the cat that pushes the first cat off the ledge, or one of the dogs."
0794-3,"The answer is indeterminate based on the provided information.

Here's why:

*   **Full Video Answer:** States it cannot be determined which dog is the 'friend' or the color of either dog.
*   **Front Section Answer:** States the 'friend' is the person filming, not the black dog.
*   **Middle Section Answer:** States the 'friend' is the cat that pushes the other cat, and doesn't mention a black dog.
*   **End Section Answer:** States the 'friend' is likely the black dog because it's visible during the ""Never trust your friend"" overlay, but acknowledges it's not definitively proven.

The sections provide conflicting interpretations of who the 'friend' is. Some say it's the person filming, others say it's one of the cats (either the one who pushes or potentially the black dog), and some say it cannot be determined. Without a consistent interpretation across all sections, a definitive answer to whether the black dog is the 'friend' cannot be given."
0794-7,E
0803-0,"Candles were burning in the video. Different sections confirm this, with some specifying a single candle or a cluster of candles. The experiment involves covering the burning candle(s) with a glass vase/cylinder, causing them to extinguish."
0803-1,"The object on fire in the video is a candle (or candles). All sections of the video description agree that a candle or candles are on fire. The ""Front Section"" answer provides more detail, describing the candles as being on a small base in a glass pie dish, while the ""Full Video Answer"" mentions a vase being placed over burning candles in a tray of water. The ""Middle Section"" and ""End Section"" answers simply refer to ""a candle"" being inside a cylinder and going out, respectively."
0803-2,"Yes, it is true that a bunch of candles is burning in the video. Multiple sections of the video description confirm the presence of burning candles, either as a single candle or a cluster of candles, within the experiment setup."
0803-3,"No, the burning object in the video is not a small blue sponge-like object. All video sections consistently describe the burning object as a candle or candles. While some sections mention blue-colored water, none describe a sponge-like object."
0803-7,A
0806-0,"The number of cables bundled is several, meaning more than two. The end section specifies seeing wires of different colors (black, white, red, etc.) indicating multiple cables were bundled. While the exact number isn't stated, it's clear it's more than two."
0806-1,"The total number of cables bundled together is several, at least 3 or more. The full video answer and the end section answer both indicate the presence of ""several electrical wires"" that are bundled together. While the exact number is not specified, ""several"" implies more than a few. The other sections do not provide information about the number of cables."
0806-2,"Based on the provided video section descriptions, the answer is likely yes. The ""Full Video Answer"" and ""End Section Answer"" both describe ""several electrical wires"" being bundled, with the ""End Section Answer"" even listing colors like ""black, white, red, etc."" which suggests multiple wires. While the exact number of wires isn't explicitly stated as four, the descriptions imply more than one, making it reasonable to assume there are four or more. The ""Front Section Answer"" and ""Middle Section Answer"" do not mention cables, so they are not relevant to the question."
0806-3,"The video descriptions do not definitively answer whether five cables are bundled together. The ""Full Video Answer"" states ""several"" wires are shown. The ""End Section Answer"" mentions ""several electrical wires (black, white, red, etc.)"" and suggests watching the video to count them. The other sections do not mention cables at all. Therefore, based solely on the provided descriptions, it's impossible to confirm if five cables are bundled."
0806-7,E
0810-0,"The descriptions of the video sections consistently state that a sausage is not mentioned as popping up from the holes. Instead, the sections refer to ""small red objects (presumably treats),"" a person placing ""a small piece of food, possibly a strawberry,"" or simply ""treats"" being placed in the holes. The focus is on the dog trying to retrieve these objects.

Therefore, based on the provided descriptions, the sausage did not pop up from the holes at all."
0810-1,"Based on the provided video section descriptions, there is conflicting information.

*   **Middle Section Answer & End Section Answer:** Explicitly state that a sausage did not appear from the holes. The end section specifies a ""small piece of food (possibly a strawberry)"" was used.

*   **Full Video Answer & Front Section Answer:** Do not mention sausages directly but refer to ""small red objects that are presumably treats"" or ""small, cylindrical objects (possibly treats or toys)"". These sections imply something was placed in the holes, but the exact number of appearances is not stated and would require watching the video to count.

Reconciling the information, the most definitive answers (Middle and End Sections) state that a sausage was not used. Therefore, based solely on the provided video section descriptions:

**Answer:** The sausage appeared from the holes 0 times."
0810-2,"The descriptions of the video sections do not provide enough information to answer the question of whether a sausage emerged from the holes five times. All sections focus on the dog interacting with a board or puzzle toy with holes, trying to retrieve treats or objects placed inside. To answer the question, one would need to watch the video and count how many times a sausage (or something resembling a sausage) emerges from the holes."
0810-3,"Based on the video section descriptions provided, it is impossible to answer the question ""Did the sausage pop up from the holes only three times?""

**Explanation:**

None of the video section descriptions mention a sausage popping up from the holes a specific number of times. All descriptions state that the video would need to be watched to count the number of times a sausage (or other object) appears from the holes. The descriptions focus on the dog interacting with a puzzle toy, treats being placed in holes, and the dog trying to get them out."
0810-7,E
0812-0,"The person did not try to place the toy into a drawer at all. All video sections consistently state that there is no mention of a drawer or any attempt to put the toy inside one. The toy is described as being attached to a desk, backpack, or slammed against a surface."
0812-1,"Based on the provided video section descriptions, the answer is **0**.

Explanation:
*   The Full Video, Front Section, and Middle Section descriptions state that there is no mention of any attempts to put the toy into a drawer.
*   The End Section description explicitly states that the toy is slammed against a desk, not put into a drawer, and therefore the number of attempts is 0.

Since all sections either don't mention drawer attempts or explicitly state there were none, the most accurate answer is 0."
0812-2,"No. None of the video sections describe the person attempting to place the toy into a drawer. The front section shows the person shaking the toy, the middle section focuses on the keychain and the desire to own it, and the end section shows the toy being slammed against a desk."
0812-3,"No. None of the video sections describe the person attempting to place the toy into a drawer. The sections show the toy being shaken, attached to a backpack, and slammed against a desk, but there's no interaction with a drawer."
0812-7,E
0816-0,"The person inverted a bottle filled with water over a container, but this time they inserted a straw into the bottle before inverting it. This is based on the ""Full Video Answer"" and ""End Section Answer,"" which both describe the second experiment involving the straw. The other sections either describe only one experiment or don't show a person actively doing something."
0816-1,"During the second experiment, the person inverted a bottle filled with water over a container, and then inserted a straw into the bottle. This action allowed the water to drain out quickly. This information comes from the ""Full Video Answer"" and is corroborated by the ""End Section Answer"", which describes the same actions within the context of a single experiment, implying it could be considered the second if the first experiment didn't involve the straw. The other sections don't provide information about a second experiment."
0816-2,"Based on the information provided from all video sections, the answer is: **We cannot definitively say whether the person spun the bottle to create a vortex.**

Explanation: None of the video section descriptions explicitly state that the person spun the bottle in the second experiment. While a vortex is mentioned as forming inside the bottle during water drainage, and the use of a straw is described to control the flow of water, there is no mention of spinning the bottle to induce the vortex. Therefore, based solely on the provided descriptions, it's impossible to confirm if the person spun the bottle."
0816-3,"Yes, according to the full video description, a straw was inserted into the bottle during the second experiment. While the front and end sections don't address the second experiment, and the middle section only mentions the bottle draining without specifying if a straw was used, the full video description provides a definitive answer."
0816-7,D
0818-0,"Based on the provided video section descriptions, it's not definitively stated what the little girl is holding in her hand while watching nearby.

*   The full video, middle section, and end section descriptions all state that the little girl is watching, sometimes with amusement or laughter, but do not mention anything she is holding. The end section suggests examining the video for visual details.
*   The front section implies she is holding money (coins or a small bill) because she gives the father money to play the ""claw machine"" game.

Therefore, the most likely answer, based on the available information, is that she was holding **money**, as she gives it to her father. However, without visual confirmation from the video itself, this remains an inference."
0818-1,"The little girl is holding money in her hand. The ""Front Section Answer"" explicitly states that one child gives the father money at the beginning of the video, implying the little girl is holding money. While other sections don't mention what she's holding, they don't contradict the front section's claim."
0818-2,"Based on the provided information from the video section descriptions:

*   **Full Video Answer:** No, the little girl is not holding cash.
*   **Front Section Answer:** Yes, the little girl gives the father money.
*   **Middle Section Answer:** The description does not mention the little girl holding cash.
*   **End Section Answer:** The description does not mention the little girl holding cash.

Reconciling the conflicting answers:

The ""Front Section Answer"" directly contradicts the ""Full Video Answer."" Since the Front Section focuses specifically on the beginning of the video (0:00-0:01), it provides more specific information about that particular moment. The other sections either don't mention the little girl's interaction with cash or focus on other events in the video.

**Final Answer:**

Yes, according to the ""Front Section Answer"", the little girl gives the father money at the beginning of the video."
0818-3,"Based on the provided descriptions of the video sections, the answer is: **The descriptions do not answer the question.**

Explanation: None of the video section descriptions mention whether the little girl is holding a small bottle. To determine if she is, a visual analysis of the video would be needed, specifically focusing on what the little girl is holding in her hand. The descriptions focus on the father, the children, and their activities (playing the claw game, watching, laughing), but do not provide details about the girl's hand."
0818-7,E
0827-0,"Based on the information from the different video sections:

*   **Front Section:** There are zero pandas in the video. The section features a person in a unicorn mask and a white horse.
*   **Middle Section:** There are three pandas in the video (one adult and two cubs).
*   **End Section:** There are two pandas in the video (one adult and one cub).
*   **Full Video Answer:** There is one real panda in the video, and one person dressed as a panda.

The question asks how many pandas are in the video, so we need to consider all sections. The middle section describes three pandas, and the end section describes two pandas. The full video answer reconciles the difference by stating that one of the pandas is a person in a costume.

**Answer:** There could be up to three pandas in the video, but at least one is a person in a panda costume. There is at least one real panda in the video."
0827-1,"The number of pandas shown in the video is between zero and three, depending on the video section.

*   **Front Section:** Zero pandas are shown. The section involves a person in a unicorn mask and a horse.
*   **Middle Section:** Three pandas are shown. One adult panda is hugging two panda cubs.
*   **End Section:** Two pandas are shown. One adult panda and one panda cub are present.
*   **Full Video:** One panda is shown. The video shows one real panda bear.

Reconciling these differences, it is clear that different sections of the video feature different numbers of pandas. Therefore, without knowing which section the question refers to, the answer is a range, **between zero and three pandas.**"
0827-2,"The answer is unclear.

Here's the breakdown:

*   **Full Video Answer:** Suggests there is one real panda and a person in a panda costume.
*   **Front Section Answer:** Claims the video features a person in a unicorn mask and a horse, with no mention of pandas. This contradicts the other sections.
*   **Middle Section Answer:** Suggests one adult panda and two cubs, implying all three are real.
*   **End Section Answer:** Suggests one adult panda and one cub, implying both are real.

The answers are contradictory. The front section claims there are no pandas at all. The full video answer states there is one real panda. The middle and end sections both suggest one real panda.

Given the conflicting information and the fact that the ""Front Section Answer"" describes a completely different scene (unicorn and horse), it's difficult to definitively answer the question. The other sections imply at least one real panda."
0827-3,"Yes, there are two pandas in the video, including a baby panda. This is supported by the middle and end sections, which explicitly mention a panda bear and panda cubs, or a larger panda and a smaller, younger panda cub. The full video answer also confirms this based on its description. While the front section doesn't mention pandas, the other sections provide sufficient evidence."
0827-7,"Here's how we can approach this:

*   **Analyze the conflicting answers:** We have different answers from different sections of the video. This suggests the number of pandas might change throughout the video or the perception of what constitutes a ""real"" panda is different.
*   **Reconcile the answers:** Without seeing the video, it's impossible to definitively say which section is ""correct."" However, we can infer the following:
    *   B (None) suggests there are no real pandas at some point.
    *   C (One) suggests there is one real panda at some point.
    *   D (Three) suggests there are three real pandas at some point.
    *   A (Two) suggests there are two real pandas at some point.
*   **Choose the best answer:** Given the conflicting answers, it's impossible to definitively select A, B, C, or D. ""E. None of the above"" is not a valid option because the answer must be one of the first 4.
*   **Select the most likely answer:** Since the question asks how many real pandas are in the video, and the video sections provide different answers, the most accurate response is that the number of real pandas changes throughout the video.

**Therefore, the answer is not directly provided, and the only way to get the answer is to watch the video.**

**Because of the conflicting answers, I cannot answer the question directly.**"
0833-0,"The photo's purpose in the fourth segment cannot be determined. All video sections report that the file for that segment is ""File not found,"" indicating the content is unavailable and therefore its purpose is unknown."
0833-1,"I cannot determine what is depicted in the fourth segment of the photo series. All video sections indicate that the video file is not found, providing no information to answer the question."
0833-2,"Cannot be determined. All sections of the video analysis state that the video file is not found, making it impossible to analyze the fourth segment and determine its content."
0833-3,"The answer cannot be determined. All sections of the video file are not found, so the content of the fourth segment is unknown."
0833-7,E
0835-0,"Based on the video descriptions, what is visible in the woman's mouth includes:

*   **Teeth:** The end section specifically mentions she is ""gritting her teeth"" and later laughs, showing her teeth. The front section also implies teeth would be visible when she opens her mouth wide.
*   **Tongue and Inside of Mouth:** The front section mentions that when the woman opens her mouth wide you would likely see her tongue and the inside of her mouth.
*   **Doctor's Hands/Tools:** The full video answer implies that the doctor's hands or tools could be visible near or inside her mouth during the adjustment."
0835-1,"Based on the video descriptions, the following can be seen inside the woman's mouth:

*   **Teeth:** The descriptions explicitly mention teeth, including the woman ""gritting her teeth.""
*   **Tongue:** The descriptions state that the tongue would likely be visible when her mouth is open wide.
*   **Gums:** The end section mentions that parts of her gums might be visible depending on how wide she opens her mouth.
*   **Doctor's hands/tools:** The full video description indicates the doctor's hands and possibly tools would be visible during the TMJ adjustment."
0835-2,"Based on the video descriptions, it's impossible to definitively say whether a blue tongue stud is visible in the woman's mouth. None of the descriptions explicitly mention seeing a tongue stud. However, the ""End Section Answer"" and ""Front Section Answer"" point out that the woman opens her mouth wide during certain segments of the video (0:05-0:15 and 0:00:02-0:00:10). If the tongue is visible during these times, it *might* be possible to see a blue tongue stud, if she has one."
0835-3,"Based on the video descriptions provided, it is impossible to definitively determine whether there is a dental appliance or mouth guard visible in the woman's mouth. All sections state that the descriptions focus on other aspects like emotional reactions, the doctor's actions, setting, and audio elements, rather than visual details of the woman's mouth. The ""Front Section Answer"" mentions the patient opens her mouth wide during the TMJ adjustment (0:05-0:15), which is the only section that suggests the video might show her mouth. Therefore, examining the video during that specific timeframe (0:05-0:15) might reveal if a dental appliance or mouth guard is visible."
0835-7,E
0841-0,"The video descriptions do not explicitly state which eye the woman wipes first. To determine the answer, one would need to watch the video and carefully observe her actions, paying attention to the direction of her movement when she brings the bird to her face. The descriptions emphasize the close-up of her face and her sadness/tears, suggesting the video provides the visual information needed to answer the question."
0841-1,"The video descriptions consistently state that they do not specify which eye the woman wiped first with the parrot. To answer the question, one would need to watch the video and observe her actions. The descriptions focus on the overall scene, emotional shifts, and comedic elements rather than a precise, sequential account of her actions. Therefore, based on the provided descriptions, it is impossible to determine which eye she wiped first."
0841-2,The video description does not specify which eye the woman wipes first. All sections of the description state that the video itself would need to be analyzed to determine the order in which she wiped her eyes.
0841-3,"Based on the video descriptions, it is impossible to definitively say whether the woman first wiped her left eye with the parrot. All sections of the video description consistently state that the specific eye she wiped first is not mentioned. To answer the question, one would need to watch the video and observe the sequence of actions. The descriptions focus on the overall action of wiping tears with the bird and the comedic elements."
0841-7,E
0848-0,"The real cat is the one that is physically moving and interacting with the shadow. The video descriptions consistently refer to a kitten or cat walking and playing with its shadow, implying a real, physical cat is present. The term ""void car"" is nonsensical and used for comedic effect."
0848-1,"The actual cat is the kitten. The video sections consistently point to the physically present, moving, and more defined entity as the real cat, while the less defined, distorted shape is identified as its shadow. The video description mentions the cat interacting with its shadow, further confirming the existence of a real cat casting the shadow. While some sections acknowledge the ambiguity and humorous intent of the video, the visual details and description ultimately indicate the kitten is the real cat."
0848-2,"Yes, the real cat in the video is likely the one at the top of the frame. The video descriptions consistently refer to a cat and its shadow. Logically, the cat creating the shadow would be the ""real"" cat, and since shadows are cast below the object, the real cat would be at the top of the frame. While the ""End Section Answer"" highlights the ambiguity and uses the term ""void cat,"" the other sections suggest a real cat casting a shadow."
0848-3,"Yes, the real cat in the video is the one on top, casting a shadow below. This is supported by the Full and Front sections, which explicitly state the cat on top is real and casting the shadow. The Middle section also implies this by describing the cat ""pawing and playing with its shadow."" While the End section emphasizes the ambiguity and joke, the other sections provide stronger evidence for the real cat being on top."
0848-7,E
0854-0,"The operator of the drop tower ride engages in conversation with the visitors primarily to trick them and enhance the experience. The operator aims to catch riders off guard before releasing them, creating a more unexpected and impactful drop. They might also pretend the ride is broken to further scare the riders and amplify the surprise. This tactic serves to make the ride more exciting, memorable, and humorous."
0854-1,The drop tower operator talks to the visitors to create a false sense of security and then surprise them with the sudden drop. This element of surprise is a key source of humor in the video and is intended to make the ride more memorable. The operator sometimes pretends the ride is broken to further scare them.
0854-2,"Yes, according to the video descriptions, the operator of the drop tower ride does talk to visitors in a way that is designed to make them more nervous and scared. The full video answer and middle section answer both state that the operator engages in casual conversation with the riders before suddenly dropping them, catching them off guard. The end section answer specifies that the operator sometimes pretends the ride is broken to further scare them. While the front section describes a bungee jumping scenario, it still suggests that operators of thrill rides may engage in some level of interaction designed to heighten the experience, which could include elements that increase nervousness."
0854-3,"The answer is complex and depends on the interpretation of ""meant to help.""

Based on the provided video sections, the operator's conversation is *not* genuinely meant to help visitors feel at ease and prepared in the traditional sense.

Here's why:

*   **Middle Section:** The section from [00:00:03-00:00:12] shows a park employee chatting with riders before suddenly starting the drop tower. The Chinese text describes this as a humorous ""prank,"" implying the conversation is a distraction or a way to lull riders into a false sense of security.

*   **End Section:** The operator uses a ""trick"" of suggesting a malfunction. This is *meant* to lower their guard and amplify the surprise of the drop. It's deceptive comfort, not genuine reassurance.

*   **Front Section:** This section suggests the operator's conversation and the ""rope cutting"" process are meant for ""psychological preparation."" This seems to contradict the other sections.

Reconciling the differences, the ""psychological preparation"" in the front section is likely a form of misdirection. The operator uses conversation to create a false sense of security or expectation (either of a delay or a minor issue), which makes the sudden drop more startling and humorous. Therefore, while there might be a superficial element of preparation, the primary intention, as portrayed in the video sections, is to enhance the surprise and thrill through deception."
0854-7,D
0857-0,"The woman in the video is imitating multiple scenarios. Initially, she imitates someone posing for a scenic photo or a dramatic pose, leaning back to capture a picturesque moment. Later, she imitates sliding down a hill or slide, throwing herself headfirst down the sand dune. The ""Barbie Girl"" song in the background suggests she's also trying to emulate a Barbie-like image or a model/dancer trying to pose gracefully."
0857-1,"The woman in the video is trying to depict several things depending on the section:

*   **Beginning/Middle:** She attempts to depict a graceful pose or a dramatic, scenic moment, likely for a photo or video. She leans back, presumably to capture an elegant image of herself enjoying the view.
*   **Full Video:** She aims for a glamorous, idealized version of herself, possibly emulating a Barbie-like figure, but the unstable sand causes her to fall.
*   **End:** She tries to depict carefree fun and a sense of adventure by throwing herself headfirst down a dune.

In summary, she's attempting to portray herself as glamorous and enjoying a scenic moment initially, but this is contrasted by her comedic falls. The end shows her embracing a more playful and adventurous persona."
0857-2,"No, the man (or woman, as the descriptions clarify) in the video is not imitating the experience of being shot. All sections of the video description consistently depict a woman losing her balance and falling or sliding down a sand dune, presented in a humorous and playful context. There is no mention or suggestion of any violent action or imitation of being shot."
0857-3,"No, the woman is not imitating the act of fainting. All video sections (full, front, middle, and end) consistently describe the woman losing her balance or playfully throwing herself down a sand dune. The descriptions indicate accidental falls or intentional playful actions, not a deliberate imitation of fainting."
0857-7,E
0858-0,"Based on the video sections, there are conflicting answers. The ""Full Video Answer"" states he sat on the **right armrest**. The ""Middle Section Answer"" states he tried to sit on the **left armrest**.

The ""Full Video Answer"" seems to be based on actually observing the video, stating a camera angle shift reveals he's on the right armrest. The ""Middle Section Answer"" seems to be based on a narrator's description, which could be an interpretation or simplification.

Therefore, the most accurate answer, based on direct observation, is: He initially sat on the **right armrest**."
0858-1,The man in the white short-sleeved shirt first tried to sit on the chair's right armrest. The full video answer explicitly states this and references the relevant time frame (0:22-0:34). The other sections do not provide information about this specific event.
0858-2,"Yes, the man in the white short-sleeved shirt initially appears to sit on the right armrest of the chair. The Full Video Answer and Middle Section Answer both confirm this, citing the video description's explanation of the illusion. While the Front and End Sections don't mention the man or the chair, the other sections provide direct answers based on the video description."
0858-3,"No.

Explanation: The full video answer and the middle section answer both explicitly state that the man sits on the *right* armrest (or right side of the chair creating the illusion of sitting on the armrest). Therefore, he did not sit on the left armrest. The front and end sections do not contain information relevant to the question."
0858-7,E
0865-0,"The answers are contradictory.

*   **Full Video Answer:** One worm. The video description states there is ""a worm lying on the ground in front of the bird"" and does not mention any other worms being introduced or the initial worm being eaten.
*   **Front Section Answer:** One worm. Based on the video description, at the beginning of the video, there is one worm on the ground near the baby bird.
*   **Middle Section Answer:** One worm. Based on the video description, there is one worm visible in the video.
*   **End Section Answer:** Zero worms. The bird is pecking at a twig, expecting it to jump into its mouth, not a worm.

Reconciling the differences: The majority of the sections (Full Video, Front, and Middle) indicate one worm is present based on the video description. The End Section answer suggests zero worms, but this is based on the bird's behavior (pecking at a twig) and the tweet overlay, implying the worm may have been eaten or moved. Since the question asks for the number of worms *at the end* and the End Section answer directly addresses this, we should prioritize that answer.

Final Answer: Zero. Based on the video description, there are zero worms at the end of the video. The bird is pecking at a twig, not a worm."
0865-1,"Based on the video section answers, the number of worms visible at the conclusion of the video is not consistent.

*   **Full Video Answer:** One worm.
*   **Front Section Answer:** One worm.
*   **Middle Section Answer:** One worm.
*   **End Section Answer:** Zero worms. The bird is interacting with a twig.

Reconciling the answers, the majority of the sections (Full, Front, and Middle) indicate one worm is visible. The End Section states zero worms are visible and the bird is interacting with a twig.

Therefore, based on the majority of the video section answers, the answer is:

One worm. The full, front, and middle sections of the video state that one worm is visible."
0865-2,"Yes, there is likely only one worm visible at the end of the video.

Explanation:

*   The ""Full Video Answer,"" ""Front Section Answer,"" and ""Middle Section Answer"" all explicitly state or imply that only one worm is visible.
*   The ""End Section Answer"" doesn't mention any worms, focusing instead on the bird and a twig. This doesn't contradict the other sections, as the worm may no longer be visible at the very end, or the focus has shifted.

Therefore, based on the available information, it's reasonable to conclude that there is only one worm visible, at least up until the end section where it may no longer be visible, or the focus has shifted."
0865-3,"No.

Explanation:

*   **Full Video Answer:** States there is one worm on the ground and no worm in the beak.
*   **Front Section Answer:** States there is one worm on the ground and no worm in the beak.
*   **Middle Section Answer:** Mentions one worm near the bird but doesn't confirm if it's in the beak or if there's a second worm.
*   **End Section Answer:** Mentions a twig/stick, not worms.

The majority of the descriptions indicate only one worm is visible on the ground, and none mention a worm in the bird's beak. The end section describes a twig/stick, not worms. Therefore, the answer is no."
0865-7,C
0868-0,"The color of the tool cannot be determined. All video sections report that the video file is not found, preventing any analysis of the video content. Therefore, the color of the tool remains unknown."
0868-1,"The video file is not found, therefore I cannot determine the color of the tool used by the person at the start of the video. I have no visual information to analyze."
0868-2,"Answer: Cannot be determined.

Explanation: All sections of the analysis state that the video file is not found, preventing any visual analysis to determine the nature of the tool. Therefore, it's impossible to say if it's a silver-brownish metal hammer."
0868-3,"The video file is not found in any section (beginning, middle, or end). Therefore, I cannot determine the color of the tool."
0868-7,E
0870-0,"The question of why a man gave his belongings to a photographer cannot be answered based on the information provided in the video sections. None of the sections depict a man giving belongings to a photographer.

Instead, the video sections show the following:

*   **Full Video:** A man receives an umbrella and snacks from a person holding the camera. He doesn't give anything away.
*   **Front Section:** A man and girl pretend to be poor and receive help. The man doesn't give anything away.
*   **Middle Section:** A girl gives away all the items from her shop in exchange for money from the videographer.
*   **End Section:** A man receives food, drinks, and money. He gives the food and drinks to a girl, but doesn't give anything to a photographer."
0870-1,"The question ""What motivated the man to hand over his belongings to the photographer?"" cannot be directly answered based on the provided video section descriptions. All sections consistently state that the video depicts the *photographer* (or person holding the camera) giving items to the man and/or a girl, not the other way around.

Here's a breakdown of what each section shows:

*   **Full Video Answer:** The photographer gives money, snacks, drinks, and an umbrella to a man and his daughter, who are portrayed as homeless. The photographer's motivation is to help them due to their apparent poverty.
*   **Front Section Answer:** A man and girl *receive* help (food) while seemingly in a state of poverty, which is later revealed to be a staged act.
*   **Middle Section Answer:** A person (presumably the videographer) gives money to a girl running a makeshift shop. The girl then gives away all her merchandise in exchange for the money. This appears to be part of a pre-planned skit.
*   **End Section Answer:** The photographer provides food, drinks, and money to the man and girl. The man takes the items, gives the food and drinks to the girl, and keeps the money. His motivation is to secure assistance by exaggerating his distress.

Therefore, since the man is not handing over belongings in any of the described scenarios, the question is based on a false premise. The video content focuses on acts of giving *to* the man, not *from* him."
0870-2,"No, the man did not give his belongings to the photographer. All video sections consistently indicate that the man is *receiving* items, not giving them away. The items given to him include food, drinks, money, and an umbrella, offered by someone seemingly out of kindness. There is no mention of a photographer receiving belongings from the man in any of the video sections."
0870-3,"No, the man did not give his belongings to the photographer in exchange for food and other necessities. All video sections consistently state that the photographer provided the man and his daughter with food, drinks, and money without any mention of an exchange of belongings."
0870-7,E
0871-0,"Here's the aggregated answer based on the provided video section descriptions:

The answers to ""What's in the middle of the road?"" vary depending on which section of the video is referenced:

*   **Full Video Answer:** The letter ""O"". This is the literal answer to the riddle. The video also shows a person walking in the middle of the road, playing on both the literal and figurative interpretations.
*   **Front Section Answer:** A child on a pink scooter. This is a humorous answer based on the video's content.
*   **Middle Section Answer:** A person, a pink inflatable ball, and a yellow dividing line. These are the objects present in the middle of the road in the video.
*   **End Section Answer:** A colorful object (possibly a piece of clothing like a towel) being dragged along the road. This is based on the first-person perspective shown in the video.

Therefore, the answer depends on the interpretation. The literal answer to the riddle is the letter ""O"". However, based on the video content, the answer could also be a person, a child on a scooter, a pink inflatable ball, a yellow dividing line, or a colorful object being dragged."
0871-1,"Based on the provided video section descriptions, here's what is located in the center of the road:

*   **Full Video Answer:** A person (likely a child) carrying two pink inflatable pool noodles.
*   **Front Section Answer:** Likely a boy and his scooter, as he crosses the crosswalk.
*   **Middle Section Answer:** A person with a pink inflatable ball.
*   **End Section Answer:** A colorful object (possibly a piece of clothing, like a towel) being dragged along the road.

**Reconciled Answer:**

The descriptions suggest different objects are located in the center of the road at different times or in different segments of the video. Therefore, a definitive single answer is impossible without seeing the video. However, based on the descriptions, the following objects are located in the center of the road at some point:

*   A person (likely a child) carrying pink inflatable pool noodles or a pink inflatable ball.
*   A boy and his scooter.
*   A colorful object (possibly a piece of clothing, like a towel) being dragged."
0871-2,"No. None of the video sections describe a chalk drawing of a young boy picking up a pink ball in the middle of the road. The descriptions mention a person with pink pool noodles, a young boy on a pink scooter, a person bouncing a pink ball, and a colorful object being dragged along the road, but none match the described scenario."
0871-3,"No.

Explanation:

*   **Full Video Answer:** Explicitly states the person is holding two pink inflatable pool noodles, not bags.
*   **Front Section Answer:** No mention of anyone holding bags.
*   **Middle Section Answer:** States the person is holding a pink inflatable ball, not bags.
*   **End Section Answer:** Cannot determine if a person is holding bags.

Reconciling the information, the full video answer provides the most direct answer, and the other sections either deny the presence of bags or don't mention them. Therefore, the most accurate answer based on the provided context is no."
0871-7,A
0872-0,"Based on all the provided video section descriptions, none of them contain the necessary information to answer the question: ""After the man puts down two water bottle packs, which direction did he move the upper pack relative to the camera's perspective?""

All sections state that the described video content does not include a scene of a man putting down two water bottle packs in a way that allows for determining the direction of the upper pack's movement relative to the camera. The End Section mentions stacks of water bottles being placed, but doesn't specify the direction of the second stack relative to the first.

Therefore, the answer is: **Cannot be determined.** The video descriptions do not provide the visual information needed to determine the direction the upper pack moved relative to the camera. To answer the question, the video would need to show the man placing the packs down and clearly show the movement of the upper pack relative to the camera's position (left, right, closer, further away, etc.)."
0872-1,"None of the provided video section descriptions contain the information needed to answer the question: ""In which direction did the man move the top water bottle pack after placing them down, from the camera's viewpoint?"" All sections state that the descriptions do not mention a man moving the water bottle pack after placing it."
0872-2,"Based on the provided video section descriptions, I cannot answer the question. None of the descriptions mention a man placing water bottles down or any subsequent movement of the water bottles. All sections state that they lack the necessary information to determine if the man moved the upper water bottle pack to the left after placing them down."
0872-3,"Based on the provided video section descriptions, I cannot definitively answer whether the man moved the upper water bottle pack to the right after placing them down. None of the descriptions provide the necessary details about the man's actions immediately after placing the water bottles. The End Section description comes closest, mentioning the placement of water bottles but explicitly stating it lacks information about subsequent movements. To answer the question, the video would need to show the man's actions right after setting the water bottles down, specifically if he adjusted the upper pack to the right."
0872-7,E
0875-0,"Based on the provided descriptions of the video sections (full, front, middle, and end), none of them mention any cell phones on the piano. Therefore, it is impossible to determine the number of cell phones on the piano based on the given information.

Answer: It is impossible to determine how many cell phones are on the piano based on the provided descriptions."
0875-1,"The number of cell phones on the piano is 0. All video sections explicitly state that the descriptions do not mention any cell phones being placed on the piano. The end section specifically clarifies that while the crowd is recording with their phones, none are mentioned as being on the piano itself."
0875-2,"Based on the provided video section descriptions, the question cannot be answered. None of the descriptions mention or confirm the presence of any cell phones on the piano, let alone ones with a green case and a light-colored case. All sections emphasize that a visual analysis of the video itself would be necessary to determine if these cell phones are present."
0875-3,"Based on the provided video section descriptions, the answer is:

I cannot answer the question. None of the video section descriptions mention the presence or absence of a cell phone on the piano, nor do they provide visual details about the area to the left of the pianist's hands. To answer the question, the video itself would need to be analyzed to visually identify any cell phones present on the piano. The descriptions focus on the performers, the music, and the crowd's reactions."
0875-7,A
0879-0,"After the fourth second, the Lego figures standing on the Penrose triangle have in common that they are all part of an impossible, visually deceptive scene. The video showcases an optical illusion, and the figures appear to be standing on the same plane of this impossible object (the Penrose triangle), which defies reality. They are all being viewed from a constantly changing perspective due to the camera's rotation, further emphasizing the illusion."
0879-1,"The characteristic shared by the LEGO figures from the fourth second onward is that they are all part of a visual illusion, specifically the Penrose triangle, which is being traced by a pencil. The camera also begins to rotate around the triangle, meaning they are all being viewed from different angles as the camera moves."
0879-2,"Based on the video section descriptions, the answer is likely **no**, the figures are probably not physically one.

Explanation:

*   All sections mention that there are three Lego minifigures positioned on the Penrose triangle.
*   The Middle Section Answer explicitly states, ""It doesn't say that any of them are physically connected. Therefore, based on the description, it's likely that the figure with the white head and the figure with the black outfit are **not** physically one. They are likely separate Lego minifigures.""
*   While the other sections acknowledge a lack of specific detail to definitively answer, they all point to the absence of information suggesting the figures are connected. They highlight the need for details about the figures' appearance and any physical connections between them, which are missing from the descriptions."
0879-3,"The answer is ambiguous due to the nature of the Penrose triangle.

Here's the breakdown:

*   **Full Video Answer:** Suggests they are on the same plane because they are all on the same LEGO structure (the Penrose triangle).
*   **Front Section Answer:** States it's impossible to determine due to the ambiguity of a ""plane"" on an impossible object like the Penrose triangle. It also points out the description doesn't confirm the outfit colors.
*   **Middle Section Answer:** Similar to the front section, it says it's impossible to definitively say due to the ambiguous nature of a ""plane"" on the Penrose triangle.
*   **End Section Answer:** Suggests they are *not* on the same plane because they are positioned at different points (vertices) on the (illusory) 3D structure.

Reconciliation:

The core issue is the Penrose triangle. It's an impossible object, so the concept of a ""plane"" is not straightforward. Some interpretations might consider the entire structure as a single, albeit distorted, plane. Others might see each side as a separate plane. The descriptions don't offer a definitive answer. While the full video answer leans towards ""same plane"" and the end section leans towards ""not the same plane"", the front and middle sections correctly point out the ambiguity and lack of specific details to make a firm determination. Therefore, based on the provided descriptions, it's impossible to definitively answer whether the figures are on the same plane."
0879-7,E
0880-0,"The direction of the arrow changes when a hand interacts with it. The front and end sections explicitly state that the arrow's direction changes as a result of the hand's action. The front section describes the arrow spinning after being touched, thus changing direction. The end section states that rotating the arrow 180 degrees with a hand changes its direction from right to left. The middle section confirms that a hand rotates the arrow, changing its orientation and direction. The full video answer is irrelevant as it states that there is no mention of a hand holding the structure."
0880-1,"The video does not directly show the arrow being lifted by hand.

*   **Full Video Answer:** Focuses on the arrow spinning and the mirror's effect of reversing the image.
*   **Front Section Answer:** Mentions the arrow spinning on its base due to a finger touch. It infers that lifting without rotation would maintain the perceived direction, while tilting or rotating would change it.
*   **Middle Section Answer:** States that if the arrow were lifted and moved, the reflection would likely still point in the opposite direction due to the illusion's design.
*   **End Section Answer:** Shows the arrow being rotated by hand, changing the perceived direction as the mirror reflects the new orientation.

Therefore, based on the video sections, we can only directly answer what happens when the arrow is rotated. When the arrow is rotated by hand, the perceived direction changes because the mirror reflects the new orientation. The sections infer that if the arrow was lifted without rotation, the perceived direction would remain the same."
0880-2,"The answer is uncertain based solely on the provided descriptions, but leaning towards the illusion persisting if the camera angle remains unchanged.

*   **Full Video Answer:** Suggests the illusion would persist regardless of the camera's position due to the mirror always reversing the image.
*   **Front Section Answer:** Argues the illusion would likely be affected (diminished or eliminated) because the camera is static and centered, providing a fixed perspective. Holding the object head-on would eliminate the angled view that creates the illusion.
*   **Middle Section Answer:** States the illusion would persist if the camera views both the arrow and its reflection simultaneously. However, if holding the arrow up to the camera means the mirror is no longer in view, the illusion would disappear.
*   **End Section Answer:** Concludes it's impossible to definitively answer but infers the illusion would likely persist if the camera perspective remains static and head-on. A significant change in camera angle could break the illusion.

Reconciling these, the key factor is the camera's perspective. If the camera maintains a view that shows both the arrow and its reflection in the mirror *and* the camera angle doesn't change significantly, the illusion would likely persist. The front section answer is the most skeptical, but its argument relies on the illusion being *entirely* dependent on the angle, which isn't explicitly stated. The other sections suggest the mirror's reflection is the primary driver of the illusion."
0880-3,"Based on the provided video section descriptions, the question of whether the structure appears to change direction when *lifted* is not directly addressed. However, the descriptions offer insights into how the structure's apparent direction changes due to the mirror's reflection and rotation.

The ""Full Video Answer"" and ""Middle Section Answer"" both highlight that the mirror creates an illusion of a change in direction because the reflection points in the opposite direction of the real arrow. The ""End Section Answer"" specifically mentions that the arrow appears to change direction when *rotated* due to the mirror.

The ""Front Section Answer"" does not include a mirror, so it cannot answer the question.

Therefore, while none of the sections directly address the lifting aspect, the mirror creates an illusion of direction change when the arrow is rotated. It is not clear whether the structure would appear to change direction when lifted."
0880-7,E
0886-0,The man in black is wearing a watch on his left wrist. This is based on the full video section description [0:00-0:04]. Other sections either don't mention the watch or state that they cannot determine its location.
0886-1,"The man in black is wearing his watch on his **left wrist**. This is visible in the video section [0:00-0:04], where he is first introduced. The other sections do not provide information about the watch or the wrist it is on."
0886-2,"Based on the provided information from different video sections, there is conflicting information:

*   **Full Video Answer:** Explicitly states the watch is on the *left* wrist.
*   **Front Section Answer:** Explicitly states the watch is on the *right* wrist.
*   **Middle and End Section Answers:** Do not provide any information about the watch or which wrist it's on. They only mention the black shirt.

Because the ""Full Video Answer"" directly contradicts the ""Front Section Answer,"" we cannot definitively say whether the watch is on the right wrist. The ""Full Video Answer"" seems more comprehensive as it summarizes the entire video, while the ""Front Section Answer"" might be a detail from a specific part.

**Answer:** It is not possible to definitively answer the question based on the provided information due to conflicting statements."
0886-3,"Based on the provided information, here's the aggregated answer:

*   **Full Video Answer:** Yes, the watch is worn on the left wrist of the man in black.
*   **Front Section Answer:** Yes, the watch is worn on the left wrist of the man in black.
*   **Middle Section Answer:** The description does not mention whether the man is wearing a watch, nor does it mention which wrist, if any, has a watch.
*   **End Section Answer:** The description doesn't mention whether the man in the video is wearing a watch, let alone which wrist it's on.

**Answer:**

Yes, based on the ""Full Video Answer"" and ""Front Section Answer"", the watch is worn on the left wrist of the man in black. The middle and end sections do not provide information to answer the question."
0886-7,E
0895-0,"Based on the provided video section descriptions, after a basketball smaller than standard is thrown (the ""Mini Hoop"" shot), the scene cuts to a basketball hoop with a chainsaw as a rim. This is supported by both the ""Full Video Answer"" and the ""Front Section Answer"". The ""Middle Section Answer"" and ""End Section Answer"" do not contain relevant information to answer the question."
0895-1,"The scene following the throw of the smaller basketball (mini hoop) shows a basketball hoop with a chainsaw as a rim. The chainsaw is running as the ball goes through the hoop. The text overlay reads ""chainsaw rim."" This is based on the ""Front Section Answer"" which directly addresses the question. The other sections either don't mention the mini basketball or describe the general structure of the video but don't specifically answer what happens after that particular shot."
0895-2,"No. The video sections consistently describe the ""mini hoop"" shot preceding the ""chainsaw rim"" shot. There is no mention of a smaller basketball being thrown before the chainsaw rim shot. The descriptions focus on the order of shots, and the types of trick shots performed."
0895-3,"Based on the provided video section descriptions:

*   **Front Section:** States a man shoots at and makes a shot into a mini basketball hoop (0:03-0:07). This confirms someone shoots into a mini hoop. It doesn't mention a smaller basketball being thrown beforehand.
*   **Middle Section:** Suggests the answer is likely no, as none of the described trick shots involve throwing a smaller basketball before shooting into a mini hoop.
*   **Full Video Answer & End Section:** Both state the descriptions don't explicitly confirm or deny the action of a smaller basketball being thrown before the mini hoop shot.

Reconciling the information, the Front Section clearly shows someone shooting into a mini hoop. The Middle Section suggests this action doesn't follow a smaller basketball being thrown. The Full Video Answer and End Section don't provide enough information to answer the question.

Answer: No, the description does not confirm that the scene cuts to a person shooting a basketball into a mini hoop *after* a smaller basketball is thrown. The front section shows someone shooting into a mini hoop, but it doesn't mention a smaller basketball being thrown beforehand. The middle section suggests the opposite."
0895-7,E
0898-0,"The question cannot be definitively answered based on the information provided in the video sections.

*   **Front Section:** This section doesn't mention pillows at all.
*   **Middle Section:** This section states the man throws two pillows onto the ""water"" and jumps on them, but doesn't describe any movement of the pillows after they land.
*   **End Section:** This section reiterates that the description lacks specific details about the man's actions with the pillows beyond stepping on them. It suggests analyzing the video for body orientation, pillow placement, and camera angle to infer the direction, but acknowledges that without these details, the answer remains unknown.
*   **Full Video Answer:** This section infers that the man is trying to get to the other side of the room, away from the sofa, and therefore likely moved the first pillow away from the sofa. However, it also acknowledges that this is an assumption based on the likely goal of crossing the room.

Therefore, without more specific visual details, the direction the man moved the first pillow after it landed on the ""water"" cannot be determined."
0898-1,"Based on the provided video section descriptions, it is impossible to determine which way the man moved the first pillow once it was on the water.

*   **Front Section:** Does not mention pillows or water interaction.
*   **Middle Section:** States he threw pillows onto the ""water"" and jumped on them, but doesn't specify any movement of the pillows after they land.
*   **End Section:** Mentions ""stepping from pillow to pillow"" but lacks details about how the pillows were initially placed or if their positions were adjusted.
*   **Full Video Answer:** Inferred he likely moved it forward, but without seeing the video, it's impossible to say for sure.

Therefore, none of the video sections provide the necessary information to answer the question definitively."
0898-2,"Based on the provided descriptions of the video sections, it is impossible to definitively answer whether the man moved the first pillow closer to the camera after it was on the water. None of the descriptions provide sufficient detail about the pillow's specific movements or positioning relative to the camera. To answer the question, the video would need to be reviewed to observe the initial placement of the pillow, any subsequent movements by the man, and the final position of the pillow relative to the camera."
0898-3,"Based on the provided video descriptions, the question ""Did the man move the first pillow to the right after it was on the water?"" cannot be definitively answered. All sections of the video description lack the necessary detail about the specific movements of the first pillow after it was placed on the water. To answer the question, one would need to analyze the video itself, looking for subtle movements of the pillow after its initial placement to see if the man adjusted its position to the right."
0898-7,E
0901-0,One green rubber band is held in the hands at the beginning of the video. All the relevant video section descriptions agree on this point.
0901-1,One rubber band. All video sections explicitly state or strongly imply that only one rubber band is being held at the start of the video.
0901-2,"No, the hand is not holding two rubber bands at the beginning of the video.

Explanation:

*   The ""Full Video Answer"" and ""Front Section Answer"" both explicitly state that the hand is holding *a* green rubber band, not two.
*   The ""Middle Section Answer"" acknowledges the instruction to ""pretend to be two rubber bands,"" but clarifies that this is part of the trick and that initially, only one rubber band is present.
*   The ""End Section Answer"" doesn't directly address the number of rubber bands, but confirms that at least one rubber band is present at the start.

Therefore, based on the combined information, the hand starts with one rubber band, and the trick creates the illusion of two."
0901-3,"Yes, the hand is holding only one rubber band at the beginning of the video. The ""Full Video Answer,"" ""Front Section Answer,"" and ""Middle Section Answer"" all explicitly state that the video begins with a hand holding a single rubber band. The ""End Section Answer"" doesn't address the question."
0901-7,C
0905-0,"The slope where the ball is located at the beginning of the video is a **downhill**.

Explanation:

*   The ""Middle Section Answer"" states that the marble rolls *down* one of the inclines at the beginning of the video (0:00-0:02), indicating a downhill slope.
*   The ""End Section Answer"" also confirms that the Penrose stairs all point downwards, meaning the initial slope is a downhill.
*   While the ""Full Video Answer"" mentions that it *appears* uphill initially due to the illusion, the other sections clarify the actual direction based on the marble's movement and the nature of Penrose stairs.
*   The ""Front Section Answer"" acknowledges the illusion but highlights the need to analyze the video. The other sections provide that analysis."
0905-1,"The answers are contradictory.

*   **Full Video Answer:** Initially appears to be an incline but is actually a decline.
*   **Front Section Answer:** Appears to be a decline.
*   **Middle Section Answer:** An incline.
*   **End Section Answer:** A decline.

Reconciling the answers, the best interpretation is that the initial view *appears* to show an incline, but the true nature of the surface is a decline due to the optical illusion. The ""Full Video Answer"" acknowledges the initial perception and then corrects it. The ""Front Section Answer"" also suggests it appears to be a decline. The ""End Section Answer"" describes the stairs as pointing downwards, indicating a decline. The ""Middle Section Answer"" is the only one that states it is an incline.

Therefore, the answer is: The ball is positioned on what *appears* to be an incline, but is actually a decline at the start of the video."
0905-2,"The slope where the ball is located at the beginning of the video is a downhill slope. The ""Full Video Answer"" clarifies that while the initial camera angle creates an optical illusion of an uphill slope, the video later reveals the slope is actually downhill. The ""Middle Section Answer"" directly states the marble rolls *down* the incline. The ""End Section Answer"" confirms the Penrose stairs are designed with a constant downward slope. The ""Front Section Answer"" states the narrator implies the ramp *appears* to be sloped downwards."
0905-3,"The slope where the ball is located at the beginning of the video appears to be an uphill slope. The ""Full Video Answer"" directly states this, noting the narrator's setup implies an uphill appearance. While other sections discuss the illusion and the fact it *actually* rolls downhill, the initial *appearance* is uphill based on the full video answer."
0905-7,C
0907-0,"The full video answer states the dog lands on the ground. The front and middle sections don't mention a dog at all. The end section mentions a dog running into the frame after the person falls, but doesn't say where it lands.

Therefore, based on the ""Full Video Answer"", the dog lands on the ground."
0907-1,"Based on the video descriptions provided, the most complete answer comes from the ""Full Video Answer."" While it doesn't explicitly state where the dog lands, it implies the dog likely lands on the ground near the plank after the flip, possibly unharmed. The other sections either don't mention the dog or only mention its appearance after the main event.

**Answer:** The dog likely lands on the ground near the plank after the flip."
0907-2,"Based on the provided video section descriptions, it's impossible to definitively say whether the dog lands on the man's body.

*   **Full Video & Front Section:** These sections don't mention the dog's involvement in the landing at all.

*   **Middle Section:** This section suggests it's unlikely the dog lands on the man because the description focuses on the man's awkward landing and doesn't mention the dog.

*   **End Section:** This section mentions the dog runs into the frame *after* the man falls, but it doesn't specify if the dog makes contact with the man. The dog's trajectory and the man's final position are unknown."
0907-3,"Yes, the dog lands on the grass at the end of the video. The middle and end sections explicitly state that the video takes place in a backyard with grass and the dog runs into the frame at the end. While the front section doesn't mention the dog, and the full video answer focuses on the man, the middle and end sections provide enough context to conclude the dog lands on the grass."
0907-7,E
0910-0,"The provided video section descriptions offer conflicting information and do not consistently show a man repeatedly picking up a child.

*   **Full Video Answer:** Suggests one instance of carrying someone piggyback, possibly for humorous effect.
*   **Front Section Answer:** Mentions a man carrying a child into a building and another putting a child in a trash can, as separate comedic incidents.
*   **Middle Section Answer:** No mention of a man and child interaction.
*   **End Section Answer:** No mention of a man and child interaction.

Therefore, based solely on the provided descriptions, it's impossible to definitively answer why a man would *repeatedly* pick up a child. The descriptions suggest isolated, potentially humorous, incidents rather than a repeated action. If the video section showed a man repeatedly picking up a child, possible reasons could include the child being tired, obstacles in the path, affection, safety concerns, or the child misbehaving, but this is speculative without the video content."
0910-1,"The video descriptions provide conflicting and incomplete information, making a definitive answer impossible. Here's a breakdown:

*   **Full Video Answer:** Suggests the repetition is the point, implying there's no logical reason. The action is absurd and comedic.
*   **Front Section Answer:** Doesn't explicitly state repeated picking up. It mentions a man carrying a child into a building and another putting a child in a trash can. It speculates that the man might be picking up the child to put the child into a trash can.
*   **Middle Section Answer:** Acknowledges the lack of information but offers hypothetical reasons (learning to walk, playing a game, child is tired, safety) *if* the action were present in that section.
*   **End Section Answer:** Confirms the absence of the action in that section, showing only people walking on a street.

**Final Answer:**

Based on the provided descriptions, the most probable reason the man repeatedly picks up the child is that **there is no real reason**. The full video description emphasizes absurdity and repetition as the core comedic elements. While other sections offer possible explanations if the action were present, the full video answer suggests the action is nonsensical and humorous in itself."
0910-2,"Based on the video descriptions provided in all sections, it is impossible to definitively say whether the man picking up the child is doing so as part of a social experiment to see if anyone will intervene. The descriptions focus on the humor, absurdity, general street scenes, and candid moments, without providing any information that suggests these actions are part of a planned experiment or observation of intervention behavior."
0910-3,"No, the man is not picking up the child to help them cross the street safely. The full video description explicitly states the video depicts repetitive, absurd actions for comedic effect involving carrying someone piggyback style into a doorway, unrelated to helping someone cross the street. While the front section description mentions a man carrying a child into a building, it also notes potentially misleading or humorous depictions. The middle and end sections describe street scenes with people walking but no interaction of a man helping a child cross the street. Therefore, based on all sections, the action is not related to helping a child cross the street safely."
0910-7,E
0914-0,"The answers from the video sections provide conflicting reasons for placing the beer bottle under the faucet.

*   **Full Video Answer:** Suggests it's a visual metaphor for rebranding, washing away the old identity.
*   **Front Section Answer:** Suggests it's to warm up the beer, a practice in some cultures.
*   **Middle Section Answer:** Doesn't mention a beer bottle, but a black cylindrical object (possibly a speaker) being washed, highlighting the humorous and unconventional act of washing an electronic device.
*   **End Section Answer:** States it's to wash the beer bottle, presented as unusual and potentially humorous.

Reconciling these, the most consistent explanation is that the beer bottle is being washed under the faucet. While the specific reason for washing it is less clear, the ""Full Video Answer"" provides a more nuanced interpretation, suggesting a symbolic cleaning or rebranding. The ""End Section Answer"" simply states the action of washing. The ""Front Section Answer"" is plausible but not supported by other sections. The ""Middle Section Answer"" is not relevant as it describes a different object.

Therefore, the most likely answer, based on the provided context, is: The beer bottle is placed under the faucet to be washed, possibly as a visual metaphor for cleaning away the old and revealing something new, or simply as an unusual and potentially humorous act."
0914-1,"The purpose of placing the beer bottle under the faucet in the video is multifaceted, depending on the video section.

*   **Full Video Answer:** Suggests it's a visual metaphor for rebranding, washing away the old identity to reveal a new one.
*   **Front Section Answer:** Suggests it's to warm up the beer, potentially a cultural practice.
*   **Middle Section Answer:** This section describes washing a black cylindrical object (possibly a speaker), not a beer bottle, and suggests the purpose is humorous due to the absurdity of washing electronics.
*   **End Section Answer:** Suggests it's for comedic effect, highlighting the unusual act of washing a beer bottle before opening it.

**Reconciled Answer:**

Given the conflicting information and the fact that different sections seem to show different actions (beer bottle vs. cylindrical object), it's difficult to give a definitive answer without seeing the entire video. However, based on the provided descriptions, the most likely purposes are either:

1.  **Visual Metaphor/Rebranding:** The water washing over the bottle could represent a change in the beer's image.
2.  **Comedic Effect:** The unusual act of washing a beer bottle, especially if done quickly and accompanied by music, is likely intended to be funny.
3.  **Cultural Practice:** The action is to warm the beer up.

The ""Middle Section Answer"" is irrelevant to the question since it does not describe a beer bottle being placed under the faucet."
0914-2,"The answer is inconclusive based on the provided video section descriptions.

*   **Full Video Answer:** States the water is used to reveal a different brand of beer label, not to shrink plastic.
*   **Front Section Answer:** Suggests warming the beer or washing a separate object, with no mention of shrinking plastic.
*   **Middle Section Answer:** Focuses on washing a black cylindrical object, not the beer bottle or plastic shrinking.
*   **End Section Answer:** Suggests the hot water *might* be used to shrink plastic packaging, based on the ""Hot Water"" tap label and general knowledge.

While the end section hints at the possibility, the other sections provide alternative explanations or focus on unrelated objects. Therefore, based on the aggregated information, it's impossible to definitively say that the beer bottle is placed under the faucet to demonstrate how hot water shrinks plastic packaging."
0914-3,"No, the beer bottle is not placed under the faucet to demonstrate a quick cooling method. All video sections consistently indicate the bottle is being rinsed or washed under the tap, often with hot water, and the video's focus is on cleaning, rebranding, or humor rather than cooling. Some sections also highlight the washing of other objects under the tap, further reinforcing that the tap is not being used for cooling beer."
0914-7,B
0918-0,"Based on the provided video section descriptions, there is no consistent information about a man putting soap in a box.

*   **Full Video Answer:** Suggests the man puts soap pieces in a jar between 0:04-0:09. To answer the question, the video section between 0:04 and 0:09 would need to be analyzed to see which hand he uses.
*   **Front, Middle, and End Section Answers:** Do not mention a man, soap, or a box. They describe other activities with blue blocks, gel, or soap sheets.

**Answer:** The question cannot be answered definitively based on the provided descriptions. The ""Full Video Answer"" suggests the man puts soap in a jar, not a box, and that the video section between 0:04 and 0:09 would need to be analyzed to determine which hand he uses."
0918-1,"The video sections provide conflicting information about what the person is doing with the soap and what kind of container is used.

*   **Full Video Answer & Front Section Answer:** State the person places small pieces of soap into a small container filled with water between 0:04-0:09 and 0:05-0:06 respectively. To determine which hand is used, the video section from 0:04-0:09 or 0:05-0:06 would need to be analyzed.
*   **Middle Section Answer:** Does not mention anything about a man, soap, or a box.
*   **End Section Answer:** States the person is holding a soap sheet, wetting their hands, using the soap sheet to create lather, and then rinsing their hands.

Based on the combined information, the most consistent description is that the person is placing small pieces of soap into a small container (likely filled with water). To determine which hand is used, the video section from 0:04-0:09 or 0:05-0:06 would need to be analyzed."
0918-2,"The descriptions provided do not definitively answer whether the man uses his right hand to put the soap in the box.

*   **Full Section, Middle Section, and End Section:** These sections explicitly state that the descriptions do not provide information about which hand is used to put soap in a box (or even if there is soap or a box in the video).
*   **Front Section:** This section mentions a ""Storage (0:05-0:06)"" section where the person places small pieces into a small container filled with water. While it doesn't specify which hand is used, this section *might* show the hand used to place the soap into the container."
0918-3,"Based on the provided descriptions, it's impossible to definitively answer whether the man uses his left hand to put the soap in the box.

*   The **Full Video Answer** and **Front Section Answer** both suggest examining the video between 0:04-0:09 and 0:05-0:06 respectively, to see which hand is used to place soap pieces into a container (jar).

*   The **Middle Section Answer** states the video features a person with a jar of blue gel who falls into a river and doesn't mention putting soap in a box.

*   The **End Section Answer** says the man uses soap sheets to wash his hands and doesn't mention putting soap in a box.

Therefore, to answer this question, the video section from 0:04-0:09 or 0:05-0:06 needs to be analyzed to see which hand the person uses to place the soap pieces into the container."
0918-7,E
0919-0,"The man creates the rainbow using colored markers and a light source, but the specific method varies across the video sections.

*   **Overall:** He uses markers to color a transparent object (tape roll, clear tape, or heart-shaped object) with rainbow stripes. He then shines a light (smartphone flashlight) through the colored object, projecting a rainbow onto the wall.

The discrepancies lie in the shape of the transparent object used: a tape roll (full video, middle section), a piece of clear tape (front section), or a heart-shaped object (end section). The ""Vector look-alike"" detail is irrelevant to how the rainbow is created."
0919-1,"The man creates a rainbow effect by coloring a roll of clear tape (or a clear, heart-shaped object) with rainbow-colored markers. He then shines a smartphone flashlight through the colored tape/object to project rainbow colors onto a surface, creating a representation of a rainbow."
0919-2,"Yes, the man creates a rainbow effect by using colored markers on clear tape. All video sections confirm this, although the end section specifies that the clear object is heart-shaped. The method involves coloring the tape (or heart-shaped object) with rainbow colors and then shining a light through it to project a rainbow."
0919-3,"No, the man does not create a rainbow using a prism. The video sections consistently describe the man creating rainbow-like effects by coloring tape or other objects with rainbow stripes and shining a light through them. This is a filtering or diffraction effect, not refraction through a prism."
0919-7,C
0924-0,"Based on the provided video section descriptions, it is impossible to determine what, if anything, the woman in the white top is holding in her hand at the end of the video. The descriptions focus on the prank itself, where a red substance is splattered on her, but do not provide any information about her holding a red object or any object at the end of the video."
0924-1,"The red item the woman in the white top is holding at the video's conclusion is likely the red liquid that splattered on her during the prank. The Full Video Answer directly states this based on the prank described. The Middle Section Answer supports this by reiterating the woman is covered in red liquid in the first scene and the video is short, implying the red liquid is still present at the end. The other sections do not provide information about the video's conclusion."
0924-2,"Based on the provided descriptions of the video sections, it is impossible to definitively answer the question. While the ""End Section Answer"" mentions a woman in a white shirt reading a book at the *beginning* of the video, it doesn't state the book's color or whether she's holding it at the *end*. The other sections either focus on different parts of the video or don't provide information about what the woman is holding."
0924-3,"Based on the provided video section descriptions, I cannot definitively answer if the woman in the white top is holding a red bottle at the end of the video. None of the descriptions mention a red bottle at the end. The end section description focuses on a seated woman covered in blue liquid and a blonde woman with exaggerated expressions."
0924-7,E
0926-0,"Based on the provided video section descriptions, it's difficult to definitively say which hand is ""pulling"" the thread in the traditional sense. Here's a breakdown and reconciliation:

*   **Full Video Answer:** States the hand holding the thread is pulling it.
*   **Front Section Answer:** Suggests one hand holds the thread taut while the other manipulates the needle, implying both hands are involved in the process.
*   **Middle Section Answer:** Suggests the hand holding the thread taut is pulling the thread.
*   **End Section Answer:** States the hand holding the needle is pulling the thread.

Reconciling these, the most accurate answer is: **It depends on how ""pulling"" is interpreted.**

*   One hand is holding the thread taut, providing tension. This could be considered ""pulling"" in the sense of maintaining a stable base.
*   The other hand is manipulating the needle, rubbing it along the thread. This could also be considered ""pulling"" in the sense of moving the needle along the thread.

Therefore, both hands are involved in the process of getting the thread through the needle."
0926-1,"Based on the video descriptions, it is difficult to definitively determine which hand pulls the thread through the needle.

*   **Full Section:** Implies the hand holding the thread is the one that pulls it through after the rubbing action.
*   **Front Section:** Suggests the hand holding the needle pushes or pulls the thread through after the friction technique.
*   **Middle Section:** Does not provide a direct answer, focusing on the technique rather than the hand used.
*   **End Section:** States the information is not explicitly stated and requires visual analysis of the video.

Reconciling the differences, the descriptions suggest a technique where one hand holds the thread taut while the other manipulates the needle, rubbing its eye along the thread. The *Front Section* answer is the most specific, implying the hand holding the needle ultimately pushes or pulls the thread through.

Therefore, the answer is likely the hand **holding the needle** is used to pull the thread through the eye, after the rubbing technique is applied."
0926-2,"The video descriptions do not explicitly state whether the right hand is responsible for pulling the thread through the needle. Instead, the video focuses on a technique where the needle eye is rubbed against the thread to facilitate threading. While the video implies that *some* hand will eventually pull the thread through, it does not specify which hand performs this action. The video emphasizes the rubbing motion of the needle against the thread, implying that this action, rather than a pulling motion, is key to threading the needle. The opening scene shows a hand struggling to thread the needle, but it's unspecified which hand it is. Therefore, based solely on the provided video descriptions, we cannot definitively say the right hand pulls the thread."
0926-3,"Based on the video descriptions, the answer is not explicitly stated. However, the video describes a technique where the eye of the needle is rubbed along the thread. This implies that one hand holds the needle and the other holds the thread. While the video doesn't explicitly say which hand pulls the thread through after the rubbing action, it is highly probable that the hand holding the thread would then pull it through the eye of the needle. The ""End Section Answer"" reinforces this idea, stating that typically one hand holds the needle steady while the other guides the thread and then pulls it through. Therefore, while not explicitly stated, it can be inferred that **the hand holding the thread is likely responsible for pulling the thread through the needle after the rubbing action.**"
0926-7,A
0927-0,"The video descriptions consistently state that they do not explicitly specify which arm the man uses to hold the child. However, they all point to the same reasoning: the man is performing an action with one hand (unwrapping a popsicle or opening a package), implying he must be holding the baby with the other arm. To definitively answer the question, the video would need to be viewed to observe which arm he uses while performing these actions."
0927-1,"The man in black (the father) uses his **left** arm to hold the child. The middle section answer explicitly states this, reasoning that since he is holding the ice pop with his right hand, he must be holding the baby with his left. The other sections do not provide a definitive answer but suggest analyzing the video to determine which arm is used."
0927-2,"The question cannot be answered based on the provided information from any of the video sections.

*   **Full Video Answer:** States the description doesn't specify which arm holds the baby or which hand holds the popsicle.
*   **Front Section Answer:** This section features a man eating a pickle and a baby, but not a man in black or a popsicle, making it irrelevant to the question.
*   **Middle Section Answer:** Mentions a father in a black t-shirt holding a baby and an ice pop, but doesn't specify which arm or hand is used for each.
*   **End Section Answer:** Reiterates that the description doesn't specify which arm holds the baby and which hand holds the popsicle.

To answer the question, the video would need to visually show the man holding the baby and the popsicle, with a clear view of his arms and hands to determine which arm is holding the baby and which hand is holding the popsicle."
0927-3,"The descriptions from the video sections do not explicitly state which arm the man uses to hold the baby or which hand he uses to hold the popsicle.

Here's a breakdown of what each section says:

*   **Full Video Answer:** Doesn't explicitly state the answer. Suggests it's likely the baby is held with the non-dominant arm and the popsicle with the dominant hand, but this is an inference.
*   **Front Section Answer:** Describes a man holding a baby while eating a pickle, not a popsicle, and doesn't specify which arm is used.
*   **Middle Section Answer:** Doesn't explicitly state the answer. Suggests it's more likely the baby is held with the left arm (non-dominant) and the popsicle with the right hand (dominant). Details what the video would need to show to answer the question.
*   **End Section Answer:** Doesn't explicitly state the answer. Details what the video would need to show to answer the question (which arm supports the baby, which hand opens the package, and which hand holds the popsicle).

**Final Answer:** The question cannot be answered based on the provided descriptions of the video sections. To answer the question, the video would need to clearly show the man holding the baby and the popsicle, with a clear view of his arms and hands to determine which arm is supporting the baby and which hand is holding the popsicle."
0927-7,E
0929-0,"Based on the provided video section descriptions, there is conflicting information about whether there are one or two little girls in the video.

*   **Full Video Answer:** Describes two separate scenes with a little girl in a green dress and a little girl in a blue dress.
*   **Front Section Answer:** Describes only one little girl.
*   **Middle Section Answer:** Describes two little girls, one in a green dress and one in a blue dress.
*   **End Section Answer:** Describes only one little girl.

Given this conflicting information, it's impossible to definitively answer the question about the similarities between the actions of the two girls. However, we can analyze the potential similarities *if* we assume the ""Full Video Answer"" and ""Middle Section Answer"" are accurate and there are indeed two girls.

**If there are two girls:**

The similarities between the actions of the little girl in the green dress and the little girl in the blue dress are:

1.  **Initial Curiosity/Interaction:** Both girls approach the statue and interact with it in some way (touching or speaking, or hugging).
2.  **Surprise:** Both girls are startled when the statue moves unexpectedly."
0929-1,"Based on the provided video section descriptions, here's how the little girl in the green dress and the little girl in the blue dress behave similarly towards the statue:

*   **Middle Section Answer:** The little girl in the green dress and the little girl in the blue dress both **physically interact with the statue**. The girl in the green dress hugs the statue, and the girl in the blue dress touches the statue. This initial action of physical contact is the similarity in their behavior.
*   **Full Video Answer:** Both the little girl in the green dress and the little girl in the blue dress approach the statue cautiously, interact with it physically (touching or speaking), and are startled when the statue moves, leading them to retreat to their families in fear.

**Answer:** Both the little girl in the green dress and the little girl in the blue dress **physically interact with the statue** (touching or hugging it), approach the statue cautiously, and are startled when the statue moves."
0929-2,"Based on the video section descriptions, the answer is: **We cannot determine if both girls try to support the statue.**

Here's why:

*   The ""Full Video Answer,"" ""Front Section Answer,"" and ""End Section Answer"" all state that the descriptions do not provide enough information to answer the question.
*   The ""Middle Section Answer"" describes two interactions. One involves a girl hugging the statue, and the other involves a little girl in a blue dress touching the statue. Neither of these interactions involves the statue pretending to fall or the girls trying to support it. The ""Middle Section Answer"" also states that a little girl in a green dress is not mentioned.

Therefore, based solely on the provided video section descriptions, there is no evidence to suggest that either girl, let alone both, tried to support the statue when it pretended to fall."
0929-3,"Based on the provided video section descriptions, here's the answer:

It is likely that the little girl in the blue dress is trying to determine if the statue is real. The Middle Section description notes that she touches the statue, and the statue then grabs her arm, suggesting she was testing it. However, the existence and actions of a little girl in a green dress are inconsistent across the descriptions. The Front Section doesn't mention her at all, and the Middle Section states there is no little girl in a green dress in the video. The Full Video Answer and Explanation does mention the little girl in the green dress. The End Section doesn't mention dress colors, but focuses on one girl's reaction. Therefore, while it's probable the girl in the blue dress is testing the statue, we cannot definitively confirm the actions or even existence of a girl in a green dress based solely on the video section descriptions."
0929-7,E
0933-0,"The video sections do not provide any information about a man in a costume lighting a fire. Instead, the video depicts a mascot (either Blue from the Indianapolis Colts or a person in a horse costume) approaching or pranking a woman working on a laptop, sometimes by smashing whipped cream in her face. Therefore, the question cannot be answered based on the provided information."
0933-1,"The video sections provided do not contain any information about a man in a costume starting a fire. Instead, they describe a prank where a person in a Colts mascot costume throws a pie or whipped cream in a woman's face. Therefore, based on the provided information, the reason the man in the costume started the fire is unknown because the video sections do not depict or mention any fire."
0933-2,"No, the man in the costume did not light a fire. The video descriptions consistently mention a pie or whipped cream being thrown at the woman as a prank, and none of them mention a fire. The front section shows the mascot approaching the woman, but the video ends before any interaction, so it doesn't provide an answer either way."
0933-3,"No. None of the video sections mention a fire. The descriptions focus on a person in a costume (mascot or horse) performing a prank on a woman, such as throwing a pie or slamming whipped cream in her face."
0933-7,E
0939-0,"The number of people playing roles in the video is unclear based on the provided information.

*   **Full Video Answer & Front Section Answer:** Suggest four people (three boys and a dad).
*   **Middle Section Answer & End Section Answer:** Suggest only one person.

The conflicting information makes it impossible to definitively determine the number of people playing roles. The middle and end sections explicitly state only one person is described in the video."
0939-1,"Based on the conflicting information from the video sections, it's impossible to definitively determine the number of individuals acting in the video.

*   **Full Video Answer & Front Section Answer:** Suggest four individuals (three boys and a dad).
*   **Middle Section Answer & End Section Answer:** Suggest one individual playing all the roles.

Without further information or clarification, the number of actors cannot be accurately determined."
0939-2,"Based on the provided information, the answer is **unclear and contradictory**.

*   **Full Video Answer:** Suggests multiple people played the roles of ""three boys and their dad.""
*   **Front Section Answer:** Suggests the ""dad"" is also one of the ""boys"" but implies other ""boys"" exist.
*   **Middle Section Answer:** Strongly suggests only one person played all roles based on the description of a single individual in different scenes.
*   **End Section Answer:** Strongly suggests only one person played all roles, focusing on the individual who wakes up and experiences the events.

The ""Full Video Answer"" and ""Front Section Answer"" contradict the ""Middle Section Answer"" and ""End Section Answer."" Without seeing the video, it's impossible to definitively say if one person played all the roles. The video description appears inconsistent."
0939-3,"The answer is unclear.

*   **Full Video Answer:** States there are four people based on the description mentioning three boys and their dad.
*   **Front Section Answer:** States there are three people, with one person playing two roles (a boy and the dad).
*   **Middle Section Answer:** States there is only one person playing multiple roles (awake and asleep).
*   **End Section Answer:** States there is only one person.

The video sections provide conflicting information. The ""Full Video Answer"" and ""Front Section Answer"" contradict each other regarding the number of people. The ""Middle Section Answer"" and ""End Section Answer"" suggest only one person is involved. Therefore, based on the conflicting information provided by the video sections, it is impossible to definitively answer whether there are four different people playing roles in the video."
0939-7,"Let's analyze the provided information:

*   **Full Video Answer:** C (Four)
*   **Front Section Answer:** C (Four)
*   **Middle Section Answer:** B (One)
*   **End Section Answer:** B (One)

The answers are inconsistent. The full video and front section suggest four people are playing roles. The middle and end sections suggest only one person is playing a role.

Without more context about the video's content and structure, it's impossible to definitively reconcile these differences. It could be that the video starts with four people, and then focuses on just one person in the middle and end. Or, perhaps the ""roles"" change throughout the video.

Since the full video answer is ""C (Four)"", and the front section supports this, while the middle and end sections are different, the best answer based on the information available is:

C"
0942-0,"The purpose of the man catching the egg with the side of the spatula and breaking it is to **create an artistic design on the teppanyaki grill, specifically a heart and potentially some writing (Chinese characters).** While the video description doesn't explicitly state he *catches* and *breaks* the egg in this way, it does describe him manipulating the egg and yolk to create a design. The breaking of the egg is likely a necessary step or a consequence of his technique to achieve the desired shape. The overall goal is to entertain and showcase his teppanyaki skills, contributing to the comedic and theatrical nature of the performance."
0942-1,"The man likely uses the side of the spatula to catch and break the egg for a combination of reasons:

*   **Skill and Performance:** It showcases his teppanyaki skills, dexterity, and control, turning a simple task into a visually interesting performance.
*   **Precision and Control:** The sharp edge of the spatula allows for finer manipulation of the egg yolk, crucial for creating specific designs like the heart shape and Chinese characters.
*   **Visual Appeal:** Using the spatula adds to the overall presentation and contributes to the humor and entertainment value of the video.

The video descriptions consistently point to the man's skill and the visual aspect of his actions as the primary reasons for his technique. While efficiency might not be the goal, the spatula provides a level of control necessary for the specific designs he creates."
0942-2,"Based on the video sections, the answer is likely yes, but with some caveats.

*   **Full Video Answer:** Confirms teppanyaki technique and egg manipulation, including cracking the egg.
*   **Front Section Answer:** Suggests it's *possible* he's demonstrating an egg-catching routine, but doesn't confirm catching *and* breaking.
*   **Middle Section Answer:** Supports that the manipulation with two spatulas implies skill that *could* include catching and breaking.
*   **End Section Answer:** States the description doesn't explicitly say he's catching and breaking, but rather manipulating the egg.

Reconciling these, the overall picture is that the man is demonstrating a teppanyaki cooking technique involving an egg. While the description doesn't explicitly confirm the catching and breaking, the manipulation with spatulas, the skill implied, and the full video description suggest it's likely part of the demonstration."
0942-3,"No, the man in the video is not breaking the egg to show how fragile eggs are. The video descriptions consistently indicate that the man is intentionally manipulating the egg, especially the egg white and yolk, with spatulas to create art (shapes, writing, designs) on the teppanyaki grill. This is part of his showmanship and a demonstration of his culinary skills, not an attempt to highlight the egg's fragility. While the front section answer acknowledges the possibility of accidental breakage highlighting fragility, the other sections directly refute this idea, emphasizing intentional manipulation for artistic purposes."
0942-7,C
0946-0,"The man did not touch the chicken's foot. None of the video sections describe the man touching the chicken's foot. The descriptions focus on the man drawing a line, erasing the line, and the chicken's reaction to these actions."
0946-1,"The video descriptions from all sections consistently state that the man did not touch the chicken's foot or any part of its body when it became still. Instead, the descriptions focus on the man drawing a line, positioning the chicken's beak near the line, and the chicken becoming fixated.

Therefore, the answer is: The man did not touch the chicken's foot. The video descriptions indicate the chicken became still due to a line drawn in the dirt, not physical contact."
0946-2,"Based on the provided information from all video sections, the answer is: **The video descriptions do not provide an answer to the question.**

Explanation: None of the video section descriptions mention the man touching the chicken's left foot after it stops moving. The descriptions focus on hypnotizing the chicken, its appearance, the rooster sleeping, erasing a line in the dirt, and the chicken attacking. To answer the question, the video would need to show the man's actions after the chicken is seemingly hypnotized, specifically focusing on his hand and the chicken's left foot."
0946-3,"Based on the provided video section descriptions, the answer is: **The question cannot be answered.**

Explanation: None of the video section descriptions mention the man touching the chicken's right foot at any point, before or after it stops moving. The descriptions focus on the man drawing a line, the chicken's reaction to the line, the man erasing the line, and the chicken attacking the man."
0946-7,E
0949-0,"The boss of the company appears in the video twice.

*   **First Appearance:** Disguised as a blind beggar/homeless man. This occurs at the beginning of the video, specifically from 0:00 onwards (Front Section, Middle Section). He is seen sitting on the ground and interacting with people.
*   **Second Appearance:** As the boss/interviewer, revealing his true identity. This happens at the end of the video (Full Video Answer, End Section), specifically around 0:11 (End Section) and 0:14-0:19 (Middle Section). He reveals himself to the interviewees after the young man is hired."
0949-1,"The company's boss appears in the following scenes:

*   **As the ""blind"" beggar:** He is seen in the initial scenes (Introduction, Second Interaction, The Test) where he is sitting with a donation box, interacting with the individuals. This is supported by the Front, Middle, and Full Video sections.
*   **As the boss during the job interview:** He is seen at the end of the video (The Revelation, Twist, Revelation), revealing his true identity after the young man is hired. This is supported by the Middle, End, and Full Video sections."
0949-2,"Yes, the boss appears at the start as a beggar and later in a suit.

Explanation: All video sections confirm that the boss appears as a beggar at the start. The full video answer, middle section answer, and end section answer all explicitly state that the boss later appears in a suit, either by revealing himself or being seen in a suit before the disguise. The front section answer only confirms the beggar appearance, but doesn't contradict the later suit appearance."
0949-3,"No, the boss does not only appear at the end of the video in a suit. He is seen in a suit earlier in the video (introduction, job interview scene) before revealing himself to be the ""blind"" beggar. The end section confirms he appears in a suit at the end during the revelation."
0949-7,E
0950-0,"The state of motion of the ball when the man strikes the second time is stationary. The full video answer provides the most comprehensive breakdown, stating that the second strike involves a 240 Hz tuning fork, and the ping pong ball does not bounce in this instance, indicating it is stationary."
0950-1,"The ball attached to the second tuning fork vibrates noticeably when the man hits the first tuning fork for the second time. This is because both tuning forks are now resonating at the same frequency (260 Hz), causing the second tuning fork to vibrate in sympathy, and this vibration is amplified to the point where it causes the ping pong ball to move significantly."
0950-2,"The answer depends on which ""second time"" the question refers to.

*   **If the question refers to when the 240 Hz tuning fork is struck:** The ball remains still (0:14-0:27).

*   **If the question refers to when the 260 Hz tuning fork is struck *after* the weight is removed from the second tuning fork:** The ball bounces (0:27-0:44).

*   **If the question refers to when the 260 Hz tuning fork is struck when both tuning forks are at 260 Hz:** The ball does not remain still (0:14-0:17).

*   **If the question refers to the first tuning fork being struck a second time after the initial demonstration:** The ball will not remain still. The second tuning fork will continue to vibrate and the ball will continue to move."
0950-3,"Yes, the ball starts moving upwards when the man strikes the tuning fork the second time. The video description details that when the tuning forks have matching frequencies (both at 260 Hz), striking one tuning fork causes the ping pong ball attached to the other tuning fork to vibrate noticeably. ""Moving upwards"" is a type of vibration, so the ball must be moving upwards as part of that vibration."
0950-7,E
0952-0,The question cannot be answered. All video sections consistently state that only two people are clearly visible: an adult (presumably the person filming) and a child. No third person is described in any of the video sections.
0952-1,"The video descriptions consistently state that they only mention two individuals: a child and an adult (or parent). None of the sections provide information about a third individual or their outfit. Therefore, it is impossible to determine the color of the outfit worn by a third individual based on the provided video section descriptions."
0952-2,"Based on the provided video section descriptions, the question cannot be answered. None of the sections mention a third person or anyone wearing an orange-black outfit. The descriptions focus on a child and an adult, and their interaction."
0952-3,"The answer is yes, according to the End Section. The End Section states, ""Yes, the third person in the picture is wearing a pink outfit. The video description states 'The child is also wearing a helmet, goggles, and a pink snowsuit.' Since the video shows an adult and a child, and the adult is the first person perspective, the child is the third person in the video."" The other sections either don't mention a third person or explicitly state they cannot answer the question. The End Section directly answers the question."
0952-7,E
0956-0,"The video description does not explicitly state the rotation direction of a red stick. However, several sections point to potentially relevant information:

*   **Full Video Answer:** Mentions a section on rotational inertia (0:46-1:04) where different poles are compared, and suggests looking for the presence and motion of a red stick in that section.
*   **Front Section Answer:** Refers to a ""Demonstration with Weighted Pole (0:17-0:29)"" that *might* involve a red pole or a pole with red markings. It suggests looking for the pole's appearance, how the man manipulates the cutout, and the presence/direction of red arrows.
*   **Middle Section Answer:** Refers to a section (0:16-0:29) where two rods of different lengths (one potentially red) are compared in terms of rotational inertia.
*   **End Section Answer:** Suggests analyzing the video section between 0:00-0:07 to observe the movement of the red stick.

**Conclusion:**

The video description does not provide a definitive answer. To determine the rotation direction of the red stick, one would need to analyze the video sections mentioned above (0:00-0:07, 0:16-0:29 and 0:46-1:04). The analysis should focus on identifying if a red stick is present, if it's rotating, and if so, whether it's rotating clockwise or counter-clockwise. The presence and direction of any red arrows would also be relevant."
0956-1,"Based on the provided descriptions, it's impossible to definitively determine the direction of rotation of the red stick.

*   The **Full Video Answer** and **Middle Section Answer** explicitly state that the description doesn't provide enough information to answer the question.
*   The **Front Section Answer** speculates that the red stick rotates back and forth to maintain balance, but this is an inference based on the overall context of the video and not a direct observation of the stick's movement.
*   The **End Section Answer** suggests analyzing the video between 0:00 and 0:07 to observe the stick's movement and determine the rotation direction.

Therefore, the answer is: The video description does not specify the direction of rotation of the red stick. To determine the direction, one would need to analyze the video section between 0:00 and 0:07 and observe the movement of the red stick."
0956-2,"The descriptions of the video sections provide conflicting information and do not definitively answer if the red stick rotates clockwise.

*   **Full Video Answer:** Needs visual analysis of the video for presence, movement, and direction of rotation of the red stick.
*   **Front Section Answer:** Suggests the ""red stick"" might be a red arrow indicating the center of mass, not a rotating object.
*   **Middle Section Answer:** Mentions red and blue rods used in a rotation demonstration between 0:16-0:29, but doesn't specify the direction of rotation. This section might answer the question.
*   **End Section Answer:** Needs visual analysis of the video section where the red stick is visible to determine its movement and direction of rotation.

**Answer:**

The question cannot be answered definitively based on the provided descriptions. The middle section (0:16-0:29) shows a rotation demonstration using red and blue rods. To answer the question, that specific video section needs to be analyzed to determine the direction of rotation of the red rod (if it is indeed rotating) relative to the camera."
0956-3,"Based on the provided information from the video sections, it is impossible to definitively answer whether the red stick rotates in a counterclockwise direction relative to the camera.

*   **Full Video Answer:** States the description doesn't mention a red stick.
*   **Front Section Answer:** Mentions a ""Demonstration with Weighted Pole"" that *might* be the red stick. If so, observing the pole's movement in that section is necessary to determine its direction of rotation.
*   **Middle Section Answer:** Mentions red and blue rods in a rotation demonstration, but doesn't state the direction of rotation of the red rod.
*   **End Section Answer:** Doesn't mention the direction of rotation of any red stick.

Therefore, the answer cannot be determined from the provided descriptions. To answer the question, one would need to view the ""Demonstration with Weighted Pole"" section (0:17-0:29) and/or the ""rotation demonstration"" section to observe the movement of the red stick (if it exists) and determine its direction of rotation relative to the camera. If the top of the red stick moves to the left, it's rotating counterclockwise from the camera's perspective."
0956-7,E
0957-0,The nylon polymer formed at the interface of the two solutions in the beaker. Tweezers (mentioned in the middle section) and a glass rod (mentioned in the full and middle sections) or swab (mentioned in the end section) were used to pull the nylon out of the beaker and wrap it around the rod/swab.
0957-1,"The process that led to the substance in the beaker being transferred to the rod is **physical extraction** of a polymer formed at the interface of two solutions. The presenter used tweezers or a rod to grasp the stringy plastic (nylon) that formed at the interface of the two liquid solutions in the beaker. He then pulled the plastic out of the beaker and wrapped it around the glass rod or swab. This process relies on the cohesive properties of the plastic, allowing it to be drawn out as a continuous strand as the chemical reaction continues to produce more nylon at the interface. The full video answer identifies the chemical reaction as polymerization and the physical extraction as mechanical extraction, which further clarifies the process."
0957-2,"Yes, the substance in the beaker ended up on the rod by being pulled out and wrapped around it. The full video description, middle section, and end section all explicitly state that the substance (nylon polymer or a slimy, stringy substance) is pulled out of the beaker using tweezers or a swab and then wrapped around a glass rod or formed around the swab. The front section does not describe the process, but the other sections provide clear confirmation."
0957-3,"Yes, the substance in the beaker ended up on the rod because it adhered to the rod when it was inserted. All video sections consistently describe the substance (nylon polymer) adhering to the rod, allowing it to be pulled out of the beaker. The full video answer explicitly states this, while the other sections imply it through descriptions of stirring and wrapping the substance around the rod."
0957-7,C
0973-0,"The man in the gray hoodie on the left gets injured between 0:07-0:11. The End Section description states that he is hit in the face by balloons, exclaims ""ow!"", and says ""they're bouncing back!"" during this timeframe. The other sections either don't mention the injury or suggest looking for visual cues in the video."
0973-1,"The man in the gray hoodie on the left is likely hit in the face by balloons between 0:07-0:11. The End Section description states that a participant is hit in the face by balloons at this time, exclaims ""ow!"", and says ""they're bouncing back!"". The text overlay also says ""ow!"". This indicates he is in pain."
0973-2,"Based on the provided video section descriptions, it is impossible to definitively answer whether the man in the gray hoodie on the left got injured during the final balloon popping game. None of the descriptions specifically mention him or his condition. While the descriptions mention Mr. Beast having a mark on his forehead and another participant being hit in the face, it's not confirmed if the man in the gray hoodie on the left is either of these people. To answer the question, the video footage itself would need to be analyzed for visual cues of injury on the man in the gray hoodie."
0973-3,"The provided descriptions do not definitively answer whether the man in the gray hoodie on the left was injured at the beginning of the video. All sections confirm that the description lacks specific information about a man in a gray hoodie being injured at the very start (0:00-0:02). The end section mentions a participant being hit by balloons and exclaiming ""ow!"" between 0:07 and 0:11, and having a red mark, but it's uncertain if this is the same person.

Therefore, to answer the question, one needs to watch the first few seconds (0:00-0:02) of the video to check for:

1.  The presence of a man in a gray hoodie on the left side of the frame.
2.  Any signs of injury to that person during those initial seconds."
0973-7,D
0974-0,"The straw was most likely put into the bottle between 0:00 and 0:04. Both the ""Full Video Answer"" and the ""Front Section Answer"" point to this timeframe, stating that the bottle preparation, including inserting the straw, likely occurred during the introduction (0:00-0:04). The ""Middle Section Answer"" and ""End Section Answer"" do not provide relevant information about the straw."
0974-1,"The straw is inserted into the bottle between 0:00 and 0:04. The ""Front Section Answer"" explicitly states this. The ""Full Video Answer"" infers a similar timeframe. The ""Middle Section Answer"" and ""End Section Answer"" do not mention the straw at all. Therefore, based on the provided video section descriptions, the most accurate answer is between 0:00 and 0:04."
0974-2,"Based on the provided information from different video sections, here's the aggregated answer:

Yes, according to the ""Front Section Answer"", the person in the video put the straw into the bottle during the preparation phase. The description states, ""An orange straw is inserted into the bottle"" after the person drills a hole. While other sections don't mention the straw or are inconclusive, the ""Front Section Answer"" provides a definitive ""yes"" based on its description of the preparation phase."
0974-3,"No, the person did not put the straw into the bottle at the end of the video while sitting at a table. The front section description explicitly states the straw was inserted into the bottle during the preparation stage (0:00-0:04) in the kitchen. The end section does mention the person sitting at a table with the bottle, but it doesn't say anything about the straw being inserted at that time."
0974-7,B
0976-0,"The woman answers the first question in the first scene of the video (0:00-0:05). The puzzle is ""Birds"" inside a heart shape, and she correctly answers ""Lovebirds."""
0976-1,"Based on the provided video section answers, there are conflicting claims.

*   **Front Section Answer:** States the man wearing a beanie and a white jacket answers first with ""Crossroads"".
*   **Middle Section Answer:** States the woman answers first with ""Lovebirds"".
*   **Full Section Answer:** States that the answer will be either the man or the woman, but the description does not specify who speaks first.
*   **End Section Answer:** States it cannot definitively say who responds first.

The Front and Middle Section answers provide specific answers. Because they are contradictory, we must consider the details provided in each. The Front Section indicates the first puzzle is ""ROADS ROADS ROADS ROADS"" and the answer is ""Crossroads"", while the Middle Section indicates the first puzzle is ""Birds"" inside a heart shape and the answer is ""Lovebirds"". Because they are different puzzles, it is possible that they are from different videos or different sections of the same video.

Therefore, based on the video sections, it's impossible to definitively say who answers first without further clarification."
0976-2,"Yes, based on the middle section's video breakdown, the person on the left is the first to answer the question in the first scene. The middle section details that in the first scene (0:00-0:05), the woman correctly answers ""Lovebirds,"" and it infers that the woman is likely on the left from the observer's perspective."
0976-3,"The provided descriptions do not definitively answer the question of whether the person on the right from the observer's perspective is the first to answer the question in the first scene.

Here's why, based on each section:

*   **Full Video Answer:** Explicitly states that the description lacks the necessary visual information to determine positions and who speaks first.
*   **Front Section Answer:** Identifies the person on the right as the woman in the black hoodie, but doesn't say who answers the first riddle.
*   **Middle Section Answer:** States that we cannot determine if the person on the right answers first because the description doesn't provide information about the positions of the man and woman relative to the camera during the initial answers. It only details who answers specific puzzles correctly, but not the order in the first scene.
*   **End Section Answer:** Reiterates that the description doesn't specify the order of answers in the first scene.

Therefore, without visual information or explicit statements about who answers first in the first scene from the right side, the question cannot be answered based on the provided text."
0976-7,"Based on the video sections, the most likely answer is **D**.

The ""Middle Section Answer"" explicitly states that the woman answers the first puzzle, and the description identifies the woman as being on the right. However, the middle section answer also states that the woman answers ""Lovebirds"" which does not match the front section answer of ""Crossroads"".

The Front Section Answer states that the man is on the left and the woman is on the right, but does not say who answers first.

The Full Video Answer and End Section Answer both state that it is impossible to tell who answers first based on the video description.

Therefore, the most likely answer is the person on the left.
D"
0983-0,"The appearance of a second person in the video is due to two distinct reasons:

1.  **The Security Guard:** The full video answer and middle section answer confirm the presence of a security guard who appears and yells at the artist for spray-painting the wall. This is explicitly stated in the full video answer and implied by the audio in the middle section answer.

2.  **The Person Filming:** The front section answer suggests the presence of a videographer. While not explicitly mentioned, someone must be filming the artist, thus creating the appearance of a second person.

The end section answer offers a different interpretation, suggesting the mural of a child might give the *impression* of a second person. However, this is more about a perceived presence rather than an actual second person in the video."
0983-1,"The appearance of the second individual, the security guard, is caused by the man spray-painting the wall, which the guard perceives as vandalism. The guard appears and yells at the man, leading to the man's escape."
0983-2,"Yes, based on the full video answer, the second person in the video is a security guard investigating the graffiti artist. The full video description explicitly states that at [00:00:15-00:00:17], ""A security guard appears and yells at the man, telling him he can't do that."" The other sections provide conflicting or insufficient information. The front section doesn't mention a second person. The middle section suggests the person yelling could be a security guard but doesn't confirm it. The end section only shows a security guard climbing a ladder and doesn't mention an investigation. Since the full video description directly answers the question, it overrides the other sections."
0983-3,"Based on the video descriptions, the answer is likely yes, the second person is a painted silhouette.

Explanation: While none of the descriptions definitively state ""the girl is a painted silhouette,"" the ""Front Section Answer"" states that the artist is using spray paint to create the stencil-like image of the girl and the ladder on the wall. This strongly suggests the girl is part of the mural and therefore a painting. The other sections either support this conclusion or do not provide information to contradict it."
0983-7,"Based on the video sections:

*   **Full Video Answer: A** - Suggests the person is a security guard.
*   **Front Section Answer: E** - Suggests none of the options are correct.
*   **Middle Section Answer: C** - Suggests the person is a passerby.
*   **End Section Answer: E** - Suggests none of the options are correct.

Reconciling the differences: We have conflicting answers. ""Full Video"" suggests ""A"", while ""Middle Section"" suggests ""C"". ""Front Section"" and ""End Section"" suggest ""E"". Since the full video answer is available, that is the most complete answer.

**A**"
0985-0,"Based on the provided descriptions, the answer is likely no.

Here's why:

*   **Full Video Answer:** States that the description doesn't mention money being in the cup at any point, only wrapped items.
*   **Front Section Answer:** Doesn't mention money in the cup at the beginning, only a small object being covered and disappearing.
*   **Middle Section Answer:** Suggests the woman is likely placing something new in the cup, implying it's not the original money (if any).
*   **End Section Answer:** Describes a wrapped candy or small object, not money, being revealed under the cup at the end.

Although the description lacks explicit confirmation of money being in the cup at the beginning, the overall context suggests a magic trick or prank. The woman's actions and the appearance of a different object at the end strongly indicate that the contents of the cup are being manipulated, and the final item is not the original contents."
0985-1,"Based on the provided video section descriptions, it's impossible to definitively say if the money in the cup at the end is the same as at the start.

*   **Front Section & End Section:** These sections don't even mention money being involved, only small objects or candy.
*   **Middle Section:** This section suggests a change is happening, implying the contents of the cup are being altered.
*   **Full Video Answer:** This section suggests a switch occurs under the cup, implying the money at the end is not the same as the money at the start.

Therefore, the most likely answer, based on the *Full Video Answer* and *Middle Section* which imply a swap or change happening under the cup, is: **No, the money in the cup at the end is likely not the same as the money in the cup at the start.** However, without direct confirmation of money being present at the beginning and end, this remains an inference."
0985-2,"Based on the provided video section descriptions, we cannot determine if the money in the cup at the end came from the man's ear at the beginning. All sections explicitly state that they lack the necessary information to answer the question. The descriptions focus on the festive setting, attire, and general setup, but none mention the man pulling money from his ear or the presence of money at the beginning of the video. To answer the question, we would need a description of the video's beginning, specifically detailing any actions the man performs involving his ears and money."
0985-3,"Based on the provided descriptions of the video sections, it is impossible to definitively answer whether the money stayed in the cup throughout the video as it was shaken. None of the descriptions explicitly mention money being in the cup or the cup being shaken. The descriptions focus on the man performing actions with the cup, such as covering objects and making gestures, and the woman performing actions behind her hand. These actions could potentially involve shaking the cup with money inside, but without more specific details, it is impossible to confirm."
0985-7,E
0995-0,"The answer to the eighth question is ""Long overdue"" according to the ""Front Section Answer"". The ""Middle Section Answer"" identifies the eighth question as a visual riddle at [00:00:54-00:00:55] depicting a picture frame with the letter ""C"" inside, but it does not provide the answer. The ""End Section Answer"" states there is no information about the eighth question. The ""Full Video Answer"" explains that the video description does not provide the specific content of each puzzle.

Since the ""Front Section Answer"" directly provides an answer, and there's conflicting information from other sections, the most likely answer based on the provided information is ""Long overdue""."
0995-1,"The eighth question, presented between [00:00:54-00:00:55] in the middle section of the video, is ""What item is this?"" in reference to a picture frame with the letter ""C"" inside. Therefore, the response to the eighth question would be the answer to that riddle. While the middle section identifies the question, it does not provide the answer. The ""Front Section Answer"" provides the answer to the eighth riddle, ""long"" over ""due"", is ""Long overdue"". However, the middle section describes the eighth question as ""What item is this?"" in reference to a picture frame with the letter ""C"" inside. Therefore, the answer to the eighth question based on the middle section is ""See-through"" or ""See through""."
0995-2,"The answer is yes. The ""Front Section Answer"" states that the eighth riddle is described as ""long"" over ""due,"" which directly translates to the phrase ""Long overdue."""
0995-3,"No, the answer to the eighth question in the video is not ""up to no good."" The End Section Answer states that the eighth question is the puzzle presented between 0:35 and 0:49 featuring the letters ""S G E G"" with the ""S"" tilted, and the answer to this puzzle is ""Scrambled eggs."" The Front Section Answer also contradicts the question, stating that the eighth riddle is ""long"" over ""due"" and the answer is ""Long overdue""."
0995-7,E
0996-0,"Based on the provided video section answers, there are conflicting claims about the timer tools shown.

*   **Full Video Answer:** Claims only a sundial and pendulum clock are mentioned, making it impossible to determine a third.
*   **Front Section Answer:** Lists a sand timer, sundial, and pendulum clock as the first, second, and third, respectively.
*   **Middle Section Answer:** Mentions a paper clock and clocks, but only two, making it impossible to determine a third.
*   **End Section Answer:** Lists a shark fin shape (sundial), a ""little white clawK"" clock, and a ""big black cl-"" clock as the first, second, and third, respectively.

Reconciling these differences is difficult without seeing the video. However, the most direct answer to the question, based on the information provided, comes from the **Front Section Answer**, which explicitly lists the timer tools in order.

Therefore, the third timer tool allowed to be shown in the video is the **pendulum clock**."
0996-1,"The third timekeeping device is a clock presented as a ""big black cl-.""

The ""Full Video Answer"" identifies the third device as the ""ClawK,"" which is the pendulum clock, but the timeframe provided (0:26-0:47) occurs *after* the introduction of the first two devices. The ""Front Section Answer"" only lists the first two devices. The ""Middle Section Answer"" mentions a ""black disc,"" but doesn't explicitly state it's a timekeeping device, only implying it. The ""End Section Answer"" directly addresses the question and describes the third device as a ""big black cl-,"" which is the most direct and relevant answer based on the video sections."
0996-2,"Based on the conflicting information from the video sections, here's the aggregated answer:

The answer is uncertain due to conflicting information.

*   **Full Video Answer:** States there are only two inventions and the second is a pendulum clock. This implies there is no third timekeeping tool.
*   **Front Section Answer:** States the third timekeeping tool is a pendulum clock, reasoning that the first two were a sand cup and sundial.
*   **Middle Section Answer:** Mentions only two timekeeping tools: a paper clock and a black disc.
*   **End Section Answer:** Mentions a man holding a clock, but doesn't describe its mechanism. It also introduces a plot twist about Galileo stealing the idea of a pendulum clock.

Therefore, it's impossible to definitively answer the question based on the provided information. The video sections contradict each other regarding the number of timekeeping tools presented and their mechanisms."
0996-3,"Based on the provided video section answers, here's the breakdown:

*   **Full Video Answer:** States there are only two timekeeping tools shown: a sundial and a pendulum clock. Therefore, there is no third tool.
*   **Front Section Answer:** Identifies a sand-based timer (rejected), a sundial, and a pendulum clock. This implies the third tool shown is a pendulum clock.
*   **Middle Section Answer:** Mentions a paper clock and a black disc, not a sundial.
*   **End Section Answer:** Implies that the tools shown before the final scene are *not* sundials.

**Reconciliation and Answer:**

The ""Full Video Answer"" and ""Front Section Answer"" contradict each other regarding the number of tools shown. The ""Middle Section Answer"" introduces completely different objects. The ""End Section Answer"" indirectly implies that the third tool is not a sundial.

Considering the conflicting information, it's impossible to definitively answer the question based solely on the provided video section descriptions. The descriptions are inconsistent and don't provide a clear picture of what the third timekeeping tool is (or if it even exists).

**Answer:** It is not possible to determine if the third timekeeping tool shown in the video is a sundial based on the provided descriptions. The descriptions are inconsistent and contradictory."
0996-7,B
0999-0,"The man imitating Curly from the Three Stooges attempts to navigate the branches (represented by a log or stick) in different ways, but ultimately fails to do so gracefully.

*   **Full Video Answer:** He makes Curly's signature sound and falls over the branches.
*   **Front Section Answer:** He trips over the stick representing the branches.
*   **Middle Section Answer:** He jumps over the log (including branches) and then falls.
*   **End Section Answer:** This section doesn't mention Curly, but suggests he might either exaggerate tripping or step over the branches without tripping, depending on the comedic effect.

Reconciling these, it's clear the comedic bit involves the man struggling with the obstacle. While the *End Section Answer* offers a possibility of success, the other sections indicate he either falls directly, trips, or falls *after* attempting to jump over the branches. Therefore, the most accurate answer is that he does *not* successfully navigate the branches."
0999-1,"The answer depends on which section of the video is being referenced.

*   **Full Video Answer:** The man portraying Curly does Curly's signature ""woo woo woo"" and then falls. This is explicitly stated in the video description.
*   **Front Section Answer:** While the description doesn't explicitly name a ""Curly"" character, it describes the man tripping over a stick while impersonating various actors. If he were portraying Curly, he would likely trip over the stick, similar to how he does when impersonating other actors.
*   **Middle Section Answer:** The man portraying Curly walks towards the log, makes a ""woo woo woo"" noise, jumps over the log, and falls. This is explicitly stated in the video description.
*   **End Section Answer:** There is no portrayal of Curly in the end section. The section features impersonations of John Travolta, Chuck Norris, and John Cena interacting with a log.

Therefore, based on the video descriptions, when the man portrays Curly and interacts with branches/logs on the ground, he either falls after making a ""woo woo woo"" noise (Full Video and Middle Section) or would likely trip (Front Section). The End Section does not feature a Curly impersonation."
0999-2,"The answer is unclear and contradictory based on the provided descriptions.

*   **Full Video Answer:** Suggests the man imitates Curly, falls, and implies the branch is involved, but doesn't explicitly state he's walking backwards. It is not explicit that he is walking backwards.
*   **Front Section Answer:** No mention of Curly or walking backwards.
*   **Middle Section Answer:** The man imitates Curly, walks *towards* a log, jumps over it, and then falls. No walking backwards or tripping over a branch.
*   **End Section Answer:** Mentions tripping over a branch while imitating other celebrities (Travolta, Norris, Cena), but no Curly or walking backwards.

Reconciling these, the *middle section* directly contradicts the question, stating the man walks *towards* the log, not backwards. The *full video answer* implies the branch is involved in the fall while imitating Curly, but does not mention walking backwards. The other sections are irrelevant to Curly.

Therefore, based on the *middle section*, the answer is no, he does not walk backwards. However, the *full video answer* implies that the branch is involved in the fall."
0999-3,"Yes, the man playing Curly trips over the branches and falls. While the descriptions don't always explicitly state he gets back up, the overall structure of the video, where he repeats the bit with different characters, implies that he does get back up to continue moving. The front and middle sections explicitly state or imply he gets back up, while the full video description also implies this due to the repeated nature of the gag."
0999-7,E
1002-0,"The question cannot be answered based on the provided video descriptions. The descriptions mention a woman failing to catch sticks, and various animal clips, but no information about a man catching a stick."
1002-1,"Based on the provided video section descriptions, there is no information available to answer how the man catches the fourth stick in the first scene. The full video description doesn't detail any stick-catching demonstration. The front section describes a woman failing to catch sticks. The middle and end sections do not contain any information about a man catching sticks."
1002-2,"Based on all the video section descriptions, the question cannot be answered. None of the descriptions mention a man catching sticks or using his foot in the first scene. The descriptions of the video sections describe different content, including cats jumping, and a man failing to catch targets."
1002-3,"The video description does not provide enough information to answer the question. The first scene involves a man at a carnival game (Front Section Answer) or a man claiming to have fast reflexes (Full Video Answer), but neither description mentions him catching sticks. Other sections describe cats and other animals, not a man catching sticks (Middle Section Answer, End Section Answer). Therefore, based on the provided descriptions, it's impossible to determine if the man in the first scene caught a fourth stick with his right hand."
1002-7,E
1009-0,"Based on the provided information from the video sections, here's the answer:

The question of how the man reacts to a wave cannot be definitively answered based on the descriptions of the first two scenes.

*   **Full Video Answer, Front Section Answer, and Middle Section Answer:** These sections explicitly state that there is no mention of a man being waved at in the described scenes. They focus on other interactions, such as gallery staff approaching visitors or a man putting his arm around a woman.

*   **End Section Answer:** This section provides a potential answer. In Scene 1, a woman says ""Hey, I have a question!"" and smiles. In Scene 2, a man looks directly at the camera and says ""Yeah!"". It's implied that the woman is speaking to the man, and his ""Yeah!"" is his response. While the description doesn't explicitly mention a wave, it's possible she waved while saying ""Hey, I have a question!"". If she did, then his reaction to the wave (and her question) is to look at her and say ""Yeah!"", indicating he's ready to engage.

Therefore, the best possible answer, based on the available information, is that the man's reaction is to look at the woman (the camera) and say ""Yeah!"", implying he acknowledges her and is ready to hear her question, *if* she waved."
1009-1,"The video descriptions provide conflicting information and do not fully answer the question.

*   **Full Section and Front Section:** State that the video description does not mention a man being waved at in the first two scenes.
*   **Middle Section:** Describes a man approaching a woman and putting his arm around her, with her expressing discomfort. This scene does not involve a wave.
*   **End Section:** Mentions that the description does not mention a wave in the first two scenes. However, it describes the man's reaction in Scene 2 to the woman saying ""Hey, I have a question!"". The man looks directly at the camera and says ""Yeah!"".

**Answer:**

Based on the provided video section descriptions, there is no mention of a visitor waving at the man in the first two scenes. However, in Scene 2, after a woman says ""Hey, I have a question!"", the man looks directly at the camera and says ""Yeah!"". This is the only reaction of the man described in the provided sections."
1009-2,"Based on the provided descriptions, it's impossible to definitively answer the question.

*   **Full Video Answer:** States the description doesn't explicitly say the man is disappointed and walks away. It suggests analyzing the video for facial expressions and body language.
*   **Front Section Answer:** Infers that the man *probably* seems disappointed and walks away based on the woman's polite rejection of his engagement.
*   **Middle Section Answer:** States the description doesn't answer the question and outlines the details needed to determine the answer.
*   **End Section Answer:** States the description only covers the beginning of the scenes and doesn't include the interaction after the man speaks, which is needed to answer the question.

Therefore, the descriptions don't provide enough information to confirm whether the man seems disappointed and walks away after being waved at in the first two scenes. The descriptions focus on the initial interaction where the man approaches the visitor and offers information, but they lack details about his reaction *after* the visitor's response."
1009-3,"Yes, the man appears enthusiastic and eager to engage with the visitor in the first two scenes. The Full Video Answer explicitly states this, citing his approach to the woman and offering information about the art in both scenes. The Front Section Answer, while only describing one scene, also indicates enthusiasm based on the man offering unsolicited information. The End Section Answer confirms this enthusiasm in Scene 2, referencing the man's direct eye contact and affirmative ""Yeah!"" The Middle Section Answer doesn't cover the first two scenes, but the man's actions in the scene it describes suggest a general eagerness to engage."
1009-7,D
1011-0,"The video descriptions from all sections state that the woman does not use a hose on the man. The video shows the man mistakenly eating a sponge, the woman washing dishes with the same sponge, and a sponge-throwing incident. Therefore, based on the provided video descriptions, the woman did not use a hose on the man."
1011-1,"Based on the video section descriptions provided, the woman did not spray the man with a hose. The descriptions focus on pranks involving sponges, food coloring, and a man mistaking a cleaning sponge for cake. There is no mention of a hose or any spraying incident."
1011-2,"No, based on the provided video section descriptions, the woman did not use a hose on the man. None of the sections mention the use of a hose, soap consumption, or the woman reacting in that way. The video sections describe pranks involving a fake sponge and the man's reaction to it, or playful interactions with sponges."
1011-3,"No, based on the provided video section descriptions, the woman did not spray the man with a hose as a playful response to a prank. The full video description shows the woman throwing a pan at the man. The front section shows the man pranking the woman with a sponge-cake trick, but doesn't show her spraying him with a hose. The middle section describes a skit about the sponge-cake misunderstanding and doesn't mention a hose. The end section describes sponge-throwing at a refrigerator and dishwashing, with no mention of a hose."
1011-7,E
1018-0,"Based on the provided video section descriptions, the direct answer to the question of the rapper's reaction after the traffic controller took his microphone is:

**The rapper's reaction is a mix of annoyance and resignation. He tries to get back to his performance, but ultimately allows the traffic controller to deliver his safety message. After the interruption, he resumes rapping, seemingly unfazed and asserting the timelessness of his ""bars.""**

This is the only section that explicitly describes the traffic controller taking the microphone and the rapper's subsequent reaction. The other sections either don't depict this event at all or offer speculative inferences based on the video's comedic tone. Therefore, the ""Full Video Answer"" provides the most accurate and direct response to the question."
1018-1,"The video sections provide conflicting accounts.

*   **Full Video Answer:** The rapper tried to get back to his performance after the traffic controller delivered his safety message, and at the end of the video, he resumed rapping, stating that his bars will be eaten 100 years from now. This suggests the rapper was initially interrupted but ultimately undeterred.

*   **Front, Middle, and End Section Answers:** These sections all deny that the traffic controller took the rapper's microphone. The End Section even suggests they were working together.

**Reconciled Answer:**

Based on the conflicting information, it's impossible to definitively say how the rapper responded *when* the traffic controller took the microphone, as the Front, Middle, and End sections state that the traffic controller did not take the rapper's microphone. However, the Full Video Answer suggests he tried to continue his performance after the interruption and ultimately resumed rapping."
1018-2,"No, based on the provided video section descriptions, it is not possible to definitively answer whether the rapper continued his performance calmly after a traffic controller took his microphone.

*   The ""Full Video Answer"" states that the rapper resumed his performance after a brief exchange, implying a continuation. However, it doesn't specify that the traffic controller took the microphone.
*   The ""Front Section,"" ""Middle Section,"" and ""End Section"" descriptions do not depict the traffic controller taking the microphone at all. They show different scenarios, such as the rapper using the traffic controller's wand or a man in a safety vest using a microphone.

Therefore, while the ""Full Video Answer"" suggests the rapper continued, the other sections don't support the initial premise of the question (that the traffic controller took the microphone). Without further clarification or consistent information across all sections, a definitive ""yes"" or ""no"" cannot be determined."
1018-3,"No, the rapper did not get angry and stop performing when the traffic controller took his microphone.

Explanation:

*   **Full Video Answer:** States the rapper did not get angry and stop performing, instead resuming after a ""back and forth.""
*   **Front Section Answer:** Does not directly answer the question, but implies the rapper uses the traffic controller's wand, not the other way around.
*   **Middle Section Answer:** Does not mention a rapper performing or a microphone being taken.
*   **End Section Answer:** States the traffic controller did not take the rapper's microphone, and the man in the safety vest seemed to be part of the act.

Overall, the video descriptions suggest the rapper was not angry and did not stop performing. The end section and full video answer directly refute the scenario in the question."
1018-7,E
1020-0,"The baby's reaction when they see Dad varies. The full video answer suggests the baby is less excited compared to seeing Mom. The middle section states the baby is calm and happy when with the dad. The front section implies a more subdued reaction to the dad compared to the mother. The end section describes the baby's reaction to the older brother while being held by the dad, not directly the dad himself.

Considering these descriptions, the baby's reaction to Dad seems to be generally positive (calm, happy, smiles), but possibly less enthusiastic than their reaction to Mom."
1020-1,"The baby's reaction to seeing their father varies. The full video answer and front section answer suggest the baby's reaction to the father is less enthusiastic compared to the mother. However, the middle section answer states the baby smiles, appears calm, and happy when with the father. The end section focuses on the baby's reaction to the older brother, not the father, although it does mention the baby is being held by the dad.

Therefore, the baby's reaction to their father seems to be generally positive (smiling, calm, happy), but possibly less enthusiastic than the reaction to their mother or older brother."
1020-2,"The answer is mixed, with conflicting information.

*   **Full Video Answer:** Yes, the baby shows a lack of excitement.
*   **Front Section Answer:** Implies yes, the baby shows a lack of excitement, based on the contrast with the mother.
*   **Middle Section Answer:** No, the baby does *not* show a lack of excitement.
*   **End Section Answer:** Yes, the baby shows a lack of excitement compared to the older brother.

Reconciling the differences: The ""Middle Section Answer"" directly contradicts the other sections. The ""Full Video Answer"", ""Front Section Answer"", and ""End Section Answer"" all suggest a lack of excitement when the baby sees the dad, either directly or through comparison.

Final Answer: Based on the majority of the video section descriptions, **yes**, the baby appears to show a lack of excitement when they see their dad, especially when compared to their reaction to their mom or older brother. However, one section suggests the baby remains calm and happy with the dad."
1020-3,"The answer is mixed and somewhat unclear based on the provided sections.

*   **Full Video Answer:** No, the baby's reaction to the dad is less excited than their reaction to the mom, but they do react with excitement and joy when seeing the big brother.
*   **Front Section Answer:** The section doesn't explicitly state the baby's reaction to the dad, only implying it's less enthusiastic. It focuses on the need for visual cues to determine the baby's reaction.
*   **Middle Section Answer:** Yes, the baby appears happy and joyful when with the dad, smiling and calm.
*   **End Section Answer:** Yes, the baby reacts with excitement and joy when they see their older brother. The section focuses on the baby's positive reaction to the older brother while being held by the dad, not directly describing the baby's reaction to the dad.

Reconciling these, we can say that the baby *does* react with some level of excitement and joy when seeing their dad, as indicated by the middle section. However, the full video answer suggests this reaction is not as strong as the reaction to the mom or older brother. The front section highlights the need for more visual information to make a definitive judgment. Therefore, the excitement level is not consistent across all family members."
1020-7,E
1023-0,"The answer depends on which section of the video is being referenced, as the descriptions provide conflicting information.

*   **Front and Middle Sections:** These sections suggest the man's reaction is likely a polite but slightly deflated acknowledgement, or one of embarrassment, awkwardness, or a quick apology before retreating. This is inferred from the woman's rejection and the video's focus on awkwardness. The video likely cuts off shortly after her reply, leaving the exact reaction to the viewer's imagination. These sections do not provide enough details to know his reaction.
*   **End Section:** This section states the man's reaction is to say ""Yeah!"" and look directly at the camera, implying he's open and ready to answer her question. This section explicitly details the man's response immediately after the woman speaks.
*   **Full Video Answer:** The full video answer states that the video description does not explicitly state the man's reaction.

Therefore, based on the end section, the man's reaction after the first woman talks to him is that he says ""Yeah!"" and looks directly at the camera."
1023-1,"The answer depends on which ""first woman"" is being referred to.

*   **If referring to the woman in the pink outfit or the woman in the striped shirt:** The video sections do not show the man's reaction after either of these women speak to him. The Full Video and Middle Section answers confirm this.

*   **If referring to the woman who says, ""Hey, I have a question!"":** The End Section answer states the man responded with ""Yeah!"" after the first woman (in this context) spoke to him. This is explicitly stated in Scene 2 (0:02-0:04) of the video description. He appears to be acknowledging her and indicating that he is ready to answer her question."
1023-2,"The description does not answer the question.

The video sections describe an interaction where a gallery staff member (implied to be male in some sections, female in others) attempts to engage with a visitor (female). The visitor politely declines further interaction. None of the descriptions provide specific details about the man's (or staff member's) facial expressions, body language, or verbal responses immediately after the woman speaks. Therefore, it's impossible to determine from the given information whether he showed signs of frustration or disappointment. To answer the question, the video would need to show his reaction after the woman speaks, including his facial expressions, body language, and any verbal response."
1023-3,"The answer is mixed, depending on which woman is speaking to him.

*   **Full Video Answer:** Yes, the man seems happy and excited after a woman speaks to him. The video zooms in on his face as he smiles and laughs when the second woman (in the black outfit) says, ""Hey, I have a question!""

*   **Front Section Answer:** The description does not provide information about the man's reaction after the woman spoke to him.

*   **Middle Section Answer:** No, the man does not seem happy and excited after the woman speaks to him. The description states that the woman's response (""Oh, I'm okay thank you"") is a clear indication that she's uncomfortable with his approach.

*   **End Section Answer:** The man appears to be responsive and open to answering a question. He says ""Yeah!"" while looking directly at the camera. Therefore, he seems happy and excited.

**Reconciled Answer:**

The man's reaction depends on which woman speaks to him. According to the full video answer and the end section answer, he seems happy and excited when the second woman speaks to him and when he is looking at the camera. However, according to the middle section answer, he does not seem happy and excited after the first woman speaks to him. The front section answer does not provide information about the man's reaction."
1023-7,A
1031-0,"The man in the white shirt eating the banana is experiencing a combination of **shock, disbelief, frustration, confusion, and a touch of defiance/rebellious amusement.**

Explanation:

*   **Front Section:** While not explicitly showing him eating the banana, it describes Khaby Lame (likely in a white shirt) reacting with shock and disbelief to the escalating price of a banana artwork.
*   **Middle Section:** He experiences shock and surprise, indicated by his exaggerated reaction to the high bid, suggesting disbelief at the perceived value.
*   **End Section:** He experiences confusion and defiance, as his act of eating the banana undermines its supposed artistic value, and his ""what?"" expression reinforces his confusion.
*   **Full Video Answer:** He is experiencing frustration, disbelief and rebellious amusement due to the high price of the banana artwork and his reaction of eating his own banana.

Reconciling the differences, all sections point to a negative reaction to the banana artwork's value. The man's emotions are a blend of disbelief at the price, frustration with the situation, and a defiant/amused reaction of eating the banana as a symbolic rejection of the art world's valuation."
1031-1,"The man in the white shirt is experiencing a mix of feelings while eating the banana. The front and middle sections focus on his **shock and disbelief** as the auction price rises, even suggesting a moment of perceived horror at potentially making an accidental, expensive bid. The end section highlights **confusion and rebellious amusement**, stemming from his inability to understand the high artistic value placed on the banana, leading him to eat it as a simple act of defiance and mockery. The full video answer combines all of these, suggesting **disbelief, frustration, and rebellious amusement**. Therefore, the most accurate answer, considering all sections, is a combination of **shock, disbelief, confusion, and rebellious amusement.**"
1031-2,"Yes, the man in the white shirt eating a banana is feeling surprised and shocked by the banana auction. All video sections confirm this. The video description highlights his increasing surprise and incredulity as the price rises, culminating in him eating the banana in disbelief and frustration. Specific moments, such as his shocked reaction at a $5.2 million bid and his ""what?"" expression at the end, further support this conclusion."
1031-3,"The man in the white shirt is likely not feeling calm and relaxed in the third scene.

Explanation:

*   **Full Video Answer:** States that based on the context, it's unlikely he's feeling calm and relaxed. The description mentions his reactions becoming ""increasingly surprised and incredulous"" as the price of the artwork rises. When the banana sells for millions, he eats it ""in a moment of apparent disbelief and perhaps frustration.""
*   **Front Section Answer:** States that the video description does not provide enough information to answer whether the man in the white shirt is feeling calm and relaxed in the third scene.
*   **Middle Section Answer:** States that it is possible that the man's demeanor changes as the auction bids increase, but without a more detailed description of his facial expressions and body language in each specific scene, it's impossible to definitively say if he's feeling calm and relaxed in the third scene.
*   **End Section Answer:** States that it's unlikely he's feeling ""calm and relaxed"" if he's increasingly confused. The video's punchline is that he eats the banana, undermining its supposed artistic value. This action suggests he's more likely bewildered or dismissive than calm and relaxed."
1031-7,E
1037-0,"The man makes an ""OK"" gesture at the end of the video to mimic the woman's exaggerated positive reaction, even though he clearly disliked the coffee-watermelon concoction. This is ironic and humorous because his facial expression and spitting out the drink indicate his true feelings are the opposite of ""OK."" He's essentially playing along with the skit's premise."
1037-1,"The man makes an ""OK"" gesture at the conclusion of the video for a few possible reasons depending on the context of which section of the video it occurs.

*   **Full Video:** The gesture is sarcastic, meant to play off the negative reaction he had to the drink and amplify the humor by highlighting his attempt to maintain a positive facade.

*   **Middle Section:** If the gesture is done by the man in the leopard print shirt after the ""regular"" preparation, it could indicate approval/satisfaction with the ""regular"" version of the drink or irony/sarcasm, implying even the ""regular"" version is acceptable despite the ridiculousness of preparing a drink in a watermelon.

*   **End Section:** The man makes the gesture to mimic the woman, even though he disliked the coffee and watermelon combination, creating situational irony.

Therefore, the ""OK"" gesture is likely used ironically or sarcastically to play off a negative reaction, or to mimic another character."
1037-2,"Yes, the man makes the OK gesture at the end of the video to mimic the blonde woman. The ""End Section Answer"" explicitly states that the video description confirms this, noting that after disliking the drink, he makes the ""OK"" sign, mimicking the woman's earlier gesture in an ironic and humorous way. The other sections either state the description doesn't mention it or that more information is needed. The ""End Section Answer"" provides the definitive answer based on the video description."
1037-3,"Yes, the man makes the ""OK"" gesture at the end of the video. The end section answer specifically states this, clarifying that he does so ironically after spitting out the coffee, implying he dislikes the drink. The other sections either don't mention the gesture or state they cannot answer based on the provided information."
1037-7,C
1044-0,"The question of what psychological activity is going on under the quilt at the *end* of the video is not directly answered by any of the video sections, as the end of the video shows two men awake and playing video games. There is no one under a quilt at the end.

However, different sections of the video describe the psychological state of a person who *was* under the quilt at different points in the video. Here's a summary of those descriptions:

*   **Front Section:** Assumes the person on the bed being pranked is now under the quilt. In this case, the person is likely still asleep or experiencing disrupted sleep, unaware of the prank.
*   **Middle Section:** Describes the person being covered in toilet paper. Their psychological state is likely a mixture of surprise/shock, confusion, annoyance/frustration, potential amusement, and anticipation of retaliation.
*   **Full Video Answer:** This section infers the psychological activity immediately after a prank involving loud Warzone sounds. The friend likely experiences surprise, disorientation, a startle response, confusion, and a mix of amusement/annoyance.
*   **End Section:** States there is no one under the quilt at the end of the video. If there *were*, the psychological activity would likely be intense focus and excitement related to the game, or humorous disbelief/amusement at the situation."
1044-1,"The mental state of the person under the quilt at the end of the video is awake, alert, and entertained.

Explanation:

*   **Front Section:** Suggests the person is initially asleep and unaware.
*   **Middle Section:** Suggests the person is likely surprised and annoyed after being startled.
*   **End Section:** States the person is awake and playing video games, implying they are now alert and entertained.
*   **Full Video Answer:** States the person transitioned from startled/confused to awake, alert, and entertained.

Since the question asks about the end of the video, the ""End Section"" and ""Full Video Answer"" are the most relevant. The ""Full Video Answer"" provides a more complete picture of the transition, but the ""End Section"" confirms the final state. The front and middle sections describe the initial state, which is not relevant to the question."
1044-2,"The answer depends on which video section is being referenced.

*   **Front Section Answer:** No, in the front section, the person under the quilt is still asleep and the prank is being set up. They are not yet surprised or confused.

*   **Middle Section Answer:** Likely yes. Although the video description doesn't explicitly show the person's reaction, the prankster shouts ""Incoming Fire!"" and throws toilet paper at the person under the quilt, who was seemingly asleep. This strongly suggests the person would be surprised and confused.

*   **End Section Answer:** The end section describes two men *on* a bed, not someone *under* a quilt. The intense sound effects and ""Ain't no way"" text overlay suggest they might be exaggerating their reactions to the game, potentially *pretending* to be surprised and confused. However, without seeing their facial expressions, it's impossible to know for sure.

*   **Full Video Answer:** Yes, the person under the quilt is likely surprised and confused. The prankster startles them awake with loud warzone sound effects after placing a gaming headset on their head, with the text overlay ""Incoming Fire!"" emphasizing the sudden and unexpected nature of the prank."
1044-3,"No, the person under the quilt is not initially deeply engrossed in a video game.

The Full Video and Front Section answers explicitly state or strongly imply that the person is sleeping before the prank begins. The prank involves placing gaming equipment on a *sleeping* person, suggesting they are unaware and not actively playing. The Middle Section answer doesn't provide enough information. While the End Section answer suggests later deep involvement due to sound effects, the initial state is sleep. Therefore, the most accurate answer, considering all sections, is that the person is *not* initially engrossed in a video game."
1044-7,B
1045-0,"The video descriptions provide conflicting information and don't directly address the hug. However, by considering the context of each section, we can infer the most likely reasons:

*   **Full Video Answer:** This section describes a prank involving fake blood where the older brother scares the younger brother. The hug likely occurs *after* the prank to reassure, apologize (implicitly), diffuse the situation, or seek forgiveness from the younger brother. The release could be due to the younger brother still being upset.

*   **Middle Section Answer:** This section describes a game where the older brother pretends to be hurt. The hug and release could happen after this as a form of affection or reconciliation. It could be the younger brother showing affection or comforting the older brother, or the older brother showing it was all in good fun.

*   **End Section Answer:** This section describes a playful chokehold, contradicting the hug scenario.

*   **Front Section Answer:** This section does not describe a hug.

**Final Answer:**

Based on the most comprehensive ""Full Video Answer"" and the reconciliatory ""Middle Section Answer"", the person on the left likely hugs the person in the tie-dye hoodie to:

*   Reassure and comfort him after being startled by a prank (fake blood).
*   Apologize implicitly for the prank.
*   Diffuse any potential anger or upset feelings.
*   Show affection and reconciliation after a playful interaction.

The person then lets go because the younger brother is still upset or the older brother wants to show it was all in good fun."
1045-1,"Based on the provided video section descriptions, there is no embrace between the person on the left and the individual in the tie-dye hoodie. The full video, front section, and middle section descriptions all state that there is no embrace mentioned. The end section describes a playful chokehold, not an embrace. Therefore, I cannot answer why the person on the left would embrace and then release the individual in the tie-dye hoodie."
1045-2,"No. Based on the video section descriptions, the person on the left (the older brother) does not hug the person in the tie-dye hoodie (the younger brother) to prevent their mother from discovering that his brother fainted. The younger brother falls off the chair after being startled by the older brother's fake blood prank. The older brother then tries to downplay the situation when the mother enters. There is no mention of a hug or fainting."
1045-3,"Based on the provided video section descriptions, the answer is likely **no**, but with varying degrees of certainty and different contexts.

*   **Full Video Answer:** Directly states the hug is related to a prank involving fake blood, not a magic trick.
*   **Front Section Answer:** Doesn't mention a hug, tie-dye hoodie, or magic trick, depicting a simple guessing game.
*   **Middle Section Answer:** Suggests the hug is a reaction to a ""magic trick"" *gone wrong* (or intentionally designed that way), more of an expression of amusement and affection than a celebration of success.
*   **End Section Answer:** Doesn't mention a hug, tie-dye hoodie, or magic trick, showing a playful chokehold that is presented as humorous due to the younger boy's discomfort.

While the Middle Section Answer mentions a ""magic trick,"" it emphasizes that it's one that goes wrong, making the hug a reaction to the comedic outcome rather than a celebration of a successful trick. The other sections either contradict the premise or don't provide relevant information."
1045-7,E
1046-0,"The provided video section descriptions offer conflicting information and don't fully align with the question. Here's a breakdown and a synthesized answer:

*   **Full Video Answer:** A person in a black *long sleeve shirt* (not a hat) pushes a person in *swim trunks and a baseball cap* into the pool as a prank.

*   **Front Section Answer:** A man in black pushes a *shirtless man wearing swim trunks* into the pool as a prank. No gray t-shirt mentioned.

*   **Middle Section Answer:** This section is irrelevant. No one is thrown into a pool, and no one is wearing a black hat or gray t-shirt.

*   **End Section Answer:** A man in *swim trunks* throws a man in a *light-colored t-shirt* into the pool as part of a staged prank.

**Answer:**

Based on the video descriptions, it's difficult to definitively answer the question because the descriptions are inconsistent and do not provide a clear reason. However, synthesizing the information, it's most likely that the person in the black hat (or long sleeve shirt) threw the person in the gray t-shirt (or light-colored t-shirt) into the swimming pool because **the video is a staged prank or a comedic event.** The descriptions emphasize the suddenness of the action and the overall lighthearted feel, suggesting a pre-planned event for entertainment purposes. Some descriptions also mention a chase scene, which supports the idea of a prank."
1046-1,"The video sections do not definitively state why the person in the black hat tossed the individual in the gray T-shirt into the pool.

*   **Front Section:** Describes a man in black pushing a shirtless man into the pool. This section does not mention a black hat or gray T-shirt. The push is likely a prank or playful interaction based on the suddenness, chase, and lighthearted tone.
*   **Middle Section:** Describes a comedic scene with two men and a child. This section does not mention a black hat, gray T-shirt, or anyone being tossed into a pool.
*   **End Section:** Describes a man in swim trunks throwing another man into the pool, suggesting it was for comedic effect as part of a pre-planned or spontaneous prank.

Based on the aggregated information, the most likely reason for someone being thrown into the pool is **for comedic effect as part of a pre-planned or spontaneous prank.** However, none of the sections specifically describe someone in a black hat throwing someone in a gray T-shirt into the pool."
1046-2,"Based on the provided video section descriptions, the answer is no.

Explanation:

*   **Full Video Answer:** States the man in black threw a man in swim trunks into the pool, and then the man in swim trunks tackled the man in black into the pool. This does not involve someone in a gray T-shirt.
*   **Front Section Answer:** Describes a man in black pushing a shirtless man in swim trunks into the pool. Again, no gray T-shirt or prior incident is mentioned.
*   **Middle Section Answer:** States it cannot answer the question due to lack of information about the colors of hats or shirts, or any initial incident.
*   **End Section Answer:** Describes a man in swim trunks throwing a man in a light-colored T-shirt into the pool, but there's no indication of a prior push by the man in the T-shirt.

None of the descriptions support the scenario of a person in a black hat throwing a person in a gray T-shirt into the pool as retaliation for being pushed in earlier. The descriptions mention different people and different clothing, and none describe the specific sequence of events outlined in the question."
1046-3,"Based on the provided video section descriptions, it is likely that the reason the person in the black hat threw the person in the gray T-shirt into the pool was a prank.

*   **Full Video Answer:** Strongly suggests it was a prank due to terms like ""humorous clip,"" ""prank,"" and ""playful interaction.""
*   **Front Section Answer:** While not mentioning a gray T-shirt, it describes a similar scenario and suggests it was a prank based on ""Suddenness"" and ""Reaction.""
*   **Middle Section Answer:** Does not contain relevant information.
*   **End Section Answer:** Explicitly states ""The video appears to be a prank or a staged comedic event.""

While the middle section is unhelpful, the other three sections all point towards the event being a prank, either directly or by describing similar scenarios within the video's context."
1046-7,E
1049-0,"The video sections do not depict a person hitting a dog with a slipper while looking at their phone. The descriptions focus on a humorous skit about over-complicated solutions, a man startled by a bow and arrow, and a man using a bow and arrow to turn off the lights.

Therefore, the video sections cannot directly answer the question of what the person hitting the dog with a slipper wants to express. However, *if* the video *were* to show that, based on the context of the video sections, the most likely interpretation would be:

*   **Frustration/Annoyance:** The person is likely expressing mild frustration or annoyance at the dog's behavior, perhaps for taking their spot on the bed, barking, or other unwanted actions. The slipper would be used in a non-violent, playful way (or at least intended to be) to correct the behavior. The phone serves as a distraction that contributes to the impulsive reaction.
*   **Lack of Awareness/Carelessness:** The person is so engrossed in their phone that they are not fully aware of the impact of their actions or the dog's feelings. The slipper hit could be a reflex action.

It's important to note that the video sections are humorous. Therefore, if the action were to occur, it would likely be played for comedic effect, rather than depicting genuine malice or abuse."
1049-1,"The provided video descriptions do not depict a person hitting a dog with a slipper while using their phone. Therefore, I cannot directly answer the question about the intention behind that action based on the given information.

Instead, the video sections describe comedic skits involving a dog taking someone's place on the bed, a dog scratching a wall, a man using a toy bow and arrow in bed, and a man using a homemade bow and arrow to turn off the lights.

The ""End Section Answer"" speculates on possible intentions based on the video's style of humor and absurdity. It suggests that if the scenario *did* occur, the person's intention could be driven by:

*   **Laziness/Convenience:** A quick and easy (though inappropriate) way to address the dog's behavior.
*   **Distraction/Multi-tasking:** Reacting impulsively while distracted by the phone.
*   **Humor/Absurdity:** A misguided attempt at playful interaction.

However, it's crucial to remember that these are only speculations, and the video descriptions do not provide any actual evidence of the scenario or the person's intention."
1049-2,"No, the person did not hit the dog with a slipper to get it to turn off the lights. All video section descriptions consistently state there's no mention of hitting the dog with a slipper. The end section description mentions a man using a bow and arrow to turn off the lights, further confirming the absence of the slipper/dog scenario."
1049-3,"Based on the provided video section descriptions, the answer is: **No, there is no indication of anyone hitting a dog with a slipper in any of the video sections.**

Explanation: All video sections explicitly state that the video description does not mention anyone hitting a dog with a slipper. Furthermore, the descriptions of the video content in each section do not depict any such action or any behavior that would suggest frustration or annoyance being expressed towards a dog."
1049-7,E
1051-0,"The provided video descriptions from the full video, front section, middle section, and end section all state that there is no mention of a man in black biting his hand while taking a photo. Therefore, based on the given information, I cannot answer the question."
1051-1,"The video descriptions do not mention a man in black biting his hand. Therefore, I cannot definitively answer the question based on the provided information.

However, I can offer speculative interpretations based on the video's themes, depending on which section is referenced:

*   **Full Video Answer:** The video focuses on the passage of time and changing family roles. If a man were biting his hand, it could be a sign of suppressing strong emotions like sadness, joy, or nostalgia related to the video's heartwarming themes. Frustration or nervousness are less likely, given the video's positive tone.

*   **Front Section Answer:** The video features an elderly man and a younger man dancing, focusing on the contrast between their ages and energy for humor. Since there is no mention of a man in black or hand biting, there is no basis to answer the question.

*   **Middle Section Answer:** The video is a humorous sketch involving a young man performing a lap dance for his 95-year-old grandfather. The humor is derived from the unexpectedness and absurdity of the situation. Since there is no mention of a man in black or hand biting, there is no basis to answer the question.

*   **End Section Answer:** The video humorously juxtaposes age and youthful feelings, with the song lyrics ""I'm just a kid and life is a nightmare."" If the man were biting his hand, it could represent frustration or overwhelm with the pressures of adulthood, impulsiveness/childlike behavior, or suppressed emotion, all contributing to the video's theme of feeling young at heart despite one's age."
1051-2,"Based on the provided video section descriptions, the question of whether the man in black is mimicking his childhood actions by biting his hand *cannot be definitively answered*.

Here's why:

*   **Lack of Direct Observation:** None of the video section descriptions explicitly state that the man in black is biting his hand in the photo.

*   **Speculative Connections:** Some sections suggest possibilities. For example, the middle section suggests that if the man in black is the same playful young man from the video, the hand-biting *could* be a continuation of his personality. The end section suggests the video might answer the question if the man in the photo is biting his hand and the child is doing the same.

*   **Need for Visual Evidence:** The full video answer correctly identifies that the video *might* answer the question if the man in either scene is biting his hand.

To answer the question, one would need to visually examine the photo and the video sections, looking for evidence of the man biting his hand and any indication that this action is related to his childhood."
1051-3,"The descriptions of the video sections do not contain information about a man in black biting his hand. Therefore, based solely on the provided text, it is impossible to determine if he is expressing nostalgia or sentimentality.

Here's a breakdown of what each section *does* describe, and how they *might* relate to the question if the described content were present:

*   **Full Video Answer:** This section emphasizes the need to see the video and observe the man's behavior to determine if the hand-biting is linked to a wistful expression or suppressed emotion. It highlights that hand-biting could indicate various emotions beyond nostalgia or sentimentality.

*   **Front Section Answer:** This section describes an elderly man with a stoic expression. It speculates that a similar character *could* bite their hand to suppress emotions, possibly related to nostalgia or sentimentality, but emphasizes that this is speculative and depends on the specific context.

*   **Middle Section Answer:** This section describes a humorous interaction between a young man and his grandfather. While the young man's embarrassment could be seen as a form of sentimentality, the primary focus is on the humor of the situation, not nostalgia or sentimentality related to hand-biting.

*   **End Section Answer:** This section describes a photograph of an older, muscular man holding a young child. It suggests that if the man were biting his hand while looking at the child with a soft expression, it *could* be interpreted as sentimental or nostalgic. However, it also points out that hand-biting could indicate other emotions like anxiety or stress."
1051-7,E
1053-0,"The video descriptions provided do not consistently depict the man in the black T-shirt raising his black hat. Therefore, a definitive answer based solely on these descriptions is impossible.

Here's a breakdown of what each section offers and how it *might* relate to the question, assuming the hat-raising action does occur:

*   **Full Video Answer:** This section speculates that *if* the hat is raised after a prank, it could be acknowledgement of the prank's success, amusement (""gotcha!""), or a sarcastic greeting/farewell to the prank's target.
*   **Front Section Answer:** This section describes a non-verbal interaction between two men, focusing on amusement and affection conveyed through smiles and playful actions. If the hat-raising were to occur in this context, it could be a playful gesture within their affectionate dynamic.
*   **Middle Section Answer:** This section describes the man in the black T-shirt making a ""shush"" gesture on an airplane. If the hat-raising occurred here, it might be a continuation of a discreet joke or signal.
*   **End Section Answer:** This section describes a ""bump"" and suggests that if the hat-raising happened afterward, it could be an apology, acknowledgement, or a signal that the prank is complete.

In summary, without a consistent depiction of the hat-raising, the answer depends entirely on the specific context in which it occurs. The gestures and interactions that are described in the video sections suggest that the hat-raising could be a signal, a playful gesture, an acknowledgement, or an apology, depending on the circumstances."
1053-1,"The video descriptions provided do not contain information about a man in a black T-shirt lifting a black hat. Therefore, based solely on the provided text, it is impossible to answer what he is trying to convey with that action.

Here's a summary of what each section *does* describe, and how it *might* relate to the question if the scenario were different:

*   **Full Video Answer:** This section acknowledges the absence of the described action. It then speculates on possible meanings (greeting, sarcasm, apology) if the hat-lifting *were* present, emphasizing the importance of context and facial expressions. The overall video context being a lighthearted prank suggests the hat lift would likely be related to the joke in some way.

*   **Front Section Answer:** This section describes two men: a younger man playing with the air vent and an older man watching with amusement. There's no mention of anyone in a black T-shirt or any hat-lifting. The focus is on a simple, humorous interaction.

*   **Middle Section Answer:** This section states the man in the black T-shirt is making a finger gesture and a ""shush"" sound, implying discreet communication, possibly as a joke or social commentary. This contradicts the premise of the question.

*   **End Section Answer:** This section reiterates the absence of the described person and action. It then speculates on possible meanings (acknowledgement, solidarity, sarcasm, signaling) *if* the hat lift occurred after a ""bump and joke reveal.""

In conclusion, all sections agree that the described scenario (man in black T-shirt lifting a hat) is *not* present in the video descriptions."
1053-2,"Based on the provided video section descriptions, it's impossible to definitively answer if the man in the black T-shirt is raising his hat to make it seem like the middle seat is occupied.

Here's why:

*   **Full Video Answer:** Mentions the man in the black T-shirt is in the aisle seat and suggests the video needs to be reviewed for the specific action of raising his hat.
*   **Front Section Answer:** Does not mention a man in a black T-shirt or any relevant action.
*   **Middle Section Answer:** Mentions a man in a black T-shirt making a gesture with his fingers, not raising his hat. This section could potentially answer the question if the gesture was related to the middle seat, but the description doesn't provide enough information.
*   **End Section Answer:** Does not mention a man in a black T-shirt or any relevant action.

**Answer:** The video section descriptions do not definitively answer the question. The middle section mentions a man in a black T-shirt making a gesture, but it's unclear if this gesture is related to the middle seat or if it's an attempt to make it appear occupied. To answer the question, the video would need to be reviewed for the specific action of the man in the black T-shirt raising his hat toward the middle seat."
1053-3,"The question cannot be answered based on the provided video section descriptions.

*   **Full Video:** Mentions a man in a black T-shirt but not in relation to raising a hat.
*   **Front Section:** Does not mention a man in a black T-shirt raising a hat.
*   **Middle Section:** Mentions a man in a black T-shirt making a finger gesture, not raising a hat.
*   **End Section:** Does not mention a man in a black T-shirt raising a hat.

Therefore, none of the descriptions depict the action of a man in a black T-shirt raising his hat to greet someone or acknowledge their presence."
1053-7,E
1055-0,"The enlightenment value of this video is low to nonexistent. All sections consistently agree that the video's primary function is entertainment through humor, relying on absurdity, physical comedy, and unexpected outcomes. While some sections suggest indirect connections to questioning norms or understanding the nature of humor, these are secondary to the video's core purpose of eliciting laughter and do not represent significant enlightenment value. The video does not impart knowledge, promote critical thinking, or inspire personal growth."
1055-1,"The educational or insightful takeaway from the video is multifaceted, focusing on the power of visual storytelling, the importance of considering consequences, and understanding audience engagement.

Here's a breakdown:

*   **Full Video & End Section: Cause and Effect & Consequences:** The video serves as a cautionary tale. The ""ketchup smoothie"" prank, while humorous in its conception, leads to a negative outcome, highlighting the importance of considering the potential impact of actions, even those intended as jokes. It underscores the cause-and-effect relationship and the need for mindfulness, even in seemingly trivial situations. The full video emphasizes potential harm and regret.
*   **Middle Section: Visual Storytelling & Engagement:** The video demonstrates effective communication through visual media, using exaggeration, suggestion, and brevity to create a comedic effect. It showcases how visual cues (facial expressions, setting) can convey a message powerfully and how a build-up and payoff structure can engage an audience.
*   **Front Section: Absurdity and Attention:** The video demonstrates the power of absurdity and unexpectedness in grabbing attention. The humor comes from the illogical act of blending ketchup, highlighting how breaking from the norm can be engaging, especially in short-form content.

In essence, the video, while comedic, offers insights into communication techniques, the importance of considering the consequences of actions, and the power of the unexpected in capturing attention."
1055-2,"No, the video does not have a high enlightenment value. All sections of the video description consistently state that the video is primarily for entertainment, focusing on humor, slapstick comedy, and pranks. It lacks the depth of insight, knowledge, or understanding required for enlightenment."
1055-3,"Yes, the enlightenment value of the video is likely low. All video sections agree that the video focuses on a messy ketchup prank or a humorous reaction, designed for entertainment and laughter rather than promoting knowledge, understanding, or moral improvement."
1055-7,E
1064-0,"The man is surprised at the end of the video because the firecracker explodes. The full video answer explicitly states this, supported by the detail that after running away, the man returns to the firecracker (0:27-0:37), and then it unexpectedly explodes. The end section answer suggests the surprise is due to the sheer scale and intensity of the explosion, amplified by visual effects. While the front section answer infers surprise based on the contrast between expectation and reality (a small burst of sparks), the full video answer and end section answer provide a more direct and definitive explanation based on the firecracker actually exploding, especially with visual effects. The middle section answer does not provide information about the end of the video."
1064-1,"The man's surprise at the conclusion of the video is due to different reasons depending on the video section.

*   **Full Video Answer:** The man is surprised by the unexpected explosion of the firecracker when he returns to it, thinking it was finished.
*   **Front Section Answer:** The man is surprised by the underwhelming nature of the firework's explosion, contrasting with his exaggerated fear and expectation of a significant blast.
*   **Middle Section Answer:** This section doesn't describe the conclusion, so it speculates on possible surprising endings based on the video's setup, such as an unexpected chaser, the revelation of a trivial reason for the chase, an abrupt end to the chase, or a ""it was all a dream"" scenario.
*   **End Section Answer:** The man is surprised by the sheer size and intensity of the explosion, which is enhanced with visual effects to be much larger than a typical firecracker, creating a comedic effect.

Reconciling these, it seems the most likely explanation is that the man is surprised by an explosion related to the firecracker. The nature of the surprise varies: it could be because the explosion is delayed and unexpected (Full Video), underwhelming compared to his anticipation (Front Section), or exaggerated and over-the-top (End Section). Without seeing the video, it's impossible to definitively say which is correct, but the common thread is an unexpected explosion. The middle section is not helpful as it does not describe the conclusion."
1064-2,"Based on the provided video section descriptions, the answer is unclear.

*   **Full Video Answer:** Suggests the man *is* surprised, implying he didn't intend to return to the firecracker location.
*   **Front, Middle, and End Section Answers:** State the video descriptions do *not* provide enough information to determine if the man runs a long distance, ends up back at a ""bomb site,"" or is surprised.

Reconciling the differences: The ""Full Video Answer"" seems to be drawing an inference based on the overall narrative, while the other sections are strictly adhering to what's explicitly stated in their respective descriptions.

Therefore, the most accurate answer, based on the provided descriptions, is that **we cannot definitively answer the question.** The front, middle, and end sections all indicate a lack of information about the man running a long distance or returning to the starting point, let alone whether he'd be surprised. The full video answer is an interpretation."
1064-3,"The answer is complex and depends on interpretation.

*   **Full Video Answer:** Yes, the man is surprised because he returns to the firework after a delay, implying he didn't expect it to explode at that moment.
*   **Front Section Answer:** No, the man is not genuinely surprised by a big explosion. He's exaggerating his fear because the explosion is underwhelming, making it a comedic performance. He's ""surprised"" by the lack of a big explosion.
*   **Middle Section Answer:** The description does not mention fireworks or explosions, so it cannot answer the question directly. However, if a firework were to explode unexpectedly, it could explain why the man is running (as described in the ""Action"" section), and the unexpectedness could contribute to the humor.
*   **End Section Answer:** No, the man is likely not surprised. His expressions of fear and anticipation before the explosion, including running to a wall and covering his ears, suggest he expects the explosion.

Reconciling these different interpretations: The ""Full Video"" answer suggests a genuine surprise due to timing. The ""Front Section"" answer suggests the ""surprise"" is part of a comedic act, based on the underwhelming nature of the explosion. The ""End Section"" answer suggests the man is anticipating an explosion, negating surprise. The ""Middle Section"" cannot answer the question.

Therefore, the best answer, considering all sections, is that the man's reaction is likely a mix of anticipation and potentially feigned surprise for comedic effect. He anticipates an explosion, but the timing or the underwhelming nature of it might lead to a comedic ""surprise."""
1064-7,E
1075-0,"The video splices together shots of Peter Parker (the ordinary man) and Spider-Man to highlight the duality of the character and the internal conflict he faces. This is done to emphasize the contrast between his ordinary life and his extraordinary responsibilities, showcasing the burden and sacrifices that come with being Spider-Man. The editing also highlights the irony of Peter's situation, being Spider-Man while also struggling with everyday problems and being yelled at by his boss to take pictures of Spider-Man."
1075-1,"The purpose of splicing together shots of Peter Parker and Spider-Man is to highlight the duality and internal conflict within the character. The video emphasizes the contrast between Peter's desire for a normal life and the responsibilities of being Spider-Man, showcasing how these two aspects of his identity are intertwined and constantly at odds. The editing also serves to illustrate the irony and conflict in Peter's life, where he juggles everyday problems as Peter Parker with his superhero duties. This juxtaposition emphasizes the contrast between his secret identity and his ordinary life."
1075-2,"The answer is complex and depends on interpretation.

*   **Full Video Answer:** Yes, the splicing highlights a disconnect and exclusion Peter feels between his ordinary life and heroic identity due to the emotional burden of being Spider-Man.
*   **Front Section Answer:** No, the splicing focuses on comedic juxtaposition of Peter's awkwardness versus the expected grace of Spider-Man, not social commentary.
*   **Middle Section Answer:** No, the splicing creates humorous contrast between Peter's inner world and external demands, focusing on personal struggles, not exclusion.
*   **End Section Answer:** Difficult to say definitively. The focus is on Peter's internal conflict, but the contrast between Peter and Spider-Man scenes could *imply* the exclusion of his ordinary self when he is Spider-Man.

**Aggregated Answer:**

Based on the video section descriptions, it's not a clear ""yes"" or ""no."" While the video doesn't explicitly aim to highlight the exclusion of ordinary people compared to Spider-Man, the splicing of shots between Peter Parker's ordinary life and his Spider-Man identity *could* be interpreted as doing so. The full video answer supports this interpretation, while the front and middle sections emphasize comedic juxtaposition and personal struggles, respectively. The end section acknowledges the ambiguity and potential for interpretation based on Peter's internal conflict and sacrifices. Therefore, the splicing *might* be seen as highlighting the exclusion of Peter's ordinary self when he is Spider-Man, but this is a secondary effect of the primary focus on Peter's internal conflict and personal struggles."
1075-3,"No, the video is not simply splicing together shots of an ordinary person and Spider-Man to suggest they are the same person. The video uses clips of Tobey Maguire as both Peter Parker and Spider-Man, highlighting his internal conflicts, transformation, and the contrast between his ordinary and superhero lives. The video sections use the established knowledge that Peter Parker *is* Spider-Man, and uses it for comedic effect, focusing on his struggles and internal conflicts."
1075-7,D
1080-0,"The man peels the carrot and seems amazed because the video is a comedic skit highlighting the absurdity of overly complicated ""life hacks"" or over-engineered solutions to simple tasks. He initially uses an inefficient or ridiculous method to peel the carrot (either scraping it against the counter or using a bottle cap/modified spoon). The amazement is likely feigned or stems from the realization of how unnecessary and pointless the initial method was compared to the obvious, simple solution (a regular peeler or knife). The humor comes from the contrast between the complicated action and the implied easy solution. While one section mentions Khaby Lame's skeptical expression, this doesn't negate the overall comedic intent and the man's *feigned* amazement at the end, which underscores the point of the video."
1080-1,"The man appears amazed because he is reacting to an absurdly inefficient or over-engineered method of peeling a carrot. He initially attempts to peel the carrot using a modified spoon, scraping it against the counter, or using a bottle cap. He then realizes the obvious and much simpler solution: peeling it normally with a regular peeler (or implying he will). His amazement is a comedic reaction to the ridiculousness of the initial method, highlighting the unnecessary effort and overcomplication of a simple task. It's a sarcastic amazement directed at the convoluted ""life hack"" and meant to emphasize the point that the entire process was a waste of time and effort."
1080-2,"Yes, the man is feeling amazed, exasperated, and questioning why the previous person went through so much trouble to peel the carrot. The full video answer, middle section answer, and end section answer all support this, highlighting his confusion and frustration with the unnecessarily complicated method compared to using a regular peeler. The front section answer, while stating he's not amazed because he doesn't understand, actually describes the same sentiment – skepticism and dismissal because the method is ridiculous, implying he's amazed at the effort wasted. All sections point to his reaction being driven by the absurdity of the initial peeling method."
1080-3,"Based on the video sections, the answer is no.

Here's why:

*   **Full Video Answer:** The video description doesn't explicitly state the man's emotional state (surprised). It focuses on Khaby Lame's reaction to the man's laboriously modifying a spoon to peel a carrot, implying the man might feel foolish.
*   **Front Section Answer:** No, based on the video description.
*   **Middle Section Answer:** No, the video description does not indicate that the man peeled the carrots with a spoon or that he was surprised someone made a usable carrot peeler out of a spoon. Instead, the video shows the man using a regular peeler in an inefficient way.
*   **End Section Answer:** The video description does not state that the man peeled the carrots and felt surprised because another person had actually made a usable carrot peeler out of a spoon.

While the ""Full Video Answer"" mentions the man modifying a spoon, it doesn't say he was surprised that it worked or that someone else made it. The other sections either deny the spoon peeler scenario or describe a different scenario involving inefficient use of a regular peeler. Therefore, based on the combined information, the answer to the question is no."
1080-7,C
1081-0,"The little green brick likely represents mouthwash, but could also be part of the Lego monster itself.

*   **Full Video Answer:** Explicitly states the green Lego pieces (plural) represent mouthwash.
*   **Front, Middle, and End Section Answers:** Do not explicitly state what the green brick represents, but suggest it could be part of the Lego monster's construction (body, gums, eyes, or decorative element).

Reconciling the answers, the most direct answer comes from the full video description, which specifically mentions green Lego pieces representing mouthwash. However, the other sections suggest an alternative interpretation, that it is simply a part of the Lego monster. Since the question asks about a *single* green brick, it is possible the full video answer is incorrect, and the green brick is part of the monster."
1081-1,"The small green brick in the video represents mouthwash. The creator pours these green Lego pieces into the Brick Mimic's mouth, simulates swishing, and then ""spits"" them out, mimicking the action of using mouthwash."
1081-2,"Based on the aggregated answers from the video sections:

The answer is **yes**.

Explanation: While the front and end sections of the video description do not mention the green brick representing mouthwash, the full video and middle sections explicitly state or strongly imply that the little green brick represents mouthwash used in the teeth cleaning demonstration. The full video answer directly confirms this, and the middle section infers it from the mention of ""Lego mouthwash"" in the description and the context of a Lego-based demonstration."
1081-3,"The answer is likely no, but it's not definitively confirmed.

Here's why:

*   **Overall Absence:** None of the video section descriptions explicitly mention a ""little green brick"" representing grass.
*   **Alternative Interpretations:** The middle section acknowledges the presence of green Lego bricks and a vibrant color palette, but suggests the green brick could be part of the monster, its stand, or another element entirely. The full video answer mentions green Lego pieces are used to represent mouthwash.
*   **Lack of Confirmation:** The other sections simply state the absence of a mention of a ""little green brick"" in their respective descriptions.

Therefore, while the presence of green Lego bricks is acknowledged, there's no direct evidence within the provided descriptions to confirm it represents grass."
1081-7,C
1087-0,"The video description states that the circles *appear* to be rotating in the direction of the arrows inside them. The front section answer elaborates that if the arrow in the left circle points to the left, the circle appears to be moving to the left, and if the arrow points to the right, it appears to be moving to the right. The other sections emphasize that the circles are actually stationary and the movement is an illusion.

Therefore, assuming the question refers to the *apparent* direction of movement, and assuming the arrow inside the left circle is visible, the answer depends on the direction of that arrow. If the arrow points left, the circle appears to be moving left. If the arrow points right, the circle appears to be moving right."
1087-1,"The circle on the left *appears* to be rotating counter-clockwise from the camera's viewpoint.

Explanation: The ""Full Video Answer"" explicitly states that the circle on the left *appears* to be rotating counter-clockwise. The ""Front Section Answer"" supports this by stating the perceived movement is in the direction of the arrow within the circle, which in this case, is counter-clockwise. The other sections either don't provide enough information or acknowledge the illusion without specifying the direction. Therefore, based on the combined information, the best answer is counter-clockwise."
1087-2,"Yes, according to the video description, the circle on the left does not actually move. The video description and the presenter's comments in the video sections indicate that the perceived movement is an optical illusion created by the arrows. Covering the arrows reveals that the circles are stationary."
1087-3,"No, the circle on the left does not actually move in the direction indicated by the arrow inside it. All video sections agree that the circles *appear* to move, but the core point of the video is to demonstrate that this is an optical illusion. The circles are, in fact, stationary."
1087-7,C
1090-0,"The answer depends on which section of the video is being referenced, and whether the animals are sheep or goats.

*   **Full Video Answer:** From the sheep's perspective, the painting would likely look like a series of lines and shapes, an unusual alteration to their path, enough to make them cautious.
*   **Front Section Answer:** From the sheep's perspective, the painting would look like a dark, seemingly three-dimensional hole in the road.
*   **Middle Section Answer:** From the sheep's perspective, the painting would look like a raised bridge or platform.
*   **End Section Answer:** The video features goats, not sheep, and the painting is on the *sides* of the walkway, not on the ground. Therefore, the question cannot be answered based on this video description. The goats would see the painting as large gaps or holes in the sides of the walkway.

**Aggregated Answer:**

Based on the video descriptions, the painting's appearance to the animals depends on the animal and the location of the painting. For sheep, the painting on the ground could appear as either a dark hole, a raised bridge/platform, or simply as unusual lines and shapes. For goats, the painting on the sides of the walkway would appear as large gaps or holes."
1090-1,"The painting on the ground appears to the sheep as a three-dimensional obstacle, such as a ledge, bridge, or hole in the road. This is based on the video descriptions which state the painting is an optical illusion designed to trick the sheep into perceiving it as a physical barrier, causing them to hesitate and cautiously navigate the area. Note that the end section describes goats, not sheep, so it is not relevant to the question."
1090-2,"Based on the video sections, the answer is **yes, likely the painting on the ground looks like a broken bridge (or obstacle) to the sheep.**

*   The ""Full Video Answer"" and ""Middle Section Answer"" explicitly state the sheep perceive the painting as an obstacle, like a ledge or broken bridge, and hesitate to cross it.
*   The ""Front Section Answer"" suggests the painting is intended to look like a hole, but the goal is the same: to create an illusion of an impassable barrier.
*   The ""End Section Answer"" uses goats as an example, and the goats react to painted gaps on a bridge as if they were real obstacles. This suggests sheep would react similarly.

While the exact appearance of the painting (hole vs. broken bridge) is debated, all sections indicate the animals perceive the painting as a real obstacle they are hesitant to cross."
1090-3,"It is not definitively stated whether the painting appears to the sheep like a large puddle. While the painting is designed to look like a three-dimensional obstacle (ledge, bridge, or hole), the video descriptions do not confirm if the sheep specifically interpret it as a puddle. The sheep's hesitation to cross suggests they perceive *something* unusual and possibly hazardous about the painted area, which *could* be interpreted as a puddle, but the descriptions focus on the painting's intention to mimic a solid obstacle. The end section features goats and suggests that sheep would react similarly, perceiving the painting as a real obstacle, which *could* include a puddle."
1090-7,B
1091-0,"Based on dual perception, the number of people that can be identified in the last video section is either **one or two**. The video implies that the initial perception is of one person (a woman reading), but the optical illusion reveals the faces of two lovers, making both interpretations valid."
1091-1,"Based on the provided descriptions of different video sections, the number of individuals visible in the final segment (which is the entire video) varies depending on interpretation. The descriptions mention:

*   **Two individuals:** A woman on a bench and a robed figure behind her (Full Video Answer).
*   **Three individuals:** A woman on a bench, an older man behind her, and a figure in the background (Front and Middle Section Answers).
*   **Potentially four individuals:** The woman on the bench, the older man, two lovers (as an optical illusion), and a figure in the background (End Section Answer).

Reconciling these, the most consistent elements are the woman on the bench and the older man behind her. The figure in the background is also mentioned in multiple sections. The ""two lovers"" are presented as an alternative interpretation of the existing figures, not necessarily separate individuals.

Therefore, the most accurate answer, considering all sections, is **three**. These individuals are: a woman seated on a bench, an older man standing behind her, and a figure in the background."
1091-2,"No.

Here's the breakdown:

*   **Full Video Answer:** No mention of a man in pink with a hat.
*   **Front Section Answer:** Confirms the woman on the bench and the man in dark robes. Mentions a figure in the background near a building, possibly the man in pink, but not explicitly.
*   **Middle Section Answer:** Confirms the woman and the man in dark robes. No mention of the man in pink.
*   **End Section Answer:** Confirms the woman and the man in dark clothing. Mentions a figure near a house in the background, but no man in pink.

While the ""Front Section"" and ""End Section"" answers mention a figure in the background, none of the descriptions explicitly confirm the presence of a man dressed in pink with a hat. Therefore, based on the provided video section descriptions, the answer to the question is no."
1091-3,"The answer is **False**.

Here's the reconciliation of the video section answers:

*   **Full Video Answer:** States that while initially it seems like two people are depicted, the illusion reveals a larger face, implying more than just two figures are present.
*   **Front Section Answer:** Identifies a woman sitting, an older man standing behind her, and a figure standing near a building, totaling at least three people.
*   **Middle Section Answer:** Claims the statement is true, focusing specifically on the description mentioning someone ""sitting"" and someone ""standing behind."" However, it acknowledges other figures are present.
*   **End Section Answer:** Identifies a woman sitting, an older man standing behind her, and a figure standing near a house, again totaling at least three people.

The Middle Section Answer is the outlier. The other three sections all identify at least three figures. The question asks if *only* two people can be identified, one sitting and one standing behind. Since the other sections identify more than two people, the answer is false."
1091-7,B
1095-0,"The video sections provided consistently state that the person in the upper left corner is **not throwing a small stone into a keg**. Instead, they are described as collecting and arranging rocks around a blue bucket near a railway track. The purpose of this activity is to create a makeshift base or enclosure for the bucket, which is later used as a bathtub for a comedic stunt."
1095-1,"The provided information doesn't definitively state why the person threw a small stone into the keg (or bucket). However, based on the context of the ""Middle Section Answer"" and the description of the ""End Section Answer"" (Clip 1), here's the most likely explanation:

The person is setting up a makeshift ""spa"" using a bucket on a railway track. While the exact purpose of the stone is not explicitly stated, it's likely used either to weigh down the bucket to make it more stable, to secure the bucket in place on the uneven railway track area, or as part of the general process of setting up the absurd bathing situation. It could also be for no reason at all."
1095-2,"No, based on the provided video section descriptions, there is no mention of anyone throwing a stone into a keg (or bucket) to create a splash effect. The descriptions focus on the man setting up a makeshift ""spa"" with rocks, a bucket of blue liquid, and water near a railway track. He eventually sits in the bucket."
1095-3,"No. Based on all video sections, the person in the upper left corner is collecting rocks and setting up a makeshift bathing area using a bucket. No one is throwing a stone, and no one is appearing inside a keg. The person ends up sitting in the bucket after a failed jump attempt."
1095-7,E
1101-0,"Based on the provided video section descriptions, it's difficult to definitively say *why* the man gradually submerged the paper, or even confirm that he *did* gradually submerge it.

Here's a breakdown of what we can infer from each section:

*   **Full Video Answer:** Doesn't explicitly mention ""gradual submersion,"" but states the paper cutout is *carefully placed* in the water. This suggests a gentle action, implying a slow submersion as it floats and gets wet. The careful placement might indicate respect for the deity the paper cutout represents.
*   **Front Section Answer:** Doesn't mention paper directly, but describes a man reaching into the water for ""something small."" If this is paper, it could be an accidental drop, a failed attempt to float it, a deliberate prank, or a search for something written on it. The humor stems from the man's effort in the muddy water.
*   **Middle Section Answer:** Explicitly states that the video description does not mention a piece of paper being submerged. It then speculates on possible reasons *if* paper were involved, such as a ritual, a test of buoyancy, a symbolic act of destruction, or a visual effect.
*   **End Section Answer:** Doesn't explicitly state ""gradual submersion"" but mentions the Durga cutout being placed in the water. It suggests the submersion is likely to create a visual effect or film the paper's disintegration. The submersion and breakdown of the paper could be central to the video's message.

**Reconciled Answer:**

The most likely explanation, based on the combined information, is that the man submerged the paper cutout (likely representing a deity) to create a visual effect or to film its disintegration in the water. The ""gradual"" aspect likely comes from the careful placement of the paper, allowing it to float and slowly become saturated. The video's intent is probably artistic or humorous, highlighting the contrast between the paper's impermanence and the powerful religious symbol it represents. However, without seeing the actual video, it's impossible to be certain of the exact reason."
1101-1,"The descriptions provided are contradictory. The ""Middle Section Answer"" states that a small statue of the Hindu deity Durga is being placed in the water, not a piece of paper. The other sections either speculate about the reason for dipping paper or acknowledge the description doesn't explicitly state it.

Therefore, based on the information provided, the most accurate answer is:

The video description does not explicitly state the reason for slowly dipping the paper into the water. However, the ""Middle Section Answer"" indicates that it is actually a statue of Durga being placed in the water, likely as part of a religious ritual or ceremony. The humorous element arises from the dramatic music accompanying this action."
1101-2,"No.

Explanation:

*   **Full Video Answer:** Suggests a deliberate placement of the cutout, not a gradual submersion for an emerging effect.
*   **Front Section Answer:** Doesn't provide any information about paper or submersion.
*   **Middle Section Answer:** Explicitly states a statue is placed in water, not paper being submerged.
*   **End Section Answer:** Doesn't provide information about gradual submersion.

The middle section directly contradicts the idea of paper being submerged, and the other sections either suggest simple placement or lack relevant information. Therefore, the aggregated answer is no."
1101-3,"No, the purpose of slowly submerging the paper into the water was likely not just to make it completely wet.

Based on the video descriptions, the act involves a paper cutout of the goddess Durga being placed in the water. The slow and careful placement suggests a ritualistic offering, symbolic immersion, or a respectful act, rather than simply trying to get the paper wet. The focus is on the act of placing the religious figure in the water, implying a deeper meaning beyond the practical outcome of wetting the paper. The middle section mentions a statue of a Hindu deity being gently placed in the water, further supporting the idea of a religious ritual."
1101-7,E
1111-0,"The video descriptions provided do not answer the question of who decided to sit down after standing up instead of joining the dance. All sections consistently state that the descriptions focus on a man dancing with women, and the women are described as initially sitting on a wall. There is no mention of anyone standing up and then sitting back down. To answer the question, one would need to *watch the video and observe the actions of the women* to see if anyone stands up and then sits down again."
1111-1,"Based on the full video description, the answer is: **Some of the women chose to sit back down.** The description states that one woman joined the man in dancing, implying that the other women who were initially seated either remained seated or sat back down instead of dancing. The other sections do not provide any information about anyone initially standing up and then sitting back down."
1111-2,"Based on the provided video section descriptions, the answer is: **The video description does not provide enough information to answer the question.**

All the video sections (Full, Front, Middle, and End) consistently state that the descriptions lack the necessary details to determine if a woman in a brown and red sari stood up and then sat down instead of joining the dance. The descriptions focus on general observations about the women's clothing and their overall reaction to the man's dance, but they don't track the specific actions of individual women or mention the colors of their saris in detail. To answer the question, the video would need to show a woman in a brown and red sari standing up and then choosing to sit down instead of joining the dance."
1111-3,"Based on the provided video section descriptions, the answer is: **The video sections do not provide the information needed to answer the question.**

Explanation: None of the video section descriptions mention a man in a white shirt, someone standing up and then sitting down instead of dancing, or any scenario that would allow us to determine if the man in the white shirt (if he existed in the video) decided to sit down instead of dancing. The descriptions focus on other individuals and activities within the video."
1111-7,E
1112-0,"The friend took the firework instead of the lighter.

Explanation: The middle section explicitly states that a flashback shows the friend stealing the fireworks from the bucket. The full video answer also supports this. The end section mentions ""the man"" taking the firework, but this is in the context of lighting it, not necessarily taking it *instead of* the lighter. The front section doesn't provide any information on who took the firework. Therefore, based on the provided sections, the most accurate answer is that the friend took the firework instead of the lighter."
1112-1,"Based on the provided video section descriptions:

*   **Full Video Answer:** The friend who took the firework was the one covered in soot. This implies they picked it up.
*   **Front Section Answer:** Doesn't say who picked up the firework.
*   **Middle Section Answer:** The friend who stole the fireworks is the one who picked them up.
*   **End Section Answer:** Doesn't say who picked up the firework.

Reconciling the answers, the full video and middle section answers both identify the friend who stole/took the firework as the one who picked it up.

**Answer:** The friend who stole/took the firework picked it up."
1112-2,"Based on the provided video section descriptions, the question ""Was it the person in the blue shirt who took the firework instead of the lighter?"" cannot be definitively answered. None of the video sections explicitly mention the color of anyone's shirt or whether a firework was taken instead of a lighter.

*   **Full Video Answer:** States that the video would need to be reviewed to see which person (if any) was wearing a blue shirt and whether that person was the one who took the firework.
*   **Front Section Answer:** States that the video would need to show who picked up what item (firework or lighter).
*   **Middle Section Answer:** States that the flashback might answer the question if the friend is wearing a blue shirt while stealing the fireworks.
*   **End Section Answer:** States that the video shows a man lighting and throwing a firecracker, but it doesn't specify what he might have taken *instead* of it.

Therefore, to answer the question, the video itself would need to be reviewed to determine if someone wearing a blue shirt took the firework instead of a lighter."
1112-3,"The question cannot be answered with the provided information. All video sections explicitly state that the descriptions lack the necessary details to determine if the person in the white shirt took the firework. The descriptions do not mention what anyone was wearing when the firework was taken, or even who took it. To answer the question, the video would need to show the person in the white shirt either taking the firework or the lighter."
1112-7,E
1117-0,"The answer is unclear and depends on which section of the video description is considered.

*   **Full Video Answer:** Suggests someone filling the glass made the water overflow and failed a drinking challenge.
*   **Front Section Answer:** States the water *didn't* overflow and there was no challenge.
*   **Middle Section Answer:** Says it's impossible to know who made the water overflow (if it did) because the description focuses on reactions, not who controlled the faucet.
*   **End Section Answer:** Describes a man successfully getting water and drinking it, so no one overflowed the water or failed a challenge.

Reconciling these conflicting accounts, it's impossible to definitively answer the question based on the provided information. Some sections suggest an overflow and failure, while others deny it. The middle section highlights the lack of information about who controlled the faucet. Therefore, the video descriptions do not provide a consistent answer to who made the water overflow and failed the challenge."
1117-1,"Based on the provided video section descriptions, there is conflicting information regarding whether water overflowed and a challenge was lost.

*   **Full Video Answer:** States someone filling the glass caused the overflow and loss.
*   **Front Section Answer:** No challenge or loss mentioned, just a comedic skit.
*   **Middle Section Answer:** Mentions a challenge and overflow, but no clear responsibility.
*   **End Section Answer:** No overflow or challenge loss; a man successfully drinks water.

Because the video section descriptions contradict each other, it's impossible to definitively answer who was responsible for the water overflowing and losing the challenge. The descriptions provide different scenarios, some with an overflow and loss, and others without."
1117-2,"Based on the provided video section descriptions, it is not possible to definitively answer whether the person in the blue shirt caused the water to overflow and failed the challenge.

Here's why:

*   **Full Video Answer:** Suggests the person in the blue shirt *did* cause the overflow, based on the video description.
*   **Front Section Answer:** Doesn't mention an overflow or failure at all.
*   **Middle Section Answer:** Doesn't provide enough information to determine who caused the overflow or if there was a failure.
*   **End Section Answer:** States the person in the blue shirt was only seen holding the glass at the end, after the trick was completed, implying they did *not* cause the overflow. It also states the man in the red shirt successfully drinks the water.

The descriptions contradict each other. The ""Full Video Answer"" directly answers the question in the affirmative, but the ""End Section Answer"" directly answers the question in the negative. The ""Front Section Answer"" and ""Middle Section Answer"" do not address the question.

Therefore, based on the conflicting information, it's impossible to provide a definitive ""yes"" or ""no"" answer."
1117-3,"Based on the provided video section descriptions, here's the answer:

The answer is inconclusive.

*   **Full Video Answer:** States the person in the red shirt caused the overflow.
*   **Front Section Answer:** Cannot definitively say if the person in the red shirt was the one who caused the water to overflow.
*   **Middle Section Answer:** It's impossible to definitively say if the person in the red shirt caused the overflow.
*   **End Section Answer:** The video does not show the water overflowing. It shows the man in the red shirt successfully getting a small amount of water from the faucet and drinking it.

The video section descriptions contradict each other. The ""Full Video Answer"" directly answers the question with a ""yes,"" while the other sections either state that the information is not available or that the video shows the opposite (the person in red successfully getting water). Therefore, based on the conflicting and incomplete information, it is impossible to definitively answer whether the person in the red shirt made the water overflow and failed the challenge."
1117-7,E
1119-0,"The Iron Bowl is not mentioned in any of the video sections provided. However, in the Front Section, the man in the red sweater is holding a bowl of popcorn while watching television and reacting with indifference to the cat and dog picture on the other man's phone. Therefore, based on the available information, the Iron Bowl is not present in the scene."
1119-1,"Based on the provided video section answers, the location of the iron bowl is unknown. None of the sections mention an iron bowl, a cat and dog image, or a person in red, except for the end section which clarifies that the person in red is the man in the maroon shirt. However, even with this clarification, the end section explicitly states that the video does not contain an iron bowl or an image of a cat and dog. Therefore, the question cannot be answered based on the information given."
1119-2,"The description does not answer the question. None of the video sections provide enough information to determine if there is an iron bowl on the floor under the oversized phone screen when the person in red reacts to the cat and dog picture. The sections mention popcorn, a person named Zack, and a man in a red sweater, but none describe the specific details of the scene in question. To answer the question, we would need a description of the video section showing the person in red reacting to the cat and dog picture, including details about the objects around them."
1119-3,"Based on the video section descriptions, the answer is: **The descriptions do not provide enough information to answer the question.**

Here's why:

*   **Front Section:** Mentions a man in a red sweater holding a bowl of popcorn, but not an iron bowl. It doesn't mention a reaction to a cat and dog picture.
*   **Middle Section:** Doesn't mention anyone in red, an iron bowl, or a reaction to a cat and dog picture. It focuses on Zack being covered in popcorn.
*   **End Section:** Doesn't mention a person in red reacting to a cat and dog picture or an iron bowl. It explains how one *might* find the answer if the video contained that information.
*   **Full Video Answer:** States that it's impossible to determine if the person in red has an iron bowl on their lap when they react to the cat and dog picture. The description focuses on the actions, dialogue, and overall visual elements of the skit, but it doesn't provide details about the clothing or specific objects near the person reacting.

None of the descriptions provide the necessary details about a person in red reacting to a cat and dog picture with an iron bowl on their lap."
1119-7,E
1121-0,"Based on the provided video section descriptions, the most likely answer is the **sun/lightning** symbol.

Explanation:

*   **Full Video Answer:** Suggests the light bulb is closest to the sun symbol, based on the identification of ""spinning sun"" as the problem and the control panel having weather symbols.
*   **Middle Section Answer:** Explicitly states the sun/lightning symbol is closest, arguing that it's the most directly related to light and electricity.

While other sections couldn't answer or mentioned other possibilities (like a lightning symbol in the end section), the Full and Middle sections provide the most concrete and consistent answer based on the described content of the video."
1121-1,"Based on the video section descriptions, there is no definitive answer to the question.

*   **Full Video Answer, Front Section Answer, and End Section Answer:** All state that the video description does not mention a filament light bulb or a control panel. Therefore, the question cannot be answered.
*   **Middle Section Answer:** This section acknowledges the absence of a filament light bulb in the description. It then speculates that the ""sun/lightning"" symbol *could* be interpreted as a light bulb, and in that case, the nearest symbol would be either ""clouds"" or ""snowflake,"" depending on the panel's arrangement.

**Final Answer:**

The video descriptions do not provide enough information to definitively answer the question. The description does not mention a filament light bulb. The middle section speculates that the ""sun/lightning"" symbol might represent a light bulb, and if so, the nearest symbol would be either ""clouds"" or ""snowflake,"" depending on the panel's layout. To answer definitively, the video itself would need to be analyzed to identify a filament light bulb and the symbols closest to it."
1121-2,"Based on the provided video section descriptions, it's impossible to definitively answer the question ""Is the symbol closest to the filament light bulb on the control panel three clouds?"".

Here's why:

*   **Lack of Information:** Most sections (Front, End) explicitly state they don't mention a control panel or filament light bulb.
*   **Incomplete Description:** The Middle Section mentions a control panel with weather symbols (clouds, sun/lightning, snowflake) but doesn't describe the panel's layout or the presence/location of a filament light bulb. It states it is impossible to know if the symbol closest to where a filament light bulb might be is three clouds.
*   **Vague Description:** The Full Video Answer mentions triangles representing weather conditions but doesn't specify the presence of a filament light bulb or the arrangement of symbols.

To answer the question, the video itself would need to be reviewed to identify if there is a filament light bulb on the control panel and what the symbol is closest to it."
1121-3,"Based on the provided information, the answer is likely yes.

Here's the reasoning:

*   **Full Video Answer:** Strongly suggests a sun symbol is present and relevant to the controls being manipulated due to the ""spinning sun"" statement. This implies the sun symbol is on the control panel.
*   **Middle Section Answer:** States that one section of the control panel is ""sun/lightning"". If the filament light bulb is in the first section of the panel, then the sun symbol would be closest.
*   **Front and End Sections Answer:** These sections do not contain information about the control panel or filament light bulb, so they don't contribute to answering the question.

Given that the full video description implies the sun symbol is part of the control panel and the middle section describes a ""sun/lightning"" section, it's probable that the sun symbol is near other controls, potentially including one associated with a filament light bulb."
1121-7,B
1122-0,"The little man in the overalls with the white bag is inside the vacuum cleaner at the end of the video. This is based on the ""Full Video Answer"" stating he is sucked up by the vacuum and the ""End Section Answer"" confirming the vacuum hose in the ""reality"" scene is the same one that sucked up the men in the ""cartoon"" scene."
1122-1,"The little man in overalls with the white bag ends up inside the vacuum cleaner bag. The ""End Section Answer"" and ""Full Video Answer"" both state that the man is sucked up by the vacuum cleaner. The other sections do not provide information about his final destination."
1122-2,"Yes, the little man in overalls ends up inside the vacuum cleaner. The ""Full Video Answer"" explicitly states this, and the ""End Section Answer"" implies it by connecting the vacuum cleaner hose from the ""cartoon"" scene (where the men are) to the ""reality"" scene."
1122-3,"No, based on the provided video section descriptions, the little man in overalls with the white bag is not explicitly shown inside a janitor's closet at the end of the video.

Here's the breakdown:

*   **Full Video Answer:** States they are found in a janitor's closet, but this is based on the video description, not a specific section.
*   **Front Section Answer:** Does not show the little man, bag, or janitor's closet.
*   **Middle Section Answer:** Shows the little man with the bag, but not in a janitor's closet, and doesn't mention the end of the video.
*   **End Section Answer:** Describes a transition from the men in overalls to a vacuum cleaner scene, implying they were sucked up, but not showing them in a janitor's closet.

While the ""Full Video Answer"" suggests they are in a janitor's closet, the question specifically asks based on the *video sections*. The individual section descriptions do not support this at the end of the video."
1122-7,A
1124-0,"The egg is inside the water bottle.

Explanation: The front and middle sections explicitly state the egg ends up inside the bottle after the trick. The full video answer supports this, inferring the egg fell into the bottle after the performer hit it. While the end section discusses a ping pong ball instead of an egg, the other sections consistently point to the egg being inside the bottle."
1124-1,"The answer depends on which part of the video is being referenced.

*   **Full Video Answer:** The egg disappears, and the water bottle erupts. It's implied the egg is broken or falls inside the bottle.
*   **Front Section Answer:** The egg flies off the bottle.
*   **Middle Section Answer:** The egg falls into the bottle after the bottle cap is removed.
*   **End Section Answer:** The video section does not mention an egg. It describes a failed magic trick involving a water bottle and a ping pong ball.

Therefore, based on the different sections of the video, the egg either: 1) disappears and the bottle erupts, 2) flies off the bottle, or 3) falls into the bottle. The end section does not contain an egg, so it does not answer the question. The discrepancy in the other answers suggests the video involves a trick where the egg's fate changes depending on the specific actions performed."
1124-2,"Based on the video sections, the answer is unclear and potentially contradictory depending on the section being referenced.

*   **Full Video Answer:** Suggests the egg disappears or breaks, not ending up behind the bottle or in anyone's hand.
*   **Front Section Answer:** Implies the egg is involved near the bottle initially, but only that it flies off, not that it's caught.
*   **Middle Section Answer:** States the egg falls *into* the water bottle, not behind it or in someone's hand.
*   **End Section Answer:** Claims there's no egg involved at all, only a water bottle and ping pong ball.

Therefore, based on the provided video section descriptions, it's impossible to definitively say whether the egg ends up behind the water bottle or in someone's hand. The descriptions are inconsistent, with some suggesting the egg disappears, flies off, or falls into the bottle, while another claims there's no egg at all."
1124-3,"Based on the video section descriptions, the answer is inconclusive. Here's the breakdown:

*   **Full Video Answer:** Implies the egg was forced into the bottle, causing an eruption.
*   **Front Section Answer:** States the egg was on top of the bottle and flew off, indicating it didn't go inside.
*   **Middle Section Answer:** States the egg fell inside the bottle.
*   **End Section Answer:** Mentions a ping pong ball, not an egg, so it's irrelevant.

The ""Full Video Answer"" and ""Middle Section Answer"" suggest the egg ends up inside the bottle, while the ""Front Section Answer"" suggests it does not. Because there are conflicting answers, a definitive ""yes"" or ""no"" cannot be determined based on the provided information."
1124-7,A
1127-0,"The provided information is insufficient to definitively answer the question about the position of the target basket and the ball shooter from the camera's perspective in the third segment.

Here's why, based on the video section answers:

*   **Full Video Answer:** States the third segment is the ending (0:18-0:20) and only mentions a record scratch sound. It provides no visual information about the basket or shooter.
*   **Front Section Answer:** Only describes the first 7 seconds of the video and doesn't cover the third segment.
*   **Middle Section Answer:** Similar to the front section, it only covers the initial seconds and lacks information about the third segment.
*   **End Section Answer:** While it infers that the shooter and basket are within the camera's frame and are the primary subjects due to the focus on the man and basketball hoop, it acknowledges the lack of specific details about the camera angle, distance, and framing. It also notes the outdoor setting.

Therefore, without a more detailed description of the visual content of the third segment, including camera angle, distance, and relative positions, a precise answer cannot be given."
1127-1,"The provided descriptions consistently state that they lack sufficient information to determine the positioning of the target basket and ball shooter from the camera's viewpoint in the third segment.

The ""Full Video Answer"" mentions the third segment (0:08-0:12) involves Jake shooting between two hoops on a tree and shooting into a hoop in the yard, but provides no positional information relative to the camera.

The ""Front Section Answer"" analyzes 0:04-0:07 (incorrectly labeled as the third segment), where Jake is on an indoor court, but only states that he's dribbling and shooting. It infers a general basketball setup but lacks camera angle details.

The ""Middle Section Answer"" and ""End Section Answer"" reiterate the lack of specific positional information and highlight the need for details like camera angle, distances, and relative positions to answer the question.

**Answer:**

The provided descriptions do not offer enough information to determine the positioning of the target basket and ball shooter from the camera's viewpoint in the third segment (0:08-0:12). The segment involves Jake shooting between hoops on a tree and into a hoop in the yard, but the descriptions lack specific details about the camera angle, distances, and relative positions of the shooter, target, and camera. To answer the question, a visual analysis of the video segment would be required."
1127-2,"The description does not provide enough information to definitively answer if, in the third segment, the target basket is located behind the man, who is facing away from it and the camera. None of the provided video section descriptions mention a third segment or provide details about the man's orientation relative to the basket in any segment."
1127-3,"Based on the provided video section descriptions, it is impossible to definitively answer whether the target basket is positioned directly in front of the ball shooter in the third segment.

Here's why:

*   **Full Video Answer:** States that the video description does not provide enough detail about the positioning of Jake and the basket in each segment to determine if he's facing the basket head-on or at an angle.
*   **Front Section Answer:** Focuses on segment 0:04-0:07, where Jake is on an indoor basketball court. It notes that the description doesn't specify Jake's position relative to the basket when he shoots.
*   **Middle Section Answer:** States that the description only covers the first two segments and provides no information about the third segment.
*   **End Section Answer:** Mentions a man shooting at a portable basketball hoop, but it doesn't specify the relative positions of the man and the hoop.

All video section answers agree that the description lacks the necessary information about the positioning of the shooter and the basket in the third segment to answer the question."
1127-7,E
1130-0,"Based on the provided video section descriptions, the question cannot be answered. None of the descriptions detail an old man swinging his arm and the corresponding movement of colored balls.

*   **Full Video Answer:** States that the description doesn't explicitly state which color ball moved significantly when the old man swung his arm. It requires visual analysis of the video to determine the timing of the arm swing, the juggling pattern, and the ball movement.
*   **Front Section Answer:** Mentions blue and green balloons but doesn't describe the old man swinging his arm or any movement of the balloons.
*   **Middle Section Answer:** States that the video description does not mention the old man swinging his arm or which color ball moved significantly.
*   **End Section Answer:** Mentions a man operating a device that makes red, green, and blue balls float, but it doesn't describe the magnitude of the man's arm swings or which ball moved the most in relation to those swings.

To answer the question, the video section would need to describe the man's arm movements and how each colored ball (red, green, blue) moved in response to those arm swings, especially when the man swung his arm with the largest magnitude."
1130-1,"Based on the provided video section descriptions, it is impossible to definitively answer which ball showed the most movement when the old man swung his arm widely. None of the descriptions explicitly state that an old man swings his arm widely while manipulating the balls.

Here's a breakdown of why:

*   **Full Video Answer:** Mentions juggling by a younger man, not an old man swinging his arm.
*   **Front Section Answer:** Describes a man throwing a red ball at balloons, not an old man swinging his arm. It speculates that *if* the man swung his arm widely, the red ball would move the most.
*   **Middle Section Answer:** Describes men in an office with superimposed balls, not an old man swinging his arm.
*   **End Section Answer:** Mentions a man manipulating three colored balls, but doesn't confirm a wide arm swing. It speculates that the furthest or least stable ball would move the most *if* there were a wide arm swing.

Therefore, without a video section showing the old man swinging his arm widely and its effect on the balls, a conclusive answer cannot be given. To answer the question, we would need a video section depicting the old man swinging his arm and the resulting movement of the balls, allowing for a comparison of their trajectories."
1130-2,"The descriptions from all video sections consistently state that they do not contain the necessary information to answer the question. They lack details about an old man, his arm movements (especially swings with varying magnitudes), the presence of a red ball, and the ball's movement in relation to the arm swings.

Therefore, based solely on the provided descriptions, the answer is: **It is impossible to determine if the red ball moved significantly when the old man swung his arm with the largest magnitude.** The descriptions do not provide any information about these events.

To answer the question, the video section would need to visually depict an old man swinging his arm with different levels of force, a red ball present in the scene, and the red ball's movement in relation to those arm swings. We would need to observe if the red ball's movement was noticeably greater when the old man swung his arm with the largest magnitude."
1130-3,"Based on the provided video section descriptions, it is impossible to determine if the blue ball moved significantly when the old man swung his arm with the largest magnitude. None of the video sections contain all the necessary information to answer the question.

*   **Full Video Answer:** States that the video description lacks the necessary information to determine the movement of the blue ball in relation to the old man's arm swing.
*   **Front Section Answer:** Describes a man in a blue shirt throwing a *red* ball at a blue and green balloon, with no mention of an old man or arm swings.
*   **Middle Section Answer:** Describes two men in an office with animated balls, but doesn't specify ball colors, ages, or arm movements.
*   **End Section Answer:** Describes two men manipulating floating balls, but lacks details about arm swings, ball colors, and specific ball movements.

To answer the question, we would need a video section that shows an old man swinging his arm, identifies a blue ball, and demonstrates the movement of the blue ball relative to the swing's magnitude."
1130-7,E
1134-0,"The video descriptions do not provide enough detail to precisely describe the ball's movement upon release in the first throw of the last scene. However, the ""End Section Answer"" offers the most specific information: the man takes a basketball shot, and the basketball hits the rim and bounces off. Therefore, the ball likely followed an upward arc towards the rim, impacted the rim, and then bounced off in an unpredictable direction. The other sections emphasize the trick shot nature of the video and the unpredictability of the shots, suggesting the trajectory might be unusual, but they lack specific details about the final shot."
1134-1,"The trajectory of the ball during the first throw in the final scene was an arc. This is based on the ""End Section Answer"" which states that the ball was released upwards and forwards, reaching a peak, and then descending towards the basketball hoop. The other sections state that there is not enough information to determine the trajectory, but the End Section specifically answers the question."
1134-2,"The answer is inconclusive based on the provided descriptions.

Here's a breakdown:

*   **Full Video Answer:** Doesn't provide specific details about the final shot.
*   **Front Section Answer:** Shows Jake shooting, but doesn't describe the outcome of the shot.
*   **Middle Section Answer:** Lacks details about the final shot's trajectory.
*   **End Section Answer:** States the ball hits the rim and bounces off, but doesn't specify the direction of the bounce.

While the end section mentions the ball hitting the rim and bouncing off, it doesn't say whether it bounced back towards the person who threw it. Therefore, we cannot definitively answer the question."
1134-3,"The video description does not provide enough information to answer the question. All sections of the video description agree that there is no information about the trajectory of the ball in the final shot. The end section specifically mentions the ball hitting the rim and bouncing off, but this doesn't describe the path of the ball before it hit the rim."
1134-7,E
1137-0,"Here's the aggregated answer, reconciling the differences and using only the provided context:

The answers are contradictory.

*   **Full Video Answer:** States the man's head is facing the ground because he's at the bottom of an upside-down human totem pole.
*   **Front Section Answer:** States the man's head is facing forward because he's supporting the woman and child.
*   **Middle Section Answer:** States there is no man in white mentioned in the description.
*   **End Section Answer:** States the man's head is facing the ground because the woman is holding him upside down.

Reconciling the answers is impossible due to the contradictory information and different scenarios presented in each section. The Middle Section Answer states that there is no man in white in the description, so it is impossible to answer the question."
1137-1,"Here's the aggregated answer, considering the different video sections:

The answer depends on which video section we are considering.

*   **Full Video Answer:** The man in white is most likely looking forward, slightly upward, or at the woman when she is upside down. This is based on the inference that he's supporting the woman and child and needs to maintain balance and ensure they don't fall.

*   **Front Section Answer:** The man in white is likely looking downwards and towards the woman and child. This is based on the assumption that he is standing behind them to help stabilize them.

*   **Middle Section Answer:** There is no man in white in this section. The section describes two women playfully fighting with a child in a backyard.

*   **End Section Answer:** The man in white is highly probable looking down, towards the ground or at the woman holding his legs, in order to maintain balance and coordination. This is based on the description of the woman holding the man upside down by his legs.

**Reconciled Answer:**

Since the video sections describe different scenarios, there is no single answer. The direction the man in white is looking depends entirely on the specific acrobatic stunt being attempted in that section of the video. If he is supporting the woman and child, he is likely looking forward, slightly upward, or at the woman. If he is helping to stabilize the woman and child, he is likely looking downwards and towards the woman and child. If the woman is holding him upside down, he is likely looking down towards the ground or at the woman holding his legs. If there is no man in white, the question cannot be answered."
1137-2,"The answer is uncertain based on the provided descriptions.

*   **Full Video Answer:** Suggests the man's head is likely facing up and forward at the camera to maintain balance when the woman is upside down.
*   **Front Section Answer:** Claims the woman bends over, not goes upside down, making the question unanswerable.
*   **Middle Section Answer:** States there is no man in the video section, making the question unanswerable.
*   **End Section Answer:** States the woman is holding the man upside down, but the orientation of his head is not specified, making the question unanswerable.

Reconciling these answers, the full video answer provides the most relevant information, suggesting that the man's head is likely facing up and forward at the camera. However, the other sections highlight that the descriptions are incomplete and may not accurately reflect the video content. Therefore, without more specific information from the video sections, the question cannot be definitively answered."
1137-3,"Here's an aggregation of the answers, reconciling differences and focusing on the video section contexts:

The answer depends on the video section:

*   **Full Video Answer:** The man's head is facing *upward*. The man is at the bottom of the ""totem pole"" supporting the woman and child.
*   **Front Section Answer:** If the woman only bends over, the man's head is not facing downward. If she inverts, then the man's head is facing downward.
*   **Middle Section Answer:** There is no man in this section.
*   **End Section Answer:** The man's head is facing downward. The woman is holding the man by his legs, and he is holding the child.

**Final Answer:**

The answer is unclear and depends on the specific section of the video being referenced. The ""Full Video"" section suggests the man's head is facing upward. The ""Front Section"" suggests it depends on whether the woman fully inverts. The ""End Section"" suggests the man's head is facing downward. The ""Middle Section"" does not contain a man."
1137-7,D
1145-0,"The video descriptions do not provide enough information to definitively answer how much time passes between the woman looking at her phone twice as an adult.

Here's a breakdown:

*   **Full Video Answer:** Suggests very little time passes between her checking her phone and being questioned.
*   **Front Section Answer:** Only mentions her looking at her phone once.
*   **Middle Section Answer:** Mentions she checks her phone after agreeing to meet someone in 30 minutes, and then time quickly passes.
*   **End Section Answer:** Mentions the time includes her opening a door and asking ""Why didn't you go?"".

While the video emphasizes the feeling that time passes quickly as an adult, none of the descriptions give a concrete time frame between the two phone checks. The best inference is that the time is relatively short (minutes), but a precise answer cannot be determined from the provided text."
1145-1,"The Middle Section answer provides the most relevant information. It states that the woman checks her phone as an adult, agrees to meet someone in 30 minutes, checks her phone again, and it's already time to go. Therefore, the time gap between the two instances when the woman checks her phone as an adult is about 30 minutes."
1145-2,"No, the video does not provide enough information to determine if the woman checks her phone 12 hours apart as an adult. While the end section shows her looking at her phone at 8 PM, it doesn't show when she last checked it or establish a pattern of checking it every 12 hours. The video primarily focuses on the subjective experience of time passing, not on specific phone-checking habits. The front and middle sections also confirm that the video doesn't provide this information."
1145-3,"Based on the video section descriptions:

The ""Full Video Answer"" implies she likely checked her phone again within a minute, but doesn't explicitly state it. The ""Front Section Answer"" doesn't address the question. The ""Middle Section Answer"" says no, the description doesn't say she checks it twice within a minute. The ""End Section Answer"" suggests she checks her phone multiple times, but doesn't confirm two checks within a minute.

Reconciling these, the ""Middle Section Answer"" is the most direct. While the ""Full Video Answer"" and ""End Section Answer"" suggest the possibility, they don't provide definitive evidence.

Answer: No, the description does not say that the woman checks her phone twice within a minute as an adult."
1145-7,E
1159-0,"The answers from the different video sections contradict each other.

*   **Full Video Answer:** Claims the fifth item is Highlighters and the seventh is Eraser.
*   **Front Section Answer:** Claims the fifth item is sticky notes and the seventh is scissors.
*   **Middle Section Answer:** Only lists four items, making it impossible to determine the fifth and seventh. The items listed are Pastel-colored gel pens, Colorful sticky notes, Stabilo Boss highlighters, and Golden measurement scale.
*   **End Section Answer:** Only lists four items, making it impossible to determine the fifth and seventh. The items listed are Measurement scale (ruler), Eraser, Sharpener, and Glue.

Since the ""Full Video Answer"" provides a complete answer but contradicts the other sections, and the other sections either contradict each other or don't provide enough information, it's impossible to definitively determine the fifth and seventh items based solely on the provided information."
1159-1,"Based on the provided video section descriptions, there are conflicting answers and incomplete information.

*   **Full Video Answer:** Fifth item is Highlighters, seventh item is Eraser.
*   **Front Section Answer:** Fifth item is sticky notes, seventh item is scissors.
*   **Middle Section Answer:** Cannot identify the fifth and seventh items as only the first four are detailed.
*   **End Section Answer:** Cannot identify the fifth and seventh items as only the first four are detailed.

Reconciling this, the Full Video and Front Section answers provide specific items, but they contradict each other. The Middle and End Sections explicitly state they cannot answer the question due to insufficient information.

Therefore, without a definitive and consistent description across all video sections, it is impossible to accurately identify the fifth and seventh items displayed in the video. There are conflicting answers."
1159-2,"No.

Here's the breakdown:

*   **Full Video Answer:** States the answer is yes, based on the video description.
*   **Front Section Answer:** States the answer is no, identifying the fifth item as sticky notes and the seventh as scissors.
*   **Middle Section Answer:** Cannot answer, as it only describes the first four items.
*   **End Section Answer:** Cannot answer, as it only describes four items: measurement scale (ruler), eraser, sharpener, and glue.

Since the ""Front Section Answer"" directly contradicts the ""Full Video Answer"" and the ""Middle Section Answer"" and ""End Section Answer"" do not provide enough information to answer the question, we must consider the conflicting information. The ""Front Section Answer"" identifies the fifth and seventh items directly, while the ""Full Video Answer"" relies on the video description. Without seeing the video, it's impossible to determine which is correct. However, since the question asks to only use the video sections for the final answer, we must rely on the ""Front Section Answer"" to answer the question."
1159-3,"No.

Explanation:

*   **Full Video Answer:** States the fifth item is highlighters and the seventh is an eraser.
*   **Front Section Answer:** States the fifth item is sticky notes and the seventh is scissors.
*   **Middle Section Answer:** Does not describe the fifth and seventh items.
*   **End Section Answer:** Does not describe the fifth and seventh items.

While there are discrepancies between the ""Full Video"" and ""Front Section"" answers regarding the fifth and seventh items, none of the sections identify the fifth item as sticky notes *and* the seventh item as a measurement scale. Therefore, the answer is no."
1159-7,E
1160-0,"The fourth item shown in the video is a chunky metal object that clicks together when folded. This is based on the ""Full Video Answer,"" which explicitly identifies the fourth fidget toy. The other sections only describe the first two items or focus on a single item, making the ""Full Video Answer"" the most comprehensive and accurate."
1160-1,"The fourth toy displayed in the video is a chunky metal object that clicks together when folded. This is based on the ""Full Video Answer"" which explicitly states this and references the video description listing the toys in order of appearance. The other sections do not provide enough information to answer the question."
1160-2,"No. The full video answer explicitly states the fourth item is a ""chunky metal object that clicks together when folded,"" which does not resemble a mahjong tile. The other sections either don't mention the fourth item or focus on other items, making them unhelpful in determining if the fourth item is a mahjong tile."
1160-3,"No. The full video answer states the fourth item is a chunky metal object, not a small black pill-shaped fidget toy. The other sections do not provide information about the fourth item, only the first two or a single fidget device."
1160-7,E
1161-0,"The color order displayed by the long strip of light is complex and varies depending on the section of the video.

*   **Full Video Answer:** Yellow, green, blue, purple, red, and orange. This is the most comprehensive answer, describing a full color cycle.
*   **Front Section Answer:** Yellow/green. This answer is limited to the video description and only identifies these two colors.
*   **Middle Section Answer:** Green, blue, purple, and possibly others. This answer is also limited to the video description and identifies a partial color sequence.
*   **End Section Answer:** Red, then orange/yellow, and finally dimming down. This answer focuses on the colors displayed at the end of the video.

Aggregating these answers, the most complete color order appears to be **yellow, green, blue, purple, red, and orange**, based on the full video answer. The other sections provide partial or specific color sequences that are likely part of this larger cycle."
1161-1,"The sequence of colors shown by the long strip of light is not consistent across the video.

*   **Full Video Answer:** Claims the sequence is yellow, green, blue, purple, red, and orange.
*   **Front Section Answer:** States the light is ""yellow/green"" when turned on. This suggests the sequence starts with yellow/green.
*   **Middle Section Answer:** States the sequence is green, blue, purple.
*   **End Section Answer:** States the light changes from red to orange/yellow. This suggests the sequence ends with red, orange/yellow.

Aggregating this information, and acknowledging the inconsistencies, a possible sequence could be: yellow/green, then transitioning through green, blue, purple, red, and orange/yellow. However, the exact order and completeness of the sequence cannot be definitively determined from the provided information."
1161-2,"No, the long strip of light on the objects in the video does not display the colors in the order of yellow, green, cyan, blue, purple, red, and orange. Different sections of the video description provide different color sequences, none of which match the order specified in the question. Some sections mention yellow/green, green/blue/purple, and red/orange/yellow, but cyan is never mentioned."
1161-3,"No. Based on the video section descriptions, there is no consistent color order of yellow, green, blue, purple, and red. The front section mentions yellow/green, the middle section mentions green, blue, purple, and the end section mentions red transitioning to orange/yellow. The full video answer contradicts the other sections."
1161-7,E
1162-0,"The order of the menu options that are browsed is calendar, clock, notes, calculator, and settings. This order is consistently stated in both the full video answer and the front section answer based on the video description. The middle and end sections do not provide any information about the menu or browsing, so they are not relevant."
1162-1,"The sequence of menu options navigated is: **Calendar, Clock, Notes, Calculator, and Settings.** This is based on the full video answer and the front section answer, which both describe the user navigating through a menu with these options. The middle and end sections of the video do not show any menu navigation."
1162-2,"The answer is unclear based on the provided video section descriptions.

*   **Full Video Answer:** Yes, the person browses through menu options including Calendar and Calculator.
*   **Front Section Answer:** Yes, the person browses through the menu options starting with Calendar and ending with Calculator.
*   **Middle Section Answer:** No, the video focuses on typing and frustration, not menu browsing.
*   **End Section Answer:** No, the video focuses on a Braille-like object and does not show any menu browsing.

The ""Full Video Answer"" and ""Front Section Answer"" confirm the browsing of menu options including Calendar and Calculator. However, the ""Middle Section Answer"" and ""End Section Answer"" contradict this, describing scenes where the user is either typing or interacting with a Braille-like object, with no menu browsing.

Therefore, without seeing the video, it's impossible to definitively say whether the person browses through the menu options starting with Calendar and ending with Calculator. Some sections show it, while others do not."
1162-3,"Yes, the person browses through the menu options including Settings. The full video and front section answers explicitly state that the phone's menu, including Settings, is navigated. While the middle and end sections do not show this activity, the presence of this information in the full video and front section descriptions provides sufficient evidence to answer the question affirmatively."
1162-7,D
1168-0,"The most complete answer comes from the ""Full Video Answer"" section. The man in the red hat didn't fall into a real hole. He pretended to fall into an optical illusion created by 3D street art for humorous effect and photos. The other sections either don't mention the man in the red hat or describe other people interacting with similar 3D art illusions."
1168-1,"Based on the provided video section descriptions, here's the aggregated answer:

The ""Full Video Answer"" states the man in the red hat was pretending to fall into the optical illusion of a hole as part of interacting with the 3D street art.

The ""Front Section Answer"" and ""End Section Answer"" do not mention a man in a red hat or anyone falling.

The ""Middle Section Answer"" describes a man in a baseball cap being pushed into the hole.

Reconciling these differences, we have two possible scenarios:

1.  **Scenario 1: The ""Full Video Answer"" is accurate.** In this case, the man in the red hat wasn't actually falling; he was pretending to fall as part of the fun of interacting with the 3D art illusion.

2.  **Scenario 2: The ""Middle Section Answer"" is accurate.** In this case, a man in a baseball cap was pushed into the hole.

Without seeing the video, it's impossible to know for sure which scenario is correct. However, the ""Full Video Answer"" seems to provide the most complete explanation."
1168-2,"Based on the video sections provided, the man in the red hat *appears* to fall into the hole primarily due to the optical illusion created by the 3D street art. The video descriptions suggest the falls are staged or humorous reactions to the artwork. There's no explicit mention of video editing being used to enhance the fall beyond the inherent illusion of the art itself. The middle section of the video specifically mentions a man in a red baseball cap seemingly falling due to the optical illusion. The other sections either don't mention the man in the red hat or focus on other people interacting with the artwork."
1168-3,"Based on the provided video section descriptions, the answer is likely yes, but with some caveats.

*   **Middle Section:** Directly states a man in a baseball cap (similar to a red hat) fell into the illusionary hole because he was deceived.

*   **Full Video Answer:** Suggests someone *almost* fell and was scared, implying the illusion was convincing, but doesn't confirm a fall or a red hat.

*   **End Section:** Describes a woman being deceived by the illusion and hesitating, further supporting the idea that the artwork is realistic enough to trick people.

*   **Front Section:** Is irrelevant as it focuses on the creation of a different artwork.

Reconciling the information, the middle section provides the most direct answer, while the full and end sections offer supporting evidence of the artwork's deceptive nature. Therefore, it is likely that a man in a red hat (or baseball cap) fell into the illusionary hole because he was deceived by the realistic 3D street painting, as described in the middle section."
1168-7,C
1169-0,"The guy in black and white clothes (the referee) wasn't ""kicked to pieces."" Instead, the football hit him in the face (according to the Full Video Answer) or groin (according to the Middle Section Answer), causing him to fall backward and reveal that he was hiding soccer balls and bowling pins under his uniform (Full Video Answer). The phrase ""kicked to pieces"" is likely an exaggeration or misinterpretation."
1169-1,"Here's an aggregated answer based on the provided video section descriptions:

The man in black and white clothes (the referee) appeared shattered by the soccer ball because he was wearing multiple soccer balls and bowling pins under his referee uniform. When the soccer ball hit him, the impact caused these items to fall out, creating the illusion that he was breaking apart. This explanation comes from the ""Full Video Answer.""

The ""Front Section Answer,"" ""Middle Section Answer,"" and ""End Section Answer"" do not support the ""shattering"" effect. The front section ends before the shattering effect occurs. The middle section describes the referee being hit in the groin and falling in pain, which could be interpreted figuratively as ""shattered."" The end section describes an unrelated scene with three men and a jacket."
1169-2,"No. All video sections consistently indicate that the man in the referee uniform (black and white clothes) is not kicked to pieces by the soccer ball. The full video description details him being hit in the face and falling, revealing hidden items, but no dismemberment. The middle and end sections explicitly state there are no special effects or edits suggesting such an event. The front section doesn't show the incident at all. Therefore, based on the provided descriptions, the man is not kicked to pieces."
1169-3,"Based on the provided video section descriptions, here's the answer:

The answer is likely **no**.

*   **Full Video Answer:** Suggests the man in black and white is a real person who reacts to being hit.
*   **Front Section Answer:** States the man in the referee uniform kicks the ball away and is not kicked to pieces.
*   **Middle Section Answer:** States the referee, in a standard uniform, is hit in the groin and falls.
*   **End Section Answer:** Does not mention the referee.

While the descriptions vary slightly on where the referee is hit, none of them describe him as being kicked to pieces or as being a mannequin. The full video answer implies he is a real person due to his reaction and the interaction with the other men."
1169-7,E
1170-0,"The containers disappeared due to a collapse and fall from the ship. The full video answer and the end section answer both state that the containers disappeared because they collapsed and fell. The full video answer attributes this to a misjudgment by the crane operator, while the end section answer simply states that the top layers collapsed. The middle section answer suggests a visual trick or editing effect for comedic purposes, based on the man's actions with a remote control, but this is a possible interpretation rather than a direct explanation. The front section answer states that the video cuts off before showing their fate. Therefore, based on the most direct explanations provided, the containers disappeared because they collapsed and fell from the ship."
1170-1,"The containers vanished from the ship because they fell off. Different sections of the video offer varying perspectives on the cause:

*   **Full Video Answer:** Attributes the fall to a ""catastrophic collapse"" caused by a worker's mistake operating the crane, leading to a cascade effect.
*   **Front Section Answer:** Claims the crane ""dropped"" the containers, implying operator error.
*   **Middle Section Answer:** States the video is a humorous skit and doesn't directly address the cause of the containers vanishing. It depicts a man pretending to control the crane with a remote, highlighting the absurdity of the situation.
*   **End Section Answer:** Focuses on the effect – the containers falling off – but doesn't state the cause. It suggests potential factors like strong wind, ship instability, or structural failure.

While the exact cause isn't definitively stated across all sections, the consensus is that the containers fell off the ship, likely due to some kind of instability or error during the loading process. The ""Full Video Answer"" and ""Front Section Answer"" suggest operator error with the crane as a potential cause, while the ""End Section Answer"" leaves open the possibility of other factors."
1170-2,"Based on the provided video section descriptions, the answer is: **It is unlikely the containers disappeared because they were part of a Tetris-like game using post-production effects.**

Here's why:

*   **Full Video Answer:** States the containers disappeared due to post-production effects, similar to Tetris.
*   **Front Section Answer:** Doesn't have enough information to answer the question. It focuses on the dropping, not the disappearance.
*   **Middle Section Answer:** States the containers likely *did not* disappear, as the video's humor comes from the man's actions, not special effects.
*   **End Section Answer:** States the containers likely collapsed due to a real (or staged) accident, and the humor comes from the unexpectedness, not a stylized Tetris effect.

Reconciling the differences: The ""Full Video Answer"" is the only one that directly supports the Tetris-like disappearance. However, the ""Middle"" and ""End"" sections emphasize the video's focus on realism and the man's actions, suggesting the containers either didn't disappear or disappeared due to a realistic collapse, not a post-production effect. Given the conflicting information and the emphasis on realism in the other sections, it's more likely that the ""Full Video Answer"" is incorrect or misinterpreting the video description."
1170-3,"Based on the video sections, the answer is likely yes, but not definitively proven by all sections.

Here's the breakdown:

*   **Full Video Answer (Description):** Explicitly states the containers fell off due to instability caused by the worker's actions with the crane. This is the most direct answer.
*   **Front Section Answer:** Shows containers being dropped by a crane, possibly due to malfunction or operator error. It doesn't confirm or deny instability as the cause.
*   **Middle Section Answer:** Humorous scene unrelated to the question.
*   **End Section Answer:** Shows containers collapsing and falling from the ship while docked. The cause is not explicitly stated as instability, but it suggests a sudden event that *could* be related to it.

Reconciling the differences:

The video description directly answers the question with a ""yes,"" attributing the container loss to instability. The end section supports this idea by showing a sudden collapse, which could be a result of instability. The front section shows a crane malfunction or operator error, which is not related to instability. The middle section is irrelevant.

Final Answer:

Yes, the containers likely disappeared because they fell off the ship due to instability. The video description explicitly states this, and the end section shows a sudden collapse of containers, which could be a consequence of instability."
1170-7,E
1173-0,"The person in the back seat didn't actually disappear. According to the full video answer, the person was covered in spilled drinks and food after the car hit a bump, creating the illusion that they vanished beneath the mess. Other sections suggest similar ideas: The middle section posits the person was obscured by a spill of fast food and drinks, and the end section suggests they were buried by an overwhelming amount of trash in the back seat and cargo area."
1173-1,"The person in the back seat did not vanish. The video descriptions consistently portray a comedic scene where a person in the back seat is overwhelmed by fast food and drinks, which subsequently spill on them when the car hits a bump or swerves. The humor focuses on the mess and the relatable fear of spilling food, not on any disappearance."
1173-2,"Based on the provided video section descriptions, the question of whether a person in the back seat disappeared due to post-production editing cannot be answered. None of the descriptions mention a person disappearing or suggest any post-production editing. The descriptions focus on a single person in the back seat (or no person at all in the end section), food spills, and trash. To answer the question, the video sections would need to be analyzed for inconsistencies or abrupt changes that might suggest editing, but the descriptions provided do not offer such information."
1173-3,"The person in the back seat did not disappear. The ""Full Video Answer"" states the person in the back seat did not disappear but was covered in spilled drinks and food after the car hit a bump. The ""Middle Section Answer"" contradicts this, stating the person *did* disappear due to a sudden stop or sharp turn, but this answer also interprets ""disappeared"" as a humorous exaggeration of being covered in the spill. The ""Front Section Answer"" doesn't directly address the disappearance, but focuses on the man's concern about a bump leading to a spill. The ""End Section Answer"" describes a scene with no person present, only trash.

Therefore, based on the most complete answer (""Full Video Answer"") and reconciling the other answers, the person did not literally disappear. The middle section answer is interpreting the disappearance as a metaphor for being completely covered in the spill."
1173-7,E
1175-0,"The bear on the ground is made to move in a few different ways, depending on the video section:

*   **Full Video Answer:** Animation techniques (likely CGI) are used to create the bear's movement.
*   **Front Section Answer:** The movement is an illusion created by the 3D chalk drawing effect and camera angle. The bear is a static drawing.
*   **Middle Section Answer:** A person inside a polar bear costume moves it.
*   **End Section Answer:** Either a person inside a costume or animatronic mechanisms move the bear.

**Reconciled Answer:**

Based on the different video sections, the bear's movement is achieved through a combination of methods. It could be a 3D chalk drawing that appears to move due to perspective, a person in a costume, animatronics, or CGI animation. The specific method likely varies depending on the particular scene."
1175-1,"Based on the video section answers, the technique used to make the bear on the ground appear to move is either **animation, a person in a polar bear costume, or animatronics.**

*   **Full Video Answer:** Directly states animation is used, implying the drawing is brought to life.
*   **Middle and End Section Answers:** Suggest the bear is a costume or animatronic, with movement achieved through a performer or mechanical controls.
*   **Front Section Answer:** Mentions anamorphosis, which creates a 3D illusion that could give the *impression* of movement. However, this is less direct than the other answers."
1175-2,"The answer is likely no, but there are conflicting perspectives.

*   **Full Video Answer:** Suggests yes, implying animation or visual effects are used for the bear's movement.
*   **Front Section Answer:** Suggests no, focusing on the 3D chalk drawing process without mentioning a real bear or editing.
*   **Middle Section Answer:** Suggests no, stating the bear is a person in a polar bear costume.
*   **End Section Answer:** Suggests no, stating the bear is likely a costume or animatronic.

Reconciling the differences, the majority of the video sections (Front, Middle, and End) suggest the bear is either a costume, animatronic, or part of the 3D drawing itself, rather than a 3D painting cleverly edited with a real bear. The ""Full Video Answer"" hints at animation, but this could refer to enhancing the movements of a costume or animatronic, rather than integrating a real bear."
1175-3,"No, the bear on the ground is likely not a mechanical bear moving.

Explanation:

*   **Full and Front Sections:** State the bear is a 3D chalk drawing that comes to life, implying animation rather than mechanical movement.
*   **Middle Section:** States the bear is a person in a polar bear costume performing as a street performer.
*   **End Section:** Suggests the bear is either a costume or a very realistic animatronic, not a real bear, and that it moves.

Reconciliation:

The answers provide conflicting information. The full and front sections state the bear is a 3D chalk drawing that comes to life, the middle section says it is a person in a polar bear costume, and the end section suggests it could be a costume or a realistic animatronic. Based on the video description, it is most likely a costume or a very realistic animatronic."
1175-7,"Based on the provided information:

*   **Full Video Answer: A** (A digital overlay on a smartphone)
*   **Front Section Answer: E** (None of the above, based on the description of a 3D chalk drawing with no movement and no real bear)
*   **Middle Section Answer: C** (A mechanical bear)
*   **End Section Answer: C** (A mechanical bear)

The answers are conflicting. However, the middle and end sections both indicate ""C"" (A mechanical bear). The full video answer suggests ""A"" (A digital overlay on a smartphone). The front section suggests ""E"" (None of the above).

Given that the middle and end sections agree on ""C"", and without further information to prioritize one section over another, we can assume that the bear's movement is achieved using a mechanical bear.

**C**"
1176-0,"The plant in the man's hand did not actually grow larger. The video uses a comedic trick where the man enters a greenhouse that is implied to be much larger on the inside than it appears on the outside. Inside the greenhouse is a separate, gigantic Venus flytrap, likely created with visual effects. The video focuses on the comedic scenario of the man interacting with this giant plant, not on the process of the smaller plant growing."
1176-1,"The plant in the man's hand appears larger due to a combination of factors, primarily visual effects and the contrast in scale within the greenhouse.

Here's a breakdown based on the video sections:

*   **Full Video Answer:** The contrast between the small exterior of the greenhouse and the vast, jungle-like interior makes the plant in the man's hand appear proportionally larger within the larger space.
*   **Front Section Answer:** The video description does not explain why the plant in the man's hand appears larger. The description focuses on the contrast between the small exterior of the greenhouse and its surprisingly large interior. The plant might not actually appear larger in itself, but the *contrast* between the small plant and the unexpectedly massive interior of the greenhouse makes the plant seem relatively smaller at first, and then, by comparison, perhaps makes it seem like the greenhouse is even bigger on the inside.
*   **Middle Section Answer:** The video description doesn't mention a plant in the man's hand, but rather a giant Venus flytrap. The flytrap appears larger due to **visual effects**. The description specifically mentions that the size of the Venus flytrap (almost 20 feet) is likely achieved through special effects.
*   **End Section Answer:** The video description does not explain why the plant in the man's hand appeared larger. However, the video features a giant, animated Venus flytrap. The plant in the man's hand (presumably a normal-sized Venus flytrap or a similar plant) *appears* larger due to: 1. **Special Effects/Animation,** 2. **Perspective/Camera Tricks,** and 3. **Contrast.**

In summary, the plant appears larger because the video utilizes special effects to create a giant Venus flytrap. The contrast between the normal-sized plant (perhaps the one initially in the man's hand) and the gigantic, animated one, along with perspective tricks, contributes to the perceived size difference. The greenhouse's interior size also contributes to the effect."
1176-2,"Yes, according to the Full Video Answer and Middle Section Answer, the plant in the man's hand appeared larger due to visual effects created by post-production video editing techniques. The Full Video Answer specifically mentions the use of visual effects to create the size difference between the small Venus flytrap and the giant one. The Middle Section Answer also states that the size of the Venus flytrap is likely achieved through visual effects.

The Front Section Answer is inconclusive but suggests that the quick cut/transition between the exterior and interior could have been used to subtly change the perceived size of the plant.

The End Section Answer is irrelevant as it describes a different part of the video with a giant Venus flytrap and doesn't mention a man holding a plant."
1176-3,"No, the plant in the man's hand did not grow larger because of a change in perspective as he moved through a doorway.

Several video sections explicitly state this. The Full Video and End Section answers directly refute the idea of perspective change affecting the plant in his hand. The Front Section answer infers the same, noting the focus is on the greenhouse's size and the plant is just a prop. The Middle Section answer states the video description doesn't contain the elements described in the question, but the other sections do provide the necessary context to answer. The size difference is due to visual effects and the exaggerated scale of the greenhouse interior, or the giant size of the Venus flytrap itself."
1176-7,B
1177-0,"The video descriptions do not provide a definitive answer to how the man suddenly stood on another boat.

Here's a breakdown based on the provided sections:

*   **Full Video:** Suggests he might have swum to another boat after being forced to move out of the way of an approaching boat. However, it emphasizes a lack of further details.
*   **Front Section:** Implies the trick is achieved through video editing, suggesting a cut or digital manipulation to create the illusion of him appearing on the other boat.
*   **Middle Section:** Doesn't address the movement between boats at all. It focuses on the man already being in a yellow boat and reacting to a towel being dropped. This section raises the possibility that the question's premise is incorrect or poorly worded, and the ""other boat"" is actually the yellow boat he starts in.
*   **End Section:** Shows the man falling *off* a boat into the water, not getting *onto* another boat. It speculates that he might have swum to another boat or been rescued, but emphasizes that the video doesn't show him on another boat.

**Reconciled Answer:**

Based on the combined information, it's most likely that the man either swam to another boat after falling in the water (as suggested by the full and end sections) or the video uses editing tricks to make it appear as though he is suddenly on another boat (as suggested by the front section). The middle section raises the possibility that the question is based on a misunderstanding of the video's content. The video descriptions, however, do not give a definitive answer."
1177-1,"The technique used to make the man appear on a different boat suddenly was **video editing**. The ""Front Section Answer"" explicitly states that the ""towel trick"" involves editing, and the man in the video confirms that the trick is edited. The other sections don't address this specific scenario, but the front section provides a definitive answer."
1177-2,"Based on the video sections, the answer is **it's unclear and potentially yes**.

Here's the breakdown:

*   **Full Video Answer:** Suggests no editing for the boat incident described (boat approaching man in water).
*   **Front Section Answer:** Explicitly states the ""towel trick"" involves editing, implying visual effects could be used to make the man appear elsewhere. This directly addresses the question.
*   **Middle Section Answer:** Suggests no editing, focusing on a single boat and real-time interaction.
*   **End Section Answer:** Suggests no editing and only one boat.

Reconciliation:

The ""towel trick"" mentioned in the Front Section Answer is the key. If the man appearing on another boat is part of that trick, then yes, it's due to editing. The other sections suggest that other parts of the video are not edited, but they don't negate the possibility of editing in the ""towel trick"" portion. Therefore, the answer depends on whether the man appearing on another boat is part of the ""towel trick"". If it is, then the answer is yes, it's due to editing. If not, then it's unlikely."
1177-3,"No, the man did not swim to another boat while using a towel as a distraction. The video descriptions from all sections consistently deny this. The full video description states he fell in the water after a failed ""walking on water"" attempt and swam to avoid a boat. The other sections describe a towel being used in different contexts (towel trick, signal from pier to boat), but none involve a man swimming to another boat while using it as a distraction."
1177-7,E
1178-0,"The laptop appears in the final scene because the video demonstrates how a folding smartphone can be perceived as a laptop when partially unfolded. The presenter opens the phone halfway and says ""laptop,"" accompanied by a visual distortion effect and the text ""LAPTOP"" appearing on the screen. This is part of the video's comedic progression of showcasing the shrinking of a smartphone into different devices."
1178-1,"The laptop is shown (or rather, the phone is presented *as* a laptop) in the last part of the video because the partially unfolded folding smartphone is being humorously portrayed as a laptop. The video is exaggerating the versatility of a folding phone. The final step in the humorous progression of shrinking the smartphone into increasingly smaller devices and then, absurdly, into other types of electronics. The video is playing on the idea of how technology is constantly evolving and changing, taking it to a ridiculous extreme for comedic effect."
1178-2,"Yes, based on the ""End Section Answer"" and ""Full Video Answer"", the laptop in the final scene is likely a phone transformed by a visual effect filter. The ""End Section Answer"" explicitly states that a ""distorted effect"" is added when the phone is opened halfway, and the man says ""laptop,"" indicating the laptop appearance is achieved through visual effects. The ""Full Video Answer"" supports this by describing a pattern of the presenter holding a smartphone and labeling it as different devices after applying visual effects. The ""Front Section Answer"" and ""Middle Section Answer"" do not address the final scene or visual effects, so they are not relevant to answering the question."
1178-3,"The answer is yes, with a caveat.

Based on the aggregated information, the full video description and middle section description do not mention a foldable device or a laptop. The front section description explicitly states that the video features a regular-sized smartphone and a miniature smartphone, not a foldable device that unfolds from a smartphone into a laptop. However, the end section description states that the laptop in the final scene is implied to be a foldable device that unfolds from a smartphone, explicitly showing a smartphone being unfolded halfway and then referred to as a ""laptop.""

Therefore, while some descriptions don't support the claim, the end section description directly answers the question in the affirmative. The video *implies* the smartphone becomes a laptop through an unfolding process."
1178-7,E
1181-0,"The Colosseum did not disappear. All sections of the video confirm that the Colosseum still stands in Rome, although it is partially ruined. The video is a humorous skit and does not depict or explain any disappearance of the Colosseum. Instead, it focuses on artistic representation, tourist experiences, and visual gags related to the Colosseum."
1181-1,"The Colosseum does not vanish in the video. The video focuses on a man attempting to capture the Colosseum in a painting or photograph, and the humor arises from the contrast between his artistic endeavors and the real Colosseum, along with disruptions from gladiators. None of the video sections describe the Colosseum disappearing."
1181-2,"No, the Colosseum did not disappear due to a visual trick and post-production effects. All sections of the video description consistently depict a humorous skit about capturing the Colosseum in various ways (painting, photograph). None of the descriptions suggest the Colosseum disappears or that any visual tricks are used to make it vanish."
1181-3,"No, the Colosseum did not disappear. All video sections describe humorous skits involving the Colosseum, a painting or framed picture of it, and/or Roman soldiers. The humor arises from the contrast between the real Colosseum and the amateur painting, or the unexpected actions of the soldiers, not from the Colosseum actually vanishing. The painting or frame is simply held in front of the Colosseum, but the monument remains present."
1181-7,E
1182-0,"The ladder appears beneath the clouds because the man unfolds a small, folding ladder and places it on the ground. The video implies he is preparing to climb it towards the cloud. The video uses visual effects to transition the viewer to an inside view of the cloud, implying the ladder extends into the cloud from below, though this is not explicitly shown. Later, after the man falls, a cartoonish cloud with lightning appears above the area where he fell, suggesting the ladder was already present before the cloud was added as a visual effect. The implication is that the ladder was there first, and the cloud was added later for comedic effect."
1182-1,"The ladder appears in different ways depending on the video section.

*   **Full Video Answer:** The ladder extends from the ground directly up to the bottom of the storm cloud.
*   **Front Section Answer:** The ladder is on the ground, positioned for the man to climb towards the cloud.
*   **Middle Section Answer:** The ladder leads up towards the clouds from a rooftop.
*   **End Section Answer:** The ladder is on the ground, and a cartoonish cloud is above where the man fell.

Reconciling these, the ladder is primarily depicted as being on the ground, either directly extending to a cloud or positioned for the man to climb towards a cloud. The middle section places the ladder on a rooftop, also leading towards the clouds. The end section reinforces the ground-level placement, with the cloud appearing above.

**Final Answer:** The ladder appears to be on the ground or a rooftop, positioned so that it reaches or leads towards the clouds. In one instance, it's described as extending directly to the bottom of a storm cloud."
1182-2,"Yes, the ladder is likely made to look full-sized through video editing techniques. While some sections don't explicitly confirm this, the overall consensus, especially from the ""Full Video Answer,"" is that the cloud is a digitally added element, and the video relies heavily on visual effects. The ""Front Section Answer"" notes the ladder is described as ""small,"" suggesting its size is manipulated later. The ""Middle Section Answer"" highlights a transition involving the ladder, implying potential size alteration. The ""End Section Answer"" reinforces the use of visual effects and even suggests the possibility of camera angles contributing to the illusion. Therefore, it's highly probable that the ladder's size is manipulated through video editing to create the effect of it reaching the clouds."
1182-3,"Based on the video descriptions provided, it is impossible to determine if the ladder changes size as it moves toward the clouds. All sections of the video description consistently state that there is no explicit information about the ladder's size change. The descriptions focus on other aspects of the video, such as the man, the cloud, the humor, and the transition between scenes. To answer the question, the video would need to be analyzed visually to observe if the ladder's size changes as it extends towards the cloud."
1182-7,A
1183-0,"The sky suddenly darkened because the scene transitioned from daytime to nighttime. The video begins with a brightly lit room, then abruptly shifts to a night-like setting, creating a stark contrast. This is indicated in the video description and the front section answer, which also suggests this contrast is used for humor. The middle and end sections do not address the sky darkening, focusing on indoor elements and a fire."
1183-1,"The sky became dark quickly due to an abrupt scene transition in the video. The video cuts directly from a brightly lit daytime scene to a nighttime scene, which is a stylistic choice to set up the joke, not a depiction of a realistic event. The front section answer supports this by implying the darkness is a comedic exaggeration of light sensitivity. The middle and end sections do not provide information about the sky becoming dark quickly, as they focus on the man's actions indoors."
1183-2,"The sky darkening is likely due to a combination of lighting changes and post-production effects. The Full Video Answer and Front Section Answer both suggest this based on the video description, which mentions ""contrasting lighting to emphasize the transition from day to night"" and implies the use of post-production to enhance the effect. The Middle Section Answer and End Section Answer state that those sections of the video do not depict the sky, and therefore cannot answer the question."
1183-3,"No, the sky did not darken because the person turned off the lights in the room. The full video answer and front section answer explicitly state that the darkness is due to a transition from day to night in the video or a visual effect for comedic purposes, not from turning off lights. The middle and end sections do not support the idea that turning off lights caused the darkening; they describe dim lighting and focus on a glowing orb or fire, respectively."
1183-7,A
1192-0,"The video descriptions don't definitively explain the sudden appearance of a standing sprinkler. However, here's the most likely explanation based on the available information:

*   **The ""standing sprinkler"" is likely a misinterpretation or simplification of something else:** The Full Video Answer suggests it's actually a large, custom-built water balloon launcher. The End Section Answer proposes it could be the result of a person dressed as a bush being sprayed with water and the suit falling apart. The description of the ""device mounted on a pole"" in the Middle Section Answer is the most literal description of a sprinkler, but it also states that the device was already there at the beginning of the clip.

Therefore, the most plausible answer is that there wasn't a *sudden* appearance of a *traditional* standing sprinkler. Instead, the viewer is likely misinterpreting either a water balloon launcher, a person being sprayed with water, or a pre-existing device mounted on a pole as a ""standing sprinkler"" due to the context of the water fight."
1192-1,"The middle section of the video description states that a person running towards the camera is sprayed with water from a device mounted on a pole, which is likely the standing sprinkler. Its ""sudden appearance"" (in terms of the video's narrative) is due to its activation, spraying water. The description doesn't specify *how* it was activated, only that it exists and sprays water."
1192-2,"Based on the video descriptions, it's plausible that creative video editing was used to make the sprinkler appear suddenly.

Explanation: While the full, front, and end sections of the video description don't mention the sprinkler or editing, the middle section mentions ""water splash effects added to the video to emphasize the impact of the water blasts."" This indicates the use of special effects. The description also notes the sprinkler's sudden appearance, making it plausible that editing was used to create this effect."
1192-3,"Based on the provided video section descriptions, the answer is: **It is impossible to answer the question.**

Explanation: None of the video section descriptions mention a standing sprinkler, a ball, anything hidden underground, or the sprinkler being activated. To answer the question, the video would need to visually depict a ball, an underground sprinkler head, the ball impacting the ground near the sprinkler, and the sprinkler head popping up and spraying water after the impact. Without these details, the question cannot be answered based on the provided information."
1192-7,E
1203-0,"The video descriptions do not provide enough information to answer the question of how the man took out the towel without touching the stream. All sections agree that the video's content focuses on cleaning a tube or washing dishes, and there is no mention of a towel or any interaction with a stream of water in relation to a towel.

The ""Front Section Answer"" speculates on possible scenarios, but these are based on assumptions and not on actual content described in the video. Therefore, based solely on the provided video section descriptions, it is impossible to answer the question."
1203-1,"Based on the provided video section descriptions, it is impossible to answer the question of how the man (presumably Andrey) removed the towel without it touching the water stream. None of the video sections mention a towel being removed from a water stream. The descriptions focus on Karina and Andrey cleaning a tube, Karina's hand-washing, and Andrey washing a dish rag or dishes."
1203-2,"The question cannot be answered based on the provided video section descriptions. None of the sections mention a towel, water flow manipulation, or a man attempting to move a towel in relation to water flow.

The video sections describe:

*   Karina and Andrey cleaning a tube.
*   Karina washing her hands and singing.
*   Andrey washing a dish rag.
*   A man washing dishes.

While the video involves water and cleaning, it doesn't provide the specific details needed to answer the question about a towel and water flow manipulation."
1203-3,"The video descriptions do not provide enough information to answer the question. None of the video sections depict the man (Andrey) using a detachable spray head to take out a towel without touching the stream. The sections show Karina washing her hands, Andrey washing a dish rag, and the man washing dishes, but none describe the specific interaction with a towel and a detachable spray head. To answer the question, the video would need to show Andrey interacting with a towel and the faucet's spray head."
1203-7,E
1206-0,"The blue paint is seemingly spilling unusually because the man is intentionally tipping the can over his head, causing the paint to spill all over him. The video sections agree on this point, with the ""Gravity"" excuse being used humorously to downplay the man's responsibility or to ironically point out the obvious, depending on the section. The ""End Section Answer"" suggests clumsiness or an accident as a possible cause, but the other sections emphasize the deliberate action of tipping the can. The ""Front Section Answer"" is irrelevant as it discusses a different topic (sand)."
1206-1,"The blue paint appears to spill in an unusual direction because the man in the video intentionally tips the paint can over his head (Full Video Answer). While gravity is mentioned and even displayed as text in the video (Middle Section, End Section), it's presented ironically. The unusual direction isn't defying gravity, but rather a consequence of the man's deliberate action."
1206-2,"No, the blue paint is not spilling upwards because the set is upside down. All video sections consistently describe the paint as spilling downwards due to gravity, either onto the man's face and shirt or onto the wall behind him. The camera angles, while sometimes low, are used to emphasize the downward trajectory of the paint. The text overlay explicitly blames gravity, further confirming the paint is falling as expected."
1206-3,"Yes, based on the provided video section descriptions, the blue paint is spilling unusually because the person is holding the paint can upside down above their head. Both the ""Full Video Answer"" and ""Middle Section Answer"" explicitly state this is the case, referencing the video description and a text overlay that supports this interpretation. The ""End Section Answer"" also suggests this is likely the case, even though it's not explicitly stated, based on the paint coverage and the ""Gravity"" text overlay. While the ""Front Section Answer"" doesn't address the paint spill at all, focusing on a different aspect of the video, the consensus from the other sections strongly indicates the paint is spilling due to the can being held upside down above the person's head."
1206-7,C
1209-0,"The video description does not provide enough information to determine the woman's speed. While the end section mentions she is running through a puddle, it doesn't offer any details about her velocity, time, or distance covered. The other sections describe her standing or stepping into a puddle, implying a normal walking speed, but again, no specific speed is mentioned."
1209-1,"Based on the provided video section descriptions, it is impossible to determine the exact speed of the woman in the final image.

*   **Full Video Answer:** States the speed cannot be determined but infers she is moving at a moderate pace to create a splash.
*   **Front Section Answer:** Suggests she is moving slowly or standing still, close to zero speed, based on her disgruntled expression.
*   **Middle Section Answer:** States the video description provides no information about the woman's speed.
*   **End Section Answer:** States the video description does not provide enough information to determine the woman's speed.

Reconciling these answers, the most accurate conclusion is that the video description lacks the necessary information to calculate or estimate the woman's speed in the final image. The descriptions offer conflicting inferences about her speed based on the visual elements."
1209-2,"Based on the video descriptions, it's *possible* the woman appears to be moving fast due to an illusion created by the photo composition. While none of the sections explicitly confirm this, the ""End Section Answer"" and the ""Full Video Answer"" suggest that the video depicts a person running through a puddle, with visual elements like ""flying"" leaves and water droplets. The emphasis on achieving a ""perfect shot"" and the potential for visual humor and exaggeration suggest that the final photo *could* be composed to create the *illusion* of fast movement. The other sections do not provide information about the final photo or its composition."
1209-3,"Based on the aggregated information from the video sections, here's the answer:

**Answer:** It's unclear if the woman is running quickly.

**Explanation:**

*   The **Full Video Answer** states that whether the woman is running quickly is subjective and cannot be definitively determined from the description. It suggests the position of her legs and the splash of water are key indicators.
*   The **Front Section Answer** suggests she is likely *not* running quickly, as the video focuses on posing for a photo and the woman is ""standing near a puddle.""
*   The **Middle Section Answer** also does not confirm if the model is running quickly, focusing on the splash effect rather than the speed of movement.
*   The **End Section Answer** states that the woman is likely running quickly, as the description mentions a person ""running through the puddle, creating a splash.""

The conflicting information from the End Section Answer and the other sections makes it difficult to definitively say if the woman is running quickly. The focus of the video seems to be on creating a dynamic splash effect, which can be achieved with a forceful step rather than necessarily running at high speed."
1209-7,A
1210-0,"The focus of the video shooting changes. Initially, the focus is on the woman and/or the photograph itself. Later, the focus shifts to include the back of a person's head in the foreground, subtly shifting the viewer's attention to the observer. Finally, the focus changes from a purely visual presentation of the photograph to an audio-visual presentation that incorporates a fart sound effect, subverting the initial focus on the photograph as art."
1210-1,"The focus of the video shifts throughout, moving from visual elements to auditory ones and from the artwork to the woman and her actions.

*   **Full Video:** Starts with the woman, then moves to the photograph behind her, zooming in on the birds of prey within the photo.
*   **Front Section:** Begins with the artwork (birds), then shifts to the implied action of the woman (farting) due to the sound effect.
*   **Middle Section:** Starts with the photograph, then moves to the person viewing the photograph (back of their head), and finally to the burp sound effect.
*   **End Section:** Transitions from the visual presentation of the photograph to the auditory impact of the fart sound effect.

Reconciling these, the video consistently begins with a visual focus on the photograph of birds. The focus then shifts, either to the woman viewing the photograph or to the auditory experience disrupting the viewing, specifically with either a fart or burp sound effect. The woman's implied action becomes the unexpected comedic focus."
1210-2,"Yes, the focus of the video remains on the photograph of the two birds throughout the sequence. All sections of the video description consistently state that the camera remains focused on the photograph, even when a person is partially obscuring it. The camera either starts with the photograph or zooms in on it, and there is no indication that the focus shifts away."
1210-3,"The answer is unclear and potentially contradictory based on the provided section descriptions.

*   **Full Video Answer:** States the focus *does* shift from background to foreground as the camera zooms in on the photograph.

*   **Front, Middle, and End Section Answers:** All state the focus *does not* shift from background to foreground. The front section emphasizes the interaction between the woman and the photograph, the middle section highlights the static camera and consistent focus, and the end section reiterates the constant focus on the photograph.

The discrepancy likely arises from different interpretations of ""foreground"" and ""background"" and the scale of the video sections. The ""Full Video Answer"" suggests a zoom that brings the photograph closer, making it feel more prominent, while the other sections focus on the static nature of the shot within their specific segments.

Given the conflicting information, a definitive ""yes"" or ""no"" cannot be determined from the provided data."
1210-7,E
1214-0,"Based on the provided video section descriptions, only the ""Full Video Answer"" directly addresses the question of the shot's motion when photographing the woman. The other sections describe different scenes or hypothetical scenarios.

Therefore, the answer is: **The motion of the shot is a zoom in.** The camera is positioned at a high angle, looking down on the woman, and as the video progresses, the camera gets closer to her."
1214-1,"The camera movement varies depending on the section of the video.

*   **Full Video:** The camera zooms in on the woman.
*   **Front Section:** The camera zooms out.
*   **Middle Section:** The camera is stationary.
*   **End Section:** The camera zooms in slightly at the beginning and then remains relatively static.

Therefore, the camera moves by zooming in, zooming out, and remaining stationary depending on the specific section of the video being observed. The full video answer suggests the camera zooms in on the woman throughout the video. The front and end sections describe the camera zooming out and zooming in slightly, respectively. The middle section describes the camera as stationary."
1214-2,"The camera movement regarding the woman is inconsistent across the video.

*   **Full Video:** The camera zooms in on the woman.
*   **Front Section:** The camera zooms out and focuses on a man, not a woman.
*   **Middle Section:** The description does not provide information about camera movement related to a woman. It describes a high-angle shot of the staircase and someone falling.
*   **End Section:** The camera zooms in slightly on the woman at the beginning, then remains mostly static.

Therefore, the answer is: Yes, but only in specific sections. The camera zooms in on the woman in the full video and at the beginning of the end section. The front section focuses on a man and zooms out. The middle section does not provide information about camera movement related to a woman."
1214-3,"No, in the full video and end section, the camera is not moving away from the woman, creating a zoom-out effect. The full video section states it is a zoom-in, and the end section states the camera zooms in slightly and then remains static. The front section focuses on a man and describes a zoom-out effect relative to him, which is irrelevant to the question about the woman. The middle section doesn't mention the woman or a zoom-out effect, but describes a high-angle shot of a person falling down a spiral staircase."
1214-7,"Based on the provided information:

*   **Full Video Answer:** A (Zoom-in)
*   **Front Section Answer:** C (Zoom-out)
*   **Middle Section Answer:** E (None of the above - insufficient information)
*   **End Section Answer:** A (Zoom-in)

The answers are inconsistent. The full video and end section suggest a zoom-in, while the front section suggests a zoom-out. The middle section provides no information. To reconcile the differences, we need to consider the video as a whole. Since the full video and the end section agree on ""Zoom-in"" (A), and we have no specific details to contradict this from the middle section, we can consider ""Zoom-in"" as the overall motion.

A"
1223-0,"The provided descriptions do not explicitly state how the camera view differs in the last throw compared to others. All sections emphasize the need to analyze the video directly to determine any changes in camera angle, distance, movement, framing, and focus.

The sections suggest that a change in the camera view for the last throw could indicate emphasis, anticipation, excitement, or a clearer view of the outcome. However, without access to the video, it's impossible to determine if and how the camera view changes."
1223-1,"The video descriptions consistently state that the camera angle is static throughout the video and does not change during the final throw compared to earlier ones. Therefore, based on the provided information, there is no change in camera angle during the final throw."
1223-2,"No, the camera does not zoom in on the floor during the last throw. The front and middle section descriptions explicitly state the camera is static throughout the video. While the full video and end section descriptions don't explicitly deny a zoom, they also don't mention any camera movement, and the end section highlights the wide composition of the shot, further suggesting a lack of zooming."
1223-3,"Yes, the camera keeps the same angle as before. The front and middle sections explicitly state the camera is static or shot from a static, medium-wide angle, implying no change in camera angle throughout the video. Although the full and end sections are less definitive, they suggest a consistent camera setup. Therefore, the most accurate answer based on the provided information is that the camera angle remains the same."
1223-7,C
1229-0,"The object in front of the mirror is not *exactly* the same as its reflection due to **lateral inversion** (also known as parity inversion). A mirror image flips the object left to right.

Here's how the video sections relate to this concept, even though they don't directly address it:

*   **Full Video Answer:** The video demonstrates how technology (an app) can manipulate images to create *perceived* differences between an object and its representation. This illustrates that representations can be altered, even if the original object remains unchanged. The video creates an artificial difference, while a mirror creates a difference due to the physics of reflection.

*   **Front Section Answer:** The video shows chess pieces and their reflections. The *arrangement* of the pieces is reversed in the mirror, illustrating lateral inversion. If a pawn is to the right of a king, it will appear to the left in the reflection.

*   **Middle Section Answer:** The video uses a panoramic function on a camera to create distorted versions of a chess piece. This demonstrates that representation is not always perfect and that perspective matters. Similarly, a mirror creates a reflection with the specific property of lateral inversion.

*   **End Section Answer:** The video shows a pawn appearing as a king through the use of a magnifying glass. This illustrates how an object can *appear* different from its true form due to external factors. A mirror creates a similar effect, where the object *appears* different due to lateral inversion.

In essence, while the videos don't directly explain mirror reflections, they provide analogies for how technology and perspective can alter our perception of objects, leading us to see differences where they might not inherently exist. The mirror creates a specific type of altered perception: a laterally inverted image."
1229-1,"The primary cause of the discrepancy between an object and its reflection in a mirror is **lateral inversion (left-right reversal)**. The mirror reflects light, creating an image that appears to be rotated 180 degrees around a vertical axis.

While none of the video sections directly explain the physics of mirror reflections, they each illustrate the broader concept of discrepancies between objects and their representations.

*   **Front Section:** The video setup, with chess pieces and a mirror, could demonstrate lateral inversion. The left-right order of the pieces would be reversed in the reflection.
*   **Middle Section:** The video demonstrates a discrepancy between an object and its representation when using a panoramic photo feature. The panoramic function stitches together multiple images taken from slightly different perspectives as the phone is moved. This process can lead to distortions and duplications.
*   **End Section:** The video shows how a pawn can be made to *appear* as a king through manipulation (in this case, a magnifying glass). This illustrates that the perceived image of something can be very different from its actual reality due to various factors. The magnifying glass causing the change is analogous to the physics of reflection causing the lateral inversion.
*   **Full Video Answer:** The video demonstrates how technology can manipulate images to create differences between a real object and its apparent representation. The AR app in the video merges the image of the chess king and pawn pieces, creating a new image that doesn't accurately reflect the original arrangement. This highlights how reflections, or in this case, digitally altered images, can deviate from reality through manipulation and illusion."
1229-2,"The answer is inconclusive based on the provided information.

*   **Full Video Answer:** Explicitly states the difference is due to an AR app manipulating images, not a panoramic feature.
*   **Front Section Answer:** Says the description doesn't provide enough information to definitively answer. It then explains how the video *could* help if it showed the use of a panoramic feature, camera movement, camera angle, or mirror imperfections.
*   **Middle Section Answer:** Claims the difference *is* due to the panoramic feature, citing the video description. This contradicts the ""Full Video Answer.""
*   **End Section Answer:** States the video description doesn't answer the question and explains the difference is due to a magnifying glass, not a panoramic feature.

Since the sections contradict each other, and some sections state the description doesn't provide enough information, we cannot definitively say if a panoramic feature is the cause based solely on the provided video section information. The ""Front Section Answer"" correctly identifies the need to analyze the video itself to determine how the smartphone is being used and if distortions are visible."
1229-3,"The question is: Is the difference between the object and its reflection because the mirror is a special type, like a concave mirror?

Here's an aggregated answer based on the provided video section information:

**Answer:** No, the difference between an object and its reflection is *not* necessarily because the mirror is a special type like a concave mirror.

**Explanation:**

*   **Full Video Answer:** Ordinary flat mirrors create reflections due to the law of reflection, where the angle of incidence equals the angle of reflection. Concave mirrors, on the other hand, can create magnified or inverted images depending on the object's position.
*   **Middle Section Answer:** A flat mirror creates a virtual image that is a left-right inversion of the object. Concave mirrors, on the other hand, can create real or virtual images that are magnified or reduced in size, and can even be inverted upside down depending on the object's position.

The other sections do not directly answer the question. The front section discusses the possibility of the mirror being concave but states that without seeing the video, it cannot be determined. The end section discusses magnification through a magnifying glass, which is unrelated to reflection.

The full video answer and middle section answer are consistent in stating that flat mirrors produce laterally inverted images while concave mirrors can distort the image in other ways. Therefore, the difference between an object and its reflection is only *because* of the mirror type if the mirror is *not* a flat mirror."
1229-7,E
1231-0,"The water in the waterfall appears to be flowing backwards at the end of the video due to an optical illusion created by rotating the camera 90 degrees while recording the waterfall. When the video is played back in a normal, horizontal orientation, the perspective is shifted, making what was ""down"" (the direction of the waterfall's flow) appear ""sideways"" or even slightly upward. This shift, combined with our expectation of how waterfalls should behave, can create the illusion that the water is flowing backwards relative to the person in the shot."
1231-1,"The waterfall appears to flow in reverse primarily due to the **rotation of the phone by 90 degrees**. While some sections suggest reversed playback or video editing might contribute, the consistent element across all applicable sections is the phone rotation. This rotation alters the viewer's perspective, making the waterfall appear to flow upwards in relation to the person who now seems to be standing on a vertical surface."
1231-2,"Based on the provided descriptions, it is difficult to definitively say whether the backward flow of the waterfall is due to reverse video processing.

*   **Full Video Answer:** Suggests it's unlikely due to reverse video processing and more likely a natural phenomenon or camera angle effect emphasized by the rotation, or an unmentioned editing technique. However, it depends on whether the waterfall *actually* flows backward.

*   **Front Section Answer:** Cannot determine due to lack of information about the waterfall's flow.

*   **Middle Section Answer:** Cannot answer as the description doesn't address the waterfall's flow.

*   **End Section Answer:** If the waterfall is flowing upward at the end, it's *highly likely* due to reverse video processing, even if there are no apparent cuts.

Reconciling these, the most logical conclusion, *if* the waterfall is indeed flowing backward at the end of the video, is that **it is likely due to reverse video processing.** The end section answer explicitly states this is the most plausible explanation, given the effect. The full video answer suggests other possibilities, but the end section answer is more direct. The other sections don't offer conclusive information."
1231-3,"No, according to the ""Full Video Answer"" and ""Middle Section Answer,"" the waterfall does not appear to flow backwards due to special effects. The ""Full Video Answer"" explicitly states the effect is achieved by physically rotating the phone while recording with a gimbal, creating the illusion of a vertical perspective. The ""Middle Section Answer"" corroborates this by stating the video uses a camera rotation trick to change the viewer's perspective, not alter the water's flow. The ""Front Section Answer"" and ""End Section Answer"" do not provide information to answer the question."
1231-7,E
1233-0,"The video description doesn't explicitly state why there are two reflections of one person. However, based on the details provided, the most likely explanation is that **one reflection is of the person, and the other is a reflection of the sky (specifically, the sunset) in the puddle.** The video describes a woman kneeling near a puddle. Puddles can act as mirrors, reflecting both the subject (the woman) and the surrounding environment (the sky/sunset). Furthermore, the use of a panorama function on the smartphone camera could capture a wider view, emphasizing both reflections in the final image. The woman might have also shifted during the panorama, creating the illusion of two separate reflections."
1233-1,"The video description provides a few possible explanations for the two reflections when only one person is visible:

1.  **Panorama Mode Distortion:** The middle section states that the smartphone's panorama function could cause the effect. Since a panorama stitches multiple shots together, movement of the person or changes in the water surface during the capture could result in slightly different reflections being captured and creating the illusion of two. The full video section also supports this.

2.  **Videographer's Reflection:** The front section suggests the videographer squats down *in the puddle* to get a better angle. This implies the second reflection may be of the videographer.

3. **Light Refraction:** The end section states that the two reflections are likely a result of light refracting on the surface of the water. The first reflection is the primary reflection of the woman, and the second reflection is the reflection of the sky and the surrounding environment. The second reflection is fainter because it is not as directly lit as the primary reflection.

Therefore, the two reflections could be caused by the panorama mode distorting the reflection, the videographer being visible in the puddle, or light refracting on the surface of the water."
1233-2,"Yes, it is likely that the use of a panoramic camera function that combined multiple images is the reason for the two reflections in the photo. The middle section of the video explicitly shows the person using a panorama function on their smartphone to capture the reflection in the puddle. The instructions on the screen (""Mueve tu dispositivo continuamente a lo largo de la linea"") confirm that the camera is capturing a wide, panoramic image by stitching together multiple frames as the phone is moved. This technique would capture more of the scene than a single, standard photo, thus creating the extended reflection effect and potentially leading to duplicated reflections if the subject or the reflective surface moves during the capture."
1233-3,"No, the reason for the two reflections in the photo is not due to image synthesis technology. All video sections consistently state that the reflections are naturally occurring due to a puddle of water reflecting the scene, creating a mirror image effect. The video demonstrates how this effect can be achieved using a smartphone camera and a puddle, often using the panorama function."
1233-7,A
1235-0,"According to different sections of the video, 4 + 3 equals different values based on different patterns:

*   **Full Video Answer:** 4 + 3 = 31 (based on the pattern (First Number * First Number) + (Second Number * 5))
*   **Front Section Answer:** 4 + 3 = 47 (based on the pattern concatenate the two numbers and add the first number)
*   **Middle Section Answer:** 4 + 3 = 16 (based on the pattern multiply the two numbers and add the first number)
*   **End Section Answer:** 4 + 3 = 84 (based on the pattern multiply the two numbers and then multiply that result by the sum of the two numbers)

Since the video presents multiple contradictory answers in different sections, there is no single, consistent answer for 4 + 3 according to the video."
1235-1,"The video sections provide conflicting patterns for calculating 4 + 3. Here's a breakdown:

*   **Full Video Answer:** 4 + 3 = 31, based on the pattern (First Number * First Number) + (Second Number * 5).
*   **Front Section Answer:** 4 + 3 = 47, based on concatenating the numbers (43) and adding the first number (4).
*   **Middle Section Answer:** The middle section presents a math quiz with equations that don't follow a clear pattern, making it impossible to determine 4 + 3 from this section.
*   **End Section Answer:** 4 + 3 = 84, based on the pattern (First Number * Second Number * (First Number + Second Number)).

Since the video provides multiple, contradictory patterns, there is no single definitive answer for 4 + 3 based on the video's information. I cannot definitively determine the answer to 4 + 3 based on the information in the video."
1235-2,"Based on the video sections, 4 + 3 does not equal 37. Here's why, considering each section's interpretation of the pattern:

*   **Full Video Answer:** 4 + 3 = 31 (pattern: (First Number \* First Number) + (Second Number \* 5))
*   **Front Section Answer:** 4 + 3 = 47 (pattern: concatenate the two numbers and then add the first number to the concatenated number)
*   **Middle Section Answer:** 4 + 3 = 16 (pattern: (a + b) = (a * b) + a). However, this section also notes the pattern is flawed and inconsistent with other examples in the video. It concludes it is impossible to know if 4 + 3 = 37.
*   **End Section Answer:** 4 + 3 = 84 (pattern: multiply the two numbers together and then multiply by the sum of the two numbers.)

None of the sections arrive at 37 as the answer for 4 + 3, although they each use different patterns. Therefore, based on the given information, 4 + 3 does not equal 37."
1235-3,"No, according to the various interpretations of the pattern in the video, 4 + 3 does not equal 412. Different sections of the video suggest different patterns:

*   **Full Video:** 4 + 3 = (4 * 4) + (3 * 5) = 31
*   **Front Section:** 4 + 3 = 43 + 4 = 47
*   **Middle Section:** 4 + 3 = (4 * 3) + 4 = 16
*   **End Section:** 4 + 3 = (4 * 3) * (4 + 3) = 84

None of these patterns result in 412."
1235-7,E
1236-0,"The method is useful to produce the correct calculation result *only* for dividing multiples of 10 by 5. While some sections emphasize the ""trick"" is for entertainment and not a general mathematical principle, others acknowledge it arrives at the correct answer in this specific scenario because it's mathematically equivalent to dividing by 5 in those cases. Therefore, its usefulness is highly limited."
1236-1,"Yes, the method demonstrated in the video effectively yields accurate calculation results, but only for a specific type of division problem: numbers ending in zero divided by 5. The ""trick"" works because it's a disguised way of dividing by 5 in these specific cases. However, it's not a generalizable mathematical principle and will not work for other division problems."
1236-2,"Yes, the method shown in the video is effective in producing accurate results *for the specific type of division problems presented*. The ""trick"" involves dividing multiples of 10 by 5 by crossing out the zero and multiplying the remaining number by 2. This works because dividing by 5 is equivalent to multiplying by 2 and dividing by 10. However, this method is not a general division technique and will not work for all division problems."
1236-3,"No, the method shown in the video is not ineffective because it involves squaring the numbers before dividing by 5. All sections of the video description clearly state that the method does not involve squaring any numbers. Instead, the ""trick"" involves crossing out the zero (effectively dividing by 10) and then multiplying by 2, which is equivalent to dividing by 5. The method is ineffective because it is a needlessly complicated way to divide by 5 and only works for multiples of 10."
1236-7,C
1237-0,"The answer to 9 + 9 = ? according to the video is likely 63.

Explanation: The video presents a pattern-based puzzle. The front section suggests the answer is 54 based on a pattern of adding the numbers and multiplying by an increasing number (9+9=18, 18*3=54). However, the middle and end sections identify a different pattern: multiplying the first number by an incrementing number (4 x 2, 5 x 3, 6 x 4). Following this pattern, 9 + 9 would be 9 x 7 = 63. Since the end section directly states the answer based on this pattern, and the middle section also arrives at 63, this is the most likely answer according to the video."
1237-1,"The video sections provide conflicting answers for 9 + 9 based on different interpretations of the pattern. Let's analyze each one:

*   **Full Video Answer:** 9 + 9 = 45 (9 x 5 = 45) - This answer is based on multiplying 9 by 5. The progression of multipliers is not clear.
*   **Front Section Answer:** 9 + 9 = 54 - This answer is based on the sum of 9 + 9 multiplied by an incrementing number.
*   **Middle Section Answer:** 9 + 9 = 45 - This answer is based on a pattern of (x * x) - (2 * x) = result
*   **End Section Answer:** 9 + 9 = 63 (9 x 7 = 63) - This answer is based on multiplying 9 by 7.

Reconciling the differences, we see that multiple patterns are suggested. Without a definitive, consistently applied pattern throughout the video, it's impossible to determine a single ""correct"" answer. The answers are 45, 54, and 63.

Since the ""Full Video Answer"" is 45, and the ""Middle Section Answer"" is 45, and these are the most common answers, the answer is: 45."
1237-2,"Based on the conflicting information from different video sections, it's impossible to definitively answer whether 9 + 9 results in 63 according to the video's pattern.

*   **Full Video Answer & Front Section Answer:** State that 9 + 9 does *not* result in 63 based on a pattern of incrementing multiplication factors (1, 1.5, 2, 3).
*   **Middle Section Answer:** States that 9 + 9 *does* result in 63 based on the pattern of (number * number) - number - number.
*   **End Section Answer:** States that 9 + 9 *does* result in 63 based on the pattern of multiplying the number by an incrementing factor (2, 3, 4, 7).

Since the video sections provide conflicting interpretations of the pattern, there is no single, consistent answer to the question."
1237-3,"No, according to the patterns described in the video sections, 9 + 9 does not equal 72. The ""Full Video Answer,"" ""Front Section Answer,"" and ""End Section Answer"" all suggest patterns that result in a different answer (primarily 63 or 54). The ""Middle Section Answer"" is the only one that suggests 72 as the answer but the pattern is not consistent with the earlier equations. Therefore, based on the majority of the video sections' interpretations, 9 + 9 does not equal 72."
1237-7,D
1239-0,"No, the method shown is not useful for producing correct calculation results. All video sections explicitly state or imply that the calculations being performed are deliberately incorrect and intended for comedic effect, not accurate mathematical instruction."
1239-1,"No, the method shown does not consistently help in achieving accurate calculation results. While the end section suggests a process of correction leading to accuracy, the initial portions of the video (front, middle, and full video) emphasize the deliberate creation of incorrect answers for comedic effect. The video seems to present a progression from incorrect to correct, but the primary focus is on the humor derived from the initial inaccuracies. Therefore, the method itself is not inherently designed for accuracy, but rather utilizes inaccuracy as a comedic starting point."
1239-2,"No, the method initially demonstrated is not effective in producing correct results for the multiplication table of 19. The video description explicitly states that the person in the red shirt deliberately writes incorrect answers at first. However, the video eventually shows the correct multiplication table of 19 after corrections are made. Therefore, the method used to correct the table *is* effective. So, whether the method is effective depends on which part of the video is being referenced."
1239-3,"No, the method does not produce the correct result for the multiplication table of 19 as efficiently as the normal method. The video sections consistently indicate that the initial answers provided are incorrect and deliberately so for comedic effect. While the table is eventually corrected, the video doesn't demonstrate a valid or efficient method for calculating the multiplication table of 19."
1239-7,E
1242-0,"The result of the man's magic show is ambiguous, with conflicting accounts.

*   **Full Video:** The bill under the cup was altered, shocking the woman.
*   **Front Section:** The trick resulted in failure, indicated by a ""wah wah wah"" sound effect and the woman's neutral expression.
*   **Middle Section:** The woman was surprised and amused.
*   **End Section:** A small object disappeared under the cup, and the woman reacted with exaggerated surprise.

Reconciling these conflicting accounts is difficult without more information. The full video suggests a successful trick involving the bill, while the front section indicates failure. The middle and end sections suggest the woman was surprised, but it's unclear whether this was due to the trick's success or some other factor (e.g., humor, exaggerated performance).

Given the contradictions, it's impossible to definitively say whether the magic show was successful or not based solely on the provided information. The woman's reaction seems to be the key takeaway, but the reason for her reaction is unclear."
1242-1,"The answers regarding the outcome of the magic trick are contradictory.

*   **Full Video Answer:** States the trick was successful, altering the bill under the cup.
*   **Front Section Answer:** States the trick was a failure, indicated by a ""wah wah wah"" sound effect.
*   **Middle Section Answer:** Suggests the trick was either successful or humorously bad, with the dollar bill disappearing or being manipulated.
*   **End Section Answer:** States the trick was successful, making a small object disappear under the cup.

Reconciling these differences is difficult without more information. The ""Full Video Answer"" seems to be the most comprehensive, drawing a conclusion from the woman's reaction and the man's smile. However, the ""Front Section Answer"" directly contradicts this with the sound effect. The ""Middle Section Answer"" provides two possible outcomes, and the ""End Section Answer"" focuses on a small object disappearing.

Given the conflicting information, it's impossible to definitively say what the outcome of the magic trick was. It could have been a success where a bill or small object was altered or disappeared, or it could have been a failure."
1242-2,"The answer is inconclusive.

Here's why:

*   **Full Video Answer:** States the trick succeeded and the woman was surprised when money appeared.
*   **Front Section Answer:** States the trick failed, the woman was unimpressed, and mentions a ""small rectangular object"" instead of money.
*   **Middle Section Answer:** Suggests the trick likely surprised the woman, possibly involving a dollar bill, but doesn't definitively confirm money appeared.
*   **End Section Answer:** States the trick succeeded in surprising the woman by making a ""small object (possibly a coin or a rolled-up bill)"" disappear, and does not contradict the question.

Reconciling the conflicting information, we have evidence suggesting both success and failure. The ""Front Section Answer"" directly contradicts the other sections. The other sections suggest the trick surprised the woman, but the object that appeared or disappeared is inconsistently described as money, a small object, or a possible coin or rolled-up bill. Therefore, without a consistent description of the trick's outcome and the woman's reaction, it's impossible to definitively say whether the man's magic trick succeeded in surprising the woman *by making money appear under the cup*."
1242-3,"Based on the provided video section descriptions, we cannot definitively say whether the man's magic trick failed because the object remained visible on the table throughout the performance.

Here's a breakdown of why:

*   **Full Video Answer:** Suggests the trick's success depended on what happened *under* the cup, implying the object might *not* have been visible the entire time. However, it doesn't confirm this.
*   **Front Section Answer:** Leans towards ""Yes,"" arguing that the signs of a failed trick (sound effect, unimpressed expression) make it plausible the object remained visible. This is an inference, not a direct statement from the description.
*   **Middle Section Answer:** Explicitly states there's not enough information to determine if the object remained visible.
*   **End Section Answer:** Re-iterates that the description doesn't explicitly state whether the object remained visible.

**Conclusion:**

The video descriptions don't provide a clear answer. While the ""Front Section Answer"" infers that the object *likely* remained visible due to signs of a failed trick, the other sections highlight the lack of explicit information. Therefore, based solely on the provided text, we cannot definitively answer the question."
1242-7,C
1255-0,"The answer is unclear and depends on which part of the video is being referenced.

*   **Middle Section Answer:** The man ran underneath after the color **orange** was called.
*   **End Section Answer:** The man ran underneath after the color **Yellow** was called.

The other sections do not specify the color called immediately before the man runs underneath."
1255-1,"Based on the provided video sections, there's conflicting information regarding the color that prompted someone to run underneath the parachute.

*   **Front Section:** States a color was announced, prompting someone in a blue shirt to run underneath, but the color itself is not specified.

*   **Middle Section:** Indicates the color ""Orange"" was called, prompting people to do *something*, but not necessarily run underneath. It highlights the protagonist's trauma of *his* color never being called.

*   **End Section:** States the color ""Yellow"" was called and shows a man holding a section of the parachute, implying ""Yellow"" prompted an action, possibly running underneath.

*   **Full Video Answer:** Suggests the protagonist's color was *never* called, and he eventually goes under the parachute regardless of any color being called.

Therefore, based on the conflicting information, it is impossible to definitively answer the question. The video sections mention ""Orange"" and ""Yellow"" as colors that were called, potentially prompting action, but only the front section explicitly mentions someone running underneath after a color was called, and it doesn't specify the color. The full video answer suggests the protagonist went under regardless of any color being called."
1255-2,"Yes, according to the End Section Answer, the man ran underneath after the color yellow was called. The end section explicitly states the video begins with the man holding up a yellow section of the parachute while ""Yellow"" is displayed and spoken. This is followed by a montage of people playing with the parachute, implying the man participated, including running underneath. The other sections either lack this specific information or focus on the man *not* being included in other color calls, but the end section directly addresses the scenario with the color yellow."
1255-3,"Based on the video descriptions, it is impossible to definitively say whether the man ran underneath the parachute after the color red was called. None of the sections provide that specific information. The descriptions focus on the man's experience of *not* having his color called and the general format of colors being called and people running underneath. While some sections suggest it's unlikely he ran under at all until the end, due to the theme of exclusion, none explicitly state whether red was called or if he ran under at that time."
1255-7,E
1260-0,"The reason the man in white looks surprised at the end of the video is most likely due to a sudden, unexpected, and humorous event designed to be the punchline.

Here's why, based on the provided video section descriptions:

*   **""WAIT FOR THE END"" and Meme Focus:** All sections emphasize the ""WAIT FOR THE END"" text and the use of meme faces. This strongly suggests the surprise is a comedic effect achieved through these elements.
*   **Sudden Visual Change:** The ""Full Video Answer"" and ""End Section Answer"" both suggest the surprise could stem from a sudden change in the meme faces superimposed on the man, a new unexpected visual element (like another meme), or an abrupt change in the scene.
*   **Spicy Food (Less Likely):** While the ""Middle Section Answer"" proposes the spiciness of the food as the cause, the other sections place more emphasis on the meme-driven humor, making this explanation less probable.
*   **Lack of Specifics:** The ""Front Section Answer"" correctly points out that without seeing the specific ending, any answer is speculative. However, the other sections provide enough context to infer the likely cause.

Therefore, the most consistent and well-supported explanation is that the man's surprise is a manufactured comedic effect, likely achieved through the sudden appearance of a surprising meme or visual element at the end of the video."
1260-1,"The man in white appears shocked at the conclusion of the video due to a sudden, unexpected, and likely absurd event, possibly meme-related. This is inferred from the repeated emphasis on ""WAIT FOR THE END,"" the use of a skull emoji to indicate something shocking, and the presence of meme faces overlaid on him at the end, designed to convey surprise or shock. The middle section suggests the Tteokbokki being unexpectedly spicy as a possible cause, while the other sections suggest a prank, an unexpected reveal, or a sudden, ridiculous event."
1260-2,"Based on the video section descriptions, the question cannot be definitively answered. None of the sections explicitly confirm that the man in white is surprised because the man in black ate all the food on his plate. While some sections suggest it's a *possible* interpretation of the ""WAIT FOR THE END"" surprise element, they also acknowledge that the surprise could stem from other factors like meme overlays, visual effects, or the man in white's reaction to spicy food (as mentioned in the Middle Section). The descriptions focus more on the unexpected and humorous elements of the video rather than explicitly detailing the interaction between the two men."
1260-3,"It is likely, but not definitively proven, that the man in white is surprised because the food he ate was unexpectedly spicy.

Here's why:

*   **Middle Section:** This section strongly suggests the spicy food theory is correct. It mentions the bright orange color of the food (a visual cue for spiciness), the ""WAIT FOR THE END"" caption with a skull emoji, dramatic music, and a focus on his reaction after eating.
*   **Full Video, Front Section, and End Section:** These sections all highlight the ""WAIT FOR THE END"" title card, the skull emoji, and the use of meme faces as clues suggesting something unexpected happens. They also point out that the surprise could be something else entirely, and that further analysis of the video's ending (facial expressions, body language, and contextual clues) is needed for a definitive answer.

While the middle section provides compelling evidence, the other sections correctly point out that the surprise could be something else, and a definitive answer would require seeing the man's reaction in the video's ending."
1260-7,E
1261-0,"The two men are visible in the reflection because they are part of the scene being reflected in the mirror. They are either holding torches behind the tree (as described in the ""Fantasy Tree"" section and ""End Section""), or they are the photography crew setting up the mirror to create the reflection (as described in the ""Front Section"" and ""Middle Section""). The mirror reflects the entire scene, including the woman and the two men."
1261-1,"The presence of two men in the reflection of one woman reading under the tree is due to the strategic use of mirrors. The ""Fantasy Tree"" section (0:18-0:26) explicitly states that two people stand *behind* the tree holding flaming torches. The mirror reflects the tree, the woman reading, and these torchbearers, creating the illusion of two men in the reflection alongside the woman. Other sections reinforce this idea, explaining that mirrors are used to create reflections that alter the scene, allowing individuals positioned out of the primary view to appear in the reflection."
1261-2,"Based on the video sections provided, here's an aggregated answer to the question:

The presence of two men in the reflection in the scene with the woman reading *could* be due to intentional shooting and editing, *but* it's also likely they are simply part of the original scene.

Here's why:

*   **Full Video Answer:** This section explicitly describes a scene with two people holding flaming torches behind the tree where the woman is reading. This strongly suggests the men in the reflection are the torchbearers, making editing less likely.
*   **Front, Middle, and End Section Answers:** These sections don't specifically address the scene with the woman reading, but they highlight the video's overall theme of staged photography, manipulation, and the use of mirrors to create illusions. They emphasize the lengths people go to for creative photography and the constructed nature of images. This makes the possibility of intentional editing to add the men plausible.

Therefore, while the video's theme suggests editing is possible, the most direct evidence points to the men being part of the original scene with the torches. Without seeing the actual reflection, it's impossible to definitively say if editing was involved."
1261-3,"Yes, the reflection of people, including potentially two men, is created by using a mirror placed on the ground in various scenes. The full video answer describes a scene with two people holding torches reflected in a mirror on the ground. The middle section answer describes two men placing a mirror on the ground. The end section describes a person's reflection being created by a mirror on the ground. While not all sections specifically mention *two men*, the overall evidence suggests the use of mirrors on the ground to create reflections of people in multiple scenes. The front section answer describes the use of a mirror to create a reflection, but it does not mention the reflection of two men."
1261-7,D
1262-0,"The emotion of the girl in the pink top after she held onto the performer's arm is **fear and distress**. All video sections consistently describe her reaction as involving crying, screaming, and expressions of fear after the performer moves. Some sections also mention her calling out for her father or clinging to the performer, further supporting the conclusion of fear and distress."
1262-1,"The girl in the pink top felt scared and upset after grabbing the performer's arm. All video sections agree that she experienced fear and distress, with descriptions including crying, screaming, clinging to the performer, and expressions like ""exaggerated fear"" and ""over-the-top reaction."" The ""End Section Answer"" specifically infers that her fear likely intensified *after* grabbing the arm and realizing the statue was a real person."
1262-2,"Yes, the girl in the pink top felt worried and scared after she held the performer's arm. The video descriptions consistently state that after the performer moved (triggered by her touching the arm, according to some sections), the girl began to cry, scream, and cling to the performer. This behavior clearly indicates she was frightened and distressed."
1262-3,"No, the girl in the pink top did not feel curious and amused after holding the performer's arm. All video sections consistently describe her reaction as being startled, scared, and distressed. She cried, screamed, and clung to the performer, indicating fear rather than amusement or continued curiosity."
1262-7,E
1275-0,"The question is: Who wins the challenge?

Based on the provided video section descriptions, there are conflicting answers.

*   **Full Video Answer:** One of the men wins the challenge by drinking the water.
*   **Front Section Answer:** There is no challenge or winner, as it's a comedic skit.
*   **Middle Section Answer:** There is no challenge or winner, as it depicts men reacting to water being filled.
*   **End Section Answer:** The man in the red shirt ""wins"" by successfully performing the water trick and drinking it, supported by the celebration afterwards.

Reconciling these differences, the ""Full Video Answer"" and ""End Section Answer"" suggest a challenge exists and has a winner. The ""Front Section Answer"" and ""Middle Section Answer"" indicate no challenge is present.

Considering the ""End Section Answer"" provides specific details (man in the red shirt, performing a trick, celebration), this is the most concrete evidence of a winner.

**Answer:** The man in the red shirt wins the challenge because he successfully performs the water trick and drinks it, as evidenced by the celebration afterwards."
1275-1,"The winner of the challenge in the video is the man who drinks the ""bloody"" water. The full video answer explicitly states this, and the end section answer supports this by saying the man in the red shirt who drinks the water could be considered the ""winner."" While other sections don't explicitly mention a challenge or winner, the full video answer provides the most direct and comprehensive answer based on the video's content."
1275-2,"The video descriptions do not provide enough information to definitively answer whether the person in the blue T-shirt lost the challenge while the others won.

Here's why:

*   **No explicit challenge:** The descriptions don't confirm if the activity is a challenge with winners and losers.
*   **Lack of outcome details:** The descriptions don't say who ""won"" or ""lost"" anything.
*   **Focus on reactions:** The descriptions primarily focus on the men's reactions to the water trick.
*   **End section clue:** The end section mentions the man in the blue shirt holding the glass, suggesting he participated, but it doesn't confirm if this means he won or lost.

To answer the question, the video itself would need to be analyzed to:

1.  **Confirm the existence of a challenge:** Is there a clear objective and rules?
2.  **Identify the person in the blue T-shirt:** Who is he, and what is his role in the activity?
3.  **Determine the outcome:** Did the person in the blue T-shirt succeed or fail according to the challenge rules?"
1275-3,"The question of whether the person in the blue shirt won the challenge cannot be definitively answered based solely on the provided information.

*   **Full Video, Front Section, and Middle Section:** The descriptions of these sections explicitly state that they do not provide information about a challenge or a winner. They describe the video as a comedic skit or focus on the men's reactions to the water.
*   **End Section:** The description of the end section is the most suggestive. It notes that the man in the blue shirt is holding the glass and pointing at the camera at the end. This implies he may have been successful in something related to the water, potentially ""winning"" by being the one who collected or drank it. However, it also acknowledges that his action could simply be acknowledging the viewer after the stunt.

Therefore, while the end section hints at the possibility, there is no definitive confirmation within the provided descriptions that the person in the blue shirt won a challenge."
1275-7,C
1276-0,"The lemon icon at the top of the video is a digital filter that places lemon slice emojis above the heads of the people in the video. This reinforces the video's theme of lemons and lemon-shaped candies, acting as a visual identifier for the content and contributing to the overall aesthetic. The filter also adds a playful and lighthearted touch, enhancing the comedic effect, especially since the video shows people eating lemon gummy candies and reacting to the sour taste."
1276-1,"The lemon icon displayed at the top of the video serves as a visual identifier directly related to the video's content, which is lemons or lemon-flavored candy. It reinforces the central theme, helps viewers quickly understand the video's topic, contributes to the overall aesthetic, and may be part of the creator's visual branding. In some instances, the icon is displayed above the heads of people in the video, further emphasizing the lemon theme."
1276-2,"No, the lemon icon at the top of the video does not represent different sizes of lemons that participants are challenged with. The video descriptions consistently state that the lemon icon is a decorative element, part of a filter or graphic overlay used to enhance the lemon theme of the video. The actual challenge involves participants eating increasingly larger lemon-shaped gummy candies, not actual lemons, and the icon is separate from that."
1276-3,"No, the lemon icon at the top of the video does not indicate the level of sourness of the lemon in the challenge. All video sections agree that the lemon icon is a thematic or visual element, like a filter, to emphasize the lemon theme of the video. The sourness is conveyed through the reactions and facial expressions of the people eating the lemons, or through the size of the lemon candies being consumed."
1276-7,E
1278-0,"Based on the provided video section answers, here's the breakdown:

*   **Full Video Answer:** States that the video itself would need to be watched to observe text overlays showing the number of tries for each stunt.

*   **Front Section Answer:** Identifies Stunt 2 as taking ""First try"" (1 attempt). However, it notes that the number of attempts for Stunt 1 is not provided, only a time (""16 hours""), making it impossible to calculate the difference.

*   **Middle Section Answer:** Identifies the second challenge taking ""4 tries."" It also states the first challenge only mentions ""17 hours"" and does not explicitly state the number of attempts.

*   **End Section Answer:** Provides time spent on the first two scenes (""2 hours"" and ""11 hours""), suggesting the second scene took more attempts, but doesn't provide the actual number of attempts for either.

**Answer:**

The difference in the number of attempts between the first two challenges cannot be definitively determined from the provided video section descriptions. The descriptions do not provide the number of attempts for the first challenge in any of the video sections. However, the middle section does state that challenge two took ""4 tries""."
1278-1,"Based on the provided video section answers, there's conflicting information and ambiguity about the specific challenges being referred to as ""first"" and ""second."" Here's a breakdown and attempt to reconcile:

*   **Full Video Answer:** This answer states that the video contains text overlays indicating the number of attempts for each challenge, but it does not provide the numbers.

*   **Front Section Answer:** This section identifies the first challenge as ""pushing the phone and charging cable"" and the second as ""knocking the miniature beer bottle into a bucket."" It states the second challenge took one attempt, and the first challenge took more than one attempt. It does not provide the number of attempts for the first challenge.

*   **Middle Section Answer:** This section identifies the first challenge as ""Basketball Shot"" (17 attempts) and the second as ""Domino Run"" (4 attempts). The difference is 17 - 4 = 13 attempts.

*   **End Section Answer:** This section gives time spent on the first and second scenes, but does not provide the number of attempts.

**Reconciliation and Final Answer:**

The ""Middle Section Answer"" is the only one that provides specific numbers for the number of attempts for two challenges. Assuming the ""Basketball Shot"" and ""Domino Run"" are indeed the first two challenges, the difference in the number of attempts is 13.

**Answer:** The difference in the number of attempts between the first two challenges is 13. The first challenge (""Basketball Shot"") took 17 attempts, and the second challenge (""Domino Run"") took 4 attempts."
1278-2,"No, the difference in the number of attempts between the first two challenges is not necessarily one.

Here's the reasoning based on the provided sections:

*   **Full Video Answer:** States that the video would need to be analyzed to determine the number of attempts, but the video is unavailable.
*   **Front Section Answer:** Stunt 2 explicitly states ""First try"" (one attempt). Stunt 1's attempts are unknown, so the difference cannot be determined.
*   **Middle Section Answer:** The first challenge (basketball shot) is described as taking ""17 hours"" (humorous exaggeration, not attempts). The second challenge (domino run) took ""4 tries."" Therefore, we cannot determine the difference in the number of attempts.
*   **End Section Answer:** The video description provides the time it took to complete each challenge, not the number of attempts. The number of attempts could be the same, or vastly different, even if the time spent differed greatly.

The answers contradict each other. The middle section states the first challenge is described as taking ""17 hours"" and the second challenge took ""4 tries."" The front section states that the second challenge took ""First try"". Since the video is unavailable, we can only use the information in the provided sections. The front section answer is the most accurate, as it states that the number of attempts for the first challenge is unknown."
1278-3,"Yes, the difference is more than two.

The Middle Section Answer explicitly states that the first challenge (Basketball Shot) took ""17 hours"" (interpreted as attempts) and the second challenge (Domino Run) took ""4 tries."" The difference (17 - 4 = 13) is greater than 2."
1278-7,E
1283-0,"The video descriptions do not definitively state which kid runs the fastest at the end. The full video, front section, and middle section descriptions all indicate the video ends before the finish line. The end section description mentions the runners approaching the finish line and suggests observing which runner (red or green uniform) crosses first to determine the fastest runner. Therefore, to answer the question, one would need to watch the video and observe who crosses the finish line first."
1283-1,"The answer is inconclusive based on the provided video section descriptions.

*   **Full Video Answer:** States the boy in red is the fastest.
*   **Front Section Answer:** Cannot determine the fastest runner as the video focuses on the start.
*   **Middle Section Answer:** Cannot determine the fastest runner as the video description ends shortly after the start.
*   **End Section Answer:** Does not explicitly state who is the fastest, but mentions the runners approaching the finish line and the runner in green.

Reconciling the differences, only the ""Full Video Answer"" provides a definitive answer. The other sections either focus on the beginning of the race or acknowledge that the description doesn't provide enough information to determine the winner.

Therefore, based on the ""Full Video Answer"", the fastest runner at the conclusion of the video is the boy wearing red, as the description states he takes and maintains the lead."
1283-2,"Based on the provided descriptions of the video sections, it is impossible to definitively answer whether the child in the red outfit, positioned in the middle of the five runners, is the fastest at the end of the video.

Here's why:

*   **Full Video Answer:** The description mentions the camera follows lead runners, including the boy in red, but doesn't explicitly state if he wins.
*   **Front Section Answer:** The description focuses on the start of the race and provides no information about the finish.
*   **Middle Section Answer:** The description states the video ends shortly after the start, so it doesn't show the finish.
*   **End Section Answer:** The description provides details that could help determine the answer, such as observing the runners' positions as they cross the finish line or looking for a surge of speed near the end. However, it does not explicitly state who wins the race.

To answer the question, the video section would need to show the runners crossing the finish line, allowing for observation of their positions at that precise moment."
1283-3,"The video description does not provide enough information to definitively answer whether the child in the green outfit is the fastest runner at the end of the video.

Here's why, based on the provided sections:

*   **Full Video Answer:** The description doesn't explicitly say if the child in green is the fastest.
*   **Front Section Answer:** The beginning of the video is focused on the start of the race, not the end.
*   **Middle Section Answer:** The race ends shortly after the start, so it's unclear who is in the lead.
*   **End Section Answer:** While the end focuses on the finish line, the description doesn't state the child in green's position. You would need to *watch* the video and see which runner crosses the finish line first, especially during the zoomed-out view at the end."
1283-7,C
1288-0,"The blond man's emotion at the end of the video is ambiguous and depends on which part of the description is considered.

*   **Full Video Answer:** Suggests embarrassment or sheepishness due to accidentally hitting the woman with a towel.
*   **Front Section Answer:** Suggests unaffectedness or indifference as he's engrossed in his phone.
*   **Middle Section Answer:** Suggests enthusiasm and perhaps slight desperation for attention due to his energetic performance.
*   **End Section Answer:** Suggests annoyance or unimpressed due to the other person's exaggerated actions.

Reconciling these, we have conflicting possibilities. The ""Full Video Answer"" provides the most concrete detail about the very end of the video (hitting the woman), but the other sections offer alternative interpretations based on different assumptions about the blond man's role and actions throughout the video.

Given the conflicting information and the lack of definitive statement in any single section, it's impossible to definitively determine the blond man's emotion at the end of the video based solely on the provided descriptions. The most likely possibilities, based on the different sections, are: embarrassment/sheepishness, indifference, or annoyance."
1288-1,"The blond man's feelings at the conclusion of the video are ambiguous and depend on which section of the video is being referenced, as the descriptions seem to be describing different people.

*   **Front Section:** If the blond man is the person in the background using their phone, he likely feels **uninterested or perhaps even slightly annoyed**. He seems oblivious to the towel folding, indicating a lack of engagement or concern.
*   **Middle Section:** If the blond man is putting on a performance for someone who isn't paying attention, he could feel **potentially unfulfilled/slightly deflated**, or **unfazed/committed to the bit**.
*   **End Section:** If the blond man is the one in the t-shirt and dark pants holding the phone, he likely feels **annoyed or unimpressed**, possibly even more exasperated by the situation.
*   **Full Video:** If the blond man is the one who accidentally hit the woman with the towel, he most likely feels a combination of **embarrassment/awkwardness and perhaps a bit of anxiety**, depending on how he perceives the woman's reaction."
1288-2,"Based on the video section descriptions, it's impossible to definitively say whether the blond man feels frustrated because the woman revealed a trick.

Here's why:

*   **No Mention of a Trick:** Most sections explicitly state that the descriptions do not mention a ""trick"" being performed or revealed.
*   **Focus on Disinterest:** The descriptions primarily focus on the contrast between the man's energetic or comical actions and the woman's disinterest or obliviousness. This suggests his frustration, if any, likely stems from her ignoring him rather than ruining a trick.
*   **Hypothetical Analysis:** Several sections analyze *how* the video section *might* answer the question if more details were available. They point to the need to see the man performing a trick, the woman revealing it, and the man displaying visual cues of frustration (facial expressions, body language).

In summary, the video descriptions lack the necessary information to confirm that a trick was involved or that the man's frustration was related to it. The descriptions suggest that the man is trying to be funny or get her attention, and her disinterest is the source of potential frustration."
1288-3,"Based solely on the video section descriptions, here's the answer:

The video section descriptions provide conflicting information.

*   **Front Section:** No blond man is mentioned, and no one's emotional state is described at the end. The scene shows two people, one folding a pink towel and the other looking at a phone. It's impossible to determine if a blond man is present or if anyone feels playful and energetic.
*   **End Section:** There is no blond man. The description focuses on a white-haired person who is energetic and expressive. It is impossible to answer if a blond man feels playful and energetic. The video section focuses on the white-haired person's energetic gestures and the other person's unimpressed reaction.

Therefore, based only on the provided video section descriptions, it is impossible to definitively answer if the blond man feels playful and energetic at the end of the video."
1288-7,A
1290-0,"The man's reaction at the end is a **surprised and exaggerated facial expression**.

Explanation: The ""End Section Answer"" explicitly states that the man's reaction is a ""surprised and exaggerated facial expression."" While the other sections infer his reaction based on the comedic context (surprise, amusement, annoyance), the end section provides a direct description of what he does. The other sections are consistent with this, suggesting surprise is a key element."
1290-1,"The man makes a surprised and exaggerated facial expression at the conclusion of the video. The End Section answer explicitly states this, and it aligns with the inferences made in the Full Video and Middle Section answers, which suggest his reaction would likely be exaggerated and contribute to the comedic effect. The Front Section answer states the video cuts off before his reaction to the pillow hitting the wall, but the End Section answer contradicts this, providing the man's actual reaction."
1290-2,"No, the man does not show signs of shock or pain. The end section description explicitly states he makes a ""surprised and exaggerated facial expression,"" indicating he is acting and not genuinely experiencing pain or shock. While other sections suggest the possibility of a reaction being exaggerated for comedic effect, the end section directly addresses his behavior, clarifying that it is an act."
1290-3,"Based on the video section descriptions, it's highly likely the man is amused and entertained after his attempt with the pillow, but it's not explicitly stated.

Here's why:

*   **Full Video & Middle Section:** The video is described as comedic, suggesting the man's reaction would enhance the humor. Exaggerated reactions, like feigning shock or pain, could be interpreted as amusement or playing along. The ""Wait for it 😂"" overlay also hints at an expected amused reaction.
*   **End Section:** The man makes a ""surprised and exaggerated facial expression"" when thrusting the pillow. Given the ""comedic skit"" and ""prank-type video"" context, this ""over-the-top reaction"" strongly implies he's enjoying himself and is therefore amused.
*   **Front Section:** The description doesn't provide information about the man's reaction after the pillow incident, focusing instead on his neutral expression beforehand.

Although no section explicitly confirms amusement *after* the pillow action, the comedic nature of the video and the description of the man's exaggerated reaction in the end section strongly suggest he is amused and entertained."
1290-7,E
1293-0,"Based on the provided information, there is conflicting information regarding which scene contains the floating bottle cap.

*   **Full Video Answer & Front Section Answer:** State that the bottle cap in the ""sunbathing shot"" (0:05-0:09) was held by a string.
*   **Middle Section Answer:** Focuses on the first scene and suggests the bottle cap could have been thrown or added in post-production.
*   **End Section Answer:** Claims the second scene (0:01-0:05) does not include a bottle cap and describes the setup for a photoshoot.

Reconciling the information, the ""sunbathing shot"" (0:05-0:09) is most likely the scene in question, and the bottle cap was held by a string."
1293-1,"The bottle cap was made to appear to fly using a string. The ""Sunbathing Shot"" scene (0:05-0:09) shows a person holding a string with a bottle cap attached, suggesting this method was used to create the illusion of the bottle cap floating."
1293-2,"Yes, the bottle cap in the second scene was made to look like it was flying by using a thin string. The ""Front Section Answer"" explicitly states that in the second scene, a string is used to hold a bottle cap near the woman's face. The ""Full Video Answer"" also confirms the use of a string and bottle cap in the ""Sunbathing Shot"" (0:05-0:09)."
1293-3,"No, the bottle cap did not fly because someone flicked it with their finger.

Explanation: The ""Front Section Answer"" specifically states that in the second scene (the beauty shot), the bottle cap is held in place by a string. The description mentions ""a string to hold a bottle cap near her face to create a sparkle effect,"" indicating that the cap's movement was controlled by the string, not by being flicked."
1293-7,D
1294-0,"The piece of meat appeared on the grill because the chef (Executive Chef Anatoliy Dobrovolskiy) placed it there to cook. The middle section explicitly states that the chef placed the steak on the grill after placing corn, and the end section confirms that the man is seen grilling a steak."
1294-1,"The piece of meat ended up on the grill because Executive Chef Anatoliy Dobrovolskiy placed it there. The middle section of the video explicitly shows him adding the steak to the grill after placing corn. While other sections offer interpretations or lack specific details, the middle section provides a direct visual answer."
1294-2,"No, the piece of meat did not land on the grill because it was dropped from a hot air balloon. All video sections consistently state that the meat was either being cut in a hot air balloon or placed on the grill by hand in a typical outdoor setting. There is no indication or mention of the meat being dropped from a hot air balloon."
1294-3,"Based on the video section descriptions, it is likely the meat was placed on the grill using tongs, but not explicitly stated.

*   **Full Video Answer:** Suggests tongs were likely used due to grilling practices, but not explicitly shown.
*   **Front Section Answer:** Mentions tongs being used for corn in a separate clip (0:01-0:03), but not for meat.
*   **Middle Section Answer:** States the chef ""placed"" the steak, implying utensil use (likely tongs), but doesn't explicitly confirm it.
*   **End Section Answer:** Highlights that it's common practice for chefs to use tongs, but the video doesn't show the action."
1294-7,E
1298-0,"Here's an aggregation of the answers, focusing on the context provided by each video section:

*   **Full Video Answer:** The football likely exploded when kicked, based on the explosion sound effect. This is the most direct answer.
*   **Front Section Answer:** This section speculates on possibilities like the ball bouncing away, the video cutting off before the return, or the ball not being intended to return. However, it lacks specific details.
*   **Middle Section Answer:** The football likely broke a window off-screen, preventing its return. This is based on the sound of breaking glass.
*   **End Section Answer:** This section describes the man falling instead of kicking the ball properly. It doesn't address the question of the ball returning.

**Reconciliation:**

The ""Full Video Answer"" and ""Middle Section Answer"" provide the most plausible explanations based on sound effects. The ""Front Section Answer"" provides general possibilities, but lacks specific evidence. The ""End Section Answer"" describes a different scenario altogether.

**Final Answer:**

Based on the video sections, there are two primary possibilities for why the man's football didn't return:

1.  **It exploded:** (Full Video Answer) The explosion sound effect strongly suggests the ball was destroyed upon being kicked.
2.  **It broke a window:** (Middle Section Answer) The sound of breaking glass suggests the ball went through a window and therefore wouldn't be coming back."
1298-1,"The reason the football (or soccer ball, as some sections describe) didn't come back to the man varies depending on the video section:

*   **Full Video:** The loud explosion sound effect when the adult kicks the ball implies the ball was destroyed or launched extremely far away, making it unretrievable.

*   **Middle Section:** The man kicked the soccer ball with excessive force, likely breaking a window off-screen. The ball probably went through the broken window and is now inside the house or damaged.

*   **Front and End Sections:** These sections do not answer the question directly. The front section shows people throwing small balls at a barrel, and the end section describes the man failing to kick the soccer ball and falling.

**Aggregated Answer:** Based on the video sections, the football/soccer ball likely didn't return because it was either destroyed/launched far away by an overly powerful kick (accompanied by an explosion sound effect) or it was kicked through a window with excessive force."
1298-2,"The question cannot be answered based on the provided video section descriptions.

Here's why:

*   **Inconsistent Ball Type:** Some sections mention small, round balls, while others mention a soccer ball. None explicitly confirm it's a football as the question specifies.
*   **Blue Container Discrepancy:** The question mentions a ""blue bucket,"" but some sections describe a ""blue barrel.""
*   **Return Ambiguity:** While some sections imply the ball might not have returned (breaking glass sound), none explicitly state that the ball remained in the blue container (bucket or barrel).
*   **Lack of Direct Observation:** No section directly observes the ball entering and remaining in a blue bucket.

Therefore, based solely on the provided descriptions, it is impossible to determine if the man's football did not return because it landed in a blue bucket."
1298-3,"No. All video sections consistently describe the activity as involving soccer balls, not footballs, and none mention the presence of a dog. The man's difficulty in retrieving the ball is attributed to either an explosion sound effect, breaking glass, or simply him falling down while attempting to kick the soccer ball."
1298-7,"Based on the provided information:

*   **Full Video Answer:** E
*   **Front Section Answer:** E
*   **Middle Section Answer:** A
*   **End Section Answer:** E

The majority of the video sections (Full, Front, and End) indicate that none of the provided options (A, B, C, or D) are correct. However, the middle section indicates A. Given the conflicting information, we must consider the context of each section.

Since the majority of the video sections indicate E, and there is no further information about the video sections, the best answer is:

E"
1299-0,"The answer to ""Why did the elevator door close?"" depends on which section of the video is being referenced, as the video description provides different explanations for different sections.

*   **Full Video Answer:** The elevator door closed because the woman retreated back into the elevator after seeing someone wearing the same outfit.

*   **Front Section Answer:** The elevator door closed because it was programmed to do so automatically after a period of being open.

*   **Middle Section Answer:** The elevator door closed because the elevator's automatic timer timed out.

*   **End Section Answer:** The video focuses on a woman touching the wall and triggering an alarm. It is possible the elevator is malfunctioning and overly sensitive, such that touching the wall triggered the alarm and the door closing mechanism.

**Reconciled Answer:**

Based on the video sections, there are multiple potential reasons why the elevator door closed.

*   In the beginning, it likely closed automatically due to a timer.
*   Later, it closed because the woman re-entered the elevator upon seeing someone with a similar outfit.
*   It is also possible that the elevator malfunctioned and closed the door when the woman touched the wall and triggered the alarm."
1299-1,"The video descriptions offer several possible explanations for what caused the elevator door to shut, but none state it definitively. Here's a breakdown:

*   **Full Video:** Implies the woman pressed the button to close the door after seeing someone with the same outfit.

*   **Front Section:** Implies the woman opened the door. It is not possible to determine what caused the door to close in the first place.

*   **Middle Section:** Suggests the door shut automatically, possibly due to a timer or sensor malfunction.

*   **End Section:** Suggests touching the wall activated a sensor or button, triggering the door to close and an alarm to sound.

**Reconciled Answer:**

Based on the video section descriptions, the most probable cause of the elevator door shutting is either:

1.  **The woman pressed the button to close it (Full Video).**
2.  **An automatic timer or sensor malfunction (Middle Section).**
3.  **Touching the wall activated a sensor or button (End Section).**

The descriptions do not provide enough explicit information to definitively determine the cause."
1299-2,"Based on the video descriptions provided, it's impossible to definitively say whether the elevator door closed automatically as buffer time was up.

*   **Full Section and End Section:** These sections explicitly state that the descriptions lack the necessary information to determine if the door closed automatically.
*   **Front Section:** This section reinforces the lack of information, stating the description focuses on the explosion, not the door closing mechanism.
*   **Middle Section:** This section infers that the door *probably* closed automatically due to the description stating the doors ""quickly close again"" after the woman screams, implying a timer or sensor. However, this is an inference and not a direct statement.

Therefore, while the middle section suggests automatic closure, the overall consensus from the video descriptions is that there is insufficient information to definitively answer the question."
1299-3,"The video descriptions do not explicitly state whether the elevator door closed because the person inside pressed the button to close it. The full video section answer implies she did, but acknowledges it's an inference, not a direct depiction. The other sections confirm the video description doesn't provide this information. To determine if she pressed the button, the video would need to show her hand interacting with the control panel, specifically pressing the close door button, and the door closing immediately after that action. Without these visual details, the question cannot be answered definitively based on the provided descriptions."
1299-7,E
1307-0,"The video descriptions consistently state that it is impossible to determine the change in speed difference between the two tires in terms of forward distance past the ramp based on the information provided. The videos focus on the visual aspect of tires rolling and do not include any measurements or visual cues necessary to calculate speed differences, distances traveled, or time elapsed.

To answer the question, the video would need to include measurable information such as:

*   Individual tire speeds or rotation rates.
*   Distance traveled by each tire.
*   Time elapsed during the tire's movement.
*   Visual markers or grids to measure distance.
*   Identifiable markings on each tire to track them individually.

Without this data, only a qualitative observation of the tires rolling is possible."
1307-1,"The video does not contain information about the speed difference between two tires as they move forward past a ramp. The video sections describe the video as showing an FPV drone flying through tractor tires, or a drone chasing a single tire down a hill. None of the descriptions indicate that the video shows two tires rolling down a ramp and allows for observation of their speed difference after passing the ramp. To answer the question, the video would need to show two tires rolling down a hill, interacting with a ramp, and their subsequent movement, allowing for analysis of their relative speeds."
1307-2,"The answer is: It is impossible to determine if the tire initially lagging behind eventually surpasses the leading tire in speed and distance after the ramp based on the provided video section descriptions.

Explanation: All video sections (Full, Front, Middle, and End) explicitly state that the descriptions do not contain the necessary information to answer the question. The descriptions focus on the drone's flight path, the tires rolling down a hill (and missing a ramp in the Middle section), and the reaction of people. None of the sections provide details about the relative positions, speeds, or trajectories of two tires where one initially lags behind the other, especially in relation to a ramp. The sections also outline the specific visual information needed to answer the question, which is absent from the provided descriptions."
1307-3,"The answer is: It depends on the video section.

*   **Full Section & End Section:** No. These sections describe videos that do not depict a tire race at all. One is about a drone flying through stationary tires, and the other is about a drone flying through tires.

*   **Front Section & Middle Section:** The descriptions do not explicitly answer the question. The front section describes a drone chasing a tire rolling down a hill, but it's unclear if other tires are involved. The middle section describes multiple tires rolling down a hill. To answer the question, we would need to see the video and observe if the tire initially in the lead is overtaken by another tire."
1307-7,E
1308-0,"The speed of the black missile does not change in the animation. The full video answer and the end section answer both explicitly state that the missile travels at a consistently high speed, with no indication of acceleration or deceleration. The front section answer suggests a constant, high speed is likely to effectively illustrate the speed difference between the missile and the bullet. While the middle section answer acknowledges the possibility of a speed increase, it ultimately concludes that a constant speed is more likely given the video's focus on the comparison and the humor derived from the abrupt ending."
1308-1,"The black missile travels at a constant, very high rate of speed throughout the animation. The full video answer explicitly states this, emphasizing its speed is seven times faster than the speed of sound. The middle and end sections also support this, inferring or directly stating a constant speed. While the front section doesn't explicitly address speed changes, it implies movement and doesn't contradict the constant speed described elsewhere."
1308-2,"The video descriptions do not provide enough information to determine if the black missile decelerates to match the bullet's speed before accelerating rapidly. The descriptions only mention the relative speeds of the bullet and missile, but lack details about the missile's specific movements, such as initial speed, speed changes relative to the bullet, and subsequent acceleration. To answer the question, one would need to analyze the video section showing the missile's movement and look for visual cues indicating deceleration and acceleration."
1308-3,"No, the speed of the black missile does not keep increasing. The End Section answer states that the missile appears to be traveling at a constant speed of seven times the speed of sound. This answer directly addresses the question and is the most definitive statement across all the sections."
1308-7,B
1310-0,"It is impossible to determine who used less time in completing the game based on the video section descriptions provided. None of the descriptions explicitly state who finished first, provide timestamps, or indicate any timing information. While the ""Front Section Answer"" suggests looking for visual cues and timestamps within the video itself, the descriptions themselves do not contain this information. The ""Middle Section Answer"" explicitly states the video ends abruptly, and the ""End Section Answer"" mentions the video ends with a tie."
1310-1,"They tied. The end section explicitly states that the participants tied, implying they finished at the same time. Therefore, neither finished in a shorter amount of time than the other."
1310-2,"No, Michiel did not complete the game faster than Celine. The end section of the video description states that Celine and Michiel tied."
1310-3,"Based on the video sections provided, the answer is likely **no**.

The video descriptions across all sections consistently state that the soccer ball icons are likely a visual element associated with Celine's name, possibly for branding or aesthetic purposes. There's no explicit mention of the number of icons correlating with her speed or performance. The end section even mentions the video ends with a tie, further suggesting the icons didn't influence the outcome. While the full video section acknowledges the icons increase throughout the video, it also states this *might* be related to her progress, but the video description does not confirm this. All video sections suggest the icons are merely decorative."
1310-7,E
1312-0,"No, the treadmill is not running while the person in the video is sleeping.

The ""Front Section Answer"" states the treadmill is running while the person is attempting activities with wheeled vehicles. The ""End Section Answer"" describes the man sleeping on the treadmill but doesn't say if it's running. The ""Front Section Answer"" is the only one that directly contradicts the question and provides a definitive ""no"" answer."
1312-1,"The video descriptions do not explicitly state whether the treadmill was active while the person was trying to sleep.

*   **Full Video Answer:** Suggests the treadmill was likely active, even at a slow speed, given the context of the video.
*   **Front Section Answer:** Irrelevant, as it doesn't involve sleeping.
*   **Middle Section Answer:** Irrelevant, as it doesn't involve sleeping.
*   **End Section Answer:** Describes the scene of sleeping on the treadmill but doesn't mention if it was active.

Based on the provided descriptions, it is not possible to definitively answer whether the treadmill was active while the person was trying to sleep. While the full video answer suggests it was likely active, there is no explicit confirmation."
1312-2,"Based on the video sections, the answer is likely yes, but not definitively.

Explanation: The ""Full Video Answer"" suggests the person was crawling to avoid falling because the treadmill was running during a sleeping skit. The ""End Section Answer"" also leans towards yes, mentioning the sleeping scene and the possibility of the treadmill running. While the description doesn't explicitly confirm the treadmill was running during the sleeping scene (0:02-0:06), the overall comedic and unconventional nature of the video implies that it likely was, leading to the need to crawl. The other sections do not mention the sleeping scene."
1312-3,"The treadmill belt was stationary while the person was sleeping. The End Section answer explicitly states that in Scene 2 (0:02-0:06), the man is sleeping under a blanket on the treadmill, and it does not mention the treadmill belt moving. The other sections either don't mention sleeping or state they cannot determine the belt's status."
1312-7,E
1318-0,"The daughter's emotions at the end appear to be a mix of amusement, slight embarrassment, and exasperation. The ""Full Video Answer"" explicitly states ""exasperation and amusement."" The ""End Section Answer"" suggests ""amusement and slight embarrassment,"" noting her ""expectant"" look at the start and the father's absurd behavior. These answers align, suggesting a comedic situation where the daughter is both amused by and slightly embarrassed/exasperated by her father's antics. The other sections offer possible emotions but are less definitive, acknowledging the need to *see* her reaction."
1318-1,"The daughter likely feels a mix of amusement and slight embarrassment, possibly tending towards exasperation or mild annoyance, at the conclusion of the video. The ""Full Video Answer"" explicitly states she appears ""exasperated or mildly annoyed"" based on her facial expression at the punchline. The ""End Section Answer"" agrees with a mix of amusement and slight embarrassment. While the ""Front Section Answer"" and ""Middle Section Answer"" suggest amusement as a primary possibility, they also acknowledge annoyance or exasperation as possibilities. Given the specific details of the daughter's expression from the ""Full Video Answer"" and the agreement from the ""End Section Answer,"" the most accurate assessment is a combination of amusement and embarrassment, potentially leaning towards annoyance."
1318-2,"Yes, the daughter likely seems speechless at the end.

Here's how the different sections support this:

*   **Full Video Answer:** Directly states she seems speechless, noting a ""slightly exasperated expression"" suggesting she's not verbally responding.
*   **End Section Answer:** Reinforces this, explaining her expression indicates ""a mix of amusement and perhaps slight embarrassment,"" implying she's taken aback and doesn't know how to respond. The ""Dad?"" text overlay further hints at her questioning his behavior and being rendered speechless.
*   **Front Section Answer:** This section focuses on the father's actions and doesn't provide information about the daughter's reaction at the end.
*   **Middle Section Answer:** This section suggests the video ends quickly after the father's action, implying the daughter's reaction is ambiguous, but it's possible she's speechless.

While the Front and Middle section answers don't explicitly confirm she's speechless, the Full and End sections strongly imply it based on her described expression and the overall comedic context."
1318-3,"Yes, the daughter likely appears amused and entertained by her father's antics at the end. The ""End Section Answer"" directly states that her expression suggests a mix of amusement and slight embarrassment, implying she finds his behavior funny. While the ""Full Video Answer"" mentions a ""slightly exasperated expression,"" the ""End Section Answer"" provides a more nuanced view of her reaction at the very end, indicating amusement is present. The other sections don't provide conclusive evidence about her reaction at the end of the video."
1318-7,C
1321-0,"I cannot determine the emotion of the girl in braids at the end of the video. All video sections report that the video file is not found, making it impossible to analyze her facial expressions, body language, or the context of the scene."
1321-1,"The video file is not found, therefore it is impossible to determine how the girl with braids feels at the conclusion of the video. All sections of the video description state that they lack the necessary information to answer the question."
1321-2,"Answer: Cannot answer.

Explanation: All sections of the video analysis indicate that the video file is not found. Therefore, it's impossible to observe the girl's emotional state or the man's actions and determine if the girl is feeling dazed and confused at the end of the video."
1321-3,"The answer cannot be determined. All sections of the video are unavailable, so there is no information about the girl with braids or her expression at the end of the video."
1321-7,E
1324-0,"Based on the provided video section answers, here's the most accurate assessment of the man and woman's mood at the end of the video:

**The answer is indeterminate.**

Here's why:

*   **Conflicting Information:** The ""Full Video Answer,"" ""Front Section Answer,"" and ""End Section Answer"" all describe completely different scenarios and resulting moods. The ""Middle Section Answer"" explicitly states that the mood at the end is impossible to determine without knowing how the characters' reactions evolve.

*   **Lack of a Unified Narrative:** The video sections seem to be describing different videos or different parts of the same video with unrelated events.

Therefore, without a consistent description of the video's ending, it's impossible to definitively say what the man and woman's mood is or what caused it."
1324-1,"Based on the provided video section answers, here's how the man and woman likely feel at the conclusion of the video and the causes of those emotions:

**Full Video Answer:** At the conclusion of the video (0:27-0:29), both the man and the woman react with disgust and surprise. This is caused by the loud farting sound the dog makes when the woman places it in the man's arms. The unexpected and gross nature of the sound elicits the negative reaction from both of them."
1324-2,"Based on the provided video section descriptions, the answer is **no**.

*   **Full Video Answer:** The final reaction is ""disgust and surprise"" due to the dog's fart, not shock or remorse related to the man's actions.
*   **Front Section Answer:** The video depicts a humorous situation where a man reveals a fake apple to a surprised and disgusted woman. There is no mention of a dog or any actions that would cause shock and remorse.
*   **Middle Section Answer:** The video section details a scene where a man pours water and a woman reacts with disgust, but it doesn't mention a dog or any events that would cause shock or remorse.
*   **End Section Answer:** The man's gasp is for comedic effect, not shock or remorse.

All sections point to a comedic situation where the reactions are driven by surprise, disgust, or humor, not by shock or remorse related to distracted actions with a dog."
1324-3,"Based on the provided video section descriptions, the answer is: **It is contradictory.**

*   **Full Section** states that at the end of the video (0:27-0:29), after the dog makes a farting sound, ""The man and the woman react with disgust and surprise,"" not a light-hearted and playful mood.

*   **End Section** states that at the end of the video that the man and woman appear to be in a light-hearted and playful mood because of their interaction with the fluffy white dog.

Since the sections are contradictory, it's impossible to give a definitive answer based on the provided information."
1324-7,E
1329-0,"The woman's mood at the end of the video is most likely playful and affectionate.

Explanation:

*   **Full Video Answer:** Directly states her mood is playful and affectionate because she playfully kicks the man, indicating a lighthearted, loving interaction.
*   **End Section Answer:** Directly states her mood is playful and energetic because she playfully chases the man.

While other sections offer alternative interpretations (oblivious/focused, mildly irritated, exasperated amusement/resigned acceptance), these are based on inferences and less direct evidence from the video descriptions. The ""Full Video Answer"" and ""End Section Answer"" both explicitly describe playful actions, making ""playful and affectionate"" the most supported and likely mood."
1329-1,"The woman likely feels playful and energetic at the conclusion of the video. This is primarily supported by the ""End Section Answer,"" which emphasizes her ""playful energy"" as she chases the man. The ""Full Video Answer"" also suggests a playful and affectionate mood stemming from a lighthearted interaction with her partner, expressed through a playful kick. While the ""Middle Section Answer"" suggests possible frustration, the overall lighthearted tone of the video, as well as the emphasis on playfulness in other sections, makes playful energy the most likely emotion."
1329-2,"The woman's mood at the end of the video reflects neither frustration nor anger, but rather playfulness and affection. The full video answer and the end section answer both indicate a playful interaction, with the woman ""playfully kicking"" or ""playfully chasing"" the man. This contradicts the middle section's inference of frustration based on the disruption of her yoga. The front section doesn't offer information relevant to the end of the video. Therefore, the playful interactions described in the full video and end sections provide the strongest evidence for a lighthearted mood."
1329-3,"The answer is uncertain.

*   **Full Video Answer:** States the woman is playfully annoyed, not confused, based on a playful kick mentioned in the video description.
*   **Front, Middle, and End Section Answers:** All state that the provided descriptions of those sections do not contain information about the woman's mood *at the end of the video*. The descriptions focus on earlier events or end before her reaction is shown.

Therefore, based solely on the information provided in the video section descriptions, it's impossible to definitively determine the woman's mood at the end of the video. The full video description suggests playful annoyance, but the other sections lack information to confirm or deny this."
1329-7,E
1344-0,"The video section descriptions provide conflicting information and don't directly answer why the child smiles *immediately* after the injection.

*   **Front and Middle Sections:** These sections focus on the baby's reaction *before* or *during* the preparation for the injection (crying, confusion after cotton pad). They don't mention any smiling *after* the shot.

*   **End Section:** This section describes the baby with a bandage and text overlay (""It doesn't hurt that much"") suggesting a recent injection. It notes the baby *suddenly* bursts into laughter. The section infers the laughter is a delayed reaction to the relief of the injection being over, a release of tension, or encouraged by the person bouncing the baby.

*   **Full Video Answer:** The child smiles after the injection because the initial pain subsides quickly, and the baby realizes the experience wasn't as bad as anticipated. The video's text overlays highlight this shift in mood, with phrases like ""Is that all?"" and ""It doesn't hurt that much"" suggesting the baby's surprise and relief. The baby's laughter and energetic jumping further indicate a positive change in emotion after overcoming the brief discomfort.

**Answer:**

Based on the full video answer and the inference from the end section description, the child likely smiles (or laughs) after the injection due to a combination of factors: the quick dissipation of initial pain, a realization that the experience wasn't as bad as anticipated, and a release of tension. The person bouncing the baby may also contribute to the positive feelings and encourage the laughter."
1344-1,"The reason for the child's smile after the presumed injection is explained differently depending on the video section.

*   **Full Video Answer:** The child smiles because the crying subsides, and the baby realizes the experience wasn't as bad as expected. The text overlays reinforce this, showing a shift from pain and crying to surprise and happiness.

*   **Front Section Answer:** This section doesn't mention smiling after the injection, only crying. Therefore, it doesn't answer the question.

*   **Middle Section Answer:** This section describes the baby stopping crying and looking confused *after the cleaning* (before the injection), suggesting the baby's reaction is to the cleaning process itself, finding it less unpleasant than anticipated. The video doesn't state that the injection happened.

*   **End Section Answer:** This section suggests the injection happened *prior* to the video. The child's laughter *after* the presumed injection is due to relief and release of tension. The pain is over, and the baby is reacting with a burst of energy and joy. The bouncing likely adds to the sensory input and contributes to the laughter. It also suggests the person holding the baby might be subtly tickling or engaging in playful interaction to distract the baby after the injection, triggering the laughter. Finally, the laughter could be a delayed reaction to the discomfort of the injection, a way of processing the experience now that it's over.

Considering all sections, the most supported answer is that the child smiles due to a combination of relief that the injection is over and a realization that it wasn't as bad as anticipated. The full video answer and the end section answer both support this, and the other sections either don't address the smile or suggest the reaction is to the pre-injection cleaning."
1344-2,"The answer is likely yes, but with nuance.

Here's the breakdown:

*   **Full Video Answer:** Directly addresses the question. It states the smiling is likely a combination of the pain subsiding and the baby's surprised and relieved reaction to the experience not being as bad as anticipated. The removal of the needle is a contributing factor.

*   **Front Section Answer:** Doesn't answer the question directly as it doesn't describe the baby smiling. It focuses on the initial crying.

*   **Middle Section Answer:** Doesn't explicitly show the injection or smiling after, but it *suggests* the baby's change in demeanor *could* be related to the brief pain subsiding after the injection. The baby's surprised expression might indicate the shot wasn't as bad as anticipated.

*   **End Section Answer:** Doesn't show the injection itself, but shows a baby with a bandage laughing and the text ""It doesn't hurt that much,"" implying a connection between a recent, possibly painful, experience and the subsequent laughter.

Reconciling the answers, the *Full Video Answer* provides the most comprehensive answer. The other sections either don't address the smiling directly or only offer suggestions based on context clues. Therefore, the child likely smiles after the injection *because* the pain subsides, but the smiling is also influenced by the baby's surprise and relief that the experience wasn't as bad as expected."
1344-3,"The child's smile after the injection is likely due to a combination of factors, including being comforted, realizing the pain wasn't as bad as anticipated, and distraction.

Here's a breakdown based on the video section descriptions:

*   **Full Video Answer:** Suggests the smile is due to both comfort and the realization that the pain wasn't as bad as expected.
*   **Front and Middle Section Answers:** These sections don't show the baby smiling, so they cannot directly answer the question. They do offer hypothetical analyses of how a smile might be interpreted if it were present, focusing on timing, adult behavior, the baby's demeanor, and distractions.
*   **End Section Answer:** Suggests the laughter and smiling are likely due to being comforted and distracted after the injection, along with the relief from discomfort.

Reconciling these answers, the most complete explanation is that the smile is a multifaceted response. While the descriptions don't definitively isolate comfort as the *sole* cause, the presence of comforting actions (like bouncing) and the baby's positive reaction (laughter) strongly suggest that comfort plays a significant role."
1344-7,E