qid,pred
0008-0,"The first two people used brute force using a metal object or hitting the bottle against a surface to open it, while the last person in the video used a precise finger flick."
0008-1,"The last person differs by opening the bottle with a swift chop motion of their hand, rather than using a tool or trying to pry the top off. They break the top of the bottle completely off, instead of just removing the cap."
0008-2,"No, the last person did not use a knife. The last person snapped the top of the bottle off using just one finger."
0008-3,"No, the last person in the video opens the bottle with a flick of his fingers, not a knife, while the first two people fail in their attempts."
0008-7,D
0012-0,
0012-1,
0012-2,
0012-3,
0012-7,
0016-0,"The person is initially facing to the right, but after the phone is turned upside down, it looks like the person is facing forward."
0016-1,The person in the optical illusion appears to be looking in two directions: to the side and to the front.
0016-2,"Yes, the person is facing both sideways and forward due to photo editing."
0016-3,"No, the person is not facing forward. The shoulders are not symmetric as he is in profile."
0016-7,B
0036-0,"The zucchini is sliced very thinly because the blades are spinning very fast. While the blade appears to be spinning slowly, this is just an effect of the camera frame rate. The blade is actually cutting the zucchini very fast."
0036-1,The machine appears to slice the zucchini so thinly despite seeming to spin slowly because the blade is actually rotating at a very high speed. The slow motion effect seen in the video is due to the camera's frame rate being synchronized with the blade's rotation speed.
0036-2,"The reason the machine cuts the zucchini so thinly is because the blades are spinning at a high speed. The high speed of the blade in conjunction with the machine's design allows it to create the thin slices. While the stroboscopic effect does exist, it does not play a part in why the slices are so thin."
0036-3,"No, the machine is able to cut the zucchini thinly because of the extremely high speed of the blade. The apparent slow speed is due to the frame rate of the camera."
0036-7,A
0037-0,The entire video has been artificially edited.
0037-1,"The video shows five sections with artificial editing. These include the erratic behavior of the ping pong ball, the T-pose glitch, the appearance of a pink and black error model with the word ""ERROR,"" the man running in the background, and the appearance of a swarm of balls coming out of the cup."
0037-2,"Yes, the video is edited in multiple parts to create the effect of video game glitches by using visual effects such as cloning, teleportation, and texture glitches."
0037-3,"No, the video is not edited only in one part to create the effect of video game glitches, there are multiple edits done at different parts of the video."
0037-7,A
0038-0,"The last person was able to snap off the cap easily because they applied a concentrated flick to the cap. The person used their middle finger and a swift, precise motion to create enough force to separate the cap from the bottle."
0038-1,The reason the last person was able to break off the bottle cap so easily was that he flicked the bottle with a lot of force and shattered the top.
0038-2,"Yes, the last person successfully broke the bottle. He hit the top off with his hand."
0038-3,"No, the last person did not use a lighter. He used a finger flick."
0038-7,C
0064-0,"The room went dark because when the stick figure slammed the door closed, the lamp fell and broke, causing the room to go dark."
0064-1,The room became dark because the lamp fell off the dresser after the stick figure slammed the door shut.
0064-2,"Yes, the room went dark because the stick figure character closed the door, causing the lamp to fall. The lamp falls immediately after the door is shut."
0064-3,"No, the room went dark because the stick figure character ran into the bedroom and slammed the door shut, which caused the lamp to fall and break."
0064-7,A
0070-0,"The person in the video poured the water two times. In both instances, the water spills down the side of the mug instead of into the other mug."
0070-1,The person pours water two times in the video. The first attempt results in the water flowing down the side of the mug. The second attempt results in the water successfully pouring into the cup.
0070-2,"Yes, the person in the video pours the water twice. He attempts to pour the water twice from a green mug into a black mug, but the water goes down the side of the green mug instead."
0070-3,"No, the person pours the water twice. In the first attempt, the water runs down the side of the mug, and in the second attempt, the water is successfully poured into the gray mug."
0070-7,D
0080-0,The purpose of beating the balloon is to mix the baking soda and vinegar so that they can react and inflate the balloon.
0080-1,"You need to hit the balloon in order to break the inner glove filled with vinegar, causing it to mix with the baking soda. This mixture causes a chemical reaction, releasing carbon dioxide and inflating the balloon."
0080-2,"No, the purpose of hitting the balloon is to cause a chemical reaction which inflates the balloon."
0080-3,"No, the purpose of hitting the balloon is to fully inflate the balloon."
0080-7,A
0081-0,He puts his hand on his face to mimic the dance.
0081-1,The man covers his face with his hand possibly because he is embarrassed to be on camera or is indifferent to the situation.
0081-2,"Yes, the man covers his face with his hand to transfer the cat face filter to the girl next to him."
0081-3,"No, the man did not put his hand on his face as part of a synchronized dance move, he just wipes his nose."
0081-7,D
0083-0,"The video wants to show how the mom is secretly acting towards the dog. Each time the daughter enters the room, she catches her mom contradicting her initial rejection of the dog by showing it affection."
0083-1,"The repeated entries show the progression of the mother's acceptance of the dog. Initially, the mother is strictly opposed to the dog. As time passes, the daughter overhears the mother starting to care for the dog. By the end of the video, the mother clearly loves the dog and thinks it is her ""favorite child."""
0083-2,"Yes, the daughter is trying to uncover her mother's true feelings about the pet dog by entering the room multiple times. She suspects that her mother's initial harsh reaction is not genuine and wants to see how her mother truly feels about the dog when she thinks no one is watching."
0083-3,"Yes, the video shows the daughter repeatedly entering the room, highlighting cultural differences in attitudes towards pets between generations."
0083-7,D
0099-0,"There is 1 zoomed-in close-up at the end of the video, as there is one instance in which the camera snaps extremely close to a portion of the design."
0099-1,There is 1 zoomed-in close-up in the video.
0099-2,"Yes, there are two zoomed-in close-ups in the video, focusing on the geometric pattern."
0099-3,"No, the video contains only 3 zoomed-in close-ups of the geometric pattern."
0099-7,D
0101-0,"The man teleports in the sequence of a bookcase, then to the underside of a couch, then to a cardboard box."
0101-1,"The order is bookshelf, couch, cardboard box."
0101-2,"Yes, the man teleports to the bookshelf, couch, cardboard box, and then back under the blanket in the video."
0101-3,"No, the man does not teleport in the order of bookshelf, cardboard box, couch, then blanket. He teleports to the bookshelf, then the couch, then the cardboard box, and finally returns to under the blanket."
0101-7,A
0113-0,"There are two buildings demolished. One is a modern, tall building that gets imploded, and the other is a water tower."
0113-1,"The video contains 2 buildings being taken down. One segment shows a building imploding, and another segment shows a water tower being taken down by an excavator."
0113-2,"Yes, two buildings are demolished in the video. A high-rise building is imploded, and a water tower is torn down."
0113-3,"No, more than one building is demolished in the video. A high rise building and a water tower are shown being demolished."
0113-7,A
0117-0,"There are zero toy cars shown in the video. While there are go-carts and racing cars that are not normal cars, these are not toy cars."
0117-1,"There are zero toy cars visible in the video. The video shows real, full-sized cars being driven, or go-karts which are still much larger than toy cars. Therefore, the answer is zero."
0117-2,"Yes, there are two toy cars shown in the video clip. From 0:14-0:25, there are videos of boys drifting with what appear to be toy cars."
0117-3,"No, there are two toy cars shown in the video clip."
0117-7,C
0118-0,"At the beginning of the video, the person hits the cans to make them fall down to the ground."
0118-1,"At the start of the video, the person taps one of the bottles, causing all three to fall."
0118-2,"Yes, the bottles were released on a slight slope. However, the man initiated the release by pushing them, not simply letting go."
0118-3,"Yes, the person did push the containers with their hand to make them fall."
0118-7,A
0127-0,Five watches are shown in the video. They are unique watches that have a car wheel design.
0127-1,"There are 4 watches displayed in the video. They each feature unique car-inspired designs, specifically resembling wheel rims."
0127-2,"Yes, four distinct watches are shown in the video. There is a red brake watch, a gold Lamborghini brake watch, a red brake watch on a wrist, and a green brake watch."
0127-3,"Yes, there are five watches shown in the video. Each watch has a different color scheme and design."
0127-7,B
0129-0,"One man appears in the video. At the end, he can be seen taking photos of the artist."
0129-1,The number of male figures shown in the video is one. There is one man shown helping the woman to create the art and take the photos.
0129-2,"Yes, there is only one man in the video. He is shown at the end taking a photograph of the artist in front of the avocado design."
0129-3,"Yes, there are two instances where there appears to be a man in the video. At [00:00:40] and [00:00:55]."
0129-7,C
0133-0,
0133-1,
0133-2,
0133-3,
0133-7,
0142-0,"The purpose for the character in costume to put a small piece of white tape on the handrail is to keep track of where they started, so they could clean the entire length of the handrail as it travels in a loop."
0142-1,The character in costume places a small piece of white tape on the handrail to mark the starting point of the cleaning process. It helps him know when he has cleaned the entire length of the rail.
0142-2,The character in costume uses a small piece of tape on the handrail as a marker to make sure that he can wipe the entire railing in the loop. This way he can know when he has come to the end and needs to stop wiping.
0142-3,"No, a small piece of white tape is not attached to the armrest to attract dust, it is attached to the rail to mark areas to keep distance."
0142-7,C
0146-0,"The car changes color 3 times in the video. The car is initially black, then it changes to light blue, and then it changes to purple, then green, and then finally red."
0146-1,"The car's color shifts 4 times in the video. It changes from black to blue, blue to purple, purple to green, and green to red."
0146-2,"Yes, the car does change color four times, starting with black. But the car changes color more than four times in the video."
0146-3,"Yes, the car in the video changes color three times, starting with blue."
0146-7,A
0151-0,The person piercing a potato with a straw is wearing a red shirt and has brown hair. The shirt has a white collar with a button up closure.
0151-1,The person holding a potato in the video is a woman. She is wearing a red long-sleeve shirt.
0151-2,"Yes, the person holding the potato is wearing a red coat and has long brown hair."
0151-3,"No, the person holding the potato is not wearing a light pink hoodie and a black cap. They are wearing a red hoodie and no cap."
0151-7,B
0152-0,"In the video, blue elastic bands are used for fixing the position of the pages."
0152-1,Blue elastic cords are used to secure the pages in place as they are folded.
0152-2,"No, the tool used to fix the pages in the video is not a blue retainer. It is a blue cord."
0152-3,"Yes, the tool used to fix the pages in the video is a rubber band. The blue bands securing the folded pages are identifiable as rubber bands."
0152-7,B
0154-0,
0154-1,
0154-2,
0154-3,
0154-7,
0162-0,The golfer successfully hits the target one time in the video. He hits the bell at the beginning of the video.
0162-1,"The golfer only achieves one successful target hit in the video. At the start of the video, he hits the bell."
0162-2,"No, the golfer does not hit the target only once in the video. He hits the target three times."
0162-3,"No, the golfer does not hit the target 10 times in the video. He hits the target 5 times."
0162-7,B
0167-0,The woman in the video is surprised because the man seemingly breaks the pencil using just his hands.
0167-1,"The woman is astonished because after wiggling the pencil between his knuckles, the pencil somehow balances upright on its end when the man opens his fists."
0167-2,"No, the woman is surprised because the pencil breaks when she appears to be trying to break it between her fists."
0167-3,"Yes, the woman gasps and looks very surprised when the man breaks the pencil."
0167-7,D
0169-0,"The woman pours juice into the mold two times in the video. She pours orange juice first, then red juice."
0169-1,The woman fills the mold with juice once in the video.
0169-2,"No, the woman does not pour juice into the mold twice in the video. She fills each mold once with a single flavor."
0169-3,"No, the woman pours juice into the mold two times in the video."
0169-7,A
0179-0,
0179-1,
0179-2,
0179-3,
0179-7,
0198-0,There are 12 photos of “old me” played in the video. These images show a person actively learning and performing well.
0198-1,"There are 12 photos labeled ""Old me"" shown in the video."
0198-2,"Yes, there are 12 photos labeled 'old me' in the video."
0198-3,"No, the video does not include the photo of 'old me' reading a book at a desk twice, it only appears once."
0198-7,B
0217-0,0:18-0:29. Thus the time lapse is 11 seconds long.
0217-1,"21 seconds. The capillary action demonstration, from setting up the experiment to the sped-up demonstration of the water transfer, is 21 seconds long in real time."
0217-2,"Yes, the time lapse of the capillary action demonstration lasted one hour and fifteen minutes according to the clock in the video."
0217-3,"Yes, the time lapse of the capillary action demonstration did last precisely 2 hours as indicated by the clock in the video."
0217-7,B
0242-0,The two orange cats jumped away because the person in the red hat made a loud noise.
0242-1,The two orange cats on the kitchen counter leaped away because the person wearing a red hat unexpectedly made a loud meowing sound.
0242-2,"Yes, the two orange cats jump away because the person in the red hat used a party blower."
0242-3,"Yes, at the start of the video, two cats, one of them being orange, jump away because they were frightened by a toy snake."
0242-7,D
0248-0,"The person in the foreground is painting a hyperrealistic portrait of a woman. He is using a fine brush to add details to the painting, specifically focusing on the water droplets on the woman's face."
0248-1,"The person in the foreground is engaged in painting a hyperrealistic portrait, focusing on adding fine details with a brush."
0248-2,"Yes, the person in the foreground is painting a hyperrealistic image of a wet-haired woman. The painting exhibits a very high level of detail and realism."
0248-3,"No, the person in the foreground is not under running water. The water droplets are part of a hyperrealistic painting technique to create a visual effect."
0248-7,B
0251-0,"The ball falls off the disc at the end of the video because the mechanical figures supporting the table keep lifting themselves up and causing the table to tilt, which makes the ball roll around erratically and ultimately fall off the edge."
0251-1,"The ball falls off the disc at the end of the video because one of the figures lifts itself up to try to claim the head, which causes the table to tilt."
0251-2,"No, the ball rolled off because the figures lift themselves up to try to claim the head, which causes the table to tilt."
0251-3,"Yes, the ball fell off the disc because the disc was tilted, causing it to roll off due to gravity."
0251-7,D
0256-0,"The ping-pong ball does not bounce on the ground, but on the stairs. Therefore, the ball bounces on the ground zero times."
0256-1,The ping-pong ball bounces 13 times before it reaches the bottom of the stairs.
0256-2,"No, the ping-pong ball bounces 16 times before entering the cup."
0256-3,"Yes, the ping-pong ball bounces 15 times on the ground as it descends the stairs."
0256-7,D
0259-0,The man used his right hand to throw away his hat. You can see this clearly at the beginning of the video.
0259-1,The man discarded his hat with his left hand.
0259-2,The man did not use his left hand to throw away his hat after failing to score. He used his right hand.
0259-3,"Yes, the man uses his right hand to throw his hat on the ground."
0259-7,D
0266-0,The yellow rubber band is fully looped around the right thumb at the end of the video.
0266-1,The yellow rubber band is completely wrapped around the right thumb.
0266-2,"Yes, the yellow rubber band is fully looped around the left thumb throughout the entire duration of the video."
0266-3,"Yes, the yellow rubber band is fully looped around the right thumb."
0266-7,B
0267-0,The first person in the video is hanging on a pole over a basketball or volleyball court.
0267-1,The first person in the video is hanging from a basketball hoop.
0267-2,"Yes, the person in the video is creating an illusion by lying on the basketball court. His pose and the high-angle perspective make it appear as though he is hanging, even though he is actually on the ground."
0267-3,The person in the video is jumping in the air because they are seen going straight up.
0267-7,C
0273-0,The color facing up after the Rubik's Cube is solved is white. This can be seen at the end of the video.
0273-1,The color on the top face of the Rubik's Cube after it is solved is yellow.
0273-2,"Yes, the top color of the solved Rubik's Cube is white. You can clearly see the white color on the top face of the solved cube at the end of the video."
0273-3,"Yes, the top color of the solved Rubik's Cube is yellow."
0273-7,A
0274-0,"There are a total of five people who appear in the video. One male dancer is front and center, and there are four other dancers behind him."
0274-1,"The total number of individuals visible in the video is five. This count includes Beakhyun and the four backup dancers who participate in the ""Pineapple Slice"" dance practice."
0274-2,"No, there are only five dancers in the video; this number does not change throughout the dance practice."
0274-3,"No, the total number of people in the video is five. This is evident from the number of individuals performing the dance in the frames."
0274-7,D
0276-0,"Yes, video editing is used. The pencil is taken off-screen before it is repositioned under the cube, creating the illusion that it is passing beneath a three-dimensional object."
0276-1,"The techniques used to create the illusion of the pen passing under the cube involve smart video editing, accurate masking, perspective, and clever drawing. By drawing a tall tower and using the right perspective, it seems like a small cube. The pencil goes offscreen and the rest can be video edited."
0276-2,"Yes, the illusion relies on video editing effects, as the pencil goes off-screen to mask the trick."
0276-3,"No, the illusion is not created solely through skillful drawing and perspective without video editing. The pencil seemingly passing under the cube is achieved through video editing, and the drawing itself is a cutout."
0276-7,B
0278-0,The writing on the paper in the video is red because the narrator uses a red pen to write the polynomial and math equations.
0278-1,The text written on the paper in the video is black.
0278-2,The writing on the paper in the video is red.
0278-3,"Yes, the writing on the paper in the video is red."
0278-7,C
0288-0,The adjustable wrench was not easy to use as the man struggles to chop the bone with it and eventually gave up.
0288-1,The wrench is the knife that is difficult to use. The man tries to use it as a knife and fails to chop a bone.
0288-2,"Yes, the knife with the darker black steel part in the video is the one that is not easy to use, as evidenced by the statement ""We have a problem. Take my knife."" when the man and woman were attempting to use the knife."
0288-3,"Yes, the lighter silver steel knife is not easy to use, as demonstrated when the man initially tries to cut the bone."
0288-7,D
0291-0,The electricity caused the rotational movement of the metal rod.
0291-1,The rotational movement of the metal rod was initiated by the interaction with electrical discharges produced by the device. The rotation continued because the ongoing electrical discharges kept exerting force on the rod.
0291-2,"No, the initial rotation of the metal rod did not start because a human plucked it. The rotation begins spontaneously in the video, triggered by the device itself."
0291-3,"Yes, the rotational movement of the metal rod was caused solely by the interaction between the electric field and the metal rod. The electric arcs apply a force on the metal rod causing it to rotate."
0291-7,B
0292-0,There is at least 1 vehicle behind the bus.
0292-1,There appears to be one vehicle behind the bus.
0292-2,"No, there is at least one other car that passes behind the bus."
0292-3,"Yes, there are two vehicles following the bus, as seen by two sets of headlights in the final image."
0292-7,A
0295-0,The person holding the yellow bag tries only one method. They try to pour from the bag into the bottle.
0295-1,The person with the yellow bag attempted only one technique. They tried to squeeze the contents of the yellow bag into the mustard bottle with the cap on.
0295-2,"No, the person with the yellow bag only tried one method of pouring the contents of the bag. They tried to pour the contents into the mustard bottle. The other person removed the top of the mustard bottle in hopes of solving the pouring issue."
0295-3,"No, the person with the yellow bag only tried two methods to pour the contents. First, the contents could not go in because the lid was still on. The person then opened the lid and poured the contents from the bag."
0295-7,B
0296-0,"The man doesn't catch the blue pants on his first attempt because they have shrunk in the wash, resulting in him catching a tiny version of them."
0296-1,"The man misses catching the blue pants on his first try because the pants shrunk in the wash, making them too small to wear."
0296-2,"Yes, it is due to a visual illusion."
0296-3,"No, the reason the man doesn't catch the blue pants on his first attempt is not because they are a painted object. The man exclaims that the pants have shrunk in the wash."
0296-7,D
0303-0,The man stops cycling when he dismounts from the bike.
0303-1,The cyclist steps off the bike and lets it drop to the ground.
0303-2,"No, the man does not stop cycling by crashing into a cushion. He lands on his feet after completing the trick."
0303-3,"Yes, the man stops cycling by dismounting and walking away after landing from his stunt."
0303-7,B
0304-0,"Two. At the beginning of the video, the narrator indicates that the writer is using two separate pieces of paper."
0304-1,The person starts writing on one sheet of paper.
0304-2,"Yes, the person writes on two layers of paper. This is shown by the man in the video questioning why the person is writing on two different pieces of paper."
0304-3,"Yes, the person initially writes on what appears to be one layer of paper."
0304-7,A
0308-0,The first military aircraft is taking off from an aircraft carrier.
0308-1,The initial military aircraft is attempting to take off. It is launched from the deck of an aircraft carrier.
0308-2,"Yes, at the start of the video, a military aircraft is approaching an aircraft carrier. After it gets close to the aircraft carrier, it rises up and goes back into the sky. This is a missed landing."
0308-3,"Yes, the first military aircraft is taking off from the aircraft carrier."
0308-7,A
0313-0,"At the end of the video, these products occupy 8 compartments on the shelf."
0313-1,There are 9 sections on the shelf filled with products by the end of the video.
0313-2,"Yes, the products occupy 9 compartments on the shelf at the end of the video."
0313-3,"No, the products do not occupy 10 compartments on the shelf at the end of the video. They occupy 9 compartments."
0313-7,B
0319-0,"At the end of the video, the ball is traveling along path C, which is a straight line, because once the wooden ring is opened, the centripetal force is removed and the ball continues its motion in a straight line due to inertia."
0319-1,"The ball travels straight out of the circle, following path ""C"" in the diagram."
0319-2,"Yes, the ball does end its motion at position C, and then the person puts the ball back into the circular wooden piece at the end of the video."
0319-3,"No, the ball does not end up in position A at the end of the video. It ends up at position C."
0319-7,D
0320-0,The last person does a backflip from a horizontal bar before landing on their back.
0320-1,The last person uses a flip to jump over a bar.
0320-2,"No, the last person in the video does not stand on a pole to jump onto the tire. He uses a low bar to jump onto the tire."
0320-3,"No, the last person in the video does not perform a parkour move to jump over a fence. He does a flip on a set of bars, but does not land correctly."
0320-7,A
0321-0,"The group of people are engaging in the ""Whose face is that?"" trend."
0321-1,The people in the group are performing a viral TikTok challenge. This is evidenced by the fact that they are making hand gestures to the beat of a trending song.
0321-2,"Yes, the people in the group are filming a video with a hand gesture choreography. The video begins with multiple hands forming a circle, making gestures in synchronicity with the music."
0321-3,"No, they are not playing a typical game of rock, paper, scissors because they don't make all three standard hand motions."
0321-7,A
0325-0,The rider flips 4 times and jumps 3 times in the air while crossing obstacles.
0325-1,"The rider performs the following flips and jumps:
- Double Tailwhip
- 360 into landing
- Backflip Barspin
- Tailwhip to No Hander
- Frontflip Tailwhip"
0325-2,"No, the video and transcript do not show that the rider flipped and jumped eight times while crossing the obstacles."
0325-3,"No, the rider flips and jumps more than three times while crossing the obstacles."
0325-7,E
0334-0,"The scenes with the man eating the sun, the pencil erasing the road, and the birds trapped in the whisk are not taken in real life."
0334-1,"The video parts that are not depicting real-life scenes are those with a pencil and a man walking, and those with a whisk and the birds, as these are likely computer-generated images (CGI)."
0334-2,"Yes, the scene with the pencil erasing the road is a digitally created image, due to its fantastical nature and the technical difficulty of creating such an effect in real life."
0334-3,"No, the scene is not real. It is just a clever trick of perspective."
0334-7,C
0340-0,"There are four drainage channels, created by using three hollow bricks to separate a gap in the dam wall into four individual spaces."
0340-1,The total number of drainage channels shown in the video is four. These channels are created by the three hollow blocks that are laid in the middle of the dam.
0340-2,"Yes, it is true that there are four drainage channels visible in the video. In the middle of the video, the man creates four openings at the center of the wall."
0340-3,"Yes, there are five drainage channels shown in the video. These are present in the spillway at the bottom of the dam."
0340-7,A
0357-0,The man in the white T-shirt is happy with the jar of jelly. He is excited that he got it.
0357-1,The man in the white T-shirt feels surprised and amused when he pulls out the cucumber.
0357-2,"No, the man in the white T-shirt did not smile wryly and look disappointed as he took out his things. He seems surprised but happy to receive the pickle."
0357-3,"No, the man in the white T-shirt does not feel satisfied or happy when he extracts his hidden item. He actually looks very confused when he pulls out a pickle, and it is clear he was expecting something better."
0357-7,C
0358-0,
0358-1,
0358-2,
0358-3,
0358-7,
0368-0,The man showed 10 scenarios between the adult and the toddler.
0368-1,The man demonstrated 10 different scenarios in the video between an adult and a toddler.
0368-2,"Yes, the man showed ten scenarios between the adult and the toddler."
0368-3,"No, the man showed ten scenarios between the adult and the toddler."
0368-7,A
0370-0,"At the beginning of the video, three girls are holding swords. They are in the front row of the color guard team."
0370-1,"At the start of the video, there are three girls holding swords."
0370-2,"No, there are three girls holding swords at the beginning of the video, not four."
0370-3,"Yes, there are only three girls holding swords at the beginning of the video."
0370-7,A
0372-0,"At the end of the video, the girl is holding onto the basketball net."
0372-1,"At the conclusion of the video, the girl is hanging on the basketball net as the boy pretends to be surprised. The girl is still hanging there as the video ends."
0372-2,"Yes, the girl pretends to dunk the basketball by hanging on the basket at the end of the video. The man holds her up and the male throws the ball so that it looks like she dunked."
0372-3,"No, the girl does not actually dunk the basketball into the hoop at the end of the video. She is holding onto the hoop and the boy pretends to throw the basketball towards the hoop for a photo opportunity."
0372-7,D
0374-0,Candy and balloons were used to perform the magic trick in the first part of the video. He eats a piece of candy and then rips open a balloon revealing an identical piece.
0374-1,"The magician likely concealed the candy in his mouth beforehand, and then he proceeded to pretend to extract it from the balloon during the trick."
0374-2,"Yes, the first magic trick in the video does involve a balloon and an extra rubber piece. The extra piece is placed in the mouth of the presenter, who blows it into the balloon to achieve the magical effect."
0374-3,"In the first part of the video, the magic trick was performed by inserting an object into the balloon."
0374-7,B
0377-0,The man's hand is on the woman's shoulder. Because he is sitting right beside her.
0377-1,The man is the owner of the hand on the woman's shoulder.
0377-2,"Yes, the hand on the woman's shoulder is from the man behind her."
0377-3,"Yes, the hand on the woman's shoulder in the second part of the video is from the person sitting next to her."
0377-7,B
0410-0,"After the sixth cotton candy is dissolved, the person who dissolved the cotton candy looks in the water, but nothing appears."
0410-1,"After the sixth cotton candy dissolves into the water, the water is blue but there is no prize to be found."
0410-2,"Yes, after the sixth cotton candy dissolves, the man finds nothing in the bowl."
0410-3,"No, after the sixth cotton candy dissolves, nothing is revealed in the bowl."
0410-7,D
0416-0,The man performing the trick was surprised because he did not know how the egg disappeared. This means that he didn't know that his friend removed the egg from under the cup.
0416-1,The man performing the trick was taken aback by the disappearance of the egg from his hand.
0416-2,"Yes, the man was surprised because the egg he made disappear from his hand was actually gone when he opened the cup."
0416-3,"Yes, the man was surprised when the egg disappeared from his hand and was not found under the cup."
0416-7,D
0417-0,"The person on the left is trying hard not to laugh because something funny happened, presumably involving the soldier on the right waving the flag."
0417-1,"The person on the left is trying hard not to laugh because the man next to him got the flag stuck on his head, and he likely needs to maintain a professional demeanor."
0417-2,"No, the person on the left is trying not to laugh because the person on the right has the flag draped over his head."
0417-3,"No, the person on the left is trying not to laugh because his fellow soldier messed up the flag routine and covered his own head with it."
0417-7,C
0420-0,"Yes, the cat won the ""which hand"" guessing game. It correctly identified which hand held the treat after carefully observing the hand movements."
0420-1,"Yes, the cat succeeded in the game. The cat carefully analyzes the movements of the hands to determine which one contains the treat."
0420-2,"Yes, the cat won the game. The cat successfully chose the hand that held the object."
0420-3,"No, the cat did not lose the game. The cat confidently chose a hand with its paw after carefully watching the movements, implying that it chose the correct hand."
0420-7,A
0427-0,The man achieved taking out a whole watermelon and cutting it using visual effects/CG. He picks up a watermelon that is not there in the reflection and appears in his hands. He also uses editing to cut the watermelon in one go.
0427-1,"** 
The man uses editing to make it seem like he has a whole watermelon when in reality, he had a half watermelon. By cutting between shots of him with a half watermelon and then a whole watermelon, he gives the illusion of having infinitely many watermelons."
0427-2,"Yes, the man uses video editing to create the illusion of taking out a whole watermelon. One visual cue of the editing is when he lifts the watermelon, but his reflection shows him holding nothing."
0427-3,"No, the man did not achieve the trick by hollowing out a watermelon rind and placing a peeled watermelon inside. The trick was achieved via video editing."
0427-7,D
0430-0,The damage of the phone is caused by overcharging the battery with an external device.
0430-1,"The phone appears damaged in the video because it was overcharged by a hand-crank generator, causing it to explode."
0430-2,"No, the phone's damage was not just a result of video editing effects. The phone at the beginning was a cracked screen phone, and the phone at the end exploded."
0430-3,"Yes, the phone screen got damaged after it was seemingly overcharged with the hand-crank charger."
0430-7,B
0432-0,The last few targets come from the woman's hand. She is seen tossing them into the air.
0432-1,The last few targets in the video are the clay targets that the man shoots after loading the shotgun a few times and launching the clays in the air.
0432-2,"Yes, the last few targets in the video are bullet casings thrown by the man."
0432-3,"Yes, the last targets in the video were thrown by the woman standing next to the shooter."
0432-7,A
0435-0,The one swing of the man's sword cut the target made of bundled straw mats.
0435-1,The man successfully hits the straw mat with one sword swing. The sword cut through the straw mat.
0435-2,"Yes, the man's first sword swing hit the target. The bundled straw mats were cut so cleanly that the upper portion remained in place until he tapped it."
0435-3,"Yes, the man's sword cut through each section of the straw mat target with a single swing. The straw mat remains standing after the cut, showing each section was severed."
0435-7,C
0439-0,The man lights candles in the video.
0439-1,The man ignites candles in the video. This kickstarts the experiment to demonstrate atmospheric pressure.
0439-2,"No, the man does not light a pile of thin candles in the video. The candles are already lit before the video starts."
0439-3,The man does not light a small object that looks like a stack of matches. The man lights a blue circular stack of candles before the video starts.
0439-7,B
0441-0,"Throughout the run, both the man's left and right legs remain bent, and the feet move in place, simulating a running motion without actually moving forward."
0441-1,"The man's legs are in motion as if he is running, but he is not moving forward, and instead he is running in place."
0441-2,"The muscular man is staying in the same spot. He is not actually running, but running in place."
0441-3,"No, the muscular man's running style does not involve high knee lifts or a pronounced forward thrust. He is essentially hopping in place, creating the illusion of forward motion."
0441-7,C
0452-0,"The left leg appears to be of normal length and fully functional, used for balancing, stepping, and propulsion. The right leg is significantly shorter, resulting in a visible difference in length compared to the left leg."
0452-1,"The dancer's left leg is missing from the hip, and the right leg appears normal."
0452-2,"Yes, the dancer's left leg is disabled while the right leg is healthy. He uses his right leg to perform dance moves while his left leg is bent upwards and does not bear weight."
0452-3,"No, both legs are used for quick movements and agility, while his hands provide the power and strength for his breakdancing moves."
0452-7,D
0456-0,The man used 6 nails in the experiment. He put 3 nails in each of the two beer mugs.
0456-1,The man used a total of 8 nails in the experiment. There were 4 nails put into each of the mugs.
0456-2,"Yes, the man used six nails in the experiment, placing three in each cup."
0456-3,"No, the man used 12 nails for the experiment, with six in each mug."
0456-7,B
0463-0,The throw conducted by the person did the counter starts counting from is at 0:13.
0463-1,The counter begins from the first throw in the video.
0463-2,"No, the counter does not start counting from the second throw made by the man. The counter starts when he makes his first shot successfully."
0463-3,"No, the counter does not start counting from the throw where the first successful basket is made. The counter begins to count from the very first throw."
0463-7,D
0466-0,The video contains 7 optical illusion imagery of clever perspective and time freezing.
0466-1,"The video contains 6 images featuring optical illusions. These illusions are created through the use of perspective, timing, and scale."
0466-2,"Yes, the video contains 6 images that are related to optical illusions because each photo uses forced perspective to create a visual pun or optical illusion."
0466-3,"No, there are 7 optical illusion images shown in the video. They include a giant seagull, an airplane appearing to fly into the sun, an ant appearing to carry a log in front of the sun, a person appearing to eat the sun, birds making the shape of a dolphin in the sky, and the Statue of Liberty appearing to hold the light of the sun."
0466-7,B
0468-0,The second person in the video successfully walked down the stairs.
0468-1,"The second person in the video was able to walk down the stairs successfully, while the first person fell."
0468-2,"Yes, the second person successfully walked down the stairs despite the whirlpool effect. The video shows them carefully descending each step and reaching the bottom safely."
0468-3,"No, the first person was not able to successfully walk down the stairs. They fell almost immediately after starting."
0468-7,B
0494-0,
0494-1,
0494-2,
0494-3,
0494-7,
0500-0,"There is 1 ping-pong ball in the video. At 0:23, a ping-pong ball is bounced between two candles."
0500-1,There are 3 ping-pong balls shown in the video.
0500-2,"Yes, there are three ping-pong balls featured in the video."
0500-3,"Yes, there are four ping-pong balls in the video."
0500-7,B
0501-0,The man in the purple shirt has six dumplings on his plate.
0501-1,"There are 8 dumplings on the plate of the man wearing purple. You can see this in the first few seconds of the video, where he carries a tray containing the dumplings."
0501-2,"No, the man in purple does not have 5 soup dumplings on his plate. He has 7."
0501-3,"No, the man in purple has 7 dumplings on his plate."
0501-7,A
0512-0,The ping-pong ball hits 5 POTS at the beginning of the video.
0512-1,The ping-pong ball bounced off 5 pots at the start of the video.
0512-2,"Yes, the ping-pong ball hit seven pots at the beginning of the video."
0512-3,"No, the ping-pong ball hit four pots at the beginning of the video, not two."
0512-7,B
0520-0,"The letters I, V, and W need the minimum number of people in the video to make up, which is one person."
0520-1,"The letters 'I', 'V', and 'W' in the video only require one person to form. All other letters from A-Z required a minimum of two people."
0520-2,"Yes, the letters 'I,' 'V,' and 'W' need only one person each to form in the video."
0520-3,"No, it is not. The letter 'V' and 'W' are also formed using the minimum number of people to form, that is just one."
0520-7,D
0522-0,There is one man wearing a hat in the video. He is seen briefly at the end of the video.
0522-1,"One man wears a hat in the video. A man lying on the beach is seen wearing a baseball cap, but removes it to participate in the dance."
0522-2,"Yes, there are two men in hats shown in the video. One man is briefly shown wearing a grey baseball cap, and another is wearing a pink unicorn helmet."
0522-3,"No, there are two men in hats shown in the video. At the end, one man is lying on the beach wearing a grey baseball cap, and before this, another man is shown wearing a rhino/unicorn helmet."
0522-7,D
0525-0,The person not in the wheelchair has one leg.
0525-1,1. The person helping the person in the wheelchair has one leg.
0525-2,"Yes, the person who is not in the wheelchair has only one leg. He is seen running on one leg to help the man in the wheelchair."
0525-3,"Yes, the person not in the wheelchair has two legs. The video clearly shows him walking to help the other man."
0525-7,A
0526-0,"In the second trick, the man is holding one lighter in his hand, the other is on the table. After performing the magic, he uses both of his hands to hold each lighter respectively."
0526-1,"In the second video, the man is holding two lighters."
0526-2,"Yes, the man is holding two lighters in his hands in the second video."
0526-3,"No, the man does not hold three lighters in his hand in the second video."
0526-7,B
0530-0,The man in blue kicked the soccer ball. He kicked the top soccer ball off a stack of three.
0530-1,The man in blue kicks the top ball.
0530-2,"Yes, the man in blue kicked the middle ball in the fifth scene."
0530-3,"Yes, the man in blue kicked the top ball in the fifth scene."
0530-7,B
0539-0,"2. There are two people who aren't in a car scared by the masked person. The first instance shows the group of kids walking, and the second shows the postal lady exiting her vehicle."
0539-1,There are 2 individuals shown outside of a car frightened by the masked person in the video. This included a group of children on a sidewalk and a postal worker.
0539-2,"Yes, six people not in a car are scared by the masked person in the video. They include five people walking on the street, and one mailwoman."
0539-3,"No, it is not true that only four people not in a car are scared by the masked person in the video. A group of students and a postal worker are shown being scared by the prankster, making the number of people more than four."
0539-7,B
0541-0,"There are 15 teeth in the video, as can be seen from the drawing."
0541-1,There are a total of 12 teeth shown throughout the video. These are all part of a single drawing of a mouth.
0541-2,"No, there are not consistently 10 teeth visible from start to finish. In the drawing, there are initially 12 teeth visible, but the visual appearance of the teeth changes due to water refraction as the bag with the drawing is submerged."
0541-3,"No, the number of visible teeth remains the same throughout the video as the water rises."
0541-7,D
0542-0,The scene shown as a metaphor of time passage is when the chef is shown waiting behind the waterfall. It symbolizes the time between baking the bread.
0542-1,The scene of the presenter sitting under the waterfall symbolizes the passage of time during the bread's cooking process.
0542-2,"Yes, the scene where the person is sitting under a waterfall, appearing to meditate, is used as a metaphor for time passing while the bread cooks."
0542-3,"Yes, the scene where the person is bathing under a waterfall is used as a metaphor for the passage of time during the bread's cooking."
0542-7,D
0548-0,The second thing in the video that a man clips with a car window is a cucumber.
0548-1,The second item the man clips in the car window is a cucumber.
0548-2,"Yes, the man clipped a cucumber with the car window after clipping the sausage."
0548-3,"No, after the cucumber, the man clips a hotdog with the car window."
0548-7,B
0551-0,"In the scene with the woman kneeling, there are two light switches. The top switch is in the off position and the bottom switch is in the on position."
0551-1,"In the scene with the woman kneeling, there are no switches visible on the wall behind her."
0551-2,There is no switch in the scene with the kneeling woman.
0551-3,"No, the switches on the wall in the scene with the woman kneeling are not in the same position. One is up and the other is down."
0551-7,C
0552-0,There are four slices of bread on the plate.
0552-1,There are four bread slices on the plate held by the person in the kitchen.
0552-2,"Yes, at [00:01:32-00:01:37] the person in the kitchen is carrying a plate with three pairs of sliced bread."
0552-3,"Yes, the person in the kitchen is carrying four slices of bread on the plate."
0552-7,A
0561-0,"The watch the man is wearing appears 10 times in the video, once in each frame."
0561-1,The man's watch appears 10 times throughout the video. The watch can be seen in each clip from when the puppy is 2 months old to when the puppy is 2 years old.
0561-2,"No, the man's watch appears 8 times in the video."
0561-3,"No, the man's watch appears 8 times in the video. It is clearly visible on his wrist in each shot where he is holding his puppy."
0561-7,C
0566-0,The scene with the broken pot of plant is included to represent a metaphor for mess and dirtiness.
0566-1,The purpose of showing the broken pot of plants in the scenes is to symbolize the act of creating a mess.
0566-2,"Yes, the scenes with the broken pot of plant are likely used as a metaphor to symbolize the mess and ineffective cleaning process associated with using rolled toilet paper. The advertisement contrasts this with the cleanliness and effectiveness of using Neve wet wipes."
0566-3,"Yes, the scenes with the broken pot of plant highlight the effectiveness of Neve toilet paper and wipes in cleaning up messes."
0566-7,B
0567-0,"The third person in the video has black hair. At [00:00:18], the woman who is making the cereal and yogurt is shown with black hair."
0567-1,The third individual's hair is black.
0567-2,"Yes, the second person in the video has long black hair."
0567-3,"No, the third person does not exist in this video. There are only two people shown in the video. The first person has blonde hair with dark roots. The second person has long dark hair."
0567-7,A
0571-0,The ring is worn on the man's left ring finger.
0571-1,The man has a ring on the ring finger.
0571-2,"Yes, the man's ring is worn on the middle finger of his left hand in the video."
0571-3,"Yes, the man's ring is worn on the ring finger of his right hand in the video."
0571-7,A
0575-0,The little girl is wearing pink flip-flops that are also cell phone cases.
0575-1,The little girl is wearing pink flip-flops and a phone case that is shaped like a flip-flop/slipper.
0575-2,"Yes, one of the items on the little girl's feet is a phone with a pink slipper case."
0575-3,"No, only one of the items on the little girl's feet is a pink flip-flop. The other item is a pink phone case that looks like a flip-flop."
0575-7,D
0576-0,The Gen-Z girl in the video uses a belt. She puts the belt on over her cardigan.
0576-1,"The person wearing a belt in the video is the one representing ""GEN-Z"". She puts a black belt around her waist over the gray sweater."
0576-2,"Yes, the GEN-Z girl is the one using a belt in the video."
0576-3,"No, the Gen-Z girl is the one using a belt in the video."
0576-7,D
0578-0,"There are at least 9 people in the video. There is a man being chased, Mr. Bean, two construction workers, and at least five other people in the street scene."
0578-1,"There are a total of 7 individuals shown in the video. They consist of one man in a gray suit, one man in a blue suit (Rowan Atkinson), one crane worker, and four people in the crowd."
0578-2,"No, there are not eight people visible in the video. There are at least ten people visible in the video. There is the main character, three construction workers on a roof, Mr. Bean, a crane operator, and four pedestrians in the street scene."
0578-3,"Yes, there could be at least ten people in the video. There is one scene that contains a group of at least five pedestrians. Adding that to the group of three construction workers who were on a rooftop and Rowan Atkinson himself would reach at least ten people."
0578-7,B
0580-0,The girl runs a few steps on the ground. But when she reaches the wall she starts to run upwards. These upward running motions are combined with pulling herself up using her hands. Therefore the amount of steps she runs before reaching the top can be considered to be 0.
0580-1,The woman took two steps before reaching the top of the wall.
0580-2,"Yes, the girl runs four steps up the wall before she reaches the top, at which point she does a backflip to finish."
0580-3,"No, the girl ran three steps before she reached the top."
0580-7,A
0588-0,There are five drawers on the table with the globe.
0588-1,The desk with the globe on top has five drawers: two small drawers on the top and three large drawers at the bottom.
0588-2,I am unable to confirm that the desk with the globe has five drawers. There is a dresser with five drawers next to the desk.
0588-3,"Yes, it is true that the desk with the globe has four drawers. The desk has a column of four drawers on the right-hand side."
0588-7,B
0589-0,"No, the person did not eat all of the chocolate. He ate the chocolate for six hours."
0589-1,"No, the video does not show the individual consuming the chocolate within a six-hour period. The video focuses on a coconut water challenge instead of the chocolate."
0589-2,"No, half of the chocolate was not still uneaten at the six-hour mark in the video."
0589-3,"No, the video showed that it took 12 hours for the person to finish drinking a tank full of coconut water, not the chocolate."
0589-7,C
0590-0,"At the end of the video, the man in the black jacket screamed because the man in the pink shirt dropped a large spider on his face."
0590-1,The man in the black jacket screamed because there was a large spider on his face.
0590-2,"Yes, the man in the black jacket screamed because someone put a spider toy in his face."
0590-3,"No, the man in the black jacket screamed because a spider landed on his face."
0590-7,B
0595-0,"The boy in the video scores with a blue ball, a soccer ball, and a tennis ball."
0595-1,"The boy used a big blue ball, a soccer ball, and a tennis ball to score. He successfully scored using each ball in that order."
0595-2,"Yes, the boy scored with a blue exercise ball, a soccer ball, and a tennis ball in the video."
0595-3,"No, the boy did not score with a basketball, a volleyball, and a baseball in the video. He scored with a blue exercise ball, a soccer ball, and a tennis ball."
0595-7,D
0597-0,The person holding the camera is also one of the actors in the video. They are athletic since they are running alongside the other actors.
0597-1,"The camera operator is likely Daniel LaBelle, as he is seen in many scenes, and is capable of moving and acting in the shots."
0597-2,"Yes, the person holding the camera in the video is wearing a light gray jacket and white sneakers."
0597-3,"Yes, the person holding the camera is wearing a white t-shirt and black sneakers when portraying the role of a hunter."
0597-7,B
0600-0,The orange ball hit Michael in the head.
0600-1,The orange ball made contact with the boy in the video on the back of his head.
0600-2,"Yes, the orange ball hits the boy on his head."
0600-3,"No, the orange ball did not hit the boy on his back. It hits him in the head."
0600-7,C
0603-0,"According to the video, the characteristics of the person who failed twice in a row and lost the heart-shaped pattern is that he wears a blue shirt and loses hearts on the heart meter."
0603-1,The person who failed twice in a row and lost the heart-shaped pattern in the video is wearing a blue shirt and dark-colored pants with stripes on the sides. The man is also wearing dark shoes and has dark hair and a beard.
0603-2,"Yes, the person who failed twice in a row and lost is wearing a blue shirt and dark blue pants."
0603-3,"Yes, the person who failed twice in a row and lost the heart-shaped pattern is wearing a red shirt with a white 'm' logo and is standing in a pink hula hoop."
0603-7,A
0607-0,"At the end of the video, the man is attached to the ceiling with suction cups, and he flings himself backward off of the ceiling in a dramatic fashion."
0607-1,"The man is actually standing upright on the floor. The room is an illusion as it is designed upside down, where the floor has been made to look like the ceiling. The objects and furniture are glued to the ""ceiling"" which is actually the floor to create the illusion that the man is Spider-Man."
0607-2,"Yes, the man in the video is standing on the ground, which is made to look like a ceiling. The video is filmed from an inverted camera angle, making it appear as if he's hanging upside down."
0607-3,"No, the man is not standing on the ceiling. He is standing on the floor. The video is an illusion that is created by setting up the room upside down."
0607-7,B
0609-0,"The red ball determines who should be eliminated. If a player fails to save the ball from falling off the table on their turn, they are eliminated."
0609-1,"The elimination in the video game is decided by who fails to bounce the ball successfully to eliminate the other player or when someone succeeds in removing the ball from the board with their hand, as shown in the video."
0609-2,"No, the elimination is based on hitting the ball off the table away from the other participant. There is no indication that participants must keep their hands still while the ball is being held."
0609-3,"Yes, the elimination is determined by who is holding the ball when it stops because at the end of the video, the ball stops on the guy and the girl complains as if she has lost."
0609-7,B
0610-0,"The woman threw the packages out of the window so that the two instant butlers could catch them. This is in keeping with the theme of the video, where the men perform impossible tasks instantly for the woman."
0610-1,"There is no apparent reason. The woman was most likely testing the men's ""instant butler"" skills by having them catch the packages."
0610-2,"No, the woman did not throw the package out of the window so the two men could help her put it in the mailbox. The two men only caught the envelopes; they did not put them in the mailbox."
0610-3,"No, the woman was not trying to get rid of the package, as this is part of the gag where the butlers spring to action to help her with every little thing."
0610-7,B
0612-0,The video divides the paper to compare the end results of creating art using cheap materials ($0 Pencils) and more expensive materials ($300 Pencils).
0612-1,The paper is divided into two sections to demonstrate a side-by-side comparison between artwork created using $0 materials versus $300 pencils.
0612-2,"Yes, the purpose of dividing the paper is to compare creating a drawing using $0 pencils and non-traditional art tools with $300 pencils."
0612-3,"Yes, the paper is divided to compare $0 pencils with $300 pencils. The division allows the artist to draw the same image using extremely different coloring materials side-by-side."
0612-7,D
0614-0,"The man was trembling in their hands while eating at the beginning of the video because he suffers from an illness known as Parkinson's, causing the shaking."
0614-1,"The man has Parkinson's, which is a condition that causes tremors."
0614-2,"No, the man was not pretending to have a disability. His hands were seen trembling at the start of the video and he needed help pouring the dressing."
0614-3,"Based on the video, the man's trembling hands are likely due to a medical condition rather than nervousness or excitement. He appears calm and collected."
0614-7,A
0616-0,The white ball reaches the finish line first.
0616-1,The white ball crosses the finish line first. It starts from the farthest point back but eventually overtakes the other balls to win the race.
0616-2,"Yes, the white ball is the first to reach the finish line in the video."
0616-3,"No, the blue ball does not reach the finish line first. The white ball is the first one to reach the finish line, followed by the blue ball, and lastly, the black ball."
0616-7,A
0620-0,The man is standing on the floor. The video is filmed in a way that makes it appear as if the floor is the ceiling and the man is hanging upside down.
0620-1,"The man is standing upright on the floor, and the room is decorated to give the illusion that he is hanging from the ceiling."
0620-2,"Yes, the man in the video is standing on the ground, which is made to look like a ceiling. This is confirmed by the camera angle shifting at the end of the video to reveal the room's true orientation."
0620-3,"No, the man in the video is not standing on the ceiling using equipment attached to his feet. The video is an illusion created by filming with the camera upside down and using props and acting to simulate an upside-down environment."
0620-7,A
0621-0,Their feet are leaning against the wall first.
0621-1,Right foot. At the timestamp 0:03 all participants take the right foot and place it closer to the wall.
0621-2,"No, the face is the first thing to touch the wall in the video."
0621-3,"No, the participants in the video do not lean against the wall with their right foot first. They lean with their entire body."
0621-7,D
0625-0,"The direction of displacement of the second ball is left and right in a straight line. This is because all the balls in the video move in straight lines, even as the pattern and number of balls increase."
0625-1,"The second ball moves left and right. This is because, in the two-ball animation, one ball moves vertically (up and down), while the second ball moves horizontally (left and right)."
0625-2,"Yes, the second ball moves back and forth along a horizontal groove."
0625-3,"No, the second ball does not follow a circular path. It moves in a straight line."
0625-7,D
0627-0,The woman is changing her position in the video as she moves from one side of the dragon to the other.
0627-1,"The woman changed position in the video, moving from the front to the back of the dragon prop."
0627-2,"No, the video does not state anything about the photographer moving in order to change the position of the person. The illusion is changed once the viewer understands that it is just a box turned inside out."
0627-3,"No, the woman in the video is moving the cardboard cutout, not another person."
0627-7,A
0633-0,"At the end of the video, the wheels of the black car turn in a clockwise direction when viewed from the right side of the vehicle, allowing the car to move forward."
0633-1,"The wheels of the black car rotate in a forward direction, as the car is moving forward at the conclusion of the video."
0633-2,"Yes, the wheels of the black car turn forward at the end of the video."
0633-3,"No, the wheels of the black car are not turning at the end of the video."
0633-7,B
0643-0,The wind direction is from right to left.
0643-1,"The wind direction can be determined by observing the way the Olympic flag falls. Because it falls to the left and over the soldier on the right, it indicates the wind was blowing from right to left."
0643-2,"No, the wind is blowing from the right to the left side of the screen in the video."
0643-3,"No, the wind is not blowing from the right side of the screen to the left. The flag's movement is primarily due to the soldier waving it."
0643-7,E
0645-0,"The left end of the scarf worn by the student at the beginning of the video is located on the student's right side, wrapped around their neck."
0645-1,"On the student, the left end of the scarf ends up on her right side."
0645-2,"No, the left end of the scarf does not remain on the left side of the student's body at the end of the video. The student got the scarf tangled up around their neck."
0645-3,"Yes, the left end of the scarf is on the right side of the student character's body at the end of the video."
0645-7,C
0652-0,"After the spin, the car ended up facing the same direction it was initially, and continued to drive forward."
0652-1,"After completing the spin, the car ends up facing the same direction and continues driving in the same lane as before the spin."
0652-2,"Yes, the car ended up in the innermost lane facing the correct direction after the spin."
0652-3,"No, the car did not end up facing the opposite direction. It spun 360 degrees and continued driving in the original direction."
0652-7,A
0655-0,"The camera is moving faster than the truck. The camera moves around the truck, which indicates that the camera itself is in another vehicle and thus, must be moving faster."
0655-1,The truck and the camera are moving at the same speed because the camera is on another vehicle keeping pace with the truck.
0655-2,"No, the camera is moving at the same speed as the truck in the video."
0655-3,"Yes, the truck is moving faster than the camera because the background is moving backwards in the video."
0655-7,D
0658-0,"The rider in the dark clothing is faster. He takes the lead immediately and maintains it throughout the race, creating a large gap between himself and the second rider."
0658-1,"The rider in the lead is quicker in the race. They demonstrate superior technique, maintaining speed and clearing the jumps effectively, resulting in a significant lead over the second rider."
0658-2,"Yes, the rider in the black outfit is the faster one during the race. They quickly gained a lead at the start and maintained it throughout the race, finishing far ahead of the other rider."
0658-3,"No, the rider in the white outfit is not the faster one during the race. The rider in black is much faster and maintains a large lead throughout the race."
0658-7,A
0664-0,"The woman rolled the dice 10 times throughout the video. You can see and hear her make 10 distinct rolls of the dice, with the final roll resulting in the woman winning the game."
0664-1,The woman threw the dice 11 times in this video. Each time she closed some numbers she threw again. Each throw had a cut right before.
0664-2,"Yes, the woman rolled the dice 9 times during the game. This was determined by counting each dice roll in the video."
0664-3,"No, it is unlikely that the woman rolled the dice 11 times as shown. There are cuts between every roll, which may indicate multiple attempts before successfully rolling the numbers needed."
0664-7,E
0667-0,"6 people participated in the challenge. Celine, Bram, Laura, Ise, and Michiel did not win, but Anna did win."
0667-1,There are 6 participants in the challenge shown in the video. This is determined by counting the individuals who take turns trying to catch the balloon and navigate the stairs.
0667-2,"Yes, there are six people participating in the challenge in the video. Each person drops the balloon and races down the stairs, which confirms their involvement."
0667-3,"Yes, there are seven people participating in the challenge in the video. Five people stand below, one person sits on the stairs, and one person is on the upper level who drops the balloon to start the challenge."
0667-7,D
0670-0,"At least 4 children jumped into the water in the video. The scene starts at 0:25 and continues until 0:34, at 0:51, and at 0:58 showing at least 4 different kids jumping into the water from the pier."
0670-1,1 child jumped into the water in the video.
0670-2,False. The video shows more than two children jumped into the water.
0670-3,"No, based on the video, there were more than four children who jumped into the water. One adult and multiple children jump into the water."
0670-7,E
0673-0,"In the video, there are four buckets of real popcorn shown."
0673-1,"There is one bucket of actual popcorn that is visible in the video. The person in the front is seen using a prop, implying the others were set up with the individuals to sell a prank."
0673-2,"Yes, there are two buckets of real popcorn shown in the video. One is shown before the man starts his trick, and the second is revealed at the end of his magic trick."
0673-3,"Yes, there are four buckets of real popcorn shown in the video. In the beginning, four audience members are displayed with popcorn. After the magic trick is performed, the popcorn is shown flying in the air, indicating that all four buckets were real and contained actual popcorn."
0673-7,C
0675-0,"After the man on the right revealed all the tricks, the man on the left appeared to be very surprised because he did not know that he was wearing his earbuds the entire time."
0675-1,"The man on the left smiles and shrugs, seemingly enjoying the fact that his son exposed his trick. This is because the trick was set up as if he was going to magically produce the earbuds from his hand, but the son was already wearing them, revealing that the man on the left's presentation was a set up."
0675-2,"No, the man did not appear displeased because he was exposed."
0675-3,"Yes, the man on the left appears to be impressed and intrigued after the magic tricks are explained. He smiles and makes eye contact with his son, indicating that he enjoys learning how the tricks are done and finds them interesting."
0675-7,A
0679-0,"At the end of the video, the lady in the white tank top vest is shocked and in disbelief that the barstool seat broke, leaving only the pole."
0679-1,"At the video's conclusion, the woman looks shocked and measures the exposed rod with her fingers."
0679-2,"Yes, the woman in the white tank top feels surprised at the end of the video. Her wide eyes and open mouth clearly indicate surprise at the incident."
0679-3,"No, she does not seem upset or frustrated. She seems more surprised and amused."
0679-7,B
0689-0,The man in the purple T-shirt changed the other man's lock screen wallpaper to his own photo as a prank.
0689-1,The video does not provide any explicit reason. It can be assumed that the man in the purple shirt altered the lock screen wallpaper on the other man's phone as a prank for fun.
0689-2,"Yes, the man in the purple T-shirt changed the lock screen wallpaper to his own photo to make the other man think the phone was his."
0689-3,"Yes, the man in the purple T-shirt changed the lock screen wallpaper to his own photo as a prank."
0689-7,A
0690-0,
0690-1,
0690-2,
0690-3,
0690-7,
0695-0,The woman won the game. She matched all of her cups at the end of the video.
0695-1,"The woman emerged as the winner of the competition. She was able to correctly match the order of her cups, while the man struggled with his strategy."
0695-2,"Yes, the woman won the game because she arranged the cups in the correct order. At the end of the video, she switched the position of the green and blue cups, which put them in the correct order and won the game."
0695-3,"No, the man did not win the game. The woman won the game by correctly matching her cups first."
0695-7,A
0706-0,The man's actions in the first half of the video are for the purpose of filming a fight scene that will be edited and used to create a superhero-type video.
0706-1,The man is trying to capture footage to create a super-powered fight scene. He sets up the camera and acts out the various stances and movements that make up the fight scene in the final edit.
0706-2,"Yes, the man in the first half of the video is shooting footage for a video with special effects. The special effects appear in the middle of the video."
0706-3,"Yes, the man is setting up a camera on a tripod to record himself practicing martial arts."
0706-7,B
0707-0,The purpose of the person in the video running towards the camera is to set up the phone to film a dance.
0707-1,The person runs towards the camera at the end of the video to presumably shut off the video recording.
0707-2,"Yes, it is likely the person is running towards the camera with the drink at the end to show it up close for post-production purposes."
0707-3,"No, the person is not running towards the camera for a dynamic introduction. His specific action is running away from the camera."
0707-7,A
0708-0,Sonya screams at the end of the video because she is horrified that her owner has purchased replacement bath products.
0708-1,The cat is yelling because it is angry that its owner purchased more bath products.
0708-2,"Yes, the cat screamed because it saw more bath products being brought in after it thought it had destroyed them all."
0708-3,"No, the cat is likely screaming because it is unhappy with the new bath products its owner brings into the bathroom."
0708-7,C
0721-0,The man in sunglasses is holding an airplane in his hand. The plane is held in the photo so it looks like it is landing on the ground.
0721-1,"The man wearing sunglasses has his arms outstretched in different directions, and is posing as if he is carrying a plane."
0721-2,"No, the man in the sunglasses is not actually holding anything in his hand. He is aligned with the plane in a way that creates the illusion that he is holding it, but his hand is empty."
0721-3,"No, the man in sunglasses does not hold a toy airplane in his hand, he holds a real airplane in his hand."
0721-7,C
0723-0,"The little monster in the video looks like it's active because it's actually an inside-out cardboard box. Because of the way the figure is constructed, it appears as if it is facing you the entire time even when you are seeing its back. This fools the brain into thinking it is a real creature."
0723-1,The monster seems like it's moving because of a depth perception illusion. The cardboard box is built inside out and painted in a way that tricks the brain into thinking it's a 3D object turning and moving.
0723-2,"Yes, the little monster in the video is appearing to move due to an optical illusion involving a concave surface."
0723-3,"No, the little monster is not appearing to move because someone is manipulating it. The movement is an optical illusion created by a cardboard box."
0723-7,D
0724-0,"The pen passes through the banknote, but the note is not broken because the note is folded in half. First, fold the bill in half. Second, fold the bill once more."
0724-1,"To perform this trick, the banknote is folded in half lengthwise. Then, each side is folded inward to the center crease, but not quite reaching it. By inserting the pen in between the folds, the pen can pass through without tearing the bill."
0724-2,"Yes, the reason the banknote remains intact is because the pen goes through a folded opening rather than the middle. The bill is folded, creating an opening for the pen to pass through without tearing the banknote."
0724-3,"No, the banknote is folded twice and the pen goes in between the fold."
0724-7,C
0725-0,"The drink in the bottle decreased because of a hidden hole and balloon in the bottle, the magician sucks the drink out through the hole and into the balloon."
0725-1,"When the magician sucks on the straw, he is simultaneously pulling the balloon that is glued to the exterior of the bottle inwards, creating space in the interior that the Fanta liquid is being sucked into."
0725-2,"Yes, the drink level is decreasing because the balloon inside the bottle is inflating."
0725-3,"No, the drink level is decreasing because it is being emptied into the balloon that has been installed in the bottle."
0725-7,A
0729-0,"The red strip is the shortest, as it is shown that the black strip is actually longer."
0729-1,The longest color of the long strips shown in the video is black. The video shows that the black strip is longer when comparing the black and red strips.
0729-2,"Yes, according to the video, the black strip is the longest."
0729-3,"No, the black strip is not the shortest strip. It is the longest."
0729-7,A
0731-0,The old man's nose can also be seen as a bird's beak holding a leafy plant.
0731-1,The old man's nose can represent a bird's beak.
0731-2,"Yes, the old man's nose could be seen as a mermaid sitting on a reef."
0731-3,"Yes, the old man's nose could be perceived as the head and beak of a bird."
0731-7,C
0735-0,
0735-1,
0735-2,
0735-3,
0735-7,
0738-0,"The man touched the sun icon on the iPhone screen and slid his finger up to increase the brightness, which captured the sky and sea change from black to bright."
0738-1,"The man slides his finger upwards on the phone screen while recording to increase the exposure. This makes the video gradually brighten, giving the effect of the sky changing from dark to light."
0738-2,"Yes, the man in the video did change the sky from black to bright by adjusting the camera's brightness settings. He adjusted the camera settings by moving his finger up on the iPhone screen."
0738-3,"No, the man in the video did not use the time-lapse feature. He manually increased the exposure on his camera to transition from a black screen to a bright one."
0738-7,A
0740-0,The third step of the calculation process performed by the person in the explanation is 4 * 4 = 16.
0740-1,The third step in the calculation process is to multiply 4 * 4 = 16.
0740-2,"Yes, the third step performs the multiplication of 4 × 4."
0740-3,"Yes, in the first math problem shown, the third step is performing the division of 8 ÷ 2."
0740-7,A
0742-0,The value of x is 18.
0742-1,"The value of x can be determined by adding the angles x, 2x, and 2x, which must equal to 90 degrees (x + 2x + 2x = 90), resulting in 5x = 90. The problem asks for the value of 5x and the solution is 90."
0742-2,"No, the value of x is not 18. If you solve for x, you get 18, but the question is not asking for the value of x, but rather 5x. The value of 5x is 90."
0742-3,"No, the value of x is not 25. If x were 25, then 5x would be 125, but the video shows that 5x=90."
0742-7,E
0743-0,The third math question is 13+13 and the answer is 26.
0743-1,"26. The third problem is 13+13, which is 26."
0743-2,"Yes, the answer to the third math question in the video is 26."
0743-3,"No, the answer to the third math question in the video is not 25. 13 + 13 = 26."
0743-7,C
0749-0,"In the first physics experiment, rice was able to pass through the sieve. The other substance stayed on top."
0749-1,"Rice is able to pass through the sieve. This is because flour is more compact than rice, causing the molecules to bind together and not be able to go through the sieve."
0749-2,"Yes, both the rice and the yellow coarse grain pass through the sieve. This is because the grains are smaller than the openings in the sieve."
0749-3,"No, flour does not pass through the sieve."
0749-7,D
0755-0,"The material of the sponge used for cleaning is cake. The woman in the video eats the sponge, showing it is cake."
0755-1,The sponge shown in the video is made of cake. This is evidenced by the fact that the woman takes a bite of it and the demonstration that it is cake when it is sliced open.
0755-2,"Yes, the sponge in the video is made of an edible material like cake. The woman takes a bite of the sponge to demonstrate this."
0755-3,"No, the sponge in the video is not made of synthetic materials like polyurethane foam. The sponge is actually made of cake."
0755-7,B
0757-0,The right foot of the boy in red is in the pit.
0757-1,The left foot of the boy wearing red is inside the pit.
0757-2,"Yes, the boy in red's left foot is the one in the pit. You can see him stomping the ball into the ground with his left foot."
0757-3,"No, the boy in red's left foot is in the pit."
0757-7,D
0762-0,The second boat was made of a sheet.
0762-1,The second boat was made of paper.
0762-2,"The second boat is made of paper, as indicated by its immediate sinking when stepped on."
0762-3,"No, the second boat is made from a piece of paper."
0762-7,C
0763-0,"The canned coke that was taken away is the real one, the one in the picture was simply drawn on a piece of paper to create a sense of depth and three-dimensionality."
0763-1,The Coke can that is removed is a drawing. The can left in the image is genuine.
0763-2,The first canned Coke is the real one.
0763-3,"No, the real canned Coke is not the one that is still in the picture. The video explains that visual illusions are created through drawing tricks."
0763-7,B
0766-0,"Sheetal Devi used her right shoulder to release the bow. The video shows she releases the arrow using her right foot, indicating the force comes from her right shoulder and back."
0766-1,"Right shoulder. The archer draws the bow with her right foot, so the bowstring is drawn back towards the right side. Therefore, the arrow is released from the right shoulder."
0766-2,"No, the archer did not release the bow using their right shoulder. Instead, they stabilized the bow by drawing it back with their right foot and keeping their shoulder mostly still during the shot."
0766-3,"Yes, the archer released the bow using their left shoulder. The video shows a close-up of the archer drawing back the bowstring and using their left shoulder during the release."
0766-7,E
0777-0,There are 12 trick shots shown in total in the video.
0777-1,There are a total of 14 trick shots displayed in the video.
0777-2,"No, the total number of trick shots is 16."
0777-3,"Yes, the total number of trick shots shown in the images is 12."
0777-7,C
0779-0,"The video demonstrates the ""Penrose triangle"" optical illusion. The illusion is achieved by using a single, intricately shaped piece of material that, when viewed from a certain angle, appears to be made of nine separate cubes forming a triangular shape. When the viewpoint is changed, the illusion is broken."
0779-1,"The illusion is the Penrose Triangle. The illusion is created because the 3D object is actually a flat 2D shape with clever cuts. From a specific angle, the cuts and shapes form to create the illusion of the cubes being arranged in a 3D triangle shape."
0779-2,"Yes, the video shows a Penrose Triangle illusion created by arranging concave structures to appear as floating cubes when viewed from a certain angle."
0779-3,"Yes, the illusion in the video is achieved by aligning blocks to form a continuous triangle from a specific angle. The precise arrangement creates an optical illusion where the connected blocks appear to be a solid, three-dimensional triangle made of individual cubes when viewed from a certain perspective."
0779-7,C
0790-0,Stand the transparent sheet vertically in front of the three tubes.
0790-1,"Adjust the transparent sheet vertically, aligning it with the blue tube. When the transparent sheet is aligned vertically with the blue tube, the entire blue tube becomes visible."
0790-2,"Yes, to see the blue tube clearly, the transparent sheet should be rotated by 90 degrees."
0790-3,"No. To see the blue tube, the transparent sheet should be held vertically aligned with it."
0790-7,D
0794-0,"The ""friend"" in the video's caption refers to the black and white cat who abandons the white cat when it's struggling to get back onto the rooftop."
0794-1,"The cat that runs away from the cat dangling over the edge is described as the ""friend"" in the caption."
0794-2,"Yes, the 'friend' in the caption is the white cat that leaves quickly at the start of the video. It is the one who abandons the other cat who is struggling."
0794-3,"No, the 'friend' in the caption is not the black dog. The 'friend' is the other cat that runs away and doesn't help the cat in danger."
0794-7,A
0803-0,Candles were burning in the video. The presenter places a glass vase over them in the experiment.
0803-1,The object that is on fire in the video is candles.
0803-2,"Yes, it is true that a bunch of candles is burning in the video. The man states that in the beginning of the video."
0803-3,"Yes, the burning object in the video is a small blue sponge-like object topped with multiple small candles."
0803-7,A
0806-0,There are five cables bundled together. This is determined by counting the individual cables as the spiral tubing is wrapped around them at the end of the video.
0806-1,There are a total of four cables that are bundled together in the video.
0806-2,"Yes, I can confirm that the video shows four cables being bundled together. At the end of the video, four separate cables (black, white, maroon, and gray) are bundled using the spiraled plastic tube."
0806-3,"Yes, it is true that the video shows five cables being bundled together. You can see this at the end of the video where the prepared spiral tube is wrapped around the cables."
0806-7,D
0810-0,The sausage pops up from the holes four times.
0810-1,The sausage appeared from the holes four times.
0810-2,"No, the sausage emerged from the holes four times, not five."
0810-3,"No, the sausage popped up 5 times from the holes."
0810-7,C
0812-0,The person in the video tried to place the toy into the drawer at least 7 times.
0812-1,"The person attempts to put the toy into the drawer area 6 times. However, it gets caught each time, preventing the toy from successfully being put away."
0812-2,"Yes, the person did try to place the toy into the drawer three times. They are seen attempting to put the toy into the drawer on multiple occasions."
0812-3,"No, the person tries to place the toy into the drawer 6 times."
0812-7,B
0816-0,"In the second experiment, the person inserted a straw into the bottle and the water flowed out quicker and more steadily than without a straw. Inserting the straw reduces negative pressure, allowing the liquid to flow more freely due to gravity. The straw acts as an alternative pathway for air, balancing the internal and external pressure of the bottle."
0816-1,"The person inserted a straw into the bottle, covered the straw opening with a white object, and then held the bottle upside down over a container. This likely alters the airflow and pressure within the bottle, influencing how the water drains out."
0816-2,"No, the person did not spin the bottle to create a vortex in the second experiment. They used a straw instead."
0816-3,"Yes, the person inserted a straw into the bottle during the second experiment."
0816-7,D
0818-0,The little girl was watching nearby holding money in her hand.
0818-1,The little girl is holding a stack of money in her hand while watching nearby. It appears that she is holding the money for the game and watching her brother participate.
0818-2,"Yes, the little girl is holding a piece of cash in her hand at the end of the video."
0818-3,"No, the little girl is not holding a small bottle in her hand. She appears to be holding a small wad of cash."
0818-7,D
0827-0,There is one real panda in the video.
0827-1,Two pandas are shown in the video.
0827-2,"Yes, there is only one real panda in the video."
0827-3,"Yes, there are two pandas in the video, including a baby panda."
0827-7,C
0833-0,
0833-1,
0833-2,
0833-3,
0833-7,
0835-0,The woman has a tongue piercing.
0835-1,A blue tongue piercing can be seen in the woman's mouth.
0835-2,"Yes, a blue tongue stud is visible in the woman's mouth."
0835-3,"No, there is no dental appliance or mouth guard visible in the woman's mouth. I was able to observe the woman's teeth while she was getting adjusted, and no dental appliance or mouth guard was visible."
0835-7,D
0841-0,The woman wipes her right eye with the parrot first in the video.
0841-1,The woman used the parrot to wipe her left eye first in the video.
0841-2,"No, the woman did not first wipe her right eye with the parrot. She wiped her left eye first."
0841-3,"Yes, the woman first wiped her left eye with the parrot in the video."
0841-7,B
0848-0,The real cat is the one on top. The cat below it is a shadow.
0848-1,"The bottom cat in the video is the actual one. This can be determined by observing the subtle light reflecting off its fur and the more defined outline compared to the shadow above it. The shadow also morphs and stretches, which shadows tend to do."
0848-2,"No, the real cat in the video is the one at the bottom of the frame. The top cat is its shadow."
0848-3,"No, the real cat is not the one on top casting a shadow below. The real cat is on the bottom."
0848-7,D
0854-0,The operator converses with the visitors to catch them off guard and provide a shocking and memorable experience by initiating the drop unexpectedly.
0854-1,The drop tower operator talks to the visitors as a prank to startle them and cause them to be more fearful before they drop.
0854-2,"Yes, the video narrator specifically mentions that the operator sometimes teases and tricks the visitors to make them more nervous and scared. The narrator says that the operator sometimes claims the machine has malfunctions before dropping them."
0854-3,"No, the operator's conversation with visitors is not meant to help them feel more at ease and prepared. He appears to chat with visitors right before suddenly dropping them without warning, for a shocking experience."
0854-7,D
0857-0,"The woman in the video is imitating stunt performances, as she is falling in different poses."
0857-1,The woman is trying to depict her reaction to getting shot. The woman in the video is a stunt woman and these are headshots for her work.
0857-2,"No, the woman in the video is imitating being shot."
0857-3,"No, the woman in the video is not imitating the act of fainting. She is performing stunts of people falling."
0857-7,A
0858-0,"The man in the white short-sleeved shirt initially sat on the chair's left armrest when he tried to sit on the chair. The visual illusion makes it appear as if he sat on the left armrest when, in reality, he sat on the chair's right armrest."
0858-1,The man in the white short-sleeved shirt first tried to sit on the left armrest of the chair.
0858-2,"No, the man carelessly sat on the left armrest of the chair initially."
0858-3,"No, the man in the white short-sleeved shirt did not initially sit on the left armrest of the chair. It only appears that way but he is sitting on the right armrest."
0858-7,C
0865-0,"At the end of the video, there is 1 worm. The baby bird never manages to eat the worm."
0865-1,One worm can be seen at the conclusion of the video. The worm is seen at the bottom of the frame next to a green bug.
0865-2,"Yes, there is only one worm visible at the end of the video. The worm is the one the bird was trying to eat, still on the ground near the bird."
0865-3,"No, there is only one worm visible at the end of the video, which the bird grabs in its beak. There is no second worm visible on the ground."
0865-7,D
0868-0,
0868-1,
0868-2,
0868-3,
0868-7,
0870-0,"The man gave his belongings to the photographer to help them, as the photographer had their hand out as if requesting help."
0870-1,The man gave the photographer his possessions out of gratitude for the photographer's help.
0870-2,"The man did give the belongings to the photographer because he was asked and wanted to help out of kindness, because he gave away his cardboard and also the woven hat without protest."
0870-3,"No, the man did not give his belongings in exchange for the food and other necessities."
0870-7,B
0871-0,A person holding a pink object is in the middle of the road.
0871-1,There is a person in the center of the road. They are using bags over their shoes and a pink skateboard to create an illusion of long legs.
0871-2,"Yes, there is a chalk drawing of a young boy picking up a pink ball in the middle of the road. This is an optical illusion on the road."
0871-3,"No, it is not a person holding two bags, it's a 3D painting on the road."
0871-7,D
0872-0,The man moved the upper pack to the left relative to the camera's perspective.
0872-1,"From the camera's viewpoint, the man moved the top water bottle pack to the right after placing it down."
0872-2,"Yes, the man moved the upper water bottle pack to the left after placing them down, from the camera's perspective."
0872-3,"No, the man did not move the upper water bottle pack to the right after placing them down, from the camera's perspective."
0872-7,A
0875-0,"There is 1 cell phone on the piano, located near the left side of the piano and man."
0875-1,There are 3 cell phones that are placed on the piano.
0875-2,"Yes, there are two cell phones on the piano, one with a green case and another with a light-colored case."
0875-3,"Yes, there is only one cell phone on the piano, positioned to the left of the pianist's hands."
0875-7,D
0879-0,People standing on the same plane stand at varying heights relative to each other. This is because the Penrose triangle is not a true 2D shape but an optical illusion.
0879-1,They can be connected by a straight line that passes through the inner part of the shape.
0879-2,"No, the two figures with a white head and black outfit, while appearing to stand on the same plane from a specific angle, are not physically one. They are separate figures placed on different planes."
0879-3,"No, the figure wearing blue and the figure with the white head are not on the same plane. The video shows how the Penrose triangle illusion is achieved by having different levels of a 3D structure."
0879-7,A
0880-0,"As the person rotates the arrow with a hand, it changes its direction. For example, if it was originally pointing to the right, it is now pointing to the left."
0880-1,"When the structure is lifted and rotated by hand, the perceived direction of the arrow appears to remain consistently pointing to the right, regardless of the viewing angle. This is due to a visual illusion created by the shape and angles of the structure."
0880-2,"It is not directly shown in the video, but based on what is shown, the structure would likely maintain its directional illusion even when held up towards the camera."
0880-3,"Yes, the structure appears to change direction when viewed in a mirror due to the reflection."
0880-7,A
0886-0,The man is wearing a watch on his left wrist.
0886-1,The man is wearing the watch on his left wrist.
0886-2,"Yes, the watch is worn on the right wrist of the man in black."
0886-3,"Yes, the watch is worn on the left wrist of the man in black."
0886-7,D
0895-0,The scene cut to after the basketball smaller than standard is thrown is of another shot. This shot shows a man shooting a basketball at a hoop attached to the side of a wind turbine.
0895-1,"Following the throw of a smaller basketball, the next scene shows a basketball hoop with a chainsaw rim."
0895-2,"Yes, the scene cuts to a person shooting a basketball into a chainsaw-rim hoop after the smaller basketball is thrown."
0895-3,"Yes, the scene cuts to a person shooting a basketball into a mini hoop."
0895-7,B
0898-0,The man moved the first pillow in a forward direction.
0898-1,"The man moves the first pillow further along the water, away from the couch. This allows him to proceed further into the whirlpool."
0898-2,"Yes, the man grabs one of the back pillows and throws it to the front, which brings it closer to the camera."
0898-3,"No, the man did not move the first pillow to the right after it was on the water. He threw it straight onto the water."
0898-7,B
0901-0,"At the beginning of the video, there is only one rubber band being held in the hands."
0901-1,There is one rubber band being held at the start of the video.
0901-2,"No, the hand is holding one rubber band at the beginning of the video."
0901-3,"Yes, the hand is holding only one rubber band at the beginning of the video."
0901-7,C
0905-0,"At the beginning of the video, the slope where the ball is located is actually a downhill. This is revealed later in the video when the presenter changes the camera's perspective."
0905-1,"At the start of the video, the ball is positioned on a decline. Although it looks like an incline, the optical illusion is revealed later in the video to actually be a decline."
0905-2,"Yes, the slope where the ball is located at the beginning of the video is a downhill slope. This is revealed when the presenter shows the object from another angle, clarifying that the ramps are all designed to point downwards."
0905-3,"No, the slope where the ball is located at the beginning of the video is not an uphill slope. It is an illusion."
0905-7,B
0907-0,The dog lands on the man who is laying on the ground.
0907-1,The dog ends up landing in the man's arms at the conclusion of the video.
0907-2,"No, the man catches the dog at the end of the video."
0907-3,"Yes, the dog lands on the grass at the end of the video. The man catches the dog, and they both fall onto the grass."
0907-7,C
0910-0,The man in the video is part of a social experiment. His action of picking up the child is an attempt to observe people's reactions to the situation.
0910-1,The man is repeatedly picking up the child as part of a social experiment to test how people react to a possible abduction scenario.
0910-2,"Yes, the man picking up the child is to see if anyone will intervene in a social experiment."
0910-3,"No, the man is not picking up the child to help them cross the street safely. He is seemingly kidnapping the child, as shown by his abrupt actions, the reactions of passersby, and the woman running after them."
0910-7,D
0914-0,"The beer bottle is placed under the faucet in the video so that the hot water from the faucet can shrink the label sleeve, causing it to tightly wrap around the bottle."
0914-1,"The purpose of placing the beer bottle under the faucet is to shrink the label, securing it to the bottle. The hot water causes the label to constrict and tightly adhere to the bottle's surface."
0914-2,"Yes, the beer bottle is placed under the faucet to show how hot water can shrink plastic packaging around it."
0914-3,"No, the beer bottle is placed under the faucet to demonstrate how to apply a label to the beer using heat-shrink technology."
0914-7,A
0918-0,The man puts the soap in the box with his right hand.
0918-1,The man places the soap into the box with his right hand.
0918-2,"Yes, at 0:12-0:15, the man uses his right hand to put the soap into the box."
0918-3,"Yes, the man uses his left hand to put the soap into the box."
0918-7,B
0919-0,"The man creates the rainbow by coloring a roll of clear tape with red, orange, yellow, green, blue, pink, and purple markers, and then shining the flash light from the phone through the tape."
0919-1,The man colors the scotch tape roll with a rainbow of colors then puts it over his phone flashlight to project a rainbow reflection onto the wall.
0919-2,"Yes, the man creates the rainbow by using colored markers on clear tape."
0919-3,"No, the man does not use a prism to refract light. Instead, he colors a roll of tape with markers and shines a light through it to create the rainbow."
0919-7,C
0924-0,"At the end of the video, the red object in the hand of the woman in the white top is a book."
0924-1,The woman in the white top is holding a red book at the end of the video.
0924-2,"Yes, the woman in the white top is holding a red book at the end of the video. She's sitting in a chair outside, reading the red book, when she gets blue liquid poured on her."
0924-3,"No, the woman in the white top is not holding a red bottle at the end of the video. She is covered in a blue liquid."
0924-7,B
0926-0,The right hand is pulling the thread because it needs to be taught for the needle to be looped around it.
0926-1,The right hand is used to pull the needle.
0926-2,"Yes, the right hand is responsible for pulling the thread through the needle."
0926-3,"No, the left hand does not solely pull the thread through the needle. The thread enters the eye of the needle through friction created through using both hands to move the eye of the needle against the thread. The left hand is more of a placeholder, to keep the thread flat and ready to receive the eye of the needle."
0926-7,B
0927-0,The man in black holds the child with his left arm.
0927-1,The man holds the child with his left arm.
0927-2,"Yes, the man in black holds the child with his left arm while his right hand holds the popsicle."
0927-3,"Yes, the man holds the child with his right arm while his left hand holds the popsicle."
0927-7,A
0929-0,Both the little girl in the green dress and the little girl in the blue dress initially approached the living statue without knowing it was a person. Both girls also got scared when the living statue unexpectedly moved. And both girls ran to their mothers for comfort after being scared by the moving statue.
0929-1,"Both the little girl in the green dress and the little girl in the blue dress attempt to hold up the statue to prevent it from falling, demonstrating a shared instinct to help. They both initially believe the statue is a real person in danger, and their first reaction is to try and physically support it."
0929-2,"Yes, the little girl in the green dress and the little girl in the blue dress both try to support the statue when it pretends to fall."
0929-3,"No, the little girl in the green dress and the little girl in the blue dress are not trying to determine if the statue is real or not. Instead, they are bracing the statue to keep it from falling over."
0929-7,A
0933-0,The man in the costume lit the fire as a distraction so he could shove the pie into the woman's face without her anticipating it.
0933-1,"The man in the costume started the ""fire"" (fireworks) to distract the woman before slamming the pie into her face."
0933-2,"No, the man in the costume did not light the fire to catch the woman's attention for a prank. Instead, he used fireworks to catch her attention before smashing the pie in her face."
0933-3,"No, the fire was a small firework that was lit to surprise the person being pranked."
0933-7,A
0939-0,"There is only one person in the video playing all four roles. He plays the three boys at the sleepover, and the dad."
0939-1,There are four individuals acting in the video: three boys and the dad.
0939-2,"Yes, based on the physical appearance of the characters, it is true that only one person played all the roles in the video."
0939-3,"Yes, there are four different people playing roles in the video. Three people are playing the roles of the boys at the sleepover, and one person is playing the role of the dad."
0939-7,C
0942-0,The man catches the egg with the side of the spatula and breaks it in order to then write his signature with the yolk. He does this to demonstrate his skills to his employees.
0942-1,He uses the side of the spatula to catch and break the egg to have greater control over the egg yolk. This allows him to create a signature design.
0942-2,"No, the man in the video is demonstrating a teppanyaki cooking technique by doing spatula tricks with an egg and writing on the grill, but he does not catch it with a spatula."
0942-3,"No, the man in the video is not breaking the egg with the spatula to show how fragile eggs are. He's using the egg and spatula to artfully create a written design on the grill."
0942-7,C
0946-0,The man did not touch either foot.
0946-1,The man did not touch either of the chicken's feet. He touched its body in order to hold the chicken in place as the line was drawn.
0946-2,"No, the man did not touch the chicken's left foot after it stopped moving. The man only erased the line in the dirt."
0946-3,"No, the man does not touch the chicken's right foot after it stops moving."
0946-7,B
0949-0,The boss of this company appears at the start of the video disguised as a beggar and at the end of the video after he reveals himself as the company boss.
0949-1,"The company's boss makes an appearance in the video in the first scene and the last scene. In the first scene, he is pretending to be a blind man begging on the street, and in the last scene, he appears as the company's boss during the job interview."
0949-2,"Yes, the boss appears at the start as a beggar and later in a suit. He disguises himself as a beggar to test people's character and later reveals himself as the boss during a job interview."
0949-3,"No, the boss appears initially as a beggar. He appears in a suit at the end of the video, after interviewing the candidates."
0949-7,B
0950-0,"The ball is not moving. The man strikes the 240 Hz tuning fork, which has a different frequency than the first tuning fork. Since the frequencies do not match, there is no resonance and the ball does not move."
0950-1,Nothing happens to the ping pong ball because the two tuning forks are not the same frequency.
0950-2,"Yes, when the man strikes the tuning fork the second time, the ball remains still. This is because the frequency of the tuning fork (240 Hertz) does not match the natural frequency required to create resonance."
0950-3,"No, when the man strikes the tuning fork the second time, the ball does not start moving upwards."
0950-7,D
0952-0,"The third person seen clearly in the video is wearing a jacket which is a combination of orange and black, not a dress."
0952-1,The color of the outfit worn by the third individual in the image is red and black.
0952-2,"Yes, the third person in the picture is wearing an orange-black outfit."
0952-3,"No, the third person in the video is not wearing a pink outfit. The child in the background is wearing blue."
0952-7,E
0956-0,The red stick is rotating clockwise.
0956-1,The rod with the red color on it rotates clockwise.
0956-2,"No, the red stick rotates in a counter-clockwise direction relative to the camera."
0956-3,The red stick rotates in a clockwise direction relative to the camera.
0956-7,C
0957-0,A pair of tweezers is used to grab and extract a long slimy string. This slimy string is then wrapped around a glass rod.
0957-1,"The nylon formed at the interface of the two liquids, allowing the substance to be extracted to the glass rod."
0957-2,"Yes, the substance in the beaker end up on the rod by being pulled out and wrapped around it."
0957-3,"No, the substance in the beaker did not end up on the rod because it adhered to the rod when it was inserted. Instead, by using the tweezers, he initiates a reaction at the point between the two solutions."
0957-7,D
0973-0,"The man in the gray hoodie got injured at [00:01:16]. He got injured when he was in the lane throwing the whipper snipper to pop the balloons above his head, and one hit him in the forehead."
0973-1,"The man in the grey hoodie sustains an injury when they get to the wall of balloons at the end of the obstacle course. At [00:01:17], the balloons start bouncing back and hitting them."
0973-2,"No, Mr. Beast, the man in the gray hoodie to the left, did not get injured during the final balloon-popping game; rather, it was the other participant, Jimmy, who got injured."
0973-3,"No, the man in the gray hoodie, Mr. Beast, gets injured at the end of the video, not the beginning."
0973-7,B
0974-0,The person in the video put the straw into the bottle at 0:05. This can be seen with a close up of the hand gluing the straw onto the side of the bottle.
0974-1,00:00:19
0974-2,"No, the straw was attached to the outside of the bottle, not inserted into it."
0974-3,"No, the person in the video did not put the straw into the bottle at the end of the video while sitting at a table. The pencil was the last thing inserted into the bottle at the end of the video."
0974-7,D
0976-0,"The female answers the question first in the first scene of the video. She guesses ""Crossroads."""
0976-1,"The female contestant is the first person to respond to the question in the initial scene of the video. She correctly answers the first puzzle with the answer ""Crossroads."""
0976-2,"No. From the observer's perspective, the person on the right was the first to answer the question in the first scene."
0976-3,"Yes, the person on the right is the first to answer the question 'Crossroads' in the first scene."
0976-7,C
0983-0,"The second person, a security guard, appears because he is running towards Zach King who is doing graffiti on the wall."
0983-1,A security guard appears and climbs the ladder to stop Zach King from spray painting the wall.
0983-2,"Yes, the second person in the video is a security guard investigating the graffiti artist because his jacket says ""SECURITY"" on the back."
0983-3,"Yes, the second person in the video is actually a painted silhouette of a girl on the wall."
0983-7,A
0985-0,"No, the money in the cup at the end of the video does not come from the roll in the cup at the beginning of the video because the roll is replaced with a dollar bill that the woman was holding."
0985-1,"No, the money in the cup at the end is not the same money as the money in the cup at the start. The dollar bill was hidden behind the woman's ear."
0985-2,"Yes, the money in the cup at the end likely came from behind the man's right ear at the beginning. When the cup is brought near his ear, the dollar is picked up and placed under the cup, replacing the piece of candy."
0985-3,"No, the money did not stay in the cup when it was shaken. It was transferred from behind his ear when the cup was brought to his ear."
0985-7,A
0995-0,"The eighth question in the video has an answer of ""Balanced Diet."" because ""di"" is balanced over ""et"" on a scale."
0995-1,"The eighth question is, ""Leaf over box."" The female player is initially unable to figure it out, then the male player says, ""Square root."""
0995-2,"Yes, the answer to the eighth question in the video is 'long over due'."
0995-3,"Yes, the answer to the eighth question in the video is 'up to no good.'"
0995-7,D
0996-0,The third time-telling tool to be shown in the video is the “ClawK”.
0996-1,"The third timekeeping device featured in the video is the 'Claw' clock. The pharaoh invented it when they think that if time is indicated by 'hands', they could call it 'claw.'"
0996-2,"Yes, the third timekeeping tool is a clock that uses a pendulum swing mechanism to create a constant movement in what the presenter calls hands."
0996-3,"Yes, the third timekeeping tool shown in the video is a sundial. Sumoses explains that it uses the sun to cast a shadow."
0996-7,B
0999-0,"The man playing Curly trips over the branch and falls to the ground, spinning in the dirt before getting up."
0999-1,"When the man who is acting as Curly sees the branch on the ground, he turns his head up to the sky and makes a ""woo woo"" sound. He then trips forward and falls on the ground. After tripping, he looks up from the ground and makes a growling sound."
0999-2,"Yes, the man playing Curly trips over the branch leading to a comedic fall. He's not exactly walking backwards, but stumbles forward in a silly manner."
0999-3,"Yes, the man playing Curly trips over the branches, falls, and then gets back up to continue moving."
0999-7,A
1002-0,The man does not catch the fourth stick; he misses it.
1002-1,"The man does not catch the fourth stick in the first scene. He is only shown catching the first three sticks, and uses toy guns to shoot the sticks off of their perch."
1002-2,"The video does not show the man catching a fourth stick, so the question cannot be answered."
1002-3,"No, the man did not catch the fourth stick."
1002-7,A
1009-0,"In the first two scenes, after being waved away, the man looks disappointed and slightly sad."
1009-1,"In the first scene, the man is initially excited to talk about the artist of the painting. After the visitor waves him away, he appears disappointed. In the second scene, the man is excited to talk about the amount of paint used on the canvas, and appears disappointed after the visitor waves him away."
1009-2,"Yes, the man does seem disappointed after the visitor waves him away, and he walks away after being rejected."
1009-3,"Yes, the man does appear enthusiastic and eager to engage with the visitor in the first two scenes. He immediately approaches them and attempts to share information about the art."
1009-7,D
1011-0,The woman used a hose on the man because she was shocked and disgusted when she saw him eating a sponge.
1011-1,The woman sprayed the man with the hose because he ate what she believed to be a real sponge.
1011-2,"No, the woman likely used the hose on the man because she thought he was eating a sponge, not because it was soap."
1011-3,"Yes, the woman sprayed the man with the hose as a playful response to a prank he played on her."
1011-7,B
1018-0,The rapper is not angry or upset. He immediately gives the traffic controller the microphone and takes it back to continue rapping right after the traffic controller is done speaking.
1018-1,The rapper was chill and gave the traffic controller the microphone.
1018-2,"Yes, the rapper continued his performance calmly after the traffic controller took his microphone."
1018-3,"No, the rapper did not get angry and stop performing when the traffic controller took his microphone. The rapper willingly handed over the microphone to the traffic controller, and continued rapping once the traffic controller gave the microphone back to him."
1018-7,B
1020-0,"When the baby sees dad, the baby makes a straight face, not smiling or laughing."
1020-1,"When the baby sees their father, they just stare without smiling or laughing."
1020-2,"Yes, the baby does show a lack of excitement when they see their dad, as the baby does not smile or react when he says hello."
1020-3,"No, the baby does not react with excitement and joy when they see their dad. They simply stare at him blankly."
1020-7,C
1023-0,"After the first woman says she is just looking, the man's smile fades and he looks a bit sad."
1023-1,"After the first woman told the man she was just looking, he walked away from her."
1023-2,"Yes, the man showed signs of slight disappointment after the first woman brushed him off. He lowers his head slightly and avoids eye contact as he walks away, indicating a mild dejection."
1023-3,"Yes, the man seemed very happy and excited after the third woman spoke to him because she asked a question about the art. This is demonstrated by his big smile."
1023-7,A
1031-0,The man in the white shirt eating a banana appears to be experiencing surprise and disbelief. This is conveyed through his wide-eyed expression and how he pauses eating the banana as the bids reach higher amounts during the auction.
1031-1,The man in the white shirt is experiencing disbelief and amusement while eating the banana. This is because he is watching a banana taped to a wall being auctioned off for millions of dollars. His facial expressions and actions convey a sense of absurdity at the situation.
1031-2,"Yes, the man in the white shirt eating a banana looks extremely surprised and shocked by the banana auction as shown by his exaggerated facial expressions."
1031-3,"No, the man is not feeling calm and relaxed in the third scene. He is confused."
1031-7,C
1037-0,"The man makes an OK gesture at the end of the video because he is copying the woman, who did the OK gesture, indicating the drink was perfect."
1037-1,"The man spits out the drink, but gives the camera an OK sign to mock the woman in the video, who enjoyed her drink and gave an OK sign."
1037-2,"Yes, the man makes the OK gesture at the end of the video to mimic the blonde woman. The blonde woman takes a sip, makes the OK gesture and says, ""Perfect"" after making her drink. The man does the same to mimic her."
1037-3,"No, the man does not make the OK gesture to show that the drink he made is satisfactory. He spits out the drink, so he does not think that the drink is satisfactory."
1037-7,C
1044-0,The person is experiencing a startle response due to the prank.
1044-1,"The person is confused, as they were woken up suddenly and thrust into a gaming situation."
1044-2,"Yes, the person under the quilt is surprised and confused when they are startled awake. This is evident from their immediate reaction to the loud noise and their initial bewilderment as they try to understand the situation."
1044-3,"Yes, the person was likely engrossed in a video game, as suggested by them waking up to play after the loud noise."
1044-7,B
1045-0,"The person on the left hugs the person on the right after the person on the right pretends to faint. The hug is only for show since the mom enters the room at that moment. After the mom leaves, the person on the left abruptly lets go of the person on the right because he was not really concerned."
1045-1,The individual on the left embraces the individual in the tie-dye hoodie after he pretends to faint. The individual on the left then drops the one in the tie-dye hoodie after his mom walks into the room.
1045-2,"Yes, the person on the left hugs the person in the tie-dye hoodie because he seemingly fainted, to explain the situation to his mother."
1045-3,"No, the hug between the person on the left and the one in the tie-dye hoodie was not a celebration of a successful magic trick. It was a reaction to the younger brother pretending to pass out."
1045-7,A
1046-0,The person wearing the black hat threw the person in the gray T-shirt into the swimming pool because the person in the gray T-shirt threw him into the pool initially. It was payback.
1046-1,The person in the black hat was tossed into the pool as payback for pushing the person in the baseball cap and swim trunks into the pool earlier.
1046-2,"Yes, the person in the black hat throws the person in the gray T-shirt into the pool because they were pushed in earlier by the same person."
1046-3,"Yes, the reason the person in the black hat threw the person in the gray T-shirt into the pool was because it was a prank."
1046-7,A
1049-0,The person with the dog wants to express that a alternative method of turning off the lights can be done by training a dog to do it.
1049-1,The person in the video within the video is using the slipper on the dog to motivate it to jump off the bed and turn off the light switch. This is likely a command or signal the dog has been trained to respond to.
1049-2,"No, the person did not hit the dog with the slipper. They raise the slipper in the air, but the dog jumps off its bed and goes to turn off the light switch."
1049-3,"No, the person was not expressing frustration or annoyance by hitting the dog with the slipper. The video is intended to be humorous, and the dog appears more surprised than harmed by the light tap."
1049-7,B
1051-0,The man in black is trying to emulate an expression of pain in the old photo where he is a baby.
1051-1,"The man in black, as a child, is biting his hand in the photo as a playful or mischievous gesture. This likely signifies a close and loving relationship between the child and his grandfather. It may also suggest the child was restless or bored."
1051-2,"Yes, the man in black is mimicking his childhood action of biting his hand as seen in the photo."
1051-3,"No, the man in black is not expressing nostalgia or sentimentality by biting his hand in the photo. He is a baby, and babies often bite their hands."
1051-7,B
1053-0,The man in the black hat is expressing amusement. He lifts his hat as a gesture of politeness.
1053-1,"The man in the baseball cap is smiling so he is likely in on the joke. The hat lift is his way of saying ""surprise"" or ""gotcha!"""
1053-2,"No, the man in the black T-shirt puts his jacket on the middle seat to make it seem occupied."
1053-3,"The man in the black T-shirt is not raising his hat to greet anyone, as he is not wearing a hat."
1053-7,A
1055-0,The enlightenment value of this video is that you should not do pranks that can be harmful to others' health.
1055-1,"The insightful takeaway from this video is the importance of considering the potential consequences of pranks and being mindful of others' sensitivities. Sometimes pranks can go too far, leading to unintended and negative outcomes."
1055-2,"No, the video does not have a high enlightenment value. It depicts a prank that may have gone too far and could be considered insensitive by some viewers."
1055-3,"Yes, the enlightenment value of this video is low because it mainly shows a messy prank with ketchup."
1055-7,C
1064-0,"The man is so surprised because he has ran in a circle, ending up in the same place as the large firecracker he lit."
1064-1,"The man's surprise at the conclusion of the video is due to the firecracker exploding, revealing that despite his best efforts to run away, he unknowingly circled back to the point of origin."
1064-2,"Yes, the man appears surprised when he ends up back at the bomb site after running a long distance."
1064-3,"No, the man is not surprised when the firework exploded because he runs back to the same place where the firework is and then covers his ears before the explosion."
1064-7,B
1075-0,"The video juxtaposes shots of Peter Parker and Spiderman to highlight the contrast between Peter's ordinary life and the extraordinary responsibilities and fame he has as Spiderman. While everyone loves Spiderman, the struggles and sacrifices of Peter Parker, the man behind the mask, are often overlooked, suggesting a deeper commentary on identity and personal cost."
1075-1,"The purpose of splicing together shots of the ordinary man and Spider-Man in the video is to highlight the contrast between the admired superhero and the unappreciated ordinary person. It conveys the idea that while everyone loves and appreciates Spider-Man, no one seems to care about the struggles and personal life of Peter Parker."
1075-2,"Yes, the video splices shots of the ordinary man and Spider-Man to highlight the exclusion of ordinary people compared to the hero identity of Spider-Man."
1075-3,"No, the video doesn't simply suggest that Peter Parker and Spider-Man are the same person, it directly uses footage from the Spider-Man movies to showcase them as the same individual."
1075-7,A
1080-0,The man peels the carrot to show that you do not need to modify a spoon to peel the carrot. He is amazed because it is so much easier to use a peeler than the modified spoon.
1080-1,"The reason why this man peels the carrot and appears amazed is because he easily peels the carrot with a regular peeler, implying that the previous method using power tools was unnecessary."
1080-2,"Yes, the man is peeling the carrot and feeling amazement because he doesn't understand why the previous person had to go through so much trouble to peel it."
1080-3,"No, the man in the video uses a standard peeler after demonstrating that a spoon can be sharpened and shaped to be *a* peeler but is not very efficient. Khaby then shows how much easier it is to use a regular peeler."
1080-7,C
1081-0,The little green bricks represent mouthwash. The presenter pours them into the brick mimic's mouth and then shakes it around before pouring it out into the sink.
1081-1,The small green brick is significant because it is used as mouthwash in the brick mimic's oral hygiene routine.
1081-2,"Yes, the little green bricks in the video represent mouthwash used in the teeth cleaning demonstration. The creator pours the green bricks into the Mimic's mouth, shakes it, and spits the bricks into a Lego sink."
1081-3,"No, the little green brick in the video does not represent grass. It is used to represent mouthwash in the Mimic's mouth."
1081-7,C
1087-0,The circle on the left is moving to the left.
1087-1,The circle appears to be moving to the left. The arrow inside the left circle points to the left.
1087-2,"According to the video, the circle on the left does not actually move, but the directional arrow inside the circle shifts directions, which can make it appear as if the circle itself is moving."
1087-3,"No, the circle on the left does not move in the direction indicated by the arrow inside it. According to the man, the visual is an optical illusion, where your brain is tricked into thinking it moves in the direction of the arrow."
1087-7,C
1090-0,"From the sheep's perspective, the painting on the ground would likely look like a distorted mess of lines and shading. The optical illusion is designed to work from a specific viewpoint, so it would not appear as a 3D ledge to the sheep."
1090-1,"From the sheep's perspective, the painting on the ground most likely appears to be a mess of random lines, as it is not intended to be viewed from other angles."
1090-2,"No, the painting would not look like a broken bridge to the sheep (goats). The optical illusion is made from our point of view and it would not work from their perspective."
1090-3,"No, from the sheep's perspective, the painting would likely not appear as a large puddle, or as a ledge."
1090-7,A
1091-0,"There are at least four to five people in the painting, depending on the interpretation. Three individual figures are clearly seen: a woman reading on the bench, an old man with a beard in dark robes, and a smaller woman figure walking towards a house. The archway and the woman on the bench form a larger hidden face with features defined by the stones in the archway and the old man as the eye."
1091-1,"There are three individuals visible in the final segment of the video: a woman in a white dress seated on a bench and reading, a man in a dark robe standing behind her holding a book, and another woman in a white dress standing on a path in the background."
1091-2,"Yes, there are three people visible in the video: a person sitting on a bench reading a book, another person standing behind her wearing dark clothing, and a man dressed in pink with a hat standing next to the man in dark clothing."
1091-3,"No, it is not true that only two people can be identified in the video. There is a third, smaller figure visible in the background, in addition to the sitting woman and the standing man."
1091-7,B
1095-0,The person in the upper left corner (CLIP - 1) is gathering small rocks and placing them into a keg filled with water.
1095-1,"The person in the upper left corner threw a stone into the bucket in order to fill the bucket. This is to achieve the ""final result"" shown on the bottom right clip, where the man is able to immerse himself in the water."
1095-2,"Yes, the person in CLIP-1 throws a small stone into the keg to create a visual effect of splashing in the edited video where it looks like someone jumping into the water and splashing."
1095-3,"Yes, the person in the upper left corner causes someone to appear inside the keg (bucket) by throwing a small stone."
1095-7,D
1101-0,The man gradually submerge the piece of paper under water during the shoot in order to create the illusion that the image is floating in the water.
1101-1,The man slowly dipped the piece of paper into the water to create the illusion that Durga Maa was floating on top of the water.
1101-2,"Yes, based on the video, the man had to submerge the paper gradually to give an effect of it emerging from the water in the final video."
1101-3,"No, the purpose was not solely to make the paper completely wet. It seems that the purpose of slowly submerging the paper was to reveal the image of Durga on the paper."
1101-7,A
1111-0,The woman second from the left on the ledge is the only one who decided to sit back down after initially standing up instead of joining the dance.
1111-1,The woman wearing the green saree initially stood up but then chose to sit back down instead of participating in the dance.
1111-2,"No, the woman in the brown and red sari stands up and joins the dance."
1111-3,"Yes, it was the man in the white shirt who decided to sit back down after standing up."
1111-7,D
1112-0,The friend of the person who was checking the firework.
1112-1,His friend had taken the firework instead of the lighter.
1112-2,"Yes, it was the person in the blue shirt who took the firework. At the end of the video, the firework goes off and the person in the blue shirt comes out of the outhouse covered in dust."
1112-3,"No, the person in the white shirt did not take the firework. The person in the pink shirt took the firework."
1112-7,B
1117-0,The guy wearing a lilac shirt spills water over the rim of the glass and loses the challenge.
1117-1,"The guy in the blue shirt was responsible for the water overflowing the glass, causing the loss of the challenge."
1117-2,"Yes, it was the person in the blue shirt who caused the water to overflow."
1117-3,"No, it was the person in the purple shirt who made the water overflow."
1117-7,D
1119-0,The iron bowl is in his hands when the person in red reacted to the cat and dog picture.
1119-1,"The iron bowl is located on the floor near the couch, close to where the person in red is lying down at the time mark of 0:12."
1119-2,"No, there is no iron bowl on the floor under the oversized phone screen when the person in red reacts to the cat and dog picture."
1119-3,"No, the iron bowl is not on the lap of the person in red because they are lying on the floor and the bowl is not visible near their lap. It fell during the scene."
1119-7,C
1121-0,The filament light bulb is closest to the cloud button.
1121-1,The stylized sun and lightning symbol is nearest to the filament light bulb on the control panel.
1121-2,"Yes, the symbol closest to the filament light bulb on the control panel is three clouds."
1121-3,"Yes, the symbol closest to the filament light bulb on the control panel is the sun."
1121-7,B
1122-0,"At the end of the video, the little man is in the silver vacuum attachment. We can infer this because the video transitions from the miniature world, with the little man about to be vacuumed, back to Zach King who is now being vacuumed himself."
1122-1,The little man in overalls ends up inside the vacuum cleaner.
1122-2,"Yes, it is implied that the little man with the white bag ends up inside the vacuum cleaner at the end of the video, as the giant vacuum tube sucks up the dust bunnies he is holding, along with everything else."
1122-3,"Yes, the little man in overalls with the white bag is found inside a janitor's closet at the end of the video."
1122-7,D
1124-0,The egg is pushed into the bottle.
1124-1,"The performer hits the egg downwards into the water bottle opening, causing the water inside to shoot up and out."
1124-2,"The egg is not behind the water bottle and in the hands of the people after the performer pushes on it. Instead, the bottle contains water that shoots into the face of the performer."
1124-3,"No, the egg did not end up inside the water bottle. Instead, water squirted out of the bottle onto the man's face."
1124-7,C
1127-0,"In the third segment, from the camera's perspective, the target basket is in front and to the right of the ball shooter. The camera is positioned behind the shooter, providing a view over his shoulder towards the basket."
1127-1,"In the third segment, the shooter is facing directly toward the camera with the target basket behind him."
1127-2,"Yes, in the third segment, the target basket is located behind Jake, who is facing away from it and the camera."
1127-3,"Yes, the target basket is positioned directly in front of the ball shooter, who is facing it."
1127-7,C
1130-0,The red ball moved significantly when the old man swung his arm the largest magnitude.
1130-1,The red ball showed the most movement when the old man swung his arm widely.
1130-2,"Yes, the red ball moved significantly when the old man swung his arm with the largest magnitude."
1130-3,"Yes, it was the blue ball that moved significantly when the old man swung his arm with the largest magnitude."
1130-7,B
1134-0,"In the last scene, when the ball is released by the person, it moves away from the basketball hoop. This is because the person is actually aiming for another basketball hoop."
1134-1,"Initially, when Jake throws the basketball over his head, the trajectory is upward and backward, away from the basketball hoop in front of him."
1134-2,"Yes, the ball of the first throw in the last scene bounces back to the person after hitting the ring of the hoop."
1134-3,"No, the ball of the first throw in the last scene does not descend directly towards the basketball hoop. He throws the ball backwards over the house, away from where the hoop is located."
1134-7,E
1137-0,"When the woman is upside down, the head of the man in white is facing down. This is because he is also upside down at that point in the video."
1137-1,The man in white is looking directly at the camera when the woman is upside down.
1137-2,"Yes, when the woman is upside down, the man's head is facing up and forward at the camera."
1137-3,"No, the man's head is not facing downward. His head is facing upward."
1137-7,B
1145-0,"As an adult, 12 hours pass between the woman looking at her phone twice. This is calculated based on the initial time of 8:00 and the ending time of 20:00 (8pm) on her phone."
1145-1,The time gap between the two instances is 12 hours. The phone shows 8:00 AM in the first instance and 8:00 PM (20:00) in the second instance.
1145-2,"Yes, as an adult, the woman checks her phone 12 hours apart. The initial phone check reads 8:00, and the second phone check reads 20:00, which is 8 PM."
1145-3,"No, the woman does not check her phone twice within a minute as an adult. She checks her phone at 8:00 AM, and then again at 8:00 PM."
1145-7,D
1159-0,"The fifth item shown in the video is highlighters, while the seventh item is an eraser."
1159-1,"The fifth item is Highlighters, and the seventh item is Eraser."
1159-2,"Yes, the fifth and seventh items in the video are highlighters and erasers, respectively."
1159-3,"No, the fifth item is highlighters and the seventh item is erasers."
1159-7,C
1160-0,"The fourth item shown in the video is the Tom EDC Mahjong Slider, described as a chunky and heavy piece of metal."
1160-1,"The fourth toy displayed in the video is the Tom EDC Mahjong Slider, which is a chunky and heavy metal fidget toy."
1160-2,"Yes, the fourth item in the video, the Tom EDC Mahjong Slider, is a metal fidget toy resembling a mahjong tile."
1160-3,"No, the fourth item in the video is not a small black pill-shaped fidget toy. It is a chunky and heavy rectangular slider."
1160-7,C
1161-0,"The color order displayed by the long strip of light for the objects in the video is yellow, green, blue, purple, and red."
1161-1,"The sequence of colors shown by the strip of light on the device is yellow, green, blue, purple, red, and orange."
1161-2,"Yes, the long strip of light on the objects in the video displays the colors in the order of yellow, green, cyan, blue, purple, red, and orange."
1161-3,"Yes, the color order displayed by the long strip of light on the object in the video is yellow, green, blue, purple, and red."
1161-7,A
1162-0,"The order of the menu options browsed are: Calendar, Clock, Notes, Calculator."
1162-1,"The user navigates the phone by pressing the bottom left button to open the main menu. The menu options visible are Calendar, Clock, Notes, Calculator, Settings. The user scrolls down to 'Notes' and selects it."
1162-2,"Yes, the person browses through the menu options starting with Calendar and ending with Calculator."
1162-3,"Yes, the person browses through the menu options, which includes 'Settings'."
1162-7,B
1168-0,The man in the red hat fell into a hole due to special effects and editing. The hole was not real; it was part of a street art painting that was edited to appear as a real hole in the ground.
1168-1,The man fell into the hole because it was just a street art drawing of a pit.
1168-2,"Yes, the man in the red hat fell into the hole because of video editing and an optical illusion."
1168-3,"Yes, the man in the red hat falls into the hole because he was deceived by a realistic 3D street painting."
1168-7,C
1169-0,The guy in the black and white clothes was kicked to pieces because it was an illusion trick shot where it appears he was kicked with such force that it caused him to explode.
1169-1,The man in the ref uniform appears to shatter when the ball is kicked at him because of an editing trick that replaced the man with his clothes at the exact moment the ball was kicked towards him.
1169-2,"Yes, the man in black and white clothes was kicked to pieces by the soccer ball due to video editing effects."
1169-3,"The man in black and white clothes was most likely a mannequin, given that he was kicked to pieces by the soccer ball."
1169-7,A
1170-0,"The containers disappear because the man places two cargo containers diagonally at the end of the video, causing the rest of the containers to vanish, similar to how lines disappear when completed in a game of Tetris."
1170-1,"The containers vanish because the man is playing a game of Tetris with them, and his poor placements cause the stack of containers to collapse."
1170-2,"Yes, the containers disappear as part of a Tetris-like game using post-production effects to create a comedic scenario."
1170-3,"Yes, the containers disappeared because they fell off the ship due to instability from the man's Tetris game."
1170-7,C
1173-0,"The person in the back seat disappeared due to a magic trick performed through video editing. When the drinks spill, he is edited out of the video to make it look like he disappeared."
1173-1,The person in the back seat appears to vanish as a consequence of the spilled drinks.
1173-2,"Yes, the person in the back seat disappeared due to post-production editing."
1173-3,"Yes, the person in the back seat disappeared because the car made a sudden stop or sharp turn when it went over a bump and spilled the drinks."
1173-7,D
1175-0,The bear is made to move on the ground through editing.
1175-1,"The technique used to make the bear appear to move is editing. The bear starts as a chalk drawing on the ground, and through editing, it is made to look like it comes to life."
1175-2,"Yes, the bear on the ground is made to move through clever editing between a 3D painting and a real bear."
1175-3,"No, the bear on the ground is not a mechanical bear moving. This is likely editing by Zach King."
1175-7,B
1176-0,The plant in the man's hand appeared to grow larger due to a visual trick or editing within the video.
1176-1,The plant instantly appeared larger as a result of being inside the greenhouse.
1176-2,"Yes, the plant in the man's hand appears larger due to a visual effect created by post-production video editing techniques."
1176-3,"No, the plant in the man's hand did not grow larger because of a change in perspective. It was an illusion, as he was in a magic act."
1176-7,B
1177-0,"The man did not suddenly stand on the other boat. It was all editing. The man dove into the water, and someone else who looks like him was on the boat."
1177-1,"The technique used to make the man appear on a different boat suddenly involves a combination of misdirection, a body double, and editing skills. The man on the dock covers the boat from the audience's perspective and then ducks behind the towel into the water. A second person on the boat also jumps into the water at the same time that the man emerges from behind the towel. This leads the audience to believe the first man made it to the boat."
1177-2,"Yes, the man appeared on another boat due to video editing and visual effects. This is indicated by the creator stating the video is edited at the beginning of the clip."
1177-3,"No, it is unlikely he swam to the other boat. The video is most likely edited."
1177-7,B
1178-0,"A laptop appears in the final scene of the video because it follows the theme of showing different types of smartphones and devices, starting from the smallest and getting progressively larger."
1178-1,The laptop is shown in the last part of the video to show the progression of gadgets that is being presented.
1178-2,"Yes, the laptop in the final scene is actually a phone transformed by a visual effect filter."
1178-3,"No, the laptop in the final scene unfolds from a tablet not from a smartphone."
1178-7,B
1181-0,The Colosseum disappears when the man in the jumpsuit takes a picture of it with a frame. The Colosseum then exists within the picture.
1181-1,"A video editing trick was used. After showing the painting in the frame, the real Colosseum was edited out in post-production."
1181-2,"Yes, the Colosseum disappeared due to a visual trick and post-production effects."
1181-3,"No, the Colosseum does not disappear because of the painting. It is an edited visual effect as part of a trick video."
1181-7,A
1182-0,The ladder is carried by Zach King as he walks into frame. He sets the ladder on the ground and opens it. It does not appear from beneath the cloud. The cloud is above the ladder.
1182-1,The ladder appears under the cloud by magically growing in size from a miniature ladder.
1182-2,"Yes, the ladder beneath the clouds in the video is made to look full-sized through video editing techniques. The ladder initially appears to be a tiny toy, but is then transformed into a full-sized ladder via editing."
1182-3,"No, the ladder in the video does not appear to turn into a smaller size as it moves toward the clouds."
1182-7,C
1183-0,"The sky suddenly darkened at the beginning of the video because Zach King ""stole"" the sun from the sky."
1183-1,The sky became dark so quickly at the start of the video because Zach King grabbed the sun.
1183-2,"Yes, the sky darkened because of a combination of lighting changes and post-production effects."
1183-3,"No, the sky did not darken because someone turned off the lights in the room. The sky darkened because the sun was seemingly pulled out of the sky and placed into the laundry basket."
1183-7,A
1192-0,"The standing sprinkler appears because a water balloon participant gets hit with Zach's device, which transforms them into a topiary that also acts as a lawn sprinkler."
1192-1,"The sudden appearance of the standing sprinkler in the video was caused by a person getting hit with a water balloon shot from Zach's robotic arm, which instantly turns them into a topiary sprinkler."
1192-2,"Yes, the standing sprinkler's sudden appearance in the video is due to creative video editing."
1192-3,"Yes, the standing sprinkler appeared suddenly because it was hidden underground and activated by the ball, based on the cause-and-effect presented visually in the video."
1192-7,C
1203-0,"The man twists the towel around multiple times under the stream of water. After twisting the towel, he pulls it out."
1203-1,"The man turned off the water first, and then proceeded to remove the towel."
1203-2,"Yes, the man was able to remove the towel by moving the open end of the towel to the other side of the water flow."
1203-3,"Yes, Andrey used the detachable spray head of the faucet to take out the towel without touching the stream."
1203-7,B
1206-0,"The blue paint is seemingly spilling unusually because the video is an illusion. Zach King is standing on the ceiling with the camera on the floor, making it look like the paint is falling upward against gravity when it is actually just falling downward due to gravity."
1206-1,"The blue paint appears to spill upwards due to the camera being positioned on the ceiling. This creates the illusion that gravity is reversed, causing the paint to spread upwards instead of downwards."
1206-2,"Yes, the blue paint is spilling upwards because the entire set is upside down, creating an illusion. The curtains are hanging upwards, and the paint defies gravity, indicating the set is inverted."
1206-3,"The blue paint is spilling unusually because of the camera angle, giving the illusion that he is upside down. It seems like he is standing on the ceiling but in reality, the paint is spilling normally because he is simply holding the paint can upside down above his head."
1206-7,C
1209-0,The woman is running in the photo at the end of the video.
1209-1,The woman's speed is that of running.
1209-2,"Yes, the woman in the photo at the end of the video appears to be moving fast because the leg is off the ground, and leaves are suspended in the air, creating the illusion of movement."
1209-3,"Yes, the woman in the photo is running quickly due to the position of her leg and the splash of water."
1209-7,C
1210-0,The video shooting initially focuses on the photograph but then changes to focus on the whole gallery including the people. This is done to showcase the competition and encourage people to participate.
1210-1,"The focus of the video shifts from the people viewing the photographs to the photographs themselves, and then to a website. The video begins by showing people engaging with the photos, then features the photos, and then ends by showing the platform for entries."
1210-2,"Yes, the focus of the video remains on the photograph of the two birds throughout the sequence. The camera is static and the photograph is centered in the frame from start to finish."
1210-3,"Yes, the video’s focus does shift from the background to the foreground as it progresses. It starts with the pictures on the wall and ends with the people viewing them."
1210-7,B
1214-0,The motion of the camera is a zoom. The camera starts far away and zooms in on the woman lying on the bench.
1214-1,The camera zooms in on the woman as she is being captured.
1214-2,"Yes, the camera is moving closer to the woman, creating a zoom-in effect."
1214-3,"No, the camera is not moving away from the woman, creating a zoom-out effect, as it films her. It is moving closer."
1214-7,A
1223-0,"In the last throw, the camera view switches to an aerial perspective, while the other throws are filmed from a static, ground-level angle."
1223-1,"During the final throw, the camera zooms in closer to the cup, whereas the earlier throws had a fixed, wide shot."
1223-2,"No, the camera does not zoom in on the floor during the last throw. The camera remains stationary throughout the video."
1223-3,"No, the camera keeps the same angle as before in the last throw."
1223-7,A
1225-0,"When the first zoom is complete, Peet and his mother are mainly visible."
1225-1,"When the camera finishes zooming in for the first time, Peet Montzingo is prominently seen. He is the shorter person who runs in with an excited expression, and the camera zooms in to focus on him in the doorway. The woman is also seen, but she is to the side of the doorway."
1225-2,"Yes, the person mainly visible after the first camera zoom is a man in a gray Under Armour t-shirt."
1225-3,"No, the person mainly visible after the first camera zoom is a woman wearing a light pink top."
1225-7,C
1229-0,"The object in front of the mirror is a chess pawn, but its reflection in the mirror shows a chess king. The pieces are different shapes."
1229-1,"The object in front of the mirror is a pawn, while the reflection inside the mirror is that of a king."
1229-2,"No, the difference between the object and its reflection is not due to the use of a panoramic photography feature on the phone. It's because the chess piece behind the mirror is a king, while the chess piece in front of the mirror is a pawn."
1229-3,"No, the difference between the object and its reflection is not because the mirror is a special type. The difference is likely due to image manipulation using the panorama feature of the phone's camera."
1229-7,C
1231-0,The water in the waterfall looks like it is flowing backwards at the end of the video because the footage is reversed. The person in the video is walking backward.
1231-1,The waterfall appears to flow in reverse because the person in the video is walking backwards.
1231-2,"No, the backward flow of the waterfall at the end of the video is not due to reverse video processing. The man is walking backward, and the phone is rotated, creating the illusion of the waterfall flowing upwards."
1231-3,"No, the waterfall appears to flow backwards because the video is played in reverse, creating the illusion of a reverse waterfall."
1231-7,A
1233-0,"There are two reflections because there are two people in the photo: the kneeling woman and the standing man, who both have reflections captured in the panorama."
1233-1,The second reflection is due to the man standing behind the girl only being present in the beginning of the panorama picture. The panorama photo captures the reflection as the kneeling girl and the man behind her. The man is removed from the final image in the reflection after the panorama is finished.
1233-2,"Yes, the reason for the two reflections in the photo is due to the use of a panoramic camera function that combined multiple images."
1233-3,"No, image synthesis technology is not the reason for the two reflections in the photo. The photo uses a panorama and reflection to create the image."
1233-7,A
1235-0,7
1235-1,"According to the pattern, 4 plus 3 equals 4. The pattern involves multiplying the first number with the integer 2 numbers away from it, so 4 + 3 equals 4 multiplied by 1, which is 4."
1235-2,"No, based on the pattern in the video, 4 + 3 does not equal 37. The video displays equations with both addends being the same number. Additionally, with the demonstrated pattern, the solution for 4 + 3 would not be equal to 37."
1235-3,"No, according to the pattern in the video, 4 + 3 does not equal 412. The video presents a pattern for n + n, not n + x, where n and x are distinct values."
1235-7,E
1236-0,"Yes, the method is useful to produce correct calculation results. The trick works by removing the zero from the dividend and multiplying the rest of the number by 2."
1236-1,"Yes, the method demonstrated in the video does effectively yield accurate calculation results. The method shown is mathematically equivalent to dividing by 5."
1236-2,"Yes, the method shown in the video is effective in producing accurate results for the division problems. This is because dividing a number ending in zero by 5 is the same as dividing that number by 10 and then multiplying by 2."
1236-3,"No, the method does not involve squaring any numbers. The presenter effectively divides the number by 10 and then multiplies the result by 2, which is mathematically equivalent to dividing by 5."
1236-7,C
1237-0,"According to the video, the answer of 9+9=? is 63. One explanation for this answer is to multiply the first number by an incrementing number, such as 4x2=8, 5x3=15, 6x4=24, 9x7=63."
1237-1,"According to the pattern, the result of 9 + 9 is 63. The pattern is based on a series where the difference between the answers increases by 2 each time."
1237-2,"Yes, based on the pattern in the video, the equation 9 + 9 would result in 63. The pattern seems to be multiplying the sum of the two numbers by an increasing factor or applying a different logic to each equation."
1237-3,"No, according to the pattern in the video, 9 + 9 equals 63. The pattern is to multiply the number by an incrementing factor: 4*2, 5*3, 6*4, thus 9*7=63."
1237-7,B
1239-0,"Yes, the method is useful to produce correct calculation results, since the method showed the correct multiples of 19."
1239-1,"Yes, the method does help in achieving accurate calculation results as it presents the correct products of 19 multiplied by numbers 1 through 10."
1239-2,"Yes, the method is effective in producing correct results for the multiplication table of 19. The method entails writing odd numbers in ascending order from 1 to 19, and then writing numbers in descending order, starting from 9 to 0."
1239-3,This method produces the correct result for the multiplication table of 19 but is not as efficient as the normal method because it takes more steps to arrive at the correct answer.
1239-7,B
1242-0,"The magic show was a success as the man moved the dollar bill to his ear, unbeknownst to the woman watching."
1242-1,The outcome of the man's magic trick was that the dollar bill disappeared. He made it vanish from the table using a cup and some slight of hand.
1242-2,"Yes, the man's magic trick succeeded in surprising the woman by making money appear under the cup. The woman looked very surprised."
1242-3,"No, the man's magic trick did not fail because the object remained visible. The trick was not about making an object disappear. Instead, the goal was to produce a second dollar bill, which the man successfully did."
1242-7,A
1255-0,"The man ran underneath the parachute after the color ""yellow"" was called."
1255-1,"Yellow was called, prompting the man to run underneath."
1255-2,"Yes, the man did run underneath after the color yellow was called. He excitedly jumps and runs under the parachute when he hears his color called."
1255-3,"No, the man does not run underneath the parachute when the color red is called."
1255-7,A
1260-0,"The man in black looks surprised because the man in white plays a reverse UNO card, meaning that he will have to eat again."
1260-1,"The man in white finishing eating first, followed by the appearance of the troll face filter and animated additions, is the reason why the man in black appears shocked at the conclusion of the video."
1260-2,"Yes, the man in white is surprised because the man in black ate all the food on his plate, and the man in white's plate is now empty."
1260-3,"No, the man in white is not surprised, because the food wasn't spicy to him."
1260-7,C
1261-0,The two men are visible in the reflection because they are there to create the shot by holding the mirror and throwing pages.
1261-1,"The presence of two men in the reflection of the woman reading under the tree is achieved through digital editing and image compositing, allowing the creator to add these elements to the reflection after the initial photograph was taken."
1261-2,"Yes, the presence of two men in the reflection could be due to the photos being intentionally shot and edited together. The set up shows the men holding lights, and the final product integrates them into the reflection in a creative way, suggesting intentional combination during editing."
1261-3,"No, the reflection of the two men at the beach is not created by using a mirror placed on the ground. The mirror is placed on an easel."
1261-7,D
1262-0,"After she held on the performer's arm and the performer moved, the girl gets emotional and starts crying as she thinks she broke his leg."
1262-1,"After grabbing the performer's arm, the girl in the pink top felt scared and like she broke the statue, because he moved."
1262-2,"Yes, she felt worried and scared right after she touched the performer's arm. She immediately started crying."
1262-3,"No, the girl in the pink top did not feel curious and amused after she held the performer's arm. After she touches the arm she recoils and calls for her dad in a worried tone, which indicates that she is more scared and shocked than curious and amused."
1262-7,A
1275-0,"The person in the blue shirt wins the challenge. He successfully fills the glass with water, using surface tension to his advantage, and then drinks all of the water."
1275-1,"The man in the blue shirt is the winner because he successfully fills the glass with water without spilling any, and then he drinks it."
1275-2,"No, the person in the blue T-shirt did not lose the challenge, he won the challenge. The people in the purple and pink shirts lose the challenge, while the people in the blue, brown and red shirts win."
1275-3,"Yes, the person in the blue shirt won the challenge. The person in the blue shirt successfully added water to the glass without spilling, even when the water is above the brim."
1275-7,C
1276-0,The lemon icon shows the participants in the gummy challenge and if they succeeded in the challenge. A checkmark in the lemon icon denotes that they passed the challenge.
1276-1,The lemon icon displayed at the top of the video represents the gummy lemon that the family is challenging themselves to eat.
1276-2,"Yes, the lemon icon at the top of the video represents different sizes of lemons that participants are challenged with."
1276-3,"No, the lemon icon at the top of the video likely indicates the size of the gummy lemon being eaten in the challenge, not the level of sourness."
1276-7,D
1278-0,"The difference in the number of attempts in the first two challenges is 0, since both challenges were completed on the first try."
1278-1,"The difference in the number of attempts between the first two challenges is 15, because the first challenge of plugging the phone in was achieved after 16 hours of attempts, while the second challenge of landing the mini wine bottle into the ice bucket was accomplished on the first try."
1278-2,"No, the difference in the number of attempts between the first two challenges is not one. The first challenge was completed on the first try, and the second was also completed on the first try. Thus, the difference is zero."
1278-3,"No, the difference in the number of attempts between the first two challenges is not more than two."
1278-7,D
1283-0,"The kid in the green uniform in the far-left lane runs the fastest at the end of the video, appearing far ahead of all the other racers."
1283-1,The boy in the green and yellow suit is the fastest runner. He wins the race in the video.
1283-2,"Yes, the child in the red outfit, positioned in the middle of the five runners, is the fastest at the end of the video. He wins the race."
1283-3,"No, the child in the green outfit is not the fastest runner at the end of the video; they are in last place."
1283-7,C
1288-0,"The blond man looks annoyed at the end of the video, because the woman ruined his martial arts demonstration with the towel."
1288-1,The blond man appears surprised and maybe a little hurt. This is because he was hit on the back with a stick by the woman.
1288-2,"Yes, the blond man seems frustrated because the woman behind him revealed the trick. He looks annoyed and even speaks to the woman after she hits him."
1288-3,"Yes, the blond man does feel playful and energetic at the end of the video because he is laughing and continuing to perform kung fu moves."
1288-7,D
1290-0,"At the end, the man yells in pain."
1290-1,"At the conclusion of the video, after hitting his head on the wall, the man cries out in pain. He is then seen with an almost blank expression, likely processing the pain he is feeling."
1290-2,"Yes, the man shows signs of shock and pain at the end. After he misses with the pillow and hits the wall, he screams."
1290-3,"No, the man does not seem amused or entertained at the end. He hits his face on the wall and makes a crying sound. The comments also support this view, describing his reaction as negative."
1290-7,C
1293-0,The bottle cap was flown by suspending the bottle cap in mid-air with a string.
1293-1,"In the second scene, a piece of string attached to the bottlecap was used to make the bottlecap appear to fly, making it seem like it was suspended in the air."
1293-2,"Yes, the bottle cap in the second scene was made to look like it was flying by using a thin string and clever camera angles."
1293-3,"No, the bottle cap was suspended in the air by a string."
1293-7,D
1294-0,"A piece of meat appeared on the grill because it accidentally fell from a hot air balloon that had someone cutting meat on board, creating a comical, unexpected event."
1294-1,"The piece of meat fell onto the grill because it was dropped from a hot air balloon. At the beginning of the video, a man was cutting meat in a hot air balloon. The meat fell from the sky and landed on the grill."
1294-2,"Yes, the piece of meat landed on the grill because it was dropped from a hot air balloon. The opening scene shows a man slicing meat in a hot air balloon, and the following scene shows the meat falling from the sky onto the grill, implying that the meat came from the hot air balloon."
1294-3,"No, the piece of meat did not appear on the grill because someone placed it there using tongs. It fell onto the grill from above, as a humorous surprise."
1294-7,D
1298-0,The man's football did not return to him because he missed his kick.
1298-1,The man's football did not come back to him because the boy kicked the ball into the barrel.
1298-2,"No, the man's football did not land in the blue bucket. It missed entirely."
1298-3,"No, the man's football was not unable to return because a dog intercepted it. There is no dog in the video."
1298-7,B
1299-0,"The elevator door closed because the woman inside the elevator wanted it to close. She was likely pressing a button inside the elevator to close the door, preventing the other person from entering."
1299-1,The elevator door shut after the first woman hit the close door button.
1299-2,"No, the elevator door does not close automatically. Sofi had to keep holding the elevator doors open by manually interfering with them."
1299-3,"No, the person outside of the elevator pressed the button to close it."
1299-7,B
1307-0,"After passing the ramp, the tire on the right moved significantly faster than the one on the left, creating a large separation in forward distance."
1307-1,"The speed difference increases until the tires pass the ramp. After this point, the speed difference is approximately constant."
1307-2,"No, the tire that initially lagged behind does not surpass the leading tire in speed or distance after the ramp."
1307-3,"No, the tire that takes the lead at the start does not remain in the lead all the time. The second tire eventually overtakes the first tire and maintains the lead."
1307-7,C
1308-0,The missile's speed increases throughout the animation.
1308-1,"The missile's speed increases dramatically throughout the animation. It starts at a normal speed, and then drastically increases to being seven times the speed of sound."
1308-2,"No, the black missile in the animation does not first decelerate to match the bullet's speed before accelerating rapidly."
1308-3,"No, the speed of the missile does not keep increasing. It is stated to travel at seven times the speed of sound."
1308-7,A
1310-0,Michiel completed the game faster than Celine. Celine dribbled each ball individually while Michiel kicked all the balls at once.
1310-1,"Michiel finished the challenge in the shortest amount of time. He was able to kick the soccer balls further and run to catch up to them, finishing before Celine."
1310-2,"Yes, Michiel completed the game faster than Celine."
1310-3,"No, Celine did not finish the game faster because she had more soccer ball icons above her name. The icons simply represent the number of balls they had dribbled."
1310-7,B
1312-0,"No, the treadmill is not running while the person in the video is sleeping."
1312-1,"Yes, the treadmill was active while the person was trying to sleep in the video. The treadmill is moving which makes it more difficult to sleep on."
1312-2,"Yes, the person in the video had to crawl forward to avoid falling off the treadmill because it was running while they were sleeping."
1312-3,"Yes, the treadmill belt was stationary while the person was sleeping in the video."
1312-7,C
1318-0,"At the end of the video, the daughter looks annoyed. She is looking off to the side, away from her father, and does not appear to be amused by his cat impersonation."
1318-1,"At the conclusion of the video, the daughter seems unimpressed and possibly annoyed. This is implied by her unchanging expression and the fact that she maintains a very straight face throughout her dad's antics."
1318-2,"Yes, the daughter seems speechless at the end. She is watching her father with a blank expression."
1318-3,The daughter does not appear amused and entertained by her father's antics at the end. She remains on the couch with a neutral facial expression.
1318-7,D
1321-0,
1321-1,
1321-2,
1321-3,
1321-7,
1324-0,"At the end of the video, the man is shocked and surprised, and the woman is amused and relieved. These emotions are caused by the fact that the man was very close to breaking a living animal in half without noticing."
1324-1,"At the end of the video, the woman feels alarmed and the man feels shocked and relieved. This is because the man was about to break a dog in half, but he was stopped just in time by the woman."
1324-2,"Yes, the man and woman experience shock. The man looks down and looks shocked that he almost split the dog in half. The woman also yells out in shock."
1324-3,"Yes, the man and woman appear to be in a light-hearted and playful mood at the end of the video because of their interaction with the fluffy white dog. The woman is hugging the dog and appears to be laughing, and the man has a surprised and relieved expression on his face, suggesting a sense of playfulness and relief that the dog was not harmed."
1324-7,C
1329-0,The mood of the woman is annoyed at the end of the video. This is likely because her husband interrupted her yoga practice and disrespected her by acting like a king and expecting her to bow to him.
1329-1,The woman feels playfully shocked and amused at the end of the video. This mood is caused by her husband pretending to be a king and expecting her to bow before him while she was in her yoga pose.
1329-2,"No, the woman's mood at the end of the video does not reflect frustration or anger. Her reaction seems playful, as she is seen chasing the man in a lighthearted manner after playfully hitting his arm."
1329-3,"No, the woman's mood at the end of the video is not one of confusion and curiosity, as she does understand the man's action completely. The question marks above her head suggest that she is merely surprised by his actions. This is because after she rises up, the man puts his hands in the air in defense in a playful manner as if saying "" I give up"". Then, she smiles and playfully chases after him."
1329-7,D
1344-0,The child smiles because the baby realizes that the injection did not hurt as much as they initially thought.
1344-1,The child smiles after receiving the injection because they realize the pain wasn't that bad.
1344-2,"Yes, the child smiles after the injection because the pain subsides once the needle is removed."
1344-3,"No, the child's smile after the injection appears to be more related to the realization that the pain wasn't as severe or long-lasting as initially perceived, rather than direct comforting from someone nearby."
1344-7,C
