qid,pred
0008-0,"The first two people use outside objects to break the tops off the bottles, while the last person uses a physical strike by hand to break the bottle top."
0008-1,"The last person breaks the entire top of the bottle off with their finger, while the other individuals attempt to pry off the cap using tools or the environment."
0008-2,"Yes, the last person opened the bottle without using a knife by flicking the top of the bottle off with their fingers."
0008-3,"No, the last person in the video did not use a knife; he attempted to open the bottle with a spoon and a finger flick, ultimately shattering the bottle. The first person used a knife but failed, and the second person used a countertop and failed."
0008-7,D
0012-0,
0012-1,
0012-2,
0012-3,
0012-7,
0016-0,"Initially, the person is facing to the right. The optical illusion works by creating an image where the face's direction can be perceived differently after inverting the image and viewing it from a different angle."
0016-1,"The person in the image is looking both forwards and to the side, creating a visual illusion. This becomes more apparent when the video is turned upside down, and watched from the top of the screen without blinking, as the narrator instructs."
0016-2,"Yes, it is likely the person is facing both sideways and forward due to photo editing. This is an optical illusion and the image has likely been manipulated."
0016-3,"No, the person is not facing forward because of the symmetry of the shoulders. The illusion makes it seem the person is facing forward."
0016-7,B
0036-0,"The machine can cut the zucchini so thinly because the blade is spinning at a high speed. It appears to spin slowly because of the stroboscopic effect, which occurs when the camera's frame rate is synchronized with the rotation speed of the blade, creating the illusion of slow movement."
0036-1,"The machine appears to slice the zucchini thinly despite the blade appearing to spin slowly because the blade is actually rotating at a very high speed. The camera's frame rate is synchronized with the blade's rotation speed, creating an illusion that the blade is moving slowly. The high rotational speed enables the machine to slice the zucchini into thin pieces."
0036-2,"Yes, the machine cuts the zucchini so thinly because the blades are indeed spinning at a high speed. Although the blades may appear to be moving slowly due to the stroboscopic effect, their high rotational speed is what allows them to slice the zucchini into such thin pieces."
0036-3,"No, the machine is not cutting the zucchini thinly because of its sharpness at a slower speed. In fact, the blades are moving very fast, but the camera's frame rate creates an illusion of slow movement. The blades are able to cut so quickly and thinly because of their sharpness and the fast speed at which they are spinning."
0036-7,A
0037-0,"There are at least 5 artificially edited parts of the video: the cup moving erratically, the man turning into a blocky model, the checkerboard ERROR effect, the infinite ping pong balls, and the version of himself running across the screen."
0037-1,"There are 5 sections of the video that clearly show signs of artificial editing. These include the flickering of the ping pong ball and cup, the changing of the man's character model into a low-poly version, the changing of the man's character model into an error model, the man splitting into several instances of himself, and the ping pong ball filling up the cup."
0037-2,"Yes, the video is edited in multiple parts to create the effect of video game glitches. The video utilizes cuts, digital distortions, and graphical overlays to make it seem like the character and objects in the video are glitching out."
0037-3,"No, the video is not edited in only one part. The effect of video game glitches is created through edits that are applied throughout the video to enhance the theme."
0037-7,E
0038-0,The last person was able to snap off the cap so easily because he has immense power in his finger and was able to apply enough force to snap off the cap with a simple flick.
0038-1,The reason that the last person was able to break off the bottle cap so easily was that he had already weakened the seal by hitting the bottle cap several times with the spoon.
0038-2,"Yes, the last person in the video successfully broke the bottle with ease."
0038-3,"No, the last person did not use a lighter. The man attempted to use a spoon, but broke the bottle with a flick of his finger."
0038-7,C
0064-0,"The room went dark after the stick figure character closed the door because the lamp fell off of the dresser and broke, making the room go dark."
0064-1,The room became dark because the lamp fell to the floor and broke when the stick figure character slammed the door.
0064-2,"No, the room went dark because the stick figure character slammed the door, causing the lamp to fall over and break."
0064-3,"No, the room did not go dark because the stick figure character accidentally hit the light switch when closing the door. The lamp on the dresser was knocked over, which is what caused the room to go dark."
0064-7,A
0070-0,"The person in the video poured the water two times. He first pours the water and is surprised that it runs down the side of the mug. He then has an idea and pours the water again, but the same thing happens."
0070-1,"The person pours water two times in the video. On both attempts, the water goes down the side of the mug instead of pouring into the other mug."
0070-2,"Yes, the person in the video poured the water twice. The video shows him pouring the water, then pausing, then pouring water again."
0070-3,"No, the person in the video poured the water twice. The man tips the green mug to pour water into the gun mug but the water pours down the side of the mug each time."
0070-7,D
0080-0,"The purpose of beating the balloon is to mix the baking soda and vinegar together, which causes the balloon to inflate due to a chemical reaction that creates carbon dioxide."
0080-1,"You need to hit the balloon in this activity to break the barrier between the baking soda and vinegar so they can mix. When these two ingredients combine, a chemical reaction occurs, producing carbon dioxide gas, which inflates the balloon."
0080-2,"No, the purpose of hitting the balloon seems to be more for comedic effect due to the aggressive nature of the punching and table slamming, rather than to create a fun and interactive toy."
0080-3,"No, the purpose of hitting the balloon is not to make it pop loudly, but to mix the substances inside and cause a chemical reaction to inflate the balloon."
0080-7,A
0081-0,"The man puts his hand on his face because the woman is dancing, and she is doing a move that involves wiping her nose. The man copies her movements by wiping his nose with his hand."
0081-1,The man covers his face with his hand likely because he is embarrassed or amused by the woman's dancing.
0081-2,"No, the man did not cover his face to transfer the cat face filter to the girl next to him. The girl already has the cat face filter on her face when the video starts."
0081-3,"No, the man did not put his hand on his face as part of a synchronized dance move. Instead, it appeared to be in response to the woman's actions."
0081-7,D
0083-0,"The daughter enters her room several times to highlight the mom's changing attitude towards the dog, from initial rejection to eventual acceptance and affection, even to the point of considering it her ""favorite child."""
0083-1,"The daughter's repeated entries into the room, despite initially being told to leave, convey a message of persistence and a desire for validation. She keeps coming back, initially to showcase the dog, then to eavesdrop and catch her mother's contradictory behavior. The repeated entrances emphasize her determination to expose the mother's growing affection for the dog, despite her initial rejection. The final entry, where the daughter catches her mother, is the culmination of this persistence."
0083-2,"Yes, the daughter is trying to uncover her mother's true feelings about the pet dog by entering the room multiple times and eavesdropping. The daughter suspects her mother's initial reaction is not her true feelings and is trying to catch her mother behaving affectionately towards the dog."
0083-3,"Yes, the video does show the daughter repeatedly entering the room to announce the pet dog, highlighting cultural differences, specifically referencing Asian stereotypes regarding strict parenting and emphasis on academic achievement."
0083-7,D
0099-0,There are 2 zoomed-in close-ups in the video. They occur at 0:19 and 1:51.
0099-1,"There are 2 zoomed-in close-ups in the video. There is a zoom at 0:19-0:23, which zooms into the center of the image, and the zoom at 1:50 - 1:59, which zooms in on the edge of the image."
0099-2,"Yes, there are two zoomed-in close-ups in the video, both focusing on the geometric pattern: one at the beginning and one at the end."
0099-3,"Yes, the video contains 10 zoomed-in close-ups of the geometric pattern. These close-ups occur at the following timestamps: 0:19, 0:23, 0:25, 0:28, 0:30, 1:50, 1:52, 1:54, 1:56 and 1:58."
0099-7,A
0101-0,"The man teleports in the following sequence:
1. Bookshelf
2. Under the sofa
3. Cardboard box
4. Behind the dog"
0101-1,"The man appears in the following order: In the bookshelf, in the couch cushions, inside the cardboard box, and finally behind the blanket."
0101-2,"Yes, the man appears to teleport to the bookshelf, couch, cardboard box, and back under the blanket in the video."
0101-3,"No, the man does not first teleport to the bookshelf, then to the cardboard box, then to the couch, and then return to under the blanket. He first teleports to the bookshelf, then to the cardboard box, and then returns to under the blanket. He never teleports to the couch."
0101-7,B
0113-0,There are two buildings demolished throughout the video. One building is a tall high rise that is shown getting blown up in the middle of the video. The second building is a smaller water tower that is shown getting demolished by an excavator at the end of the video.
0113-1,Two buildings are taken down in the video. The video shows a skyscraper and a water tower falling.
0113-2,"Yes, two buildings are demolished in the video. The first building is a high-rise building shown being demolished at [01:00-01:17], and the second building is a water tower shown being demolished at [01:50-01:58]."
0113-3,"No, the video demolishes multiple buildings. In the middle of the video a building is imploded and at the end of the video, a partially built building, and a brick water tower are demolished."
0113-7,A
0117-0,One toy car is shown in the video. It is white and blue and is being driven down the sidewalk by a boy in the middle of the video.
0117-1,"There is 1 visible toy car in the video. In the section labeled ""BOYS DRIVING,"" there's a clip featuring a kid in a small white and blue car driving around. This is the only instance of a toy car in the video."
0117-2,"Yes, there is at least one toy car shown in the video clip. It is shown when it transitions to ""boys driving,"" where someone is shown driving a small vehicle on a street that could be considered a toy car."
0117-3,"No, there are only two toy cars in the video clip. There is a white toy car and a yellow toy car."
0117-7,D
0118-0,"At the beginning of the video, the man is seen using his right index finger to push the canisters off the ledge to the ground."
0118-1,"At the start of the video, the person taps one of the bottles. This causes all of the bottles to fall off the wall."
0118-2,"No, the person pushes the bottles off of a ledge, causing them to fall and break."
0118-3,"Yes, the person pushes the bottle with their hand. More specifically, they flick the first bottle with their finger."
0118-7,A
0127-0,"The video shows four watches. The watches are all black with black bands, and each watch has a brake rotor with a caliper. The colors of the brake calipers and the matching hands are red, gold, red, and green."
0127-1,A total of six watches are displayed in the video. The first watch has red brake calipers and black rims. The second has gold brake calipers and black rims. The third has red brake calipers and black rims. The fourth watch has red brake calipers and black rims. The fifth watch has red brake calipers and black rims. The last watch has green brake calipers and silver rims.
0127-2,"Yes, there are four watches shown in the video, each with different colored accents: red, gold, red, and green."
0127-3,"Yes, there are five watches shown in the video. They are all different colors."
0127-7,B
0129-0,"Only one man appears in the video, and he is the photographer at the end."
0129-1,There is one male figure shown in the video. He is standing behind the camera wearing a black shirt and a hat. The photographer is also seen in the last picture assisting in the process of the photo.
0129-2,"Yes, there is only one man in the video. He appears at the end, taking a photo of the woman."
0129-3,"Yes, there are two men in the video. One is holding the string for the balloon. The other man is holding the camera for the avocado photo."
0129-7,C
0133-0,
0133-1,
0133-2,
0133-3,
0133-7,
0142-0,"The purpose for the character in costume to put a small piece of white tape on the handrail is to track its progress to ensure the entire handrail gets cleaned. This is because the handrail is continuously looping, and without a marker, it would be difficult to know where one started cleaning."
0142-1,The character in costume places a small piece of white tape on the handrail to mark the starting point for cleaning. This ensures he cleans the entire handrail as it rotates.
0142-2,"The purpose for the character in costume to put a small piece of white tape on the handrail is to mark the spot where he started cleaning. That way, he knows when he has gone around the entire handrail to the starting point and when to stop wiping."
0142-3,"No, there is no evidence of tape being used to attract dust. There appears to be tape already attached to the side of the armrest that Spiderman is cleaning."
0142-7,C
0146-0,"The color of the car changes at least three times in the video. It initially starts as a light blue car with gold rims, then changes to lavender and silver to match the outfit of the person passing by. It then changes to green to match the outfit of the person passing by, and finally changes to red to match the outfit of the last person walking by the car."
0146-1,"The car changes color four times in the video. It initially changes as it drives by the person recording, then again when the man in the blue outfit walks by, and again when the man in the green suit walks by. Finally, it changes color to match the woman's red dress as she approaches it at the end."
0146-2,"Yes, the car in the video appears to change color four times after the first color, which is black, as someone wearing different colored outfits walks past it."
0146-3,"No, the car in the video changes color three times, starting with light blue, not just blue."
0146-7,B
0151-0,The person holding the potato is wearing a red top with white trim. This is shown when the person is holding the potato between timestamps 00:01:07 and 00:01:24.
0151-1,The person holding the potato at the point in the video where they are poking a straw through a potato is wearing a red shirt. The shirt has a buttoned-up neckline and she has long brunette hair.
0151-2,"Yes, the person holding the potato is wearing a red coat and has long brown hair."
0151-3,"Yes, the person holding the potato is wearing a light pink hoodie and a black cap. This can be confirmed at 01:07 in the video."
0151-7,B
0152-0,"In the video, the tools for fixing the position of the pages are blue elastic bands. The person uses these bands to hold the folded pages in place, allowing them to continue folding and shaping the book into the word ""MASTER""."
0152-1,"The tool used in the video to secure the pages in place is a thin blue stretchy cord. The video shows two of these cords wrapped around the book to hold the pages in place while the person folds the pages to create the word ""MASTER""."
0152-2,The tool used to fix the pages in the video is not a blue retainer. It is a blue elastic band or string.
0152-3,"No, the tool used to fix the pages in the video is not a rubber band. The pages are secured by two blue elastic bands."
0152-7,B
0154-0,
0154-1,
0154-2,
0154-3,
0154-7,
0162-0,The golfer in the video successfully hits the target one time. The golfer strikes the bell in the opening scene. All other objects in the video are missed.
0162-1,"The golfer only hits one target in the video. At the start of the video, the golfer successfully hits the bronze bell, causing it to ring. All other objects shown in the video are missed by the golfer."
0162-2,"No, the golfer hits the target twice in the video. At the start of the video, the golfer hits a bell. Later, the golfer hits a lightbulb."
0162-3,"No, the golfer hits the target 11 times in the video."
0162-7,A
0167-0,"The woman is surprised because the pencil is standing up straight when the man opens his hands, after he put his hands together in a fist, seemingly trying to break the pencil."
0167-1,"The woman feels astonished when she attempts the same trick with the pencil that the man performed, and the pencil unexpectedly breaks in half."
0167-2,"Yes, the woman is surprised when the pencil breaks. Throughout the video, the pencil surprisingly does not break when the man attempts to break it. Therefore, when they both apply pressure together, the woman is visibly shocked when the pencil finally breaks."
0167-3,"Yes, the woman is surprised when the man manages to ""break"" the pencil, as evidenced by her surprised facial expression at the end of the video when the man breaks the pencil."
0167-7,B
0169-0,The woman pours juice into the mold twice in the video.
0169-1,"The woman fills the mold with juice two times in the video, once with orange juice and once with red juice."
0169-2,"No, the woman does not pour juice into the mold twice in the video. The woman pours the juice into the molds once."
0169-3,"No, the woman pours juice into the mold twice. She pours orange juice in first, then pours red juice."
0169-7,A
0179-0,
0179-1,
0179-2,
0179-3,
0179-7,
0198-0,"There are 12 photos about “old me” played in the video in total. These photos and clips depict her doing well in school, having good habits, and enjoying her hobbies."
0198-1,There are 12 images labeled 'old me' in the video.
0198-2,"Yes, there are 12 photos labeled ""old me"" in the video."
0198-3,"Yes, the video includes a photo of 'old me' reading a book at a desk twice. The first time it appears at the very beginning of the video, and it appears again very shortly after that."
0198-7,B
0217-0,The time lapse of the demonstration of capillary action lasted precisely 10 seconds. This is determined by the beginning (0:19) and ending (0:29) frames that time lapse footage is shown.
0217-1,"The capillary action demonstration in real time, as shown in the video, had a duration of 11 seconds. This is calculated from the point where the paper towels are set up until the time the video starts playing at 8x speed."
0217-2,"Yes, the time lapse of the capillary action demonstration lasted one hour and fifteen minutes according to the clock in the video."
0217-3,"No, the time lapse of the capillary action demonstration did not last precisely 2 hours. The video shows a time lapse sped up by 8 times."
0217-7,A
0242-0,"According to the video, the two orange cats jumped away in the scene with a kitchen countertop and a person in a red hat because the person meowed like a cat, startling the animals."
0242-1,"The two orange cats leap away at the sound of the man's voice. The man makes a loud noise, which makes them jump in fright."
0242-2,"Yes, the two orange cats jumped away because the person in the red hat used a party blower."
0242-3,"No, the two orange cats did not jump away because they were frightened by a toy snake."
0242-7,D
0248-0,"The person in the foreground, the artist, is meticulously painting a hyperrealistic portrait of a woman's face covered in water droplets. They are using a fine-tipped brush to add highlights, shadows, and detailed textures to bring the painting to life."
0248-1,"The person in the foreground is engaged in painting. They are meticulously adding details to a hyperrealistic portrait, focusing specifically on highlighting individual water droplets on the woman's face."
0248-2,"Yes, the person in the foreground is painting a hyperrealistic image of a wet-haired woman. The painting is incredibly detailed, accurately portraying the water droplets on the woman's face and the wet texture of her hair."
0248-3,"No, the person in the foreground is likely not under running water. The water droplets appear as individual beads on their face and hair, meticulously painted to achieve a hyperrealistic effect, rather than the continuous flow associated with running water."
0248-7,B
0251-0,"The ball falls off the disc at the end of the video because one of the mechanical straw figures lifts itself up to try to claim it, causing the table to tilt so much that the ball rolls off the edge."
0251-1,"The ball falls off of the disc at the end of the video because one of the straw figures lifts itself up so dramatically, causing the table to tilt so much that it rolls off the edge."
0251-2,"No, the ball was not thrown. The ball fell off because the mechanical figures supporting the table lifted themselves to try and claim the ball, which caused the table to tilt, leading the ball to roll off the edge."
0251-3,"Yes, the ball fell off the disc because the disc was tilted, causing it to roll off due to gravity. The narrator describes the table tilting, which results in the ball rolling further away."
0251-7,D
0256-0,"The ping-pong ball bounces 0 times on the ground. The ball only bounces on the steps, and then lands on the ground at the end."
0256-1,The ping-pong ball bounces 23 times down the stairs.
0256-2,"No, the ping-pong ball bounces 22 times before entering the cup."
0256-3,"No, the ping-pong ball does not bounce 15 times on the stairs. It bounces 25 times."
0256-7,D
0259-0,The man used his right hand to throw away his hat. This can be seen at the 0:05 mark in the video.
0259-1,The man discards his hat with his left hand. The action is shown in the beginning of the video when he misses the first shot.
0259-2,The man used his right hand to throw his hat after failing to score.
0259-3,"Yes, the man uses his right hand to throw away his hat. After missing his first golf shot, he gets frustrated and takes his hat off and throws it away with his right hand."
0259-7,D
0266-0,The yellow rubber band ends up fully looped around the thumb of the right hand.
0266-1,The yellow rubber band is completely wrapped around the right thumb.
0266-2,"Yes, the yellow rubber band is fully looped around the left thumb."
0266-3,"Yes, the yellow rubber band is fully looped around the right thumb."
0266-7,A
0267-0,The first person in the video is hanging and swinging from a white line painted on a red basketball court.
0267-1,"The first person in the video is suspended in the air, seemingly holding onto a white line graphic. He is posing to create the illusion that he is hanging or suspended from the line."
0267-2,"Yes, the person in the video is creating an illusion by laying on the basketball court. They are positioned as if they are hanging from the basketball goal."
0267-3,"The person is leaping in the air, which would also be known as pole vaulting. The first shot depicts the person in the air, suspending themselves with one hand and an object above. This method gives a boost into the air."
0267-7,C
0273-0,"After the Rubik's Cube is solved, the white color is facing up."
0273-1,"The color on the top face of the Rubik's Cube after it is solved is white. By convention, in a solved state, the top face is white."
0273-2,"Yes, the top color of the solved Rubik's Cube is white. At the end of the video, after the boy solves the cube, it is shown that the top color is white."
0273-3,"Yes, the top color of the solved Rubik's Cube is yellow. The video shows the solved cube with the yellow side facing upwards."
0273-7,A
0274-0,A total of six people appear in the video. This includes Beakhyun and five backup dancers.
0274-1,The video features a total of five individuals. This includes Baekhyun and the four other dancers who are part of the dance group showcased in the video.
0274-2,"Yes, the total number of people in the video is seven."
0274-3,"No, the total number of people in the video is five, based on the visible individuals in the frames."
0274-7,A
0276-0,"Yes, it seems that video editing effects are used. It can be inferred from the comments that it is a video trick where the paper is pulled back to reveal an odd shape, creating an illusion."
0276-1,"The illusion of the pen passing under the cube is achieved through two main techniques: First, perspective drawing is used to make the cube look 3D from a specific angle, even though it is just a drawing on paper. Secondly, video editing is used to briefly remove the pencil from the frame as it passes behind the cube, creating the illusion that it is going underneath it and emerges on the other side."
0276-2,"Yes, it is highly likely that the illusion relies on video editing effects like masking to make the pen appear to pass under the cube. The comments section contains multiple claims that the illusion is created through video editing because the pencil would have no way to pass under the drawing."
0276-3,"No, the illusion is not created solely through skillful drawing and perspective without any video editing. The video uses editing techniques to enhance the illusion, such as making the pencil appear to pass behind the cube. While the drawing and perspective are important, video editing is also used to achieve the final effect."
0276-7,B
0278-0,"The writing on the paper is orange, as written with an orange sharpie by the demonstrator."
0278-1,"The color of the text written on the paper in the video is black. At the start of the video the text ""Factor the polynomial. 3x³ + x² - 15x - 5"" is written in black ink."
0278-2,"Yes, the writing on the paper in the video is orange. The presenter writes with what appears to be an orange sharpie marker."
0278-3,"The writing on the paper in the video is red. All the text, including the initial problem, intermediate steps, and final factored expression, are written in red ink."
0278-7,A
0288-0,The knife that the woman is using in the middle of the video is not easy to use. It is shown to be difficult for the woman in the red shirt to slice the potato like vegetable.
0288-1,"The large wrench is difficult to use because it is unable to cut the chain. The small knife is difficult to use to cut the bone. Also, at the end, another small knife is difficult to use to cut the slice of meat, which requires the demonstrator to use two hands."
0288-2,"Yes, the knife with the darker black steel part in the video appears to be not easy to use, because the man in the maroon shirt says ""We have a problem. Take my knife"" when the woman has issues cutting the marshmallow."
0288-3,"Yes, the lighter silver steel knife is the one that is not easy to use. This knife is a smaller, rectangular knife. At the end of the video, this knife is used on a large piece of meat, but the meat is not sliced all the way through. He even states ""We have a problem."""
0288-7,D
0291-0,The rotational movement of the metal rod is caused by the electrical discharges (lightning arcs) emitted from the device. The electric arcs create a force that propels the rod to spin.
0291-1,"The rotational movement of the metal rod was initiated by the force of the electrical arcs emitted from the central point of the device. The arcs created pressure on the rod, causing it to begin spinning. The continuous emission of these arcs maintained the rotational movement of the rod throughout the video."
0291-2,"No, the initial rotation of the metal rod did not start because a human plucked it. The person twirled the rod between his or her fingers."
0291-3,"No, the rotational movement of the metal rod was not caused solely by the interaction between the electric field and the metal rod. The movement is due to the asymmetric distribution of forces exerted by the electric discharges on the rod. These discharges, being streams of charged particles, exert forces that, when unbalanced, cause rotation."
0291-7,B
0292-0,There is one vehicle behind the bus. It appears to be a red car driving behind the bus.
0292-1,"One. In the final photograph, there is one vehicle following the bus."
0292-2,"No, there are multiple vehicles behind the bus. You can see the headlights of at least one more vehicle trailing after the bus."
0292-3,"No, the two sets of headlights are most likely from the single bus's headlights, due to the long exposure and positioning of the light streaks."
0292-7,B
0295-0,"The person holding the yellow bag tries one method, which is attempting to pour the mustard directly from the yellow bag into the mustard bottle."
0295-1,"The person with the yellow bag attempted two techniques. First, they tried to pour the mustard directly from the yellow bag into the bottle. Second, they adjusted the bottle's cap in an attempt to pour the mustard into the bottle."
0295-2,"Yes, the person with the yellow bag tried two methods to pour the contents into the bottle. The first attempt was when he tried to pour the contents from the bag into the bottle, but it didn’t work. The second attempt was after the woman tried to switch the nozzle part of the bottle upside down; he tried to pour the contents from the bag into the bottle again, and this time it worked."
0295-3,"Yes, the person with the yellow bag tried three methods to pour the contents, including pouring it with the top part of the bottle on, removing the top part and then pouring, and removing the cap and then pouring."
0295-7,D
0296-0,"The man does not catch the blue pants on his first attempt because they are shrunken, so he doesn't anticipate the proper distance to throw them."
0296-1,"The man misses catching the blue pants on his first try because of the perspective of where the clothes are hanging. The clothes are further away, and the clothes are much bigger in size. This makes it difficult for the video creator to get the clothes on the line."
0296-2,"No, the reason the man misses the pants on his first attempt is not due to a visual illusion, but because the pants are tiny."
0296-3,"No, the man doesn't catch the blue pants on his first attempt because they are a piece of cardboard that is hanging from the clothesline."
0296-7,D
0303-0,The man stops cycling by dismounting the bike. He smoothly places his feet on the ground after completing the trick and then walks away.
0303-1,The man brings his cycling to a halt by stepping off of the bike.
0303-2,"No, the man does not stop cycling by jumping off his bike and crashing into a cushion. He instead lands the bike jump and hops off the bike and onto his feet."
0303-3,"Yes, the man stops cycling by dismounting the bike and walking away, as he does so near the barrier, celebrating his achievement."
0303-7,B
0304-0,The person initially writes on one layer of paper.
0304-1,"The person starts writing on two sheets of paper. The person reacting asks in the video, ""why is he writing on two different pieces of paper"", confirming that the person is writing on two separate sheets."
0304-2,"Yes, at the start of the video the person initially writes on two layers of paper. He writes the numbers ""12"" on the first piece of paper, then he transitions to the second piece of paper."
0304-3,"Yes, the person initially writes on just one layer of paper. The first numbers ""12"" are written only on the top piece of paper, and the writing then continues across both sheets of paper."
0304-7,D
0308-0,The first military aircraft is taking off from an aircraft carrier.
0308-1,The initial military aircraft is attempting to land on the aircraft carrier.
0308-2,"Yes, the first military aircraft is trying to land on an aircraft carrier but initially failing. The aircraft lands briefly on the deck of the carrier, then immediately takes off again rather than remaining landed."
0308-3,"Yes, the first aircraft in the video is taking off from an aircraft carrier. At the start of the video, the jet can be seen taking off from a military aircraft carrier at sea."
0308-7,A
0313-0,"At the end of the video, the products occupy 10 compartments on the shelf. The shelving unit is 3x4 with a total of 12 compartments, but two are not occupied. Therefore, 10 shelves are occupied."
0313-1,"At the end of the video, eight of the nine sections on the shelf are filled with product."
0313-2,"Yes, the products occupy 9 compartments on the shelf at the end of the video. The shelving unit is a 3x3 grid, and all the compartments are filled with different products."
0313-3,"Yes, the products occupy 10 compartments on the shelf at the end of the video. The shelf has 12 compartments, but two of those compartments contain drawers, so there are 10 compartments for product display. All 10 compartments are occupied by products at the end of the video."
0313-7,B
0319-0,"At the end of the video, the ball is on the dark surface, having rolled off the paper with the diverging lines."
0319-1,"The final position of the ball is along path C, which represents a straight line tangent to the circle at the point where the track is open. This demonstrates inertia, where the ball continues to move in a straight line once the centripetal force is removed."
0319-2,"Yes, the ball ends its motion at position C and is subsequently placed back into the circular wooden piece by the person at the end of the video."
0319-3,"No, the ball does not end up at position A at the end of the video. The ball leaves the ring and travels in a straight line to position C."
0319-7,D
0320-0,"At the end of the video, the parkourist is performing a flip off of a piece of playground equipment."
0320-1,The last person uses a bar to do a flip and land on his back.
0320-2,"No, the last person in the video does not stand on a pole to jump onto the tire. He uses the pole as support to swing his body and land on the tire."
0320-3,"No, at the end of the video, the last person does not perform a parkour move to jump over a fence. Rather, he attempts a flip over a bar at the beach and slams into the sand on his back."
0320-7,A
0321-0,"The group of people are engaging in making a trendy TikTok video. They are performing synchronized hand movements to a classic song, which is a popular format on the platform."
0321-1,The group of people is performing a TikTok trend. They are working together to move their hands in a rhythmic fashion with the music.
0321-2,"Yes, the people in the group are filming a video with a hand gesture choreography, as evidenced by their coordinated hand movements synchronized with the music."
0321-3,"No, the people in the group are not playing a game of rock, paper, scissors. While they make the shapes of a fist and peace sign, there is no ""paper"" shown. They also make the shape of an ""L."""
0321-7,A
0325-0,"The rider flips and jumps in the air while crossing obstacles 5 times in the video.
These occur at:
1. Double Tailwhip - 0:07
2. 360 - 0:30
3. Backflip - 0:37
4. Tailwhip - 0:44
5. Cashroll - 0:52"
0325-1,"The rider performs two flips in the air while navigating the obstacles. These occur at two different points in the video, where the rider does a backflip bar spin and an enormous maneuver that the commentator remarks is ""aural god brce can to life here""."
0325-2,"The statement that the rider flipped and jumped eight times while crossing the obstacles is not entirely accurate. While the rider does perform multiple jumps and flips throughout the run, the exact number isn't eight. The rider executes several impressive aerial maneuvers, including backflips, 360s, and other tricks. The video description does not accurately indicate the number of flips and jumps. The video showcases various stunts beyond just simple flips and jumps. The rider performs a series of complex and technical maneuvers. So, a simple count of eight is an inaccurate simplification."
0325-3,"No, the rider performs the flip and jump more than three times. For example, one flip occurs at 0:09 and another at 0:30."
0325-7,A
0334-0,"The scenes in the video that are not taken in real life are the animated path being drawn with a pencil eraser for a man walking through a maze of paths, as well as the three birds trapped within a hand-held egg beater. This is because the pencil and erasing animation, and the birds trapped in the whisk, would require animation."
0334-1,"The parts of the video that are not depicting real-life scenes are the image of the man eating the sun, the man walking on the road with a pencil erasing, and the whisk holding three birds. The man eating the sun is not real because one cannot eat the sun. The man walking on the road with a pencil erasing is not real because the pencil is erasing the road and allowing him to walk freely. The whisk holding three birds is not a real-life scene because there is no whisk that is that large to hold birds."
0334-2,"Yes, the scene with the pencil erasing the road is likely a digitally created image, as the pencil and the person walking are too sharply in focus compared to the road."
0334-3,"Yes, the scene in the seventh part of the video is not real. The image is a trick of perspective."
0334-7,D
0340-0,"There are 4 drainage channels in the video. At 0:32, the narrator mentions that ""中间用三块空心砖隔出4个出水的孔洞,"" which translates to ""three hollow bricks are used to separate 4 water outlets"". These are the drainage channels."
0340-1,The total number of drainage channels shown in the video is 4. These channels are built to act as floodgates to help mitigate flooding at a 45-degree angle.
0340-2,"Yes, there are four drainage channels visible in the video. At [00:00:32], the man uses three hollow bricks to divide a gap in the wall, creating four separate drainage holes for the dam."
0340-3,"No, there are not five drainage channels shown in the video. There are a total of six drainage channels, four at the top center, and two at the bottom."
0340-7,A
0357-0,"The man in the white T-shirt seems disappointed when he finds a cucumber in his cotton candy. He yells ""oh"" with a tone of disappointment."
0357-1,"The man in the white T-shirt is unhappy and disappointed when he gets nothing at all out of the cotton candy. We can tell this is how he is feeling because he opens his mouth and seems shocked, and the caption says 'what?'."
0357-2,"No, the man in the white T-shirt does not smile wryly or seem disappointed as he takes out his hands. He looks straight at the bowl as his cotton candy dissolves, with no change in expression. After the cotton candy is dissolved, he searches around in the bowl with his fingers, as if trying to find something. Once he realizes there is nothing to be found, he makes a ""what?"" expression and looks at his group of friends with a shrug and slight grin, then looks disappointed."
0357-3,"No, the man in the white T-shirt does not seem satisfied and happy when he takes out the cucumber. His initial ""Ooooh"" changes to a ""Huh"" as he lifts the cucumber. His slightly downturned mouth and questioning gaze suggest that he is not pleased with his prize. Although his friends seem happy that he got something from inside the cotton candy, the man in the white T-shirt appeared confused rather than joyous."
0357-7,C
0358-0,
0358-1,
0358-2,
0358-3,
0358-7,
0368-0,"The man in the video showed 10 scenarios between an adult and a toddler. The different scenarios include eating a snack, being asked to clean up, napping, when someone is showering, eating breakfast, watching a show, cleaning up, after a baby falls asleep, being helpful, and playing with toys."
0368-1,"The man demonstrated a total of 10 scenarios between the adult and the toddler. The scenarios were eating a snack, being asked to clean the room, napping, when someone is showering, eating breakfast, watching TV, cleaning up, right after baby falls asleep, being helpful, and playing with toys."
0368-2,"Yes, the man did show ten scenarios between the adult and the toddler. The video includes scenes comparing how an adult and a toddler behave in different situations.
The ten scenarios are: eating a snack, being asked to do something, napping, when someone is showering, eating breakfast, watching television, cleaning up, after baby falls asleep, being helpful, and playing with toys."
0368-3,"No, the man did not show six scenarios between the adult and the toddler; he showed ten."
0368-7,A
0370-0,There are three girls holding swords at the beginning of the video.
0370-1,Three girls can be seen with swords in their hands at the start of the video.
0370-2,"No, there are three girls holding swords at the beginning of the video, not four."
0370-3,"No, there are three girls holding swords at the beginning of the video."
0370-7,A
0372-0,"At the end of the video, the girl is hanging from the basketball net."
0372-1,"At the conclusion of the video, the girl grabs the basketball net and hangs from it to fake a dunk."
0372-2,"Yes, the girl does pretend to dunk the basketball by hanging on the basket at the end of the video."
0372-3,"No, the girl does not actually dunk the basketball in the hoop at the end of the video. The video uses editing and other tricks to make it seem like she did, but she is only seen hanging from the net and a basketball superimposed over an image."
0372-7,D
0374-0,"The first part of the video features a magic trick using a red balloon and red candy. The magician pulls the candy out of the balloon, eats it, and makes it reappear back inside."
0374-1,"In the initial segment of the video, the magician puts a small red object in his mouth and then makes it appear inside the balloon."
0374-2,"Yes, the magic trick in the first part of the video involved using a balloon and an extra knot. This is because the person removes the tip of the balloon, which is basically a knot."
0374-3,"In the first part of the video, the magic trick was performed by removing an object from the balloon. He is seen pulling what appears to be small pieces of candy out of his mouth."
0374-7,C
0377-0,The man's hand is on the woman's shoulder.
0377-1,The owner of the hand on the woman's shoulder is the man who is sitting next to her on the bench.
0377-2,"Yes, the hand on the woman's shoulder is from the man behind her. The man is sitting beside her and puts his arm around her shoulder."
0377-3,"Yes, the hand on the woman's shoulder in the second part of the video is from the person sitting next to her."
0377-7,B
0410-0,"After the sixth cotton candy is dissolved, the person dips his hands into the blue water, but nothing comes out."
0410-1,"The sixth cotton candy is dipped into the water by the last person in the video. When the cotton candy dissolves, nothing is found inside the bowl. The water is just blue with remaining cotton candy."
0410-2,"Yes, the man finds nothing in the bowl after the sixth cotton candy dissolves."
0410-3,"No, after the sixth cotton candy dissolves, a cucumber is revealed in the bowl."
0410-7,D
0416-0,"The man performing the trick was surprised because the egg disappeared from his hand. He wasn't expecting the egg to vanish, and he didn't know where it had gone, making him as confused as the other man."
0416-1,The man performing the trick was taken aback when he opened his hand and found that the egg had vanished.
0416-2,"Yes, the man was surprised because the ball disappeared under the cup. After the first man did his trick and made the egg disappear, both men were very confused about where the egg went."
0416-3,"Yes, the man was surprised because the egg he showed under the cup disappeared and reappeared in unexpected places. He was intending to show the egg disappear from under the cup, but then discovered the egg was also missing from his own hand."
0416-7,D
0417-0,"The person on the left is trying hard not to laugh because the soldier on the right accidentally draped the Olympic flag over his head while trying to salute. Given the formal setting and the importance of maintaining military decorum, the soldier on the left is struggling to suppress his laughter."
0417-1,"The person on the left is trying hard not to laugh because the flag-waver made an awkward leg movement, which he found humorous. Because of the setting in which the two men are in, it is inappropriate to laugh."
0417-2,"No, the person on the left is not trying not to laugh because of the seriousness of the occasion. He is trying not to laugh because the person on the right accidentally covered his head with the flag."
0417-3,"No, the person on the left is trying not to laugh because of the unexpected and somewhat absurd action of the person on the right, not because of an unresolved personal problem."
0417-7,C
0420-0,"Yes, the cat won the ""which hand"" guessing game. At the end of the video, the cat paws at the correct hand, which then opens to reveal the hidden treat that was being tracked by the cat."
0420-1,"Yes, the cat successfully identified the correct hand. It analyzed the movement of the object and used its observational skills to determine which hand it was hidden in."
0420-2,"Yes, the cat won the game by choosing the hand that held the object."
0420-3,The video does not show whether the cat lost the game by choosing the wrong hand.
0420-7,D
0427-0,"The man achieved taking out a whole watermelon and cutting it through editing, CG, and graphics since the mirror showed him holding air when he picked it up."
0427-1,"He used computer graphics (CG) to make it look as though the watermelon was whole, and that he was holding it when reflected in the mirror. In reality, the watermelon was already cut, and the video editing tricks people into thinking he is pulling a whole watermelon out of thin air and cutting it."
0427-2,"Yes, the man used video editing to create the illusion of taking out a whole watermelon. The seamless loop and the reflection in the mirror not showing him holding anything when he lifts the watermelon suggest the use of editing techniques such as compositing and visual effects to achieve the magical effect."
0427-3,"No, the man likely did not achieve the trick by hollowing out a watermelon rind and placing a peeled watermelon inside. The comments suggest that the illusion is created through editing techniques and CGI. One comment specifically mentions that the reflection in the mirror doesn't show the watermelon in his hands when he picks it up, suggesting the use of digital manipulation to achieve the effect."
0427-7,D
0430-0,"The damage to the phone is caused by overcharging beyond its normal limit, leading to the phone's explosion. The hand crank charger charges the phone to 10,000%, which is not a normal percentage."
0430-1,"The phone appeared damaged because the content creator cranked the blue hand-held device, which caused the battery percentage to rapidly increase to 10,000%, resulting in an explosion."
0430-2,"No, the phone's damage was not just a result of video editing effects. The shattering of the screen is shown and confirmed when the man picks up the destroyed phone and the ""FAKE"" case on the back is revealed."
0430-3,"Yes, the phone got damaged while using the hand-crank charger. The phone's charging percentage rapidly increased to an unrealistic level (10,000%), leading to an explosion and a shattered screen."
0430-7,B
0432-0,The last few targets are launched by the man himself after reloading the shotgun.
0432-1,The last few targets in the video are clay targets launched into the air. The man shoots the targets with a shotgun.
0432-2,"Yes, the last few targets in the video are bullet casings thrown by the man. He ejects or throws them into the air and then shoots at them with the shotgun."
0432-3,"Yes, the last targets in the video were thrown by someone, a woman, standing next to the shooter."
0432-7,A
0435-0,"The only swing that cut the target was the upward slash that the man made with his katana. Although the target did not fall immediately, the cut was clean enough that it only required a light tap to fall after the cut."
0435-1,The man's sword swing at the timestamp 0:03-0:05 successfully hit the straw mat target.
0435-2,"Yes, the man's first sword swing cleanly hit the target. The straw target was cleanly cut but did not immediately fall apart until he pushed it with the tip of his sword. This indicates a successful but subtle cut."
0435-3,"Yes, the man's sword cleanly cut through each section of the straw mat target with every swing. The upper portion of the mat remained standing after the cut, which confirms that the sword completely severed the connection between the upper and lower parts of the target in one swift motion."
0435-7,C
0439-0,The man lights candles in the video. The candles are sitting in a tray of water.
0439-1,The man ignites the candles in the video.
0439-2,"Yes, the man lights a pile of thin candles in the video. At the beginning of the video, the man has lit candles ready to be used in an experiment."
0439-3,"No, the man does not light a small object that looks like a stack of matches. The candles are already lit at the beginning of the video."
0439-7,B
0441-0,"Throughout the ""run,"" the muscular man's legs remain essentially stationary. While he mimics the actions of running such as bringing up each of his legs, the foot barely lifts off the ground and his position does not change, giving the impression of running in place. Both the left and right leg alternate in these actions of mimicry."
0441-1,"During the ""running"" motion, the man's legs remain mostly in place. He lifts them slightly and quickly, but his feet do not travel forward, creating an illusion of running rather than actual forward movement."
0441-2,"The muscular man is not actually running; he is staying in the same spot, as he is moving his arms and legs like a running motion while he stays in place."
0441-3,"Yes, the muscular man's running style involves high knee lifts and a pronounced forward thrust. He raises his knees high with each step, almost to his chest, while forcefully swinging his arms forward, creating the illusion of a forward thrust."
0441-7,B
0452-0,"The dancing man's left leg is a prosthetic limb, while his right leg is his biological leg. The right leg is used for most of his movements."
0452-1,"The dancer's right leg appears to be of typical length and function, and he uses it to support his weight and execute dance moves. His left leg is significantly shorter and does not extend to the ground; instead, it bends at the knee."
0452-2,"Yes, the dancer's left leg is disabled while the right leg is healthy. The video clearly shows that his left leg is shorter and less functional compared to his right leg, which he uses to perform his dance moves."
0452-3,"No, the dancer's right leg shows agility and quick movements, while his left leg is shorter. The dancer frequently uses his right leg for weight-bearing and as a base for powerful spins and balancing moves. He swings his shorter left leg to gain additional momentum."
0452-7,C
0456-0,"The man used a total of six nails in the experiment. He divides them evenly between the two mugs, placing three nails in each."
0456-1,The man used a total of 10 nails in his experiment. He used 5 nails in the glass with the Monster energy drink and 5 nails in the glass with the white vinegar.
0456-2,"Yes, the man used six nails in the experiment, placing three in each cup."
0456-3,"Yes, the man used 14 nails in the experiment, with seven in each mug."
0456-7,D
0463-0,The counter starts counting from the throw that happens at the 00:00:17 timestamp. This is the first throw shown with the counter in the video.
0463-1,"The counter begins to count at 0:00:12 in the video, right before the first throw."
0463-2,"No, the counter does not start counting from the second throw made by the man. The counter starts counting from the first throw made by the man."
0463-3,"No, the counter does not start counting from the first successful basket. The counter shows the failed attempts with an X. Only when the man is successful is a green checkmark displayed."
0463-7,D
0466-0,"There are 6 optical illusion imagery of clever perspective and time freezing shown in the video. These include the seagull next to the man, the plane flying through the sun, the ant holding up the log, the man putting the sun in the other man's mouth, a swarm of birds creating an illusion, and the statue of liberty holding up the contrail."
0466-1,"The total number of images featuring optical illusions in the video is 5. These include the seagull/man image, the plane taking off into the sun, the ant holding the log, the man putting the sun in the other man's mouth, and the Statue of Liberty holding the sun in her torch."
0466-2,"Yes, the video contains 6 images that are related to optical illusions. Images 2, 3, 4, 5, 6, and 7 are related to optical illusions."
0466-3,"No, there are not 5 optical illusion images shown in the video. There are 6 images of optical illusions or coincidental/perspective images shown in the video."
0466-7,D
0468-0,The second person was the individual who successfully walked down the stairs.
0468-1,One person was able to walk down the stairs successfully at the end of the video. The person that went first failed to navigate the stairs successfully.
0468-2,"Yes, the second person successfully navigates the stairs despite the whirlpool effect. This is evident in the video as they are seen reaching the bottom of the stairs and walking onto the floor."
0468-3,"No, the first person was not able to successfully walk down the stairs. They fell after taking only one step."
0468-7,B
0494-0,
0494-1,
0494-2,
0494-3,
0494-7,
0500-0,"There are three ping-pong balls in the video. This can be seen at 0:23 when the ping-pong ball is hit in between two candles, 0:27 when a ping-pong ball is used to be stuck on a dart, and at 0:41 when a ping-pong ball is launched onto a container."
0500-1,The video shows a total of three ping-pong balls. One white ping-pong ball is being struck between two candles and two orange ping-pong balls are shown in separate trick shots.
0500-2,"No, there are not three ping-pong balls featured in the video. The video shows only one white and one orange ping-pong ball, in separate trick shots."
0500-3,"Yes, there are four ping-pong balls in the video. Three of the balls are white and one is orange."
0500-7,A
0501-0,The man in purple has 7 dumplings on his plate.
0501-1,There are six dumplings on the tray of the man wearing purple.
0501-2,"No, the man in purple does not have 5 soup dumplings on his plate. He has 7 soup dumplings on his plate."
0501-3,"No, the man in purple does not have 6 dumplings on his plate. He has 7 dumplings on his plate."
0501-7,A
0512-0,The ping-pong ball hit 6 POTS at the beginning of the video.
0512-1,The ping-pong ball bounces off a total of 5 pots at the start of the video.
0512-2,"Yes, the ping-pong ball hit seven pots at the beginning of the video. The ball rolls off a metal track to hit a sequence of seven pots."
0512-3,"No, the ping-pong ball does not hit only two pots at the beginning of the video. The ball hits six pots at the beginning of the video."
0512-7,B
0520-0,"The letters A, I, V, W, X, and Y need the minimum number of people in the video to make up, with 1 or 2 people in total forming each letter."
0520-1,"The letters that require the fewest people to form in the video are I, V, and W, since these letters were formed by only one person in the video."
0520-2,"Yes, the letters 'I,' 'V,' and 'W' need only one person each to form in the video. This is seen with the use of one person for each of these letters in the video."
0520-3,"No, the letter 'i' is not the only one that needs the minimum number of people to form. Letters 'V' and 'W' also use only one person."
0520-7,C
0522-0,"One man in a baseball cap is seen at the end of the video. Also, the unicorn helmet is not a hat."
0522-1,There is 1 man wearing a hat in the video. One man wears a grey cap while lying on the sand.
0522-2,"Yes, there are two men shown in the video wearing hats. One man is wearing a grey baseball cap, and another is wearing a helmet with a unicorn horn attached to it."
0522-3,"No, there aren't three men in hats. There is only one man in a grey hat, and one man with a unicorn helmet on."
0522-7,D
0525-0,The person not in the wheelchair has one leg.
0525-1,The person who is not in the wheelchair in the video has one leg.
0525-2,"Yes, the person not in the wheelchair appears to have only one leg, which is visible as he runs through the flood water to help the man who fell out of his wheelchair."
0525-3,"No, the person who is not in the wheelchair does not have two legs. He is seen with only one leg."
0525-7,A
0526-0,"In the second video, the man is holding 1 lighter at the start of the second trick. Later on, he's holding 2 lighters."
0526-1,"In the second video, the man is holding two lighters at the end of the trick."
0526-2,"Yes, at the 00:00:25 mark the man is holding two lighters in his hands and proceeds to light them."
0526-3,"No, the man is not holding three lighters in his hands in the second video. He begins the second video with a single lighter. Later, he holds a lighter in each of his two hands, but does not hold three lighters in his hands at any point."
0526-7,B
0530-0,"In the fifth scene, the man in blue kicks a soccer ball."
0530-1,The fifth scene in the video shows a man in blue kicking at three soccer balls stacked on top of each other. The man kicks the top ball in the stack.
0530-2,"No, the man in the blue shirt did not kick the middle ball in the fifth scene. He kicked the top and bottom balls, leaving only the middle ball."
0530-3,"Yes, the man in blue did kick the top ball in the fifth scene."
0530-7,B
0539-0,1 person in the video that aren't in a car are scared by the masked person. The masked person approaches a group of school kids on the sidewalk.
0539-1,"There are two individuals outside of a car who are frightened in the video. In one clip, a group of people are walking on the street and in another clip, a mail carrier is outside of their truck."
0539-2,"No, it is not correct that six people not in a car are scared by the masked person in the video. There are about 5 people on the sidewalk, plus 1 mail person, for a total of 6, but it is more accurate to say 5 since it's hard to tell exactly in the video. The group of children on the sidewalk and the mail carrier were the only individuals not in a car who were scared."
0539-3,"No, that statement is false. Five people are not in a car when they are scared by the masked person in the video. These include the four students walking down the street and the mail carrier."
0539-7,B
0541-0,"There are 14 teeth in the video. The video shows a drawing of a mouth with teeth inside a plastic bag, and the drawing contains 14 teeth."
0541-1,The total number of teeth shown in the video is 14. This is based on the drawing that is featured in the video.
0541-2,"Yes, there are consistently 10 teeth visible in the video from start to finish. The number of teeth in the drawing does not change, though some teeth may appear to disappear or change color due to the refraction effect of water."
0541-3,"No, the number of visible teeth does not decrease to none as the water level rises. While the appearance of the teeth changes when they are submerged, they remain visible."
0541-7,D
0542-0,The video shows the chef sitting under the waterfall while the pizza roll is baking. This scene is a metaphor for time passage in between the cooking of the bread.
0542-1,"The scene that symbolizes the passage of time during the bread's cooking process is when the man sits under the waterfall. This is because after the bread is placed into the cast iron skillet with coals on top to cook, the scene changes to the man sitting underneath the waterfall until the bread is baked to a crisp and golden brown."
0542-2,"Yes, the scene where the person is sitting under a waterfall, appearing to meditate, is used as a metaphor for time passing while the bread cooks. The scene is shown after the stromboli has been prepared and put in the cast iron skillet to bake."
0542-3,"Yes, the scene where the person is bathing under a waterfall is used as a metaphor for the passage of time during the bread's cooking."
0542-7,D
0548-0,"The second thing that a man clips with the car window is a cucumber. At around 0:16-0:22 a man is inside a car holding a hotdog and a cucumber and carrot outside the car window, and is clipping the food with the car window. He first clips a hotdog with the car window and the second item he clips is a cucumber."
0548-1,The second item the man clips with the car window in the video is a green cucumber.
0548-2,"Yes, the man clipped the cucumber with the car window after the sausage."
0548-3,"No, the man does not clip a carrot as the second item with the car window. The man clips a pickle first and then a carrot."
0548-7,B
0551-0,"In the scene with the woman kneeling, the two light switches on the wall are both in the off position."
0551-1,There are no switches on the wall in that scene.
0551-2,The video does not show a switch in different positions in the bucket scene.
0551-3,"Yes, both of the switches on the wall are in the same position. Both appear to be in the down position."
0551-7,B
0552-0,There are 4 slices of bread on the plate that the person is carrying. The clip of the man in the kitchen starts at 01:31.
0552-1,The number of bread slices on the plate held by the person in the kitchen is 4.
0552-2,"No, the person in the kitchen is carrying two pairs of sliced bread on the plate, at 01:32-01:37."
0552-3,"Yes, the person in the kitchen is carrying four slices of bread on the plate."
0552-7,A
0561-0,"The watch appears 12 times in the video, in the photos labeled '2 months', '3 months', '4 months', '5 months', '6 months', '9 months', '1 year', and '2 years'."
0561-1,"The man's watch appears in every frame throughout the video. Because he is taking a selfie in the mirror in every shot, it's clearly visible on his wrist."
0561-2,"No, the man's watch appears 8 times in the video, not 7. It is visible in each of the shots as the dog ages."
0561-3,"Yes, the man's watch appears 10 times in the video. The man takes a selfie with the dog in the bathroom mirror ten times, and his watch is visible in each photo."
0561-7,D
0566-0,"The narration doesn’t directly address the scenes with the broken plant pot. However, based on the video's visuals, the broken plant pot is a metaphor for the waste one produces and the feeling of impurity one experiences after using the bathroom, emphasizing the need for cleanliness."
0566-1,The broken pot of plant is one of the images shown to represent messiness and the necessity of cleaning products.
0566-2,"Yes, the scenes with the broken pot of plant likely symbolize the mess and the ineffective cleaning process associated with only using rolled toilet paper. The subsequent attempts to clean the mess further illustrate the shortcomings."
0566-3,"Yes, the scenes with the broken pot of plant highlight the effectiveness of Neve toilet paper and wipes in cleaning up messes. The video uses montage to associate Neve products with the act of cleaning up various messes, suggesting the product is highly effective in these types of situations."
0566-7,B
0567-0,"The color of the hair of the third people in the video ranges from black and brown. The third people are the children and adults at the end, who are receiving the fruit cereal and yogurt, and their hair colors vary."
0567-1,"The hair color of the third individual shown in the video is black. This is because after the first two men, the video transitions to a woman who is seen preparing the cereal and yogurt, and she has black hair."
0567-2,"No, the third person in the video is not the one with long black hair. The third people are the ones that the woman is giving the yogurt and cereal to. They have different appearances and hair styles."
0567-3,"No, the third person is a child with dark hair and not the person with blonde hair. The first person in the video is the man with blonde hair, the second person is the woman with dark hair, and the third person is a child with dark hair."
0567-7,A
0571-0,The ring is worn on the ring finger of Chris Ramsay's left hand.
0571-1,The ring is on his ring finger.
0571-2,"Yes, at the start of the video, the man wears a ring on the middle finger of his left hand."
0571-3,"Yes, the man's ring is worn on the ring finger of his right hand in the video. At 0:01, the presenter's ring is clearly visible on the ring finger of his right hand."
0571-7,A
0575-0,"The little girl in the video is wearing two items on her feet: a pink slipper on one foot and a phone case that looks like a pink slipper on the other foot. The phone case belongs to her mom and was put on her foot by her dad, which is the joke of the video."
0575-1,"The little girl is wearing a pink sandal on one foot, and a cell phone case that looks like a pink sandal on the other foot."
0575-2,"Yes, one of the items on the little girl's feet is a phone with a pink slipper case."
0575-3,"No, one item is a pink flip-flop, and the other item is a pink phone case shaped like a flip-flop."
0575-7,D
0576-0,The girl representing Gen-Z uses a belt. She puts the belt on over her gray sweater to complete the outfit.
0576-1,The Gen-Z woman puts on a belt in the video. She wears a black belt over her gray sweater.
0576-2,"Yes, the GEN-Z girl is the one using a belt in the video. The girl representing the GEN-Z style puts on a black belt over her grey sweater."
0576-3,"No, the Gen-Z girl is the one using a belt in the video. The belt can be seen worn above the skirt and over the sweater."
0576-7,D
0578-0,There are two people in the video: Rowan Atkinson and the man being chased.
0578-1,"The total number of individuals shown in the video is 10 or more, including a man in a grey suit, Rowan Atkinson/Mr. Bean, a construction worker, and additional people in a crowd scene."
0578-2,"Yes, there are at least eight people visible in the video. There are two people at the start: the man in the gray suit and Mr. Bean. There are three construction workers in the middle of the video. And in the last scene, there are at least three additional people in the background, not including the man in the gray suit and Mr. Bean. Therefore, the total number of people in the video is at least eight people."
0578-3,"Yes, there could be at least ten people in the video. There are three construction workers on the one rooftop, the two construction workers on the crane, Mr. Bean, the man being chased, and at least four people on the busy street."
0578-7,A
0580-0,The woman takes four steps running up the curved portion of the wall before reaching the top.
0580-1,The woman took 4 steps before grabbing the horizontal bar at the top of the wall.
0580-2,"No, the girl ran three steps before she reached the top. She can be seen taking three steps before jumping and grabbing the top edge of the wall."
0580-3,"Yes, the girl runs five steps before she reaches the top. She can be seen running up the wall and taking five steps at the start of the video before she jumps and flips to grab the top."
0580-7,B
0588-0,There are five drawers on the table with the globe. The table looks to be a white dresser and is visible at 0:15.
0588-1,There are 6 drawers on the desk with the globe on top. The desk has two columns of drawers with three drawers each.
0588-2,"Yes, at [00:00:15] the desk with the globe appears to have five drawers."
0588-3,"Yes, the desk with the globe does have four drawers. I could see the desk and drawers at 0:15 of the video."
0588-7,B
0589-0,"No, the person in the video did not eat all of the chocolate in six hours. The video transitions to him attempting to drink coconut water and doesn't show the man completing the chocolate challenge."
0589-1,"It is unknown whether the man consumed all the chocolate within a six-hour period, as the video does not specify that he did, only that he ate chocolate for six hours."
0589-2,"No, half of the chocolate was not still uneaten at the six-hour mark in the video. The chocolate bar level was shown to be more than half full at the six hour mark."
0589-3,"Yes, the video shows that it took 12 hours for the person to finish the coconut water."
0589-7,E
0590-0,"At the end of the video, the man in the black jacket screams because there is a spider on his face."
0590-1,The man in the black jacket screamed at the end of the video because a big spider landed next to him.
0590-2,"Yes, the man in the black jacket screamed because someone put a spider toy in his face. At the end of the video, he is on the floor after falling down the stairs, and the man in the red sweater places a toy spider on the face of the man in the jacket. The man in the jacket then screams and flails."
0590-3,"No, the man in the black jacket screams because he has a spider on his face."
0590-7,B
0595-0,"The boy in the video, Michiel, was able to score with the inflatable ball, soccer ball, and tennis ball."
0595-1,"The boy scored with a blue ball, a soccer ball, and a tennis ball. In the video, he performs some ball-handling tricks and kicks those respective balls to score each time."
0595-2,"Yes, the boy successfully scored with a blue exercise ball, a soccer ball, and a tennis ball in the video."
0595-3,"No, the boy did not score with a basketball, a volleyball, and a baseball in the video. He scored with a beach ball, a soccer ball, and a tennis ball."
0595-7,D
0597-0,"The person holding the camera is one of the men sprinting and is in some of the skits in the video. This can be determined by the video being in first-person view, hearing the character's dialogue, and also seeing the same character in some of the skits."
0597-1,"The person operating the camera is running to keep up with the actors and participating in the skit. It can be inferred that the person operating the camera is also an actor, since they're able to keep the actors within the frame of the video."
0597-2,"Yes, the person holding the camera at the end of the video is wearing a light gray jacket and white sneakers."
0597-3,"Yes, the person holding the camera in the video is wearing a white t-shirt and black sneakers. This is visible in the video at 0:21 and 0:28."
0597-7,B
0600-0,The orange ball hits the boy in the back of the head.
0600-1,"The orange ball makes contact with Michiel's head. Celine kicks the orange yoga ball, hitting Michiel in the head."
0600-2,"Yes, the orange ball did hit the boy on his head. He was hit in the back of the head, which caused him to fall off the ball he was balancing on."
0600-3,"No, the orange exercise ball hit the boy in the head, not on his back."
0600-7,C
0603-0,"According to the video, the person who failed twice in a row and lost the heart-shaped pattern in the challenge is someone who struggles to keep their balance during parkour moves. One time he was doing a cartwheel and failed, and another time he was doing a handstand and failed."
0603-1,The person who failed twice in a row and lost the heart-shaped pattern in the video is wearing a blue shirt and blue pants.
0603-2,"Yes, the person who failed twice in a row and lost the heart-shaped pattern is wearing a blue shirt and dark blue pants."
0603-3,"Yes, the person who failed twice in a row and lost the heart-shaped pattern is wearing a red shirt with a white 'm' logo and is standing in a pink hula hoop."
0603-7,A
0607-0,"At the end of the video, the man, who appeared to be stuck upside down on the ceiling, reveals the setup of the shot as his left foot becomes 'unstuck'. He flips upside down so that he is standing on the floor correctly, and it is revealed that the entire room was upside down and he was not stuck to the ceiling at all."
0607-1,"The man is actually standing upright on the floor. The room is set up to appear upside down, and the camera's perspective initially hides this fact. The final camera rotation reveals the truth that the ""ceiling"" fan is on the floor, and everything else is arranged to create the illusion that the man is hanging upside down."
0607-2,"Yes, the man in the video is standing on the ground, which is made to look like a ceiling. The camera rotates at the end of the video to reveal that it was filmed upside down, with the floor decorated to appear as though it were the ceiling."
0607-3,"No, the man in the video is not standing on the ceiling using equipment attached to his feet. Instead, the room is upside down, and the camera is inverted to create the illusion that the man is hanging from the ceiling. The ""ceiling"" is actually the floor, and the man is standing on it. The video reveals this at the end, showing the true orientation of the room, with furniture and decorations seemingly glued to the ceiling. The attachments on his feet are there to add to the illusion that he is stuck to the ceiling."
0607-7,B
0609-0,"The red object on the table is used to determine who is eliminated from the game. If the red object is hit to one person's side, they are eliminated."
0609-1,Elimination is decided by hitting the hands of the other players with the red ball-like object.
0609-2,"Yes, the elimination is based on whether participants move their hands while the ball is still held. The video shows that if a player moves their hand before the ball is tapped, they are eliminated."
0609-3,"Yes, the elimination is determined by who is holding the ball when it stops."
0609-7,B
0610-0,The woman throws the package out of the window so the butlers can retrieve it for her as part of the instant butler service.
0610-1,"The woman tossed the packages out of the window to be mailed. Based on the video, the woman had instant butlers, so she simply wrote on the packages and threw them out the window knowing that the ""butlers"" would immediately catch them and mail them."
0610-2,"Yes, the woman throws the package out of the window so the two men can put it in the mailbox."
0610-3,"No, the woman was not trying to quickly get rid of the package by throwing it out of the window. She was using her ""instant butlers"" to take care of her mail."
0610-7,C
0612-0,The video divides the paper into two parts to compare what the artist can create using $0 materials versus expensive $300 pencils. The division allows for a side-by-side comparison of the artwork achieved with both sets of materials.
0612-1,"The paper is divided into two sections to show a comparison between a drawing done with natural, inexpensive items, and a drawing done with high-quality art pencils."
0612-2,"Yes, the purpose of dividing the paper is to compare $0 pencils using non-traditional tools with $300 pencils. This setup allows the artist to showcase the difference in results and demonstrate the impact of skill versus expensive art supplies."
0612-3,"Yes, the reason for dividing the paper is simply to compare $0 pencils with $300 pencils without any specific drawing tools. The video's purpose is to demonstrate that artistic skill is more important than the cost of art supplies by coloring each half of the drawing using different materials."
0612-7,D
0614-0,The men are trembling in their hands while eating due to a health condition. The video description provides information that it is Parkinson's Disease.
0614-1,The man's hands tremble due to an unspecified medical condition which makes it difficult for him to eat.
0614-2,There is no evidence to support the claim that the man is pretending to have a disability and has his hands tremble to see if anyone will help him. The video does not show any evidence of this being a test of any kind.
0614-3,"It's possible the man's trembling hands are due to nervousness. However, without additional context, it's difficult to rule out other potential factors."
0614-7,A
0616-0,"The white ball reaches the finish line first. This is because it starts at a position on the course with a higher gravitational potential energy. It is able to use its momentum to pass the other two balls, which both encounter problems as they travel through the obstacles."
0616-1,"The white ball crosses the finish line first, despite starting last, demonstrating that it doesn't matter when you start, but it is important to start now."
0616-2,"Yes, the white ball is the first to reach the finish line in the video. Despite starting last, the white ball successfully navigates the course and arrives ahead of the blue and black balls."
0616-3,"No, the blue ball does not reach the finish line first in the video. The white ball reaches the finish line first."
0616-7,A
0620-0,The man in the video is standing on the floor. The video is edited to create the illusion that he is standing on the ceiling.
0620-1,"The man in the video is actually standing upright on the floor. The room has been staged to appear upside down, and the camera angle is also inverted to complete the illusion. The balloons and the ceiling fan on the floor, along with the man's acting, contribute to the effect that he is hanging from the ceiling."
0620-2,"Yes, the man in the video is standing on the ground, which is made to look like a ceiling. The video uses the illusion of an upside-down perspective by turning the camera angle upside down and designing the ground like a ceiling, making it appear as if he is hanging from the ceiling."
0620-3,"No, the man is not standing on the ceiling using equipment attached to his feet. The video is an illusion. He is standing on the floor, and all the equipment is attached to the ceiling, and the video is filmed upside down to give the impression that he is standing on the ceiling."
0620-7,A
0621-0,"The left foot of each person in the video leans against the wall first. This occurs right at the start of the challenge, as they all lean forward, with their left foot supporting their weight against the wall."
0621-1,The left foot is the foot placed closest to the wall.
0621-2,"Yes, the left foot is the first one to lean against the wall in the video. This is because when the participants attempt to stand up straight while leaning against the wall with their foreheads, their left foot is the first to move and cause them to lose balance."
0621-3,"No, all feet make contact simultaneously. It is difficult to determine which foot is first."
0621-7,E
0625-0,The direction of displacement of the second ball is horizontal. This is because the second ball is added when the animation looks like a cross.
0625-1,The second ball moves in a horizontal direction.
0625-2,"Yes, the second ball moves back and forth along a horizontal groove. In the second animation shown in the video, two balls move along grooves shaped like a plus sign. One of the balls moves along the vertical groove, and the other moves along the horizontal groove."
0625-3,"No, the second ball, like all the balls in the video, does not move in a circular path, but in a straight line."
0625-7,A
0627-0,"The woman is changing her position in the video, moving from behind the cardboard cut-out to the side of it, showing that the illusion is broken."
0627-1,"The video creator and the woman changed the position in the video to show that once you know the structure of the illusion of the dragon cutout, it does not have the same effect."
0627-2,"No, the photographer does not move in the video to change the position of the other person."
0627-3,"No, the woman does not move the figure to change the position of another person. The woman in the video moves around the figure to demonstrate the illusion, which is a cardboard cutout shaped like an alligator."
0627-7,A
0633-0,The wheels of the black car turn forward at the end of the video. This is because the car is moving forward on a snow-covered road to demonstrate the functionality of the anti-slip tire chains.
0633-1,"At the conclusion of the video, the wheels of the black car rotate in a forward, clockwise direction. This is because the car is moving forward on a snowy road with anti-slip chains installed on its tires."
0633-2,"Yes, the wheels of the black car turn forward at the end of the video. The car is stationary but the wheels are indeed turning forwards, with the red anti-slip tire chain visible."
0633-3,"No, the wheels of the black car are not turning in reverse at the end of the video, the wheels of the black car are stationary, meaning the car is parked."
0633-7,B
0643-0,"The wind direction on that day is primarily blowing to the left. This is evident from the movement of the Olympic flag, which is pushed and swayed towards the left throughout the video."
0643-1,"The wind direction on that day can be determined by observing the movement of the Olympic flag. The flag is pulled to the left side of the screen, indicating that the wind is blowing from the right side of the screen towards the left side of the screen."
0643-2,"Yes, the wind is blowing from the left to the right side of the screen in the video. This is evident because the flag being held by the man on the right is consistently being blown towards the right side of the screen."
0643-3,"Yes, the video does show the wind blowing the flag from the right side of the screen to the left."
0643-7,E
0645-0,"At the end of the video, the left end of the scarf is located over the student's left shoulder."
0645-1,The left end of the scarf is wrapped around the student's neck by the end of the video.
0645-2,"No, the left end of the scarf does not remain on the left side of the student's body at the end of the video. It has moved to the front, and is entangled around the student's body."
0645-3,"Yes, the left end of the scarf is on the right side of the student character's body at the end of the video. As the student struggles to untangle herself, the scarf becomes wrapped and twisted around her, with the left end ultimately positioned on her right side."
0645-7,B
0652-0,"After the 360-degree spin, the car ends up facing the original direction of travel. This means that the car rotated and was able to come back on the same direction it was originally headed."
0652-1,"After completing the spin, the car ended up facing the original direction of travel and remained in the same lane. The driver was able to regain control and continue driving smoothly down the highway."
0652-2,"Yes, the car ended up in the innermost lane facing the correct direction after the spin."
0652-3,"No, the car did not end up facing the opposite direction on the highway after the spin. It successfully completed a 360-degree rotation and continued driving in its original direction of travel."
0652-7,D
0655-0,The camera is slightly faster than the truck. The camera needs to be at least a little faster than the truck so that it can maintain its view of the truck while recording.
0655-1,"The camera appears to move faster than the truck. This is because, as the camera films the truck, the background moves faster than the truck in the foreground. Also, the text ""bro is filming Batmobile"" suggests the video is filmed from another vehicle. Therefore, for the camera to keep the truck in the frame, the camera vehicle must move at roughly the same speed as the truck, with occasional bursts of higher speed to maintain or adjust the framing."
0655-2,"No, the camera is not moving faster than the truck. The camera seems to be moving at roughly the same speed as the truck."
0655-3,"The truck is not moving faster than the camera. The camera is keeping pace with the truck in the video, meaning they are moving at similar speeds."
0655-7,D
0658-0,"The racer closest to the camera is significantly faster during the race. This is evident from the start where they gain an immediate lead, and throughout the video as they consistently increase the distance between themselves and the other racer, ultimately finishing far ahead."
0658-1,"The rider in dark clothing is quicker in the race, as they quickly take the lead and maintain a significant distance ahead of the other rider throughout the entire race."
0658-2,"Yes, the rider in the black outfit is the faster one during the race. They quickly establish a significant lead at the start and maintain it throughout the race, crossing the finish line well ahead of the other rider."
0658-3,"No, the rider in the white outfit is not the faster one. The rider in the black outfit takes and maintains a significant lead throughout the race."
0658-7,A
0664-0,The woman rolled the dice 13 times. This number was obtained by counting the number of visible dice rolls throughout the video.
0664-1,The woman threw the dice 13 times.
0664-2,"No, the woman rolled the dice 11 times throughout the game."
0664-3,It is not confirmed if the woman rolled the dice 11 times as shown in the video. There is a cut in the video right before she rolls each time. The comments indicate that viewers felt like the video was cut and edited in a way that was not believable.
0664-7,C
0667-0,Six people participated in the sprint challenge. Each participant took a turn dropping a red balloon from the second floor and then racing down the stairs to try and catch the balloon.
0667-1,There are six participants in the challenge.
0667-2,"No, there are not six people participating in the sprint challenge. There are only five people participating in the challenge, while one person is sitting on the stairs."
0667-3,"No, there are only six people participating in the sprint challenge in the video. There are seven people visible in the video, but one person remains seated on the stairs during the challenge."
0667-7,C
0670-0,Four children jumped into the water in the video. The man joined a group of kids on the dock and they were all jumping into the water.
0670-1,"Five children jumped into the water in the video. This is visible in the section between [00:00:26] and [00:00:55], as several children are shown jumping off of a dock."
0670-2,It is not true that only two children jumped into the water in the video. There were at least seven other children that jumped into the water in the video.
0670-3,"Yes, four children jumped into the water in the video. At timestamp 0:58, I can see three children in the water. At timestamp 0:59, a fourth child is seen about to jump into the water, and by timestamp 1:00, it looks as if the fourth child jumped into the water."
0670-7,E
0673-0,There are four buckets of real popcorn shown in the video. The people sitting in the movie theatre are all holding buckets of popcorn.
0673-1,There are 3 buckets of actual popcorn visible in the video.
0673-2,"Yes, there are two buckets of real popcorn shown in the video. The video starts with a person with green hair holding a fake popcorn prop. The people sitting in the movie theater all appear to have buckets of real popcorn in front of them. The woman sitting in the front row has a bucket of popcorn and is shown putting the popcorn into her mouth before the prank."
0673-3,"Yes, there are four buckets of real popcorn shown in the video. Each of the four people in the theatre has a popcorn bucket."
0673-7,D
0675-0,"After the man on the right revealed that the younger man on the left had earbuds in his ear the entire time, the man on the left was shocked because he did not realize that he had been wearing airpods."
0675-1,"When the magic trick is exposed, the man on the left points at the man on the right and then smiles because the trick was exposed."
0675-2,"No, the man on the left does not feel displeased after his magic tricks are revealed. He and the boy often turn to each other after each trick is revealed. He has a humorous reaction to having his tricks revealed, especially in the last trick when the boy is already wearing the airpods."
0675-3,"Yes, the man on the left felt impressed and intrigued after the magic tricks were explained. He seemed very shocked and impressed with the final trick."
0675-7,A
0679-0,"At the end of the video, the lady appears to be curious and slightly amused. She measures the part of the stool that came out with her fingers, indicating she is processing what happened and possibly assessing the extent of the damage or the joke."
0679-1,"At the video's conclusion, the woman measures the exposed part of the stool with her fingers and makes a face that shows discomfort or disgust."
0679-2,"Yes, the woman in the white tank top feels surprised at the end of the video. She reacts to the broken stool with surprise and measures the damage, indicating that she did not expect the stool to break."
0679-3,"No, the woman in the white tank top does not appear upset or frustrated at the end of the video. She seems more intrigued and amused by the situation, measuring the extended pole of the stool with her finger, with a neutral expression."
0679-7,B
0689-0,"The man in the purple T-shirt changed the other man's lock screen wallpaper as part of a ""lifehack"" prank. He swaps the photo with his own and gives the phone back. He acts normal until the other man realizes he has stolen the phone. Then he shows the other man his new lock screen and laughs at his joke."
0689-1,"The man in the purple T-shirt changed the lock screen wallpaper as a prank. At the end of the video, he showed the man in the black hoodie the phone and laughed."
0689-2,"Yes, the man in the purple T-shirt did change the lock screen wallpaper to his own photo to make the other man think the phone was his."
0689-3,"Yes, the man in the purple T-shirt changed the lock screen wallpaper to his own photo just as a prank, as evidenced by his sneaky actions and subsequent laughter after changing the wallpaper."
0689-7,A
0690-0,
0690-1,
0690-2,
0690-3,
0690-7,
0695-0,The woman won the game because she used a smart strategy and was able to match all of her cups.
0695-1,"The woman won the cup-matching competition. She employed a more strategic approach compared to the man, who seemed to rely more on guessing and frequently moved multiple cups around, making it difficult for him to remember their original positions. In the end, she matched all the cups in the correct order."
0695-2,"Yes, the woman won the game because she arranged her cups in the correct order."
0695-3,"No, the man did not win the game because he was faster at arranging the cups. The woman won the game."
0695-7,A
0706-0,The actions of the man in the first half of the video are to record the movements that he will later use in the visual effects battle that occurs in the second half of the video.
0706-1,The man is trying to achieve filming the raw footage of the fight scene. He needs this footage to edit it into the final video.
0706-2,"Yes, the man in the first half of the video is shooting footage for a video with special effects. The initial scenes show the man recording martial arts moves, and the video title and description suggest the use of special effects like teleportation and vfx."
0706-3,"Yes, the man in the first half of the video is setting up a camera on a tripod to record himself practicing martial arts."
0706-7,B
0707-0,The purpose of the person in the video running towards the camera is to get into the shot after starting the recording. They point to the phone to begin the recording and walk back to be in the shot.
0707-1,The person runs towards the camera to be seen better while dancing on video.
0707-2,"Yes, the person is running toward the camera at the end to provide an up-close view of the drink. This is evident because the camera angle abruptly shifts to a close-up before returning to its original position, while it is playing the video."
0707-3,"Yes, the person is running towards the camera to engage the audience with a dynamic introduction. His specific action is to perform a surprised facial expression towards the camera."
0707-7,A
0708-0,The cat is screaming in the last shot because the owner is coming back with more bath products after Sonya made a mess of the old ones. Sonya is displeased that the owner has purchased more items for her to knock into the bath.
0708-1,"The cat is yelling in the final scene because the woman brought in new beauty supplies from Ozon after the cat ruined the previous ones. The cat's ""mess"" has been replaced."
0708-2,"Yes, the cat screamed because it saw more bath products being brought in after it thought it had destroyed them all. The cat's horrified expression and subsequent scream perfectly illustrate its dismay at the arrival of even more products."
0708-3,"No, the cat is likely screaming because it is surprised and displeased that the woman is bringing more bath and skincare products into the bathroom."
0708-7,C
0721-0,"The man in sunglasses is holding a toy airplane in his hand, positioned so that it looks like he is holding up a full-sized airplane in the sky behind him."
0721-1,"The man wearing sunglasses, which appears at timestamp 0:48, is standing with one hand raised as if he is holding up the plane that is flying above him."
0721-2,"No, the man is not actually holding anything in his hand. It is an illusion, and the angle of the photo makes it appear as if he is holding the airplane."
0721-3,"No, the man in sunglasses is not holding a toy airplane. The airplane that he appears to be holding is too large to be a toy."
0721-7,C
0723-0,"The little monster looks like it's active due to an optical illusion created by an inside-out cardboard cutout. The brain perceives the monster as being three-dimensional and facing outward, creating the illusion of activity. This is due to how the brain interprets depth and perspective, which the cardboard cutout manipulates."
0723-1,"The monster looks like it's moving because of depth perception. The illusion makes the brain assume the snout is pointing toward you, not receding away."
0723-2,"Yes, the little monster in the video appears to move due to an optical illusion involving a concave surface. The brain interprets the concave surface as convex, creating the illusion of a three-dimensional object that seems to follow the viewer's movements."
0723-3,"No, the little monster in the video is not appearing to move because someone is manipulating it. It appears to move due to an optical illusion created by the structure and painting of the inside-out cardboard box."
0723-7,D
0724-0,"The pen passes through the banknote because of the way it is folded. The banknote is folded in half, then each half is folded so that the ends meet in the middle. This creates an opening in the middle. The pen goes through this opening without breaking the note."
0724-1,"The banknote is folded in half. When the bill is unfolded, there is no mark from the pen because the pen is inserted in the middle of the folded banknote which separates the banknote in two equal parts."
0724-2,"Yes, the reason the banknote remains intact is because the pen goes through a folded opening rather than the middle."
0724-3,"No, the banknote is folded in a way that makes it easy to tear and then put back together, rather than the pen having a hidden mechanism."
0724-7,C
0725-0,"The drink in the bottle has decreased due to the magician pushing it to the side of the bottle with the balloon, creating the illusion of vanishing soda."
0725-1,"The liquid level drops due to the presence of a hidden balloon inside the bottle. When the magician ""drinks"" from the straw, he is actually blowing air which inflates the balloon inside the bottle. The inflating balloon takes up more space, displacing the liquid, and causing the level to drop."
0725-2,"No, the drink level is not decreasing because the balloon inside the bottle is deflating. It is decreasing because air is being blown into the balloon on the *outside* of the bottle, thus taking up space and causing the liquid level to drop."
0725-3,"No, the drink level is not decreasing because it is being consumed through a straw. The drink level decreases because a balloon inside of the bottle is being squeezed."
0725-7,A
0729-0,The red strip is the shortest in the video. This is because in the video the blue strip is placed on top of the red strip which confirms that the red strip is not as long as the black strip.
0729-1,The video states that the longest strip is the black strip.
0729-2,"Yes, the video identifies the black strip as the longest of all three."
0729-3,"No, the black strip is not the shortest among the long strips in the video. The video concludes that the black strip is actually the longest strip."
0729-7,A
0731-0,The nose of the old man can also be seen as a bird holding a leaf in its beak.
0731-1,The old man's nose can represent a seashell.
0731-2,"Yes, the old man's nose can be seen as a mermaid sitting on a reef. The image is designed to create an optical illusion, and the mermaid is positioned exactly where the nose would be in the face of the old man, merging the two images together."
0731-3,"Yes, the old man's nose can be perceived as the head and beak of a bird in the optical illusion. The nose of the old man's face seamlessly blends into the form of a bird."
0731-7,C
0735-0,
0735-1,
0735-2,
0735-3,
0735-7,
0738-0,"The man in the video filmed the sky change from black to bright by adjusting the exposure levels on the phone. He used his finger to slide the exposure settings up, increasing the light sensitivity and revealing the sunrise."
0738-1,"The man used the method of adjusting the exposure on the phone screen to create a darkened effect. As he recorded, the sky became naturally brighter with the sunrise, and the video captured this change, making the sky appear to transition from dark to light."
0738-2,"Yes, the man in the video changed the sky from black to bright by adjusting the camera's brightness settings. He swipes his finger up and down on the screen to adjust the brightness while recording the sunset."
0738-3,"No, the man in the video did not use a time-lapse feature. He changed the brightness settings on the phone while recording."
0738-7,A
0740-0,"The third step of the calculation process is to divide 8 by 2, which equals 4."
0740-1,The third step is 8 divided by 2 which equals 4.
0740-2,"No, the third step is not performing the multiplication of 4 × 4. After solving the parenthesis, the equation is 8 ÷ 2 × 4. Thus, 8 is divided by 2, resulting in 4. In the video, the third step is the result of 8 ÷ 2. The next step is the multiplication of 4 × 4."
0740-3,"Yes, in the first math problem shown, the third step is performing the division of 8 ÷ 2. According to the presenter, since division and multiplication have the same precedence, you must work from left to right. 8 ÷ 2 is the first operation on the left."
0740-7,A
0742-0,"The value of x is 18. To solve for x, we can use the fact that the three angles, x, 2x, and 2x, add up to the 90-degree angle adjacent to the given 90-degree angle because they lie on a straight line. Setting up the equation x+2x+2x=90, we simplify to 5x=90, and then dividing both sides by 5 gives us x=18."
0742-1,"The value of x in the given diagram is determined by using the property that angles on a straight line add up to 180 degrees. Given one angle is 90 degrees, the remaining angles (x, 2x, and 2x) must also add up to 90 degrees. Therefore, x + 2x + 2x = 90, which simplifies to 5x = 90."
0742-2,"No, the value of x is not 18. According to the video, the problem is 5x = 90. Therefore, x is equal to 18 and 5x is equal to 90."
0742-3,"No, the value of x is not 25. The video finds the value of 5x, not x. 5x is equal to 90, and solving for x gives x=18."
0742-7,B
0743-0,The answer to the third math question in the video is 26.
0743-1,"The solution to the third math problem in the video, 13+13, is 26."
0743-2,"Yes, the answer to the third math question in the video is 26. He is asked to add 13+13 and he chooses 26 as the correct answer."
0743-3,"No, the answer to the third math question in the video is not 25. The answer is 26, but the man in the video answers incorrectly by stating that the answer is 25."
0743-7,C
0749-0,"In the first physics experiment in the video, rice can pass through the sieve. The video shows the rice falling through the holes in the sieve into the container below."
0749-1,"In the first physics experiment shown in the video, rice was able to pass through the sieve. In comparison, cornstarch was unable to pass through the sieve due to its consistency."
0749-2,"In the first physics experiment, both the rice and the yellow coarse grain pass through the sieve. This happens because the holes in the sieve are larger than the individual grains of rice and the yellow coarse grain, allowing them to fall through."
0749-3,"In the first physics experiment, flour does not pass through the sieve. The particles of the flour become more condensed and stick together, so the flour does not fall through the holes."
0749-7,D
0755-0,"The material of the sponge used for cleaning is cake. The woman in the video took a bite out of the sponge, revealing that it is made out of cake."
0755-1,"The sponge is made of yellow cake. The video shows the woman eating the sponge, followed by the sponge being cut open, revealing it is yellow cake."
0755-2,"Yes, the sponge in the video is made of an edible material like cake. At the start of the video, the woman takes a bite out of the sponge."
0755-3,"No, the sponge in the video is not made of synthetic materials like polyurethane foam. It is made of cake. In the first scene, the woman bites into the sponge, revealing it to be edible."
0755-7,B
0757-0,The boy in red's right foot is in the pit.
0757-1,The right foot of the boy wearing red is inside the pit because he stomps his right foot into the ground to create the pit.
0757-2,"Yes, the boy in red's left foot is the one in the pit."
0757-3,"Yes, the boy in red's right foot is the one in the pit. The video shows him repeatedly stomping his right foot next to the ball, which eventually creates a small pit where his foot goes into."
0757-7,B
0762-0,The second boat was made of a white sheet.
0762-1,"The second boat was made of paper. This can be seen when Mr. Beast jumps on the boat, and it sinks into the water."
0762-2,"Yes, the second boat is made of paper, as indicated by its immediate sinking when MrBeast stepped on it."
0762-3,"Yes, the second boat is made of a mattress, as the video shows MrBeast jumping onto a white mattress boat and subsequently sinking."
0762-7,C
0763-0,The canned Coke that was taken away is the real canned Coke. The canned Coke that is still on the screen is an illusion.
0763-1,"The can of Coke left is the genuine one, as the other Coke can was removed and is therefore part of the illusion."
0763-2,"Yes, the real canned Coke was the one that was taken away. The presentation of the canned Coke was used as an example of how our vision is easily tricked and influenced to view objects as 3D."
0763-3,"Yes, the real canned Coke is the one that is still in the picture. In the video, there are two Cokes and one of them is real. At [00:00:47], the video shows a canned Coke put together and another canned Coke next to it. At [00:00:48], it shows a 3D image of a canned Coke, so the real canned Coke is the one that's still on the table."
0763-7,C
0766-0,"The archer used her left shoulder to release the bow. She draws the bowstring back with her left foot, which causes her left shoulder to be the one primarily involved in the act of releasing the bow."
0766-1,"The archer released the bow from her right shoulder. She is using her right foot to draw the bow, therefore the right arm is on the string and the right shoulder is where the bow is being released from."
0766-2,"Yes, the archer releases the bow with the aid of their right shoulder. They appear to pull the string back with their foot and then stabilize using their right shoulder."
0766-3,"Yes, the archer did use her left shoulder to release the bow. In the video, Sheetal Devi is using her foot to pull back on the string of the bow. This means she would have needed to support the bow using her left shoulder. Therefore, she is releasing the bow using her left shoulder."
0766-7,B
0777-0,There are a total of 16 trick shots shown in the video.
0777-1,"There are 14 trick shots displayed in the video. The men successfully complete 14 unique trick shots and celebrate, which can be observed through the duration of the video."
0777-2,"No, the total number of trick shots shown in the images is 6, not 14."
0777-3,"No, the total number of trick shots shown in the images is 14, not 12."
0777-7,B
0779-0,"The video achieves the illusion of the Penrose triangle. At first glance, the object seems to be made of nine individual orange cubes arranged in a triangular form. However, it is a single piece designed to create this illusion from a specific viewing angle. Once the viewer sees the object unfolded, it is hard to go back to seeing the object as nine individual cubes."
0779-1,"The illusion in the video is the Penrose triangle, created using a flat material molded into a specific shape. The illusion is created when it is viewed at a specific angle, deceiving viewers into thinking it is a triangle made of orange cubes."
0779-2,"Yes, the video shows a Penrose Triangle illusion created by arranging concave structures to appear as floating cubes. The object shown is a flat piece with strategically placed cutouts that, when viewed from a specific angle, create the illusion of separate, three-dimensional cubes arranged in a Penrose Triangle."
0779-3,"Yes, the illusion in the video is achieved by aligning blocks to form a continuous triangle from a specific angle. The arrangement of the blocks, when viewed from a particular viewpoint, creates the visual illusion of a complete Penrose Triangle, even though the actual structure is not continuous."
0779-7,A
0790-0,"The transparent sheet must be adjusted so that the sheet covers the part of the blue tube that the viewer wants to see. Additionally, the part of the straws underneath the blue tube will be visible."
0790-1,"To make the blue tube visible through the transparent sheet, rotate the transparent sheet vertically so that it covers the blue tube. This adjustment leverages the optical properties of the sheet to allow the blue tube to become visible while the other tubes disappear."
0790-2,"No, the transparent sheet should not be rotated by 90 degrees. When the sheet is aligned normally, the blue tube disappears. As such, rotating the transparent sheet by 90 degrees will only cause the blue tube to disappear again."
0790-3,"No, to see the blue tube, the transparent sheet should not be rotated by 45 degrees. When the sheet is rotated 45 degrees, none of the tubes are visible."
0790-7,D
0794-0,"The caption is referring to the white and black cat who appears, watches the white cat struggle, and then leaves."
0794-1,"The 'friend' in the caption is the cat who was standing on the stable ground while the other cat was hanging from the ledge. This is implied because that cat could have helped, but abandoned his friend, which led the first cat to almost fall off the ledge."
0794-2,"Yes, the 'friend' in the caption is the white cat that leaves quickly at the start of the video. The overlaid text ""Never trust your friend"" appears just before the white cat quickly walks away, implying that the white cat is the friend who is not to be trusted."
0794-3,"No, the 'friend' in the caption is not the black dog. The caption and initial scene strongly imply that the 'friend' is the ginger cat who abandoned the white cat when it was in danger. The black dog arrives later, seemingly as a threat, but the text already establishes the theme of betrayal by a friend, pointing towards the actions of the ginger cat."
0794-7,A
0803-0,The candles were burning in the video.
0803-1,The object that is on fire is candles. The presenter clearly states that the vase is being placed over the 'candles' in the tray.
0803-2,"Yes, it is true that a bunch of candles is burning in the video. The presenter is shown placing a glass over the candles as part of the demonstration."
0803-3,"No, the burning object is not a small blue sponge-like object, it has small blue tubes."
0803-7,A
0806-0,"Five cables were bundled together in the video. The creator gathers a white, a black, a brown, a red, and a gray cable, then wraps a plastic spiral cut around the cables, thus bundling them together."
0806-1,"A total of four cables were bundled together in the video. These included one black cable, one white cable, one maroon cable, and one gray cable. They are shown being bundled and then wrapped by the spiral-cut plastic."
0806-2,"Yes, the video shows four cables being bundled together. The end of the video shows the spiral cut tube being wrapped around four distinct cables."
0806-3,"Yes, it is true that the video shows five cables being bundled together using the spiral plastic tube that was created."
0806-7,A
0810-0,The sausage pops up from the holes four times.
0810-1,"The sausage appeared 6 times from the holes on the board. Each time the sausage appeared, the dog tried to bite it, but it was retracted before the dog could catch it."
0810-2,The sausage emerged from the holes six times.
0810-3,"No, the sausage popped up from the holes six times."
0810-7,C
0812-0,"The person in the video never tries to put the toy into the drawer. Therefore, the number of times the person attempted to place the toy into the drawer is zero."
0812-1,The person made 6 attempts to put the toy into the drawer.
0812-2,"No, the person tried to place the toy into the drawer more than three times."
0812-3,"No, the person attempts to place the toy into the drawer more than 10 times."
0812-7,B
0816-0,The person places a straw inside the bottle to help pour the liquid inside more quickly into the container.
0816-1,"During the second experiment, the person flipped the bottle upright, inserted a straw, flipped the bottle upside down again, and removed the straw. This was an attempt to make the liquid drain faster."
0816-2,"No, the person did not spin the bottle to create a vortex in the second experiment. The bottle was simply inverted with a straw inserted."
0816-3,"Yes, during the second experiment the person inserted a straw into the bottle. The video clearly shows a green straw with a white marshmallow around it being placed into the bottle before it is turned upside down to pour."
0816-7,D
0818-0,The little girl in the video is holding money in her hand. This can be seen throughout the entire video.
0818-1,The little girl is holding some money in her hand as she watches nearby.
0818-2,"Yes, the little girl is holding cash in her hand. She is holding it at the end of the video as they celebrate the little boy grabbing a Mickey Mouse toy."
0818-3,"No, the little girl is not holding a small bottle in her hand. She is holding a wad of cash in her hands."
0818-7,D
0827-0,"There is one panda in the video. It appears at the end of the video, sitting next to a person dressed as a baby panda."
0827-1,The video shows two pandas. There is a single adult panda and a single baby panda.
0827-2,"Yes, there is only one real panda in the video. The other panda is a person wearing a panda suit."
0827-3,"Yes, there are two pandas in the video. There is one adult panda and one baby panda shown in the video."
0827-7,C
0833-0,
0833-1,
0833-2,
0833-3,
0833-7,
0835-0,A blue tongue ring is visible inside the woman's mouth.
0835-1,"Inside the woman's mouth, there is a tongue piercing. From 0:21-0:29, we can see a blue ball which is likely part of the tongue ring."
0835-2,"Yes, at timestamp 0:21-0:28, there is a blue tongue stud visible in the woman's mouth."
0835-3,"No, there is no dental appliance or mouth guard visible in the woman's mouth. The inside of her mouth is clearly visible at multiple points in the video, and no such device is observed."
0835-7,D
0841-0,The woman wiped her right eye first with the parrot. This is evident when the parrot is first used to wipe the tears.
0841-1,"The woman used the parrot to wipe her left eye first, specifically at [00:00:05]."
0841-2,"Yes, the woman first wiped her right eye with the parrot in the video."
0841-3,"No, the woman first wiped her right eye with the parrot in the video."
0841-7,A
0848-0,The real cat in the video is the one on the bottom. This is discernable due to the light reflecting off its fur. The shape on top is a shadow because its shape subtly shifts and stretches.
0848-1,"The bottom cat is the real one, because light can be seen reflecting off of its fur, and it has a sharper outline."
0848-2,"No, the real cat in the video is the one at the bottom of the frame. This is because there is light reflecting off of the cat on the bottom. Also, the ""shadow"" at the top morphs and stretches."
0848-3,"No, the real cat is the one on the bottom, not the one on top. The shape on top is actually the shadow of the cat. The morphing and stretching of the shape on top, along with light reflecting off the fur of the bottom 'void cat', suggests that the bottom one is the actual cat casting the shadow."
0848-7,C
0854-0,"The operator of the drop tower ride engages in conversation with the visitors to create a false sense of security or to divert their attention so that the sudden drop will be unexpected. The narrator highlights that the man pretends that there are mechanical issues, which will add to the customers' fear. By catching the riders off guard, the operator amplifies the surprise and thrill of the drop, making it a more memorable experience."
0854-1,"The video suggests the drop tower operator talks to the visitors to build anticipation and create an element of surprise. He chats with them, sometimes even pretending the machine is malfunctioning, before suddenly initiating the drop. This is done to create a more thrilling and memorable experience for the riders."
0854-2,"Yes, according to the video narrator, the operator of the drop tower ride will sometimes talk to visitors to make them more nervous and scared. For instance, sometimes the operator will tell the visitors that the machine has a problem. This is done so that the visitors are scared when the ride is started."
0854-3,"No, the operator's conversation with the visitors is not meant to help them feel more at ease and prepared. The video states the opposite: he chats with them only to trick them and start the ride without warning when they least expect it."
0854-7,D
0857-0,"The woman in the video is imitating a stunt scene where she is either shot or falls, for example in an action movie."
0857-1,"The woman in the video is trying to depict stunts with her movements. This can be confirmed with the title of the video which states, ""Barbie gets headshots for stunts."" She is depicting a few different stunts such as falling backward, falling forward, and sliding on her back."
0857-2,"No, the woman in the video is imitating the experience of being shot. There is no man in the video."
0857-3,"No, the woman in the video is not imitating the act of fainting. She is practicing stunt falls, including being shot and falling backwards and forwards."
0857-7,A
0858-0,"Initially, when the man in the white t-shirt attempts to sit on the black chair, he sits on the right armrest, not the left armrest. Although it looks like he sits on the left armrest at first, the video shows that he sat on the right."
0858-1,"The man in the white short-sleeved shirt first tries to sit on the left armrest of the chair. However, the chair's design is an optical illusion, and the side that seems to be the left armrest is actually the right armrest."
0858-2,"No, the man in the white short-sleeved shirt initially sat on the left armrest of the chair when it appeared he was sitting on the right."
0858-3,"No, the narrator says that everyone thought he would sit on the left armrest of the chair, but he actually sat on the right armrest."
0858-7,C
0865-0,"At the end of the video, there is one worm. The baby bird was unable to eat it."
0865-1,One worm can be seen at the conclusion of the video. The worm is still present on the ground.
0865-2,"Yes, there is only one worm visible at the end of the video."
0865-3,"No, there is one worm near the bird at the end of the video, and it is not in the bird's beak. There is a second, much smaller, green worm in the background."
0865-7,D
0868-0,
0868-1,
0868-2,
0868-3,
0868-7,
0870-0,"The man gives his belongings (the cardboard cover, the straw hat and some money) to the photographer in exchange for a larger sum of money. The photographer subsequently uses this money to purchase goods, which are then given to the man and his daughter. This can be viewed as a way to help the man out of his tough situation without simply giving him a handout."
0870-1,"The man was motivated to hand over his belongings to the videographer because he wanted to offer the videographer the little that he had, to help them. This is evident when the homeless man offers the videographer the only food he and his daughter have and then offers the videographer the money he has in his hat."
0870-2,"Yes, the man gave his belongings to the filmer out of kindness and to show he was willing to help in return."
0870-3,"Yes, the man gave away his belongings to the photographer in exchange for food and other necessities. In the video, the man gives away his items after he has already collected goods from the store and the cash from the photographer."
0870-7,B
0871-0,"In the middle of the road, there is a person with a pink skateboard or object. The person is walking in the center of the road."
0871-1,"In the center of the road is a person holding a pink skateboard or similar object. The person is dressed in light blue and has red and pink hair. This is an optical illusion to make the viewer think something is in the middle of the road, forcing them to slow down, which is also why the title of the video is ""optical illusion speed reduction device""."
0871-2,"Yes, there is a chalk drawing of a young boy picking up a pink ball in the middle of the road. The drawing is an optical illusion and looks like an object in the road when the camera is far away from it."
0871-3,"No, there is no person holding two bags in the middle of the road. What initially appears as bags is actually a person holding a pink skateboard."
0871-7,D
0872-0,The man moves the upper pack to the left of the camera's perspective.
0872-1,"From the camera's viewpoint, at approximately 0:17 the man moves the top water bottle pack to the left after placing it down."
0872-2,"Yes, the man does move the water bottle pack to the left, after placing the water bottle packs down. He shifts the upper water bottle pack slightly to the left, as you can see it moving from the video."
0872-3,"No, the man does not move the upper water bottle pack to the right after placing them down. He places the water bottles down at 0:01:23 and does not move them afterwards."
0872-7,A
0875-0,There is 1 cell phone on the piano in the video. The phone is on the left side of the piano.
0875-1,There is one cell phone on the piano for the entire duration of the video.
0875-2,"Yes, there are two cell phones on the piano, one with a green case and another with a light-colored case. The phone with the green case is seen on the left side of the piano from 0:22-0:24 and 1:13, and the light-colored phone is seen at 0:35."
0875-3,"Yes, there is only one cell phone that appears to be positioned to the left of the pianist's hands."
0875-7,D
0879-0,"After the fourth second, it can be seen that the people standing on the Penrose triangle are not standing on the same plane. The Penrose triangle is a type of optical illusion."
0879-1,"Starting from the fourth second, the characteristic that the three people share is that they all *appear* to be on the same plane due to the optical illusion of the Penrose triangle, despite actually being on different planes in three-dimensional space."
0879-2,"No, the two figures, the one with the white head and the one with the black outfit, are not physically on the same plane. This is because the Penrose triangle is an optical illusion, and the camera angle changes to reveal that the seemingly connected edges are not actually connected."
0879-3,"No, the two figures are not on the same plane. The Penrose triangle is an impossible object that is constructed so the three corners are not on the same plane."
0879-7,A
0880-0,"When the person rotates the arrow structure with their hand, the apparent direction of the arrow changes back and forth. It switches from appearing to point to the right, to then looking like it points to the left, then back to the right. This change occurs even though the person is merely rotating the object, and not changing the actual orientation of the side to point to a different direction."
0880-1,"When the structure is lifted by hand, the perceived direction of the arrow remains to the right. This is due to the shape of the structure, which is designed to create the illusion of pointing right regardless of the angle from which it's viewed."
0880-2,"No, the structure does not lose its directional illusion when held up towards the camera. The video shows that the arrow is able to be held in different orientations, and the directional illusion stays present, even when held up."
0880-3,"Yes, the structure appears to change direction when viewed in the mirror. This is because a mirror reflects the object and reverses its direction. Therefore, the reflection of the arrow points in the opposite direction from the arrow itself."
0880-7,E
0886-0,The man in the video is wearing a watch on his left wrist.
0886-1,The man in black is wearing his watch on his left wrist. This can be seen at the start of the video when he raises both arms.
0886-2,"No, the watch is worn on the left wrist of the man in black."
0886-3,"Yes, the watch is worn on the left wrist of the man in black. This can be seen towards the end of the video as he empties the water from the cylinder."
0886-7,C
0895-0,"After the basketball is thrown, the scene cuts to the basketball player dodging a wind turbine while attempting to make a shot."
0895-1,"In the scene following the throw of the smaller basketball, the Red Bull athlete throws a smaller basketball from a moving car."
0895-2,"Yes, the scene cuts to a person shooting a basketball into a chainsaw-rim hoop after the smaller basketball is thrown into the mini hoop."
0895-3,"Yes, the scene cuts to a person shooting a basketball into a mini hoop after the smaller basketball is thrown onto a boat."
0895-7,B
0898-0,"After placing the first pillow on the water, the man steps on the pillow with his right foot and moves the pillow to his right."
0898-1,The man moves the first pillow in front of him. This is evident when he places the pillow that he isn't standing on in front of him to step on.
0898-2,"Yes, the man moved the first pillow to the front, closer to the camera, after it was on the water. He appears to use his foot to slide it forward a little bit after he steps on it."
0898-3,"Yes, the man moves the first pillow to the right after it was on the water. The video shows the man reaching down to adjust the pillow after it lands."
0898-7,C
0901-0,"At the beginning of the video, only one rubber band is actually being held. The hands and the band positioning are manipulated to make it look like two bands."
0901-1,One rubber band is being held at the start of the video.
0901-2,"No, the hand is holding one rubber band at the beginning of the video."
0901-3,"Yes, at the start of the video, the hand only holds one rubber band that looks like two."
0901-7,C
0905-0,"At the beginning of the video, the slope where the ball is located appears to be an uphill. This is because, from the initial camera angle, the marble seems to roll upwards against gravity."
0905-1,"At the start of the video, the ball is positioned on an incline. This is because, from the initial camera angle, the ramp appears to slope upwards, creating the visual illusion that the ball is rolling uphill."
0905-2,"Yes, the slope where the ball is located at the beginning of the video is a downhill slope. The video shows that the initial view is an optical illusion, and that the slope is in fact going downwards from another viewing angle."
0905-3,"No, the slope where the ball is located at the beginning of the video is not an uphill slope. The 3D printed object is an optical illusion and when viewed from another angle, the slope is a downwards slope."
0905-7,C
0907-0,The dog lands on a person lying on a white sheet of tarpaulin.
0907-1,"At the conclusion of the video, the dog ends up landing in the arms of the other man, who catches the dog after it is launched into the air."
0907-2,"No, the dog does not land on the man's body at the end of the video. The dog lands on a white sheet and then the video is edited to show the man catching the dog. The dog then runs to the man."
0907-3,"Yes, after landing on the white mat, the dog runs onto the grass at the end of the video."
0907-7,C
0910-0,The man in the video keeps picking up the child as part of a staged kidnapping to create a social experiment. The social experiment is designed to see how people will react when they see a man kidnapping a child on the street.
0910-1,The man repeatedly picks up the child in the video as part of a social experiment to see how people react to a potential child abduction.
0910-2,"Yes, the man picking up the child is part of a social experiment to see if anyone will intervene. This is evident from the video title, the lack of intervention by passersby, and confirmation from the top comments that it is a social experiment and the man hugs the two girls."
0910-3,"No, the man is not picking up the child to help them cross the street safely. His actions are forceful and cause alarm, as evidenced by the woman who reacts and the general lack of concern from other bystanders."
0910-7,D
0914-0,"The beer bottle is placed under the hot water faucet in the video so that the heat from the hot water will shrink the sleeve around the bottle, thus creating a new label on the bottle."
0914-1,"The purpose of placing the beer bottle under the faucet in the video is to shrink the bottle label, allowing it to tightly wrap around the beer bottle. The hot water causes the plastic sleeve to shrink and adhere to the bottle, creating a clean and professional-looking label."
0914-2,"Yes, the beer bottle is placed under the faucet to show how hot water can shrink plastic packaging around it. The video provides a visual demonstration of this process."
0914-3,"No, the beer bottle is not placed under the faucet to demonstrate a quick cooling method. The hot water helps to shrink-wrap the label onto the bottle, which is a labeling process, not a cooling method."
0914-7,A
0918-0,The man puts the soap in the box using his left hand.
0918-1,The man places the soap into the box with his left hand. The shot of this is shown at [00:00:12-00:00:15].
0918-2,"Yes, the man uses his right hand to put the soap in the box. This is visible when he places the soap curls into the glass container with his right hand."
0918-3,"Yes, the man holds the soap shavings with his right hand, and places them in the jar held by his left hand."
0918-7,B
0919-0,"The man creates the rainbow by coloring clear tape with red, orange, yellow, green, blue, indigo, and violet markers. Then, he shines a flashlight through the tape, which projects a rainbow on the wall."
0919-1,"The man makes a rainbow appear by coloring in a tape roll with different colored markers, then he places the tape roll on top of a lit-up iPhone, and points the phone toward a wall, which makes a rainbow projection appear."
0919-2,"Yes, the man uses colored markers on clear tape to create the rainbow light effect. He colors clear tape with red, orange, yellow, green, blue and purple markers and then shines a flashlight through the colored tape."
0919-3,"No, the man does not create the rainbow using a prism. He colors a roll of tape with markers and places it on an iPhone flashlight to create the rainbow."
0919-7,C
0924-0,"At the end of the video, the woman in the white top has a red book in her hand, as the blue liquid is poured over her."
0924-1,The red item the woman in the white top is holding at the video's conclusion is a red-colored book. The book is identifiable from its rectangular shape and color.
0924-2,"Yes, the woman in the white top is holding a red book at the end of the video."
0924-3,"No, the woman in the white top is not holding a red bottle at the end of the video. She is holding a red book."
0924-7,B
0926-0,The right hand is pulling the thread. The left hand is mostly still to hold the thread in place as the right hand is moving the needle back and forth to thread it.
0926-1,"The right hand is used to pull the thread through the needle. This is shown at the end of the video where the left hand holds the needle and thread, while the right hand pulls the thread through the needle's eye."
0926-2,The left hand is responsible for pulling the thread through the needle. The video shows the left hand holding the needle and moving it back and forth in order to guide the thread through the eye of the needle.
0926-3,"No, the left hand is not responsible for pulling the thread through the needle. The right hand is responsible for manipulating the needle to rub the thread and use friction to push the thread through the needle eye."
0926-7,B
0927-0,The man in black holds the child in his left arm.
0927-1,The man in the video uses his left arm to hold the child. The man can be seen holding the child from the start of the video to the end of the video with his left arm.
0927-2,"Yes, the man in black holds the child with his left arm while his right hand holds the popsicle."
0927-3,"Yes, the man in black holds the child with his right arm while his left hand holds the popsicle. His right arm is wrapped around the child, supporting them, while his left hand holds the popsicle in front of them."
0927-7,A
0929-0,"The similarity between the actions of the little girl in the green dress and the little girl in the blue dress is that they both attempt to support the living statue when they think he is falling. The girl in the green dress extends her arms and places her hands on the living statue to hold him up, and the girl in the blue dress also braces herself against the statue and puts her arms around him to support him. Both girls exhibit a sense of responsibility and concern for the statue's well-being."
0929-1,"Both the little girl in the green dress and the little girl in the blue dress behave similarly towards the statue by being startled when it moves. They are both visibly scared, and their immediate response is to seek comfort and protection from their mothers."
0929-2,"Yes, both the little girl in the green dress and the little girl in the blue dress try to support the statue when it pretends to fall. The video clearly shows both girls reacting to the tilting statue by trying to hold it up."
0929-3,"No, neither of the little girls is trying to determine if the statue is real or not. Both girls initially approach the statue, and react after the statue moves."
0929-7,A
0933-0,The man in the costume lit the sparklers to distract the woman before smashing the pie into her face.
0933-1,The man in the costume started the fire (firework) as part of a plan to distract the woman and smash a pie into her face.
0933-2,"No, the man in the costume did not light a fire to catch the woman's attention. He uses a noisemaker."
0933-3,"Yes, the fire was lit by the man in the costume to surprise the person being pranked."
0933-7,A
0939-0,There are four people playing roles in the video: three 'boys' having a sleepover and one 'dad' figure.
0939-1,"There are four individuals acting in the video. Three of them are the ""boys"" playing video games, and one of them is ""my dad"" who comes in to check on them."
0939-2,"Yes, it is true that only one person played all the roles in the video. The same person is seen as the three ""boys"" playing the video game and is later seen as the ""dad"" character. This is evident from the editing and the way the characters are presented in the video."
0939-3,"No, there are not four different people playing roles in the video. It appears to be one person playing all four roles: the three boys and the father."
0939-7,B
0942-0,"The man catches the egg with the side of the spatula to break it, allowing him to use the egg yolk and whites to create a design on the flat top grill and show off his culinary skills to customers."
0942-1,The man uses the side of the spatula to catch and break the egg in the video to demonstrate his cooking skills and expertise. The chef is showing off his skill in an entertaining way for his workers to demonstrate his abilities.
0942-2,"Yes, the man in the video is demonstrating a teppanyaki cooking technique by catching and breaking the egg with a spatula."
0942-3,"No, the man in the video isn't breaking the egg to show how fragile eggs are. Instead, he is showing off his cooking skills by using the egg as a tool to create an artistic signature dish, demonstrating his expertise to his staff."
0942-7,C
0946-0,"When the chicken stopped moving, the man touched its left foot. I know this because the man is holding the chicken down with his left hand. The video shows that the left foot is visible when he is holding the chicken and it stops moving."
0946-1,The man touched his foot when the chicken became still.
0946-2,"No, the man did not touch the chicken's left foot after it stopped moving. His hands remained around the chicken's upper body and neck throughout the demonstration."
0946-3,"No, the man did not touch the chicken's right foot after it stopped moving. The man was holding the chicken and drew a line in the dirt, which caused the chicken to become immobile. When the man erased the line, the chicken pecked at his hand. There is no interaction with the chicken's feet."
0946-7,B
0949-0,"The boss of this company appears at the start of the video pretending to be a blind man. The boss also appears at the end of the video in the interview room. In the final scene, he enters and reveals that he was the blind man and is the company's boss."
0949-1,"The company's boss makes an appearance in two scenes:
1. In the start and middle of the video when he is dressed as a blind beggar testing people on the street. He does this to test the character of the job interviewees.
2. At the end of the video, when he reveals himself in the office to announce the results of the manager position interviews."
0949-2,"Yes, the boss appears at the start as a beggar and later in a suit. At the beginning of the video, the boss is disguised as a homeless man sitting on the street begging. At the end of the video, he appears in a suit during the job interviews."
0949-3,"No, the boss does not only appear in a suit at the end of the video. He is first disguised as a blind beggar at the beginning of the video. At the end, he appears again, out of disguise, as the CEO in a suit."
0949-7,B
0950-0,"When the man strikes the tuning fork the second time, the ball is hanging still."
0950-1,"Nothing happens to the ball when the man hits the tuning fork for the second time. This is because the second tuning fork, which has an adjusted frequency of 240 Hz, is not resonating with the original tuning fork, so there's no movement from the ping pong ball."
0950-2,"Yes, when the man strikes the tuning fork the second time, the ball remains still. This is because the tuning fork is at an off-frequency (240 Hz), so the sound waves do not cause the ball to vibrate."
0950-3,"Yes, the ball starts moving upwards. When the man strikes the tuning fork with a frequency that matches the natural frequency of the tuning fork near the ball, it causes the ball to resonate and move upwards."
0950-7,E
0952-0,"The third person that can be seen clearly in the video is the father, who is wearing a red and black ski jacket. He is not wearing a dress. Considering the term 'dress' to refer to 'ski suit', the colour of the third person is red and black."
0952-1,"The third individual is not present in the image. The second individual, the dad, is wearing a red/orange jacket and black pants."
0952-2,"Yes, the third person in the video, the father, is wearing an orange-black outfit."
0952-3,"No, there is no third person in the picture. The picture only has two people. The toddler is wearing a pink outfit and the other person is the toddler's father who is wearing a red and black outfit."
0952-7,E
0956-0,The red stick rotates in a clockwise direction.
0956-1,"The red stick rotates counter-clockwise, but the blue stick rotates clockwise."
0956-2,"No, the red stick rotates in a counter-clockwise direction relative to the camera."
0956-3,"Yes, the red stick rotates in a counterclockwise direction relative to the camera."
0956-7,C
0957-0,"The stuff in the beaker ends up on the rod because two liquids are carefully layered into the beaker. At the interface between the liquids, a polymer (nylon) forms and can be pulled out using tweezers or a glass rod. As it is pulled, more polymer forms, creating a long string of nylon wrapped around the glass rod."
0957-1,"The substance in the beaker was transferred to the rod through interfacial polymerization. This process occurs at the interface between the two liquids, where monomers from each solution react to form a polymer (nylon) that can be pulled out as a continuous string."
0957-2,"Yes, the substance in the beaker ended up on the rod by being pulled out and wrapped around it. The presenter used tweezers to grab the interface between the two liquids, pulled the string-like substance out, touched it to the rod, and wrapped the substance around it."
0957-3,"No, the substance did not adhere to the rod when it was inserted into the beaker. The slimy string was first extracted using tweezers, and then the presenter wound it around the rod."
0957-7,D
0973-0,"At 01:10, MrBeast mentions that one of the sharp objects hit him in the head."
0973-1,"At [00:01:15], the man in the gray hoodie on the left, Mr. Beast, sustains an injury after getting hit in the forehead by a balloon."
0973-2,"Yes, the man in the gray hoodie on the left (MrBeast) got injured during the final balloon popping game. He was hit in the head by a balloon and started bleeding from his forehead."
0973-3,"No, the man in the gray hoodie, Mr. Beast, was not injured at the beginning of the video. His injury happened later when they were throwing objects at the balloons and one bounced back."
0973-7,B
0974-0,The person in the video put the straw into the bottle at the beginning of the video when making the trick.
0974-1,"The straw is inserted into the bottle prior to the performance of the trick at 0:00. The person first prepares an empty bottle by drilling a hole into it, and then using hot glue to secure the straw."
0974-2,"No, the person in the video did not put the straw into the bottle before doing the trick. The video starts with a full bottle of Fanta. The bottle is then emptied and a straw is glued to the outside of the bottle, to create the illusion of going through the bottle."
0974-3,"Yes, at the end of the video, the man pushes the straw through the bottle while sitting at a table with a woman."
0974-7,B
0976-0,"The woman answers the question first in the first scene of the video, with ""Crossroads"" being her answer."
0976-1,"In the initial scene of the video, the woman is the first person to respond to the question, ""What is this?"". She answers correctly with ""Crossroads""."
0976-2,"Yes, the person on the left from the observer's perspective is the first to answer the question in the first scene. He said 'Roads', while the correct answer was 'Crossroads' which the woman answered."
0976-3,"Yes, the person on the right from the observer's perspective (the woman) is the first to answer the question in the first scene. The first question is ""What is this roads Crossroads?"" [00:00:00-00:00:03], to which she immediately answers with ""Crossroads""."
0976-7,C
0983-0,"The appearance of a second person in the video is that of a security guard. The security guard appears because Zach King is doing graffiti on a wall, which is often illegal and against property regulations. The security guard's purpose is to stop Zach from doing the graffiti."
0983-1,The appearance of the second individual in the video is caused by Zach King doing graffiti. The second individual is a security guard who shows up after noticing Zach King spray-painting graffiti on the wall.
0983-2,"Yes, the second person in the video is a security guard investigating the graffiti artist. He's wearing a security uniform and questions Zach King's actions."
0983-3,"Yes, the second person in the video is indeed a painted silhouette of a girl on the wall. Zach King is seen spray-painting the girl, and the scene is consistent with graffiti art."
0983-7,A
0985-0,"No, the money in the cup at the end of the video does not come from the money in the cup at the beginning of the video. The cup is empty at the beginning of the video. The man takes the dollar from behind his ear and deposits it inside the cup during the video."
0985-1,"No, the money in the cup at the end is not the same as what was in the cup at the start. At the start, the cup only covered a piece of candy. The dollar bill only appeared at the end."
0985-2,"No, the dollar bill at the end of the trick was unwrapped from the woman's hands. Therefore, the dollar bill did not come from the man's ear."
0985-3,"No, the money did not stay in the cup throughout the video as it was shaken. At the beginning, the pill-shaped object is under the cup, and the woman has a dollar that she unfolds. Later, the man puts the cup to his ear, then shakes the cup, and the dollar comes out. That indicates that the cup was empty up until the point when the man shook it."
0985-7,A
0995-0,"The answer to the eighth question is ""Up to no good,"" which the man correctly answers at [00:01:01]. The visual is ""2 over GOOD with a line through it""."
0995-1,"The response to the eighth question in the video is ""Love at first sight""."
0995-2,"Yes, the answer to the eighth question in the video is 'long overdue'. This is revealed by the man at timestamp 01:54."
0995-3,"Yes, at [00:01:01] the boy answers the eighth question, and his answer is ""Up to no good"" to the brainteaser, and the person asking the riddles confirms that the answer is correct."
0995-7,C
0996-0,"The third timer tool allowed to be shown in the video is a clock-face-like object that utilizes a pendulum to move the clock's hands, as shown during the middle of the video."
0996-1,"The third timekeeping device presented in the video is the pendulum clock. The video depicts Mobohmad explaining that his concept involves using a pendulum swing mechanism to create constant movement, referred to as ""hands."""
0996-2,"Yes, the third timekeeping tool shown in the video is a clock that uses a pendulum swing mechanism. The man who presents the clock states that the clock will use a pendulum swing mechanism to create a constant movement in what he calls ""hands."""
0996-3,"Yes, the third timekeeping tool shown in the video is a sundial. Sumoses presents his idea first, which uses the sun to cast a shadow, which is how a sundial works."
0996-7,B
0999-0,"At [01:11] the man portraying Curly, begins to jump up and down and then trips on the branch on the ground, causing him to fall on his face. Then, he moves around while lying on his stomach on the ground."
0999-1,"The man portraying Curly from the Three Stooges begins by howling, then dancing toward the log, and then falling over it and spinning around on the ground. He then starts barking."
0999-2,"Yes, the man playing Curly does trip over a branch while walking backwards, leading to a comedic fall."
0999-3,"Yes, when the man is playing Curly, he trips over the branch, falls forward, then gets back up to continue moving."
0999-7,A
1002-0,"In the first scene, when the fourth stick falls, the man catches it by quickly moving his hand and pinching the stick with his fingers."
1002-1,"The man attempts to catch the fourth stick with his hands, but he fails to catch it."
1002-2,"No, the man does not use his foot to assist in catching the fourth stick in the first scene. He successfully catches the first three, but he fails to catch the fourth stick, and his feet do not appear to move to assist him."
1002-3,"No, the man did not catch the fourth stick with his right hand in the first scene. He failed to catch it, and it fell to the ground."
1002-7,D
1009-0,"In the first two scenes, the man looks somewhat disappointed after the visitors decline his offer to talk about the art. His facial expression changes to a slight frown."
1009-1,"In the first scene, after the visitor tells him that she's just looking, the man looks slightly downcast and puts his hands in his pockets. In the second scene, after the visitor declines his offer to talk about the art, the man simply looks down."
1009-2,"Yes, the man does seem disappointed and walks away after the visitor waves at him in the first two scenes. In both scenes, his face shows disappointment after the visitor expresses that they do not want to talk about the art piece."
1009-3,"Yes, the man appears enthusiastic and eager to engage with the visitor in the first two scenes. He actively approaches them and immediately starts talking about the artwork. This indicates a genuine desire to share his knowledge and passion for art."
1009-7,D
1011-0,The woman used the hose on the man because he ate a blue sponge. The woman was concerned because it is not safe to eat a sponge.
1011-1,The woman sprayed the man with the hose after he put the sponge in his mouth.
1011-2,"The woman likely used the hose on the man because she thought he was accidentally consuming soap. She saw him eating the sponge, which is typically used with soap for washing dishes."
1011-3,"Yes, the woman sprays the man with the hose as a playful response to the prank. The prank involved the man seemingly eating a sponge which resulted in the woman spraying him with water from the hose due to her shock and disgust."
1011-7,D
1018-0,"The rapper is understanding and chill after the traffic controller took his microphone. He even hands the microphone over to the traffic controller, without any hesitation. After the traffic controller finished his announcement, the rapper immediately took the microphone back and continued his performance. His easygoingness and ability to adapt seamlessly to the situation is what makes him understanding and chill."
1018-1,The rapper responds by handing the microphone to the traffic controller. The rapper wasn't even mad and handed it to him before he even had to ask. The rapper was chill and respectful.
1018-2,"Yes, the rapper calmly continued his performance after the traffic controller used his microphone. The video shows him taking the microphone back and immediately going back into his rap as if nothing happened."
1018-3,"No, the rapper did not get angry. After the traffic controller was done with the microphone, the rapper took it back and continued his performance."
1018-7,B
1020-0,"The baby stares at the dad with a neutral, perhaps slightly confused expression."
1020-1,"When the baby sees their father, they do not respond with any emotion or reaction. The father says ""Hi"", but the baby simply looks at him without smiling, laughing, or making any noise."
1020-2,"Yes, the baby does show a lack of excitement when they see their dad. When the dad greets the baby, the baby has a neutral expression. This contrasts with the baby's reaction to the mother and brother, where they show a lot of excitement."
1020-3,"No, the baby does not react with excitement and joy when they see their dad. The father greets the baby with a simple ""Hi"" and a smile, but the baby does not change their expression or respond with excitement as they did with the mother and the older brother."
1020-7,C
1023-0,"The man appeared sad after the first woman told him that she was just looking, and didn't want to talk. He lowered his head, appearing a little downtrodden."
1023-1,"After the first woman said, ""I'm just looking, thank you,"" the man's smile fades, and he looks a bit sad as he puts his hands in his pockets."
1023-2,"Yes, after the first woman says, ""I'm just looking, thank you,"" the man momentarily looks down and seems slightly disappointed. However, he quickly recovers and puts his hands in his pockets."
1023-3,"No, the man did not seem happy or excited after the first woman spoke to him. He looked dejected because she cut him off, stating that she was ""just looking"" and didn't want to talk about the art. However, at the end of the video when another woman said ""Hey I have a question!"" the man's face lights up and he appears excited."
1023-7,A
1031-0,"Khaby is experiencing disbelief and bewilderment. This is because the video is a reaction to a real event of a banana duct-taped to the wall being sold for millions, and Khaby stares at the camera shaking his head as if he is struggling to believe it."
1031-1,The feeling that the man in the video is experiencing while eating the banana is confusion and disbelief about how a banana duct-taped to a wall can be sold for millions of dollars.
1031-2,"Yes, the man in the white shirt eating a banana is feeling surprised and shocked by the banana auction. His facial expressions reflect his surprise and shock."
1031-3,"No, the man in the white shirt is not calm and relaxed while eating the banana in the third scene. He seems puzzled and shocked by the events of the auction as the prices climb."
1031-7,C
1037-0,"The man makes an OK gesture at the end of the video as a comedic statement to the audience, despite not liking it."
1037-1,"The man makes an OK gesture to show that despite his exaggerated reaction and apparent dislike of the drink, the recipe is still OK. It is also in response to the woman showing an OK gesture and saying ""perfect"" after she enjoyed the drink."
1037-2,"Yes, the man does make the OK gesture at the end of the video to mimic the blonde woman."
1037-3,"No, the man does not make the OK gesture to show that the drink he made is satisfactory. He spits it out first before making the OK gesture, likely mocking the woman in the video who said the watermelon drink was perfect."
1037-7,C
1044-0,"At the end of the video, the person under the quilt is in a state of alertness and engagement, focusing on playing the video game. This would involve cognitive processes related to strategy, reaction time, and the emotions associated with competition and potentially winning or losing the game."
1044-1,The person under the quilt is likely in a confused and disoriented state but quickly adapts and starts playing the video game. They are probably surprised and still waking up but motivated to participate in the game.
1044-2,"Yes, the person under the quilt is surprised and confused about what is happening. At first, they are asleep and then woken up by someone jumping on the bed and yelling. They wake up looking around confused."
1044-3,"No, the person under the quilt is sleeping and is startled awake. The person is not deeply engrossed in a video game."
1044-7,B
1045-0,The person on the left of the video hugs the person wearing the tie-dye hoodie as part of the act after he pretends to pass out. The person on the left then lets him go once the mother leaves the room because he does not want to continue the bit.
1045-1,"The person on the left embraces the individual in the tie-dye hoodie because the younger brother pretends to faint after being startled by the fake blood. The embrace is an act of concern in front of their mother. However, as soon as their mother leaves, the older brother drops the act, releases his brother, and lets his head hit the table."
1045-2,"Yes, the person on the left hugged the one in the tie-dye hoodie to prevent their mother from discovering that his brother fainted."
1045-3,"No, the hug between the person on the left and the one in the tie-dye hoodie was not a celebration of a successful magic trick. It was a moment of comforting after the younger boy seemingly passed out from the magic trick that involved fake blood."
1045-7,A
1046-0,The person wearing a black hat threw the person in the gray T-shirt into the swimming pool in retaliation because the person in the gray T-shirt had pushed him into the pool first as a prank.
1046-1,The individual in the black hat threw the individual in the gray T-shirt into the pool in retaliation for being pushed into the pool first.
1046-2,"Yes, the person in the black hat did throw the person in the gray T-shirt into the pool because they were pushed in earlier by the same person. The man in the black hat retaliated as a joke."
1046-3,"Yes, the person in the black hat threw the person in the gray T-shirt into the pool because it was a prank. The person in the gray T-shirt had thrown the person in the black hat into the pool first, and the person in the black hat was retaliating."
1046-7,C
1049-0,"The person who hits the dog with a slipper is humorously expressing how he can instruct the dog to turn off the lights, even when the dog is not expecting it or already in a position to do so."
1049-1,"The intention behind the person hitting the dog with a slipper while using their phone is likely to get the dog to turn off the light switch. This is implied by the context of the video, which is a challenge to turn off the light in creative ways. However, it is also important to acknowledge that the action could also be intended to annoy or disturb the dog."
1049-2,"No, the person in the video does not hit the dog with the slipper. Rather, the person uses the slippers to seemingly instruct the dog, after which the dog proceeds to stand up and turn off the lights."
1049-3,"No, the person was not expressing frustration or annoyance by tapping the dog with a slipper. The ""hit"" was just a gentle tap."
1049-7,B
1051-0,The man in black bites his hand when they take the photo because he wants to recreate the facial expression of the child in the old photo 36 years ago.
1051-1,"In the photo, the man (Remi) in black is conveying the typical behaviour of a baby, which is teething or experiencing discomfort, by biting his hand. This is a common action for babies exploring their surroundings with their mouths."
1051-2,"Yes, the man in black is mimicking his childhood actions by biting his hand, as can be seen in the current reenactment, as well as in the old photo."
1051-3,"No, the man in black is not necessarily expressing nostalgia or sentimentality by biting his hand in the photo. It looks like he's trying to recreate the pose of himself as a child in the original photograph, where he also has his hand near his mouth. It appears to be more of an attempt to mimic the original photo rather than an expression of deep emotion."
1051-7,B
1053-0,The man in the black T-shirt wants to express mockery by raising his black hat to his airplane passengers. It is a sign of disapproval for the man in the brown jacket taking the seat.
1053-1,The man in the black shirt is likely not trying to convey anything specific by lifting his black hat and putting it back on. It is likely a casual action to adjust his hat.
1053-2,"No, the man in the black T-shirt is not wearing a hat, nor is he raising his jacket to make it seem as though the middle seat is occupied."
1053-3,"The man in the black T-shirt is not raising his hat to greet someone, as he does not have a hat on."
1053-7,E
1055-0,"The enlightenment value of this video lies in its ability to serve as a cautionary tale about the potential negative consequences of pranks. It highlights the importance of considering the other person's feelings and potential reactions before playing a prank, as well as the ethical responsibility of ensuring that pranks do not cause significant distress or harm. It emphasizes the need for empathy and sensitivity when engaging in humor that involves others."
1055-1,"The educational takeaway from this video is that pranks can go too far and cause real harm. In this instance, the prank caused the girl to faint, highlighting the importance of considering the potential consequences before playing a prank on someone."
1055-2,The video does not have a high enlightenment value due to its humorous depiction of a prank. It shows a prank that elicits a negative reaction and then ends.
1055-3,"Yes, the enlightenment value of this video is low because it mainly shows a messy prank with ketchup. It does not offer educational, informative, or insightful content."
1055-7,C
1064-0,"The man is so surprised at the end of the video because he ran away, thinking he would be far enough from the firecracker when it exploded. He miscalculated the time it would take for the firecracker to explode, and accidentally ran in a circle, coming back to the starting point before the bomb exploded, catching him off guard."
1064-1,"The man is surprised at the conclusion of the video because the explosion of the firecracker is much bigger than he expected. He lights the firecracker and runs far away from the firecracker, but as he arrives back at the start, the explosion is much larger than anticipated."
1064-2,"Yes, the man is surprised. He runs as far as possible to get away from the bomb, but then he ends up next to it when it finally explodes."
1064-3,"Yes, the man is surprised when the firework he lit finally explodes. Although he initially planned to run away after lighting it, he did not anticipate the final blast. When he returned to the site after running around, he remained close to the firework and was caught off guard when it exploded."
1064-7,B
1075-0,The video splices together shots of Peter Parker and Spider-Man to highlight the contrast between public admiration for the superhero and the personal neglect and hardships faced by the ordinary man behind the mask. It shows how Peter Parker's struggles are often overlooked because society only focuses on the heroic deeds of Spider-Man.
1075-1,"The purpose of splicing shots of the ordinary man Peter Parker and Spider-Man together in the video is to highlight the contrast between the public's perception of Spider-Man as a hero and the private struggles of Peter Parker, the ordinary man behind the mask. In other words, it shows that everybody cares about Spider-Man, but nobody cares about Peter Parker."
1075-2,"Yes, the video splices shots of Peter Parker and Spider-Man to highlight the exclusion of ordinary people compared to the heroic identity of Spider-Man. It shows Peter Parker's daily struggles and the disrespect he faces as an ordinary man, contrasted with brief glimpses of Spider-Man. The most important contrast is in the video's last sequence. This last sequence splices shots of Peter Parker, seemingly excluded and feeling alone, while transitioning to Spider-Man overlooking the city. This split emphasizes Peter's internal conflict: the desire to be acknowledged and to have what he wants compared to the isolation that comes with his heroic responsibilities."
1075-3,"No, the video is not simply splicing together shots of an ordinary person and Spider-Man to suggest that they are the same person. The video uses scenes from the Spider-Man films, all featuring the character Peter Parker, played by the same actor, Tobey Maguire, both as an ordinary person and as Spider-Man."
1075-7,A
1080-0,"Khaby Lame is amazed because of the unnecessary steps taken to modify a spoon, when there already exists a perfectly good peeler that does the same job."
1080-1,He finds it ridiculous that people would spend a lot of time and energy using a complicated process to peel a carrot when a simple and readily available peeler is much easier to use.
1080-2,"Yes, the man is peeling the carrot and expressing disbelief because he doesn't understand why the previous person had to go through so much trouble to peel it. He demonstrates the easy and efficient method using a peeler and then throws his hands up in frustration."
1080-3,"No, Khaby does not peel the carrots and feel surprised because another person had actually made a usable carrot peeler out of a spoon. He disapproves of the method and insteads uses a traditional peeler."
1080-7,C
1081-0,"The small green Lego pieces represent mouthwash. This is demonstrated when Master Builder Alec pours the pieces into the brick mimic's mouth, shakes it, and pours the pieces out into the Lego sink."
1081-1,The small green Lego bricks represent mouthwash that is poured into the Lego brick mimic's mouth for rinsing.
1081-2,"Yes, a clear container filled with smaller green Lego bricks is used to represent mouthwash used in the teeth cleaning demonstration. This occurs approximately in the middle of the video."
1081-3,"No, the little green bricks in the video do not represent grass. They likely represent mouthwash. The presenter squirts a liquid into the Mimic's mouth to wash it. Then, he is seen spitting out the little green bricks, presumably, as the mouthwash into a sink made out of white LEGOs."
1081-7,C
1087-0,The circle on the left appears to be moving towards the left.
1087-1,"The circle on the left appears to be moving to the left, based on the direction of the arrow."
1087-2,"According to the video's presenter, it is true that the circle on the left does not actually move. The presenter states that the circles only appear to be moving, but when you cover the arrows, you will see that they are not actually moving. This is because your brain is being tricked."
1087-3,"Yes, at the beginning of the video, the circle on the left moves in the direction indicated by the arrow inside it. However, later in the video, the circle stops moving."
1087-7,C
1090-0,"From the perspective of the goats in the video, the person's painting on the ground would look like a random mess of lines, shadows, and shapes without any coherent form. It wouldn't appear as a ledge or any recognizable object."
1090-1,"The painting likely appears as a distorted mess of colors and lines to the goats, not as a ledge or a hole in the road, because the optical illusion is created from a specific viewing angle different from the goats' perspective."
1090-2,"No, the painting on the ground would not look like a broken bridge to the sheep. It only works from the viewer's perspective, not from the sheep's perspective, so from their point of view, it would likely look like a mess."
1090-3,"No, the painting on the ground would not appear to the sheep like a large puddle, as the optical illusion is designed to work from the viewer's perspective and would likely appear as a distorted shape to the sheep."
1090-7,E
1091-0,"Based on dual perception, there are 4 people in the image. There is the woman in white reading, the man standing behind her, the figure by the house, and the dual perception face."
1091-1,"In the final segment of the video, three individuals are visible: a woman with blonde hair sitting on a bench and reading a book, a man dressed in black with grey hair and a long grey beard holding a book, and a woman in the background walking away from a building."
1091-2,"Yes, I can confirm the presence of three people in the video's image. One is a woman sitting on a bench reading a book. Another is a man standing behind her, wearing dark clothing. The last person is a woman dressed in pink with a hat walking in the background."
1091-3,"No, that is incorrect. The painting shows at least three figures: one woman sitting, one man standing behind her, and another person walking in the background."
1091-7,B
1095-0,The person in the upper left corner throws a small rock into the bucket of blue liquid.
1095-1,"The person in the upper-left corner threw the stone into the keg to create a splash effect. When combined with the other video clips in post, it creates the final video which shows a man splashing in a keg full of water."
1095-2,"No, the person in the upper left corner does not throw a small stone into the ""keg"" (bucket) to create the visual effect. Instead, the shirtless man from ""CLIP - 2"" and ""CLIP - 3"" jumps into the bucket of water which is seen in the ""FINAL RESULT"", creating the splashing effect in the video edit."
1095-3,"Yes, the person in the upper left corner appears to cause someone to appear inside the keg by throwing a small stone."
1095-7,D
1101-0,The man gradually submerged the paper under water to create a visual effect that makes it appear as though the Goddess Durga is emerging from the water or is present within the river itself.
1101-1,"The man slowly dips the piece of paper into the water to create a visual effect of the goddess Durga emerging from the water, providing a creative and symbolic element to the video related to religious themes and festivals like Durga Puja and Navratri."
1101-2,"Yes, the man submerges the paper gradually to create an effect of it emerging from the water in the final video."
1101-3,"No, the purpose of slowly submerging the paper into the water was not to make it completely wet. By lowering the paper slowly, the person recording the video is able to get a creative shot of the image of the goddess slowly disappearing into the water for their video."
1101-7,A
1111-0,The woman second from the left decided to sit down instead of joining the dance.
1111-1,The woman wearing the red patterned saree chose to sit back down after initially standing up.
1111-2,"No, it was not the woman in the brown and red sari who decided to sit down after standing up instead of joining the dance. The woman in the brown and red sari stands up but does not sit down again; she remains standing."
1111-3,"No, it was not the man in the white shirt who decided to sit down after standing up, because he was sitting from the start to end of the video."
1111-7,E
1112-0,The friend took the firework instead of the lighter.
1112-1,The friend of the man who lifted the bucket had picked up the firework instead of the lighter.
1112-2,"No, it was not the person in the blue shirt who took the firework. The person in the pink shirt took the firework as part of the prank."
1112-3,"Yes, it was the person in the white shirt (pink shirt) who took the firework. This is because when the other man came back to check under the bucket, he only found the lighter."
1112-7,B
1117-0,The man in the lavender shirt made the water overflow and failed the challenge.
1117-1,The guy with a lilac shirt was responsible for the water overflowing and losing the challenge because he was careless when pouring.
1117-2,"No, it was the person in the purple shirt who caused the water to overflow, not the person in the blue shirt."
1117-3,"No, it was not the person in the red shirt who made the water overflow. The person in the red shirt added water successfully without overflowing it. It was the person in the blue shirt who caused the water to overflow."
1117-7,B
1119-0,There is no iron bowl in the video.
1119-1,"The iron bowl is on the floor. When the person in red responds, they are lying on the floor after being knocked off the couch by the phone, and the iron bowl of popcorn is no longer in their possession."
1119-2,"No, the iron bowl is not seen in the video and is not on the floor under the oversized phone screen when the person in red reacts."
1119-3,"Yes, the person in red has an iron bowl on their lap when they react to the cat and dog picture because they are holding it before the phone falls on them and spills the popcorn."
1119-7,C
1121-0,The filament light bulb is closest to the cloud symbol on the control panel.
1121-1,The symbol nearest to the filament light bulb on the control panel is the snowflake symbol. This is visible at [00:00:18].
1121-2,"Yes, the symbol closest to the filament light bulb on the control panel is three clouds."
1121-3,"Yes, the symbol closest to the filament light bulb on the control panel is the sun."
1121-7,D
1122-0,"At the end of the video, the little man in the overalls with the white bag is inside the vacuum cleaner nozzle."
1122-1,"At the conclusion of the video, the little man in overalls ends up inside of the vacuum cleaner, as the vacuum hose is aimed in his direction. He along with the other dust bunnies and lost items are sucked up into the vacuum cleaner's hose."
1122-2,"Yes, the man in overalls with the white bag does end up inside the vacuum cleaner at the end of the video. The man is lifted by the vacuum hose with dust bunnies and other objects into the vacuum."
1122-3,"Yes, the little man in overalls with the white bag is found inside a janitor's closet at the end of the video."
1122-7,C
1124-0,"The egg is in the water bottle after it is pushed on. This is concluded since water shoots out of the bottle when the egg is pushed on, which means the egg is no longer on top of the water bottle."
1124-1,"The egg is pressed downwards into the bottle, causing water to erupt from the bottle and spray the man in the face."
1124-2,"No, the egg is not behind the water bottle, nor is it in the hand of the person clapping after they clap their hands over the bottle, as evidenced by the water being shot out of the bottle after the motion, and the egg is nowhere to be seen."
1124-3,"No, the egg did not end up inside the water bottle. The man removed the egg from the top of the water bottle and put it in his mouth. Then, he slapped the bottle, and spat the water out of his mouth to give the appearance that the egg ended up in the bottle."
1124-7,E
1127-0,"In the third segment, the ball shooter stands directly in front of the target basket, with the camera also in front of the two (on the same side as the ball shooter)."
1127-1,"In the third segment, from the camera's viewpoint, the target basket is positioned directly in front of the shooter. This means the shooter is facing the basket as they prepare to take their shot."
1127-2,"Yes, in the fourth segment, the target basket is located behind the man, who is facing away from it and the camera."
1127-3,"No, in the third segment, the target basket is not positioned directly in front of the ball shooter, who is facing it."
1127-7,A
1130-0,The red ball moved significantly when the old man swung his arm the largest magnitude.
1130-1,The blue ball shows the most movement when the old man swings his arm widely. The different balls respond to different frequencies. The blue ball responds to high frequencies.
1130-2,"Yes, the red ball moved significantly when the old man swung his arm with the largest magnitude, which corresponds to the highest frequency of movement demonstrated in the video."
1130-3,"Yes, it was the blue ball that moved significantly when the old man swung his arm with the largest magnitude."
1130-7,B
1134-0,"In the last scene, the ball of the first throw initially flies towards a smaller basketball ring in an upward trajectory but misses the hoop. However, after missing the hoop, the ball slightly changes course and goes into the net of the full-sized basketball ring to the right."
1134-1,"In the final scene, when Jake throws the basketball, its initial trajectory upon release is towards the first basketball hoop's backboard. The ball travels at an upward and rightward angle toward the backboard. After bouncing off the backboard, it lands in the second basketball hoop."
1134-2,"No, the ball of the first throw in the last scene does not bounce back to the person after hitting the ring of the hoop. Instead, the ball bounces to the right and then goes into a basketball hoop behind him."
1134-3,"No, the ball of the first throw in the last scene does not descend directly toward the basketball hoop. The ball instead bounces off a different basketball hoop before eventually reaching the intended goal."
1134-7,E
1137-0,"When the woman is upside down, the head of the man in white is facing downwards. This is because he is holding the woman's legs, and he too has been turned upside down."
1137-1,"When the woman is upside down, the man in white is looking directly forward towards the camera."
1137-2,"Yes, the man's head is facing forward at the camera."
1137-3,"Yes, when the woman is upside down, the man's head is facing downward because they are doing an upside down trend."
1137-7,B
1145-0,"As an adult, 12 hours pass between the woman looking at her phone the first and second time. At first, the phone reads 8:00 am, and then it reads 20:00, which is 8:00 pm."
1145-1,"The time gap between the two instances when the woman checks her phone as an adult is 12 hours. The first time she checks, it is 8:00 AM, and the second time, it is 8:00 PM (20:00)."
1145-2,"Yes, the woman does check her phone 12 hours apart as an adult. At the start, the time is 8:00 AM. At the end, the time is 8:00 PM, which is 12 hours apart."
1145-3,"No, the woman does not check her phone twice within a minute as an adult. She checks it at 8:00, and later at 20:00."
1145-7,D
1159-0,The fifth item in the video is highlighters. The seventh item in the video is erasers.
1159-1,The fifth item shown in the video is sticky notes and the seventh item shown is a measurement scale.
1159-2,"Yes, the fifth and seventh items in the video are highlighters and erasers, respectively."
1159-3,"Yes, the fifth and seventh items in the video are sticky notes and a measurement scale."
1159-7,A
1160-0,"The fourth item shown in the video is the ""Tom EDC Mahjong Slider."" It is described as a ""chunky and heavy piece of metal that catches the most attention"". It is a rectangular slider that has a Chinese letter on it."
1160-1,"The fourth toy displayed in the video is the ""Tom EDC Mahjong Slider."" It is described as a chunky and heavy piece of metal."
1160-2,"Yes, the fourth item in the video is a metal fidget toy resembling a mahjong tile. The item has a symbol on it similar to what is seen on Mahjong tiles."
1160-3,"No, the fourth item in the video is not a small black pill-shaped fidget toy. The second item is a small, black, pill-shaped fidget toy. The fourth item is described as a chunky and heavy piece of metal that catches the most attention."
1160-7,C
1161-0,"The color order displayed by the long strip of light for the Loop Gear SK-05 Flashlight is yellow, green, blue, purple, red, and orange. The light cycles through these colors in a specific sequence."
1161-1,"The long strip of light on the object in the video displays the following sequence of colors: yellow, green, blue, purple, red, and orange. The colors change in that order, cycling through the spectrum."
1161-2,"Yes, the long strip of light on the object in the video does display the colors in the order of yellow, green, cyan, blue, purple, red, and orange."
1161-3,"Yes, the color order displayed by the long strip of light on the object in the video is yellow, green, blue, purple, and red. This color order is clearly visible in the video."
1161-7,A
1162-0,"The order of the menu options that are browsed is:
1. Calendar
2. Clock
3. Notes
4. Calculator
5. Settings

These menu options are displayed by pressing the lower left button on the phone's keypad."
1162-1,"The person navigates through the following menu options: Calendar, Clock, Notes, Calculator, Settings. This is achieved by using the directional buttons on the phone to highlight each option and then selecting it."
1162-2,"Yes, the person browses through the menu options starting with Calendar and ending with Calculator."
1162-3,"Yes, at the start of the video, the person scrolls through the menu options, including Settings."
1162-7,B
1168-0,The man in the red hat fell into what appeared to be a hole because it was actually an elaborately drawn piece of street art that made it look like a hole was there.
1168-1,The man in the red hat fell into the hole because he stepped on the street art which was designed to look like a real hole through the use of optical illusion.
1168-2,"Yes, the man in the red hat fell into the hole because of video editing and an optical illusion."
1168-3,"Yes, the man in the red hat fell into the hole because he was deceived by a realistic 3D street painting."
1168-7,C
1169-0,"The guy in black and white clothes was not really kicked to pieces. It was an illusion, a trick of editing, where the referee was made to disappear and be replaced by his clothes when the football was kicked."
1169-1,The man in the black and white clothes was edited out of the video after the soccer ball was kicked. His clothes were on the ground. This caused the man to appear shattered.
1169-2,"Yes, the man in black and white clothes was kicked to pieces by the soccer ball due to video editing effects. This is evidenced by the seemingly instantaneous disintegration of his clothes upon impact with the ball, and the fact that he reappears unharmed in different clothing after the event."
1169-3,"No, the man in the black and white clothes was not kicked to pieces because he was a mannequin. The effect was achieved through editing."
1169-7,A
1170-0,The containers disappear as a result of special effects after the container tetris stack collapses. The disappearance is accompanied by a flash of light and a sound effect.
1170-1,"The containers vanished due to the man playing the game Tetris. When he successfully completed a row by strategically placing the cargo containers, that row of containers vanished. However, all the previously stacked containers fell off the ship."
1170-2,"Yes, the containers disappeared because they were part of a Tetris-like game using post-production effects. The video is a comedic representation of Tetris using cargo containers, and the disappearing containers are a visual effect to simulate the game's scoring system."
1170-3,"The containers did not disappear because they fell off the ship due to instability, but rather because they vanished as if they were part of a Tetris game when a line was completed. It's a special effect in the video."
1170-7,C
1173-0,The person in the back seat of the car suddenly disappears due to a visual effect. The video is a skit and the disappearance is not real.
1173-1,The person in the back seat vanished because of the spilled drinks.
1173-2,"Yes, the person in the back seat disappeared due to post-production editing. The man could not have disappeared without the help of editing."
1173-3,"Yes, the person in the back seat disappears because the car hit a bump, which caused the person to spill all their drinks and vanish in a splash of liquid."
1173-7,D
1175-0,The polar bear on the ground is made to move via special video editing.
1175-1,"The technique used to make the bear on the ground appear to move in the video is visual editing. The polar bear drawing is edited to come to life, complete with animation and sounds, to give the illusion of a real, moving bear."
1175-2,"Yes, the bear on the ground is a 3D painting, that has been edited with footage of a real bear. When the woman asks to take a photo, and Zach encourages the ""bear"" to say cheese, the drawing roars, suggesting that the painting has come to life. After everyone is scared away, and the bear walks away, I can confirm that it has been edited."
1175-3,The bear is not a mechanical bear. It is a real polar bear that was digitally added into the scene.
1175-7,B
1176-0,The plant grew larger using special effects.
1176-1,The plant in the man's hand appears larger because of a visual effect.
1176-2,"Yes, the plant in the man's hand appeared larger due to a visual effect created by post-production video editing techniques."
1176-3,"Yes, the plant in the man's hand appears to grow larger because of a change in perspective as he moves through the doorway. The plant is initially small when he is outside the greenhouse, but it transforms into a much larger plant inside the greenhouse."
1176-7,B
1177-0,The man on the boat is a twin brother or a look alike that quickly hopped on the boat while Zach King appeared to dive into the water.
1177-1,"The technique used to make the man appear on a different boat suddenly involves a combination of video editing and misdirection. Zach King uses a towel as a screen. Zach goes behind the towel, the footage is edited, and he is on the boat in the water."
1177-2,"Yes, the man appeared on another boat due to video editing and visual effects. When the man goes behind the towel and jumps into the water, he does not appear on the boat right away. The video is edited to make it look like he has suddenly appeared on the boat."
1177-3,"No, it is unlikely that the man swam to the other boat while using the towel as a distraction. Zach King's videos are known for their creative editing and illusions, and the audience's surprised reactions suggest that his appearance on the boat was a result of editing rather than actual swimming."
1177-7,B
1178-0,"The laptop appears in the final scene of the video to demonstrate how different devices have changed and evolved over time. The video showcases the progression from basic smartphones to mini versions, flip phones, tablets, and ultimately, laptops."
1178-1,"The laptop is shown in the last part of the video to show all types of smartphones, tablets, and electronics."
1178-2,"Yes, the laptop in the final scene is most likely a phone transformed by a visual effect filter. This is consistent with the rest of the video, where similar visual distortions were used to reshape the phones and the creator's face in a comical manner."
1178-3,"No, the laptop in the final scene unfolds from a tablet."
1178-7,C
1181-0,"The Colosseum disappears when Zach King produces a realistic version of it on the canvas. He used a magic trick, and as a result, the Colosseum vanishes, only to reappear as a painting."
1181-1,The Colosseum vanished due to editing techniques. Zach King replaced the real Colosseum with the image of the painting in the frame by using video editing.
1181-2,"Yes, the Colosseum disappeared due to a visual trick and post-production effects. Zach King is known for his seamless editing and visual illusions, and the video relies on these techniques to create the illusion of the Colosseum being removed from the scene."
1181-3,"No, the Colosseum did not disappear just because of the painting. This is an edited video designed to create an illusion."
1181-7,A
1182-0,The ladder magically transforms from a collapsed ladder to a standard A-frame ladder as Zach extends it toward the camera.
1182-1,"The ladder initially appears as a miniature ladder carried by Zach King. Then, through a seamless transition, the miniature ladder transforms into a full-sized ladder, allowing Zach King to climb up towards the clouds."
1182-2,"No, the ladder doesn't appear to be made to look full-sized through video editing techniques. The ladder appears to be a normal sized ladder."
1182-3,"No, the ladder in the video does not turn into a smaller size as it moves toward the clouds. The ladder starts as a smaller, toy-like version and becomes larger."
1182-7,A
1183-0,The sky suddenly darkened because Zach King pulled the sun out of the sky and caught it in his hands.
1183-1,The sky became dark quickly at the start of the video because Zach King grabbed the sun.
1183-2,"Yes, the sky darkened because of a combination of lighting changes and post-production effects. The video showcases an unnatural and abrupt shift from daytime to nighttime, which indicates that the lighting was altered during filming and then further enhanced through editing techniques in post-production."
1183-3,"No, the sky did not darken because the person in the video turned off the lights. It darkened when he grabbed the sun out of the sky."
1183-7,A
1192-0,The standing sprinkler suddenly appears due to visual trickery and special effects used in the video.
1192-1,"The sudden appearance of the standing sprinkler was caused by Zach King aiming and shooting a woman with the toy weapon from the ""Ratchet and Clank"" game."
1192-2,"Yes, the standing sprinkler's sudden appearance in the video is due to creative video editing, as it magically pops into existence when people get turned into topiaries."
1192-3,"No, the standing sprinkler did not appear suddenly from underground. It was already there when Zach used his water balloon launcher on someone and it became visually clear. The water balloon makes the person become a bush."
1192-7,C
1203-0,"The man wrapped the towel around the faucet, then twisted the rag to squeeze out the water without touching the stream."
1203-1,"Andrey removes the towel by twisting it and pulling it upwards beneath the faucet, using the motion to raise it over the faucet head without touching the water."
1203-2,"Yes, the man managed to remove the towel by moving the open end of the towel to the other side of the water flow."
1203-3,"Yes, the man used the detachable spray head of the faucet to help remove the towel without touching the water stream. He positioned the faucet to help lift up the towel from underneath the water."
1203-7,B
1206-0,"The blue paint appears to be spilling unusually because the video is filmed with the camera rotated. Zach King is actually lying down, and the paint is spilling downwards due to gravity. The rotation of the camera makes it seem like the paint is defying gravity by flowing upwards."
1206-1,"The blue paint appears to spill in an unusual direction due to a rotated camera angle. The room is rotated 90 degrees, making the wall look like the floor. Thus, when the paint spills, it spreads horizontally along the wall, creating the illusion of defying gravity."
1206-2,"Yes, the blue paint is spilling upwards because the entire set is upside down, creating an illusion. This is supported by the direction of the paint splatter, the apparent normalcy of the curtain's hang, and the presence of a ceiling light fixture."
1206-3,The blue paint is not spilling unusually. The paint appears to be falling upwards because the camera has been rotated. The paint is falling normally due to gravity.
1206-7,C
1209-0,The woman is moving at an instantaneous speed.
1209-1,"The speed of the woman in the final image of the video is running speed, because it looks like the woman is running in the image."
1209-2,"Yes, the woman in the photo is appearing moving fast, because it is just an illusion created by the photo composition. In the photo, the woman's foot is stepping in the puddle, and the water splashes up, along with the leaves. The woman's leg is extended, and her other foot is off the ground, appearing to be in motion."
1209-3,"Yes, the woman in the photo is running quickly due to the position of her legs and the splash of water. Her leg is in the air and bent, indicating forward motion."
1209-7,C
1210-0,"The video begins with a focus on a particular photograph, then expands to include the full breadth of the exhibition, and finally shows people observing the photos."
1210-1,The focus changes throughout the video by transitioning from a specific photograph at the beginning to a montage of various images displayed in the exhibition in the middle and end. This showcases the breadth of submissions for the Sony World Photography Awards.
1210-2,"No, the focus of the video does not remain solely on the photograph of the two birds throughout the sequence. While the video begins and ends with the photograph, it also includes a panning shot that briefly shifts the focus to other elements within the gallery space."
1210-3,"No, the video does not start with a focus on the background. The video starts with a clear focus on the photograph (foreground). In the middle of the video, the focus continues to be on the photographs displayed in the gallery, and the video ends by inviting viewers to participate by submitting their own single images or series for free before the January deadline."
1210-7,B
1214-0,The motion of the shot when photographing the woman is a zoom in. It starts with a wide shot and gradually moves closer to the woman.
1214-1,"The camera zooms in towards the woman from a distant, overhead shot to a close-up of her face."
1214-2,"Yes, the camera is moving closer to the woman, creating a zoom-in effect as it films her."
1214-3,"Yes, the camera is moving away from the woman, creating a zoom-out effect as it films her."
1214-7,A
1223-0,"The camera view in the final throw is different from the others as it zooms in slightly as the ball is about to land in the cup to give the viewer a closer look. In contrast, the camera view for the other throws is static and wide."
1223-1,"During the final throw, the camera angle changes from a wide shot, capturing the man and the frying pans, to a close-up shot focusing on the ping pong ball as it bounces off the last frying pan and lands in the cup. This close-up emphasizes the successful completion of the trick shot."
1223-2,"No, the camera does not zoom in on the floor during the last throw. The camera remains stationary throughout the video."
1223-3,"No, the camera keeps the same angle for the final throw. The wide shot remains consistent throughout the entire video."
1223-7,D
1225-0,"The first camera zoom completes at around the timestamp of 0:07-0:08. Peet is mainly visible when the first camera zoom is complete, along with his mom."
1225-1,"When the camera finishes zooming in for the first time, the person prominently seen is Peet Montzingo. He follows a taller individual through the door."
1225-2,"Yes, the person mainly visible after the first camera zoom at 0:13 is a man in a gray Under Armour t-shirt."
1225-3,The person mainly visible after the first camera zoom is not a woman in a red dress. She is wearing a pink shirt and black pants.
1225-7,C
1229-0,The object in front of the mirror is different from its reflection because the content creator manually swapped the pawn chess piece with a king chess piece in the mirror's reflection while capturing the panorama image.
1229-1,"The discrepancy between the object in front of the mirror and its reflection is because the object is a pawn while the reflection is a king. This is achieved by using a king chess piece behind the mirror such that its reflection is visible in the mirror. A pawn chess piece is placed in front of the mirror such that from the camera's viewpoint, it appears that the pawn's reflection is a king."
1229-2,"No, the difference between the object and its reflection is not due to the use of a panoramic photography feature on the phone. The difference is due to the fact that the object is a pawn and the reflection is a king; the panoramic feature is simply used to capture both chess pieces in a single image."
1229-3,"No, the difference between the object and its reflection is not because the mirror is a special type like a concave mirror. The mirror is a flat, circular mirror, which produces reflections that are the same size and shape as the object being reflected. The difference is due to the panorama mode on the camera being used."
1229-7,C
1231-0,"The water in the waterfall looks like it is flowing backwards at the end of the video because the footage has been reversed. This means that the original recording of the water flowing downwards has been played in reverse, creating the illusion of the water flowing upwards."
1231-1,"The waterfall appears as if it is flowing in reverse due to the man walking backwards. When the video is played at normal speed, this creates the illusion that the waterfall is moving in reverse."
1231-2,"No, the backward flow of the waterfall at the end of the video is not due to reverse video processing. It is created by walking backward and shooting the video sideways."
1231-3,"No, the waterfall appears to flow backwards at the end of the video because the footage has been reversed and rotated 90 degrees. The man in the video is also walking backwards towards the waterfall."
1231-7,A
1233-0,"There are two reflections in the photo because the man steps out of the frame and only the woman remains during the time the panorama photo is taken. The panorama works by capturing a wide scene from left to right and stitching all of the frames together, so if a person exits the frame during this process, only the reflection is present."
1233-1,"The second reflection in the water is due to the panorama being created in segments. The man was likely standing in the frame when the initial part of the panorama was being captured, which resulted in his reflection. However, before the panorama was completed, he stepped out of the frame, leaving only the woman visible in the final image, while his reflection remained."
1233-2,"Yes, the reflections in the photo are due to the use of the panorama function of the camera. The panoramic camera setting captures a broader view of the scene by stitching multiple images together, thus expanding the reflection into the panorama."
1233-3,"No, the two reflections in the photo are not due to image synthesis technology. The video clearly shows the photographer using the panorama mode on their phone and taking advantage of the natural reflection in the water on the ground to create the effect."
1233-7,C
1235-0,The video does not provide any information to determine the answer to 4+3.
1235-1,"According to the video's pattern, 3 plus 3 equals 2.25"
1235-2,"Based on the pattern in the video, 4+3 does not equal 37, since according to the pattern, the result should be 4."
1235-3,"No, according to the pattern in the video, 4 + 3 does not equal 412. The pattern seems to involve multiplying each number by itself minus 2: n + n = n * (n - 2), which makes no sense if the numbers are different."
1235-7,E
1236-0,"Yes, the method is useful and produces correct calculation results. This is because dividing a number ending in zero by five can be simplified by removing the zero and multiplying the remaining digit by two, which is a valid mathematical shortcut."
1236-1,"Yes, the method demonstrated in the video effectively yields accurate calculation results. The trick shown simplifies the division by five by removing the zero and multiplying by two, which is a mathematically sound shortcut for dividing by five for numbers ending in zero."
1236-2,"Yes, the method shown in the video is effective in producing accurate results for the division problems. To divide a number ending in zero by five, the trick is to remove the zero, then multiply the remaining number by two."
1236-3,"No, the method shown in the video does not involve squaring the numbers before dividing by 5. It involves removing the zero from the dividend and multiplying the remaining number by 2."
1236-7,C
1237-0,"According to the pattern in the video, the answer of 9+9 is 63. The pattern is to multiply the sum by an incrementing integer, starting from 2.
4+4 = 4*2 = 8
5+5 = 5*3 = 15
6+6 = 6*4 = 24
Following this pattern, 9+9 = 9*7 = 63."
1237-1,"According to the pattern, 9 plus 9 equals 63. The pattern can be shown in the following equation: n + n = (n * (n-2)). Therefore, 9 + 9 = (9 * 7) = 63."
1237-2,"Based on the pattern and the most common answer given in the comments, 9 + 9 results in 63. One possible way to achieve this answer is to multiply the first number of the addition by the next number in sequence."
1237-3,"No, according to the pattern in the video, 9 + 9 does not equal 72. Based on the pattern, the answer to 9 + 9 is 63."
1237-7,B
1239-0,"Yes, the method is useful and produces correct calculation results."
1239-1,"Yes, the method shown does help in achieving accurate calculation results. The demonstrated trick yields the correct multiplication table for 19."
1239-2,"Yes, the method is effective in producing the correct results for the multiplication table of 19. As demonstrated in the video, by writing odd numbers in ascending order in the tens column and the numbers 9 to 0 in descending order in the ones column, the correct multiples of 19 are obtained."
1239-3,"The method in the video produces the correct results for the multiplication table of 19, but its efficiency depends on the context. If you only need to find one product (e.g., 19 x 7), the normal method is likely more efficient. However, if you need to generate the entire multiplication table, the video's method might be more efficient, as it utilizes a specific pattern to derive all the results quickly."
1239-7,B
1242-0,The result of the magic trick was that the man successfully convinced the woman that he used the cup to transport the dollar bill to his ear by sleight of hand.
1242-1,The dollar ends up in the man's ear. This is done by tapping the dollar with a cup 3 times.
1242-2,"Yes, the man's magic trick succeeded in surprising the woman by making money appear under the cup. She was not initially surprised, but when the man concealed a second bill under the cup on the final attempt, she was visibly shocked and surprised."
1242-3,"No, the man's magic trick did not fail. The fact that the dollar remained on the table was part of the trick, leading the audience to think the trick had failed, only to be surprised at the end when he produced a second dollar bill."
1242-7,A
1255-0,The man runs underneath the parachute after the color Yellow is called.
1255-1,"The color called that prompted the man to run underneath was ""yellow."""
1255-2,"Yes, after the color yellow was called, the man immediately ran underneath the parachute."
1255-3,"No, the man did not run underneath the parachute after the color red was called."
1255-7,A
1260-0,"The man in white probably looks surprised because of the animated graphics that are superimposed at the end of the video, as the other man in black covers his face in shock."
1260-1,The man in white wearing a black shirt appears shocked because the man wearing a white shirt played an uno reverse card.
1260-2,"Yes, the man in white is surprised because the man in black ate all the food on his plate."
1260-3,"Yes, the man in white is surprised because the food he ate was unexpectedly spicy."
1260-7,C
1261-0,"In the reflection of the woman reading under a tree, there are two men visible because they are positioned behind the camera, holding lights to illuminate the roots of the tree in the reflection. They are purposefully placed there to enhance the overall image and create a more dramatic reflection effect."
1261-1,"In the scene with the woman reading under the tree, the presence of two men in the reflection, despite only one woman being present in the actual scene, is achieved through compositing two separate shots. One shot is the main image of the woman reading under the tree with flying pages. The other shot is the reflection in the mirror showing two men standing behind the tree and holding torches. The two images were then combined to create the final photograph."
1261-2,"Yes, the presence of two men in the reflection could be due to the photos being intentionally shot and edited together. The video shows the photographers intentionally setting up the photographs to create reflection photo ideas, so it is likely that the presence of the men was part of a planned effect."
1261-3,"Yes, the reflection of the two men in the scene is created by using a rectangular mirror placed on the ground under the tree."
1261-7,B
1262-0,The girl's emotion after holding onto the performer's arm is fear. She appears to be crying because she thinks she has broken the performer by touching him.
1262-1,"The girl in the pink top felt that she had broken the street performer after grabbing their arm, indicated by her immediately bursting into tears and calling for her dad."
1262-2,"Yes, the girl in the pink top felt worried and scared after she held the performer's arm. She began to cry and called for her dad after the performer moved his leg when she touched his arm."
1262-3,"No, the girl in the pink top did not feel curious and amused after she held the performer's arm. Instead, she was startled and immediately upset when the performer moved, causing her to cry and call for her dad."
1262-7,A
1275-0,The fifth person wins the challenge. This is because they successfully fill the glass to the very top with water and then chug the contents.
1275-1,The person wearing the blue t-shirt is the winner of the challenge. He is the last one standing at the end of the video.
1275-2,"Yes, the person in the blue T-shirt lost the challenge because the water he added went over the glass rim due to surface tension. The other people did not spill water, so they likely won."
1275-3,"Yes, the person in the blue shirt won the challenge. He managed to avoid spilling the water by drinking it before it could overflow."
1275-7,D
1276-0,The lemon icon at the top of the video is an indicator of the lemon gummy challenge. Check marks are added to the lemons to show that the person enjoyed the gummy.
1276-1,"The lemon icon represents the gummy lemon slices, which are the main focus and the challenge item featured in the video."
1276-2,"Yes, the lemon icon at the top of the video represents different sizes of lemons that participants are challenged with."
1276-3,"No, the lemon icon at the top of the video indicates the size of the gummy lemon that each family member is trying and the order in which they are trying it. It does not necessarily indicate the level of sourness."
1276-7,D
1278-0,The difference in the number of attempts between the first two challenges is 1. The first challenge had one attempt whereas the second challenge had two attempts.
1278-1,"The difference in the number of attempts between the first two challenges is 4. The first challenge, plugging the phone into a charger, took 1 attempt, while the second challenge, lighting the easter egg on fire, took 5 attempts."
1278-2,"No, the difference in the number of attempts between the first two challenges is 15, since the first challenge took 16 hours to complete, and the second challenge only took one try."
1278-3,"No, the difference in the number of attempts between the first two challenges is 0, which is not more than two."
1278-7,C
1283-0,"At the end of the video, the kid wearing the green uniform runs the fastest and wins the race, crossing the finish line clearly in first place."
1283-1,"At the conclusion of the video, the fastest runner is the boy wearing the red uniform. He crosses the finish line first."
1283-2,"No, the child in the red outfit positioned in the middle of the five runners is not the fastest at the end of the video. The child in the green outfit is the fastest, reaching the finish line before any of the other children."
1283-3,"No, the child in the green outfit is not the fastest runner at the end of the video. Caleb in the red uniform is the fastest and wins the race."
1283-7,C
1288-0,"At the end of the video, the blond man has a smirking grin on his face. This can be interpreted as him being amused by the woman's reaction and enjoying the joke."
1288-1,The blond man seems amused at the conclusion of the video because he ruined his magic trick and begins to laugh.
1288-2,"No, the blond man doesn't seem frustrated. He appears surprised and perhaps a little caught off guard when the woman reveals the trick, but he doesn't show any signs of anger or strong frustration. He pauses briefly but continues with his performance."
1288-3,"Yes, the blond man feels playful and energetic at the end of the video, as he continues attempting his magic trick with the pink towel."
1288-7,A
1290-0,"At the end of the video, Thomas hits the wall with the pillow and accidentally hits the wall with his hand as well. He shouts ""AaAah"" as a result of the pain."
1290-1,"At the end of the video, the man reacts with a pained expression, as if his hand or arm hurt from hitting the wall. He makes a yelling/crying sound, suggesting that he is in pain."
1290-2,"Yes, the man does show signs of shock and pain after his attempt with the pillow. He yells loudly and his facial expression changes."
1290-3,"No, the man does not seem amused and entertained at the end of the video. He stares into the camera with a deadpan look on his face."
1290-7,C
1293-0,"The bottle cap in the second scene of the video is suspended in the air by a thin, clear string. The photographer used water spray to make it look like the cap was flying from the bottle."
1293-1,"A thin string was attached to the bottle cap and held taught, making it appear to fly mid-air."
1293-2,"Yes, in the second scene, the bottle cap was made to look like it was flying by using a thin string. The string is visible when the behind-the-scenes footage is shown."
1293-3,"No, the bottle cap did not fly in the second scene because someone actually flicked it with their finger. The video shows that the bottle cap was suspended by a string to make it appear as if it was flying through the air."
1293-7,D
1294-0,"The piece of meat appeared on the grill because it accidentally fell from a hot air balloon where another chef, inspired by @CznBurak, was slicing meat."
1294-1,The piece of meat fell from a hot air balloon where a person was cutting meat.
1294-2,"Yes, it is implied by the narrative that the piece of meat fell onto the grill because it was dropped from a hot air balloon."
1294-3,"No, the piece of meat did not appear on the grill because someone placed it there using tongs. The meat fell from the sky, presumably from the man slicing meat in the hot air balloon seen at the start of the video."
1294-7,D
1298-0,The man's football did not return to him because the boy kicked the ball backwards over his head into a blue barrel.
1298-1,The man's football did not come back to him because the boy kicked it away off-screen.
1298-2,"The man's football did return because it landed in the bucket, but the boy's football did not return because it missed the bucket."
1298-3,"No, the man's football was not intercepted by a dog. The video shows the ball falling back into his possession after he missed the hoop."
1298-7,B
1299-0,The elevator doors closed because Sofi used her hands to close them. She intentionally blocked the other woman from entering the elevator.
1299-1,"The woman inside the elevator caused the elevator door to shut by pressing the elevator buttons. Though there is no evidence shown in the video that she pressed the buttons to close it, she is seemingly pretending to do so."
1299-2,"No, the elevator door did not close automatically as buffer time is up. Another person enters the elevator before the door closes."
1299-3,"Yes, it is likely that the elevator doors closed because the person who ran up to the elevator pressed the close button inside."
1299-7,B
1307-0,"Past the ramp, the lead tire increases its speed. The difference in speed causes the lead tire to increase its distance in the forward direction compared to the other tire."
1307-1,"The speed difference between the two tires increases. The tire initially in the lead slowed down, because it hit a bump. This means one tire is faster than the other. The distance between the tires increases because of the speed difference."
1307-2,"No, the tire that is initially lagging behind does not surpass the leading tire in speed or distance after the ramp because the tires do not successfully go over the ramp due to their existing speed and trajectory."
1307-3,"No, the tire that initially takes the lead does not remain in the lead all the time. The other tire overtakes it at approximately 0:14."
1307-7,C
1308-0,"As the black missile appears on screen, its speed increases dramatically. It starts traveling much faster, and the rate of speed is described as being ""seven times faster than the speed of sound"" by the narrator."
1308-1,"The missile starts off at a slow speed, gradually accelerating until it reaches a speed seven times faster than the speed of sound."
1308-2,"No, the black missile in the animation does not first decelerate to match the bullet's speed before accelerating rapidly. The missile is shown traveling at a much faster speed than the bullet from the moment it appears in the animation."
1308-3,"No, the speed of the black missile in the animation does not keep increasing. The speed of the black missile is seven times faster than the speed of sound."
1308-7,A
1310-0,Michiel completed the game in less time than Celine. He was the first to successfully transfer all the soccer balls into his hoop.
1310-1,Michiel finished the game in the shortest amount of time. He was able to place the last soccer ball in his hoop before Celine.
1310-2,"Yes, Michiel completed the game faster than Celine. The video shows him kicking the last ball before she does."
1310-3,"No, Celine did not finish the game faster, even though she had soccer ball icons above her name. Michiel completed the game faster than Celine. The soccer ball icons were simply a visual indicator of progress."
1310-7,B
1312-0,"No, the treadmill is not running while the person in the video is sleeping. The person is shown static and the blanket isn't moving, which shows that the treadmill isn't running."
1312-1,"Yes, the treadmill was active while the person was trying to sleep in the video. This can be seen in the video segment where the person is covered in a blanket with a pillow while the treadmill is actively moving."
1312-2,"No, the person in the video did not have to crawl forward to avoid falling off the treadmill because it was running while they were sleeping."
1312-3,"Yes, the treadmill belt was stationary while the person was sleeping in the video."
1312-7,C
1318-0,"At the end of the video, the daughter is looking bored and annoyed, as if she has seen this type of behavior from her father before."
1318-1,"At the conclusion of the video, the daughter appears unimpressed and unaffected. She is not laughing and maintains a neutral expression. This suggests that she may not have been convinced by her father's cat impersonation and may still want a cat."
1318-2,"Yes, the daughter does seem speechless with her father at the end, as she just stares at him silently."
1318-3,"No, the daughter does not appear amused or entertained by her father's antics at the end of the video. Her expression remains neutral to slightly displeased while her father is doing his cat impression, indicating she is not enjoying his behavior."
1318-7,D
1321-0,
1321-1,
1321-2,
1321-3,
1321-7,
1324-0,"At the end of the video, both the man and the woman seem surprised and shocked. This sentiment is caused by the man's realization that he was about to break a dog in half, and the woman's surprise at the fact that the man was so close to accidentally hurting the animal."
1324-1,"At the conclusion of the video, the woman seems shocked and worried, and the man seems surprised and concerned. This is caused by the fact that the last object the man splits in half is the woman's pet dog."
1324-2,"Yes, the man and woman experience shock at the end of the video due to the man's distracted actions with the dog. The woman gasped when the man started squeezing the dog and he reacted in surprise when he realized what he was doing."
1324-3,"Yes, the man and woman appear to be in a light-hearted and playful mood at the end of the video because of their interaction with the fluffy white dog. Initially, the man and woman are both wearing serious expressions. The woman's face registers surprise when the man almost breaks the dog in half. They both laugh and start petting the dog in a lighthearted way, relieved that the dog is safe."
1324-7,C
1329-0,"At the end of the video, the woman appears to be annoyed, based on her expression and actions. This is likely because her husband was using her stretching position as an opportunity to act like he was a king ordering her around, disrupting what may have been a relaxing moment for her."
1329-1,"At the end of the video, the woman feels playful and as though she is seeking to engage in lighthearted revenge, stemming from the man's prank. This is clear, as she rises up and playfully chases the man for pranking her while she was stretching on the floor."
1329-2,"No, the woman's mood at the end of the video does not reflect frustration or anger. Instead, it seems playful, as she chases after him in jest."
1329-3,"No, the woman's mood at the end of the video is not one of confusion or curiosity. It's clear she understood the man's action as a playful prank, as she chases after him in response."
1329-7,D
1344-0,"The child smiles after the injection because the initial pain subsides quickly, and the baby realizes it's not as bad as they thought it would be."
1344-1,"The child smiles after receiving the injection because the child realizes that the pain from the injection was not as bad as initially expected, causing a quick emotional turnaround from crying to smiling."
1344-2,"The child smiles after the injection, and it is possible that the pain subsides once the needle is removed, but it is also possible that the child recovered emotionally from the stimulus of the needle itself."
1344-3,"No, the child's smile after the injection doesn't appear to be directly caused by being comforted. Instead, the baby seems to realize that the unpleasant experience is over, which leads to a rapid mood shift and a happy reaction."
1344-7,C
