qid,pred
0008-0,"The first two people repeatedly tap the side of their glass bottles with a tool. In contrast, the last person initially taps the side but then discards the tool and uses a hand gesture over the top of the bottle, causing the cap to pop off in a seemingly effortless or magical way."
0008-1,"The last person in the video uses a distinct and forceful method to open the bottle. While the first two individuals simply tap the bottle cap repeatedly with a small object, the last person, after initially tapping, performs a quick, downward chopping motion with his hand, which successfully removes the cap, causing the drink to fizz significantly."
0008-2,"Yes, the last person opened the bottle without using a knife. He tapped the cap with a chopstick and then used a hand gesture to make the cap come off."
0008-3,"**
No, the last person in the video did not open the bottle with a knife. While the first two people did fail in their attempts using a flicking technique, the last person successfully opened the Coca-Cola bottle using a hand-chop motion after initially failing with the flicking method."
0008-7,D
0012-0,"There are 3 robot figures shown in the video. One figure in a white suit appears first, and then it is shown standing with two other figures, one in a silver/grey suit and one in a black suit."
0012-1,"There are a total of 4 robot figures shown in the video. This includes the initial figure in the white and blue suit, one in a silver/grey suit, one in a black suit, and one in a red and gold suit, all displayed together on a stage."
0012-2,"Yes, the video displays four robot figures in total. Initially, one robot is shown walking, but later scenes reveal three more robots standing alongside the first one, bringing the total count to four distinct figures on display."
0012-3,"No, there are not only two robot figures shown in the video. The video clearly displays three distinct figures dressed in different robotic-style suits posing together."
0012-7,C
0016-0,"**
The person in the image can be perceived as facing in two directions due to the optical illusion:
1.  **Facing Forward:** The central placement of the eye, nose, and lips can be interpreted as looking directly at the viewer.
2.  **Facing Sideways (to the right):** The outline of the face (forehead, nose, lips, chin) and the visible ear with an earring strongly suggest a profile view looking towards the right side of the image."
0016-1,"The person in the image can be perceived as looking in two directions due to the optical illusion:
1.  Looking forward and slightly to the viewer's left.
2.  Looking in profile towards the viewer's right."
0016-2,"No, the dual perspective (seeing the person facing both sideways and forward) is not due to photo editing in the typical sense of altering a standard photograph. It is an optical illusion intentionally designed with ambiguous features that the human brain can interpret in two different ways. The specific arrangement of lines and shapes allows for both a forward-facing and a profile interpretation simultaneously."
0016-3,"Yes, the relative symmetry of the shoulder/chest area in the image helps support the optical illusion of the person facing forward. When interpreting the image as frontal, the white patch on one side and the dark area on the other appear roughly symmetrical, which is consistent with a forward-facing pose, thus contributing to that perception alongside the ambiguous facial features."
0016-7,C
0036-0,"**
The machine can cut the zucchini so thinly because its blades are actually spinning extremely fast, not slowly as they appear in the video. The slow-motion appearance is an optical illusion known as the stroboscopic effect, which occurs when the camera's frame rate (the number of pictures it takes per second) happens to align closely with the rotational speed of the blades. This makes the rapidly moving blades look slow or almost stationary on video, but their true high speed enables the fast and thin slicing."
0036-1,"**
The machine manages to slice the zucchini thinly because its blades are actually rotating extremely fast. The appearance of slow rotation is an optical illusion called the stroboscopic effect. This occurs because the camera's frame rate (the number of pictures it takes per second) is nearly synchronized with the high speed at which the blades are spinning. As a result, the camera captures the blades in similar positions in consecutive frames, making them look like they are moving much slower than they really are, while they are actually cutting the vegetable rapidly and efficiently."
0036-2,"Yes, the primary reason the machine cuts the vegetable so thinly and rapidly is that the blades are spinning at a very high speed. However, the stroboscopic effect is not the *cause* of the thin cutting; it is a visual illusion observed in the video recording where the high-speed rotation appears slow due to the relationship between the blade's actual speed and the camera's frame rate. The thinness is achieved by the physical high speed and sharpness of the blades combined with the machine's design."
0036-3,"**
No, the machine is not operating at a slower speed. The appearance of the blade moving slowly is an optical illusion (stroboscopic effect) caused by the relationship between the camera's frame rate and the blade's actual high rotational speed. The machine cuts the vegetable thinly due to the sharpness of the blade combined with its very high speed, not despite being slow."
0036-7,A
0037-0,"There are 6 parts of the video that have been artificially edited. These edits include: the duplication and jittering of the red cup, the man freezing in a T-pose with a floating ball, the change in the man's appearance to low-poly and then a missing texture pattern, the appearance of a 3D ""ERROR"" sign, the appearance of a transparent T-posing duplicate of the man, and the spawning of multiple erratically bouncing balls. Each edit uses visual effects to simulate a different type of common video game glitch."
0037-1,"The video shows signs of artificial editing in 6 distinct sections. These include the erratic movement of the cup, the man freezing in a T-pose with a suspended ball, the change to a low-poly model, the change to a missing texture model with ""ERROR"" text, the appearance of a duplicate smaller man in the cup, and the generation of multiple unrealistically bouncing balls."
0037-2,"Yes, the video is clearly edited in multiple parts using various visual effects techniques to create the simulation of video game glitches. Effects like the man T-posing, changing textures, the appearance of the ""ERROR"" text, the miniature man inside the cup, and the rapidly spawning balls are impossible to achieve in a single, unedited shot and require post-production editing and visual effects."
0037-3,"**
No, the video is not edited only in one part. Editing techniques are used multiple times throughout the video, in both the middle and near the end, to create the various distinct video game glitch effects shown."
0037-7,A
0038-0,"The last person was able to snap off the cap so easily because the video uses a trick, likely video editing or a pre-loosened cap, timed with his hand gesture. After showing that tapping the cap (like the previous people) didn't work, his final hand wave makes it *appear* as though the cap came off effortlessly due to this gesture, creating a surprising and seemingly simple solution."
0038-1,"The last person was able to break off the bottle cap easily because he repeatedly tapped the edges of the cap multiple times with a thin object before striking it. This repeated tapping likely loosened the cap's seal on the bottle, making it significantly easier to knock off with the final sharp blow from his hand."
0038-2,"**
Yes, the last person successfully broke the bottle. He struck the top of the Coca-Cola bottle with his hand, causing it to shatter."
0038-3,"No, the last person did not use a lighter as a lever. He used a hand gesture which appeared to magically pop the cap off and transform the bottle into a glass. The first person shown in the video attempted to use a lighter as a lever."
0038-7,E
0064-0,"**
The room went dark after the stick figure character closed the door because the lamp inside the bedroom was turned off. A clicking sound effect accompanies the darkness, and menacing eyes appear immediately after, suggesting an unseen scary presence turned off the light the moment the character closed the door."
0064-1,"**
The room became dark because the force of the stick figure character slamming the door shut caused the lamp inside the room, which was the only light source, to turn off or malfunction."
0064-2,"No, the room did not go dark because the character closed the door causing the lamp to fall. The lamp flickered and went out on its own *before* the door was fully closed, and the lamp never fell."
0064-3,"**
No, the room did not go dark because the stick figure character accidentally hit the light switch when closing the door. The character turned off a light switch in the hallway *before* entering the bedroom. The bedroom light, which was a lamp on a dresser, went out *after* the character had already closed the door, seemingly turned off by an unseen presence as part of the scare."
0064-7,A
0070-0,"The person poured the water 2 times. They poured once, stopped, then started pouring a second time."
0070-1,"The person pours water 2 times in the video. They attempt to pour water from a green mug into a black mug, miss completely, pause, and then attempt to pour again, missing again."
0070-2,"Yes, the person in the video poured the water twice. He poured once, paused after a visual effect and sound cue, and then started pouring again."
0070-3,"No, the person in the video did not pour the water once. They poured the water twice; once at the beginning, paused, and then started pouring again towards the end of the video."
0070-7,D
0080-0,"The purpose of beating the balloon is to break the inner container (the glove finger) holding the vinegar. This allows the vinegar to mix with the baking soda inside the balloon, initiating a chemical reaction that produces carbon dioxide gas, which in turn inflates the balloon to resemble a pufferfish."
0080-1,"**
You need to hit the balloon to break the small inner packets containing the vinegar and the baking soda. Breaking these packets allows the vinegar and baking soda to mix together inside the main balloon, causing a chemical reaction that produces carbon dioxide gas, which inflates the balloon like a pufferfish."
0080-2,"No, the purpose of hitting the balloon is not primarily to create a fun and interactive toy through the act of hitting itself. The purpose of hitting the balloon is functional: it breaks an inner container holding vinegar, causing it to mix with the baking soda already inside the balloon. This mixing triggers a chemical reaction that produces carbon dioxide gas, rapidly inflating the balloon to mimic a pufferfish puffing up."
0080-3,"No, the purpose of hitting the balloon is not to make it pop loudly. The hitting action is intended to break the inner pouches containing vinegar and baking soda, causing them to mix and react, which produces carbon dioxide gas and inflates the balloon to resemble a puffed-up pufferfish."
0080-7,E
0081-0,"The man puts his hand on his face likely as a brief, spontaneous reaction to the woman beginning her cute actions or dance, possibly to hide an oncoming smile or express a hint of playful amusement or shyness."
0081-1,"The man covers his face briefly with his hand right at the start, likely as a quick, playful gesture indicating mild embarrassment or self-consciousness about the cat filter applied to his face or about filming the video."
0081-2,"Yes, the man briefly covered the lower part of his face with his hand. This action immediately caused the cat face filter to lose tracking on him and transfer to the girl standing next to him."
0081-3,"No, the man did not put his hand on his face as part of a synchronized dance move. The woman performs an energetic dance routine throughout the video, while the man remains mostly stationary, and his brief hand-to-face gesture at the beginning does not align or synchronize with the woman's choreography."
0081-7,D
0083-0,"**
The video uses the daughter's repeated entries into the room to highlight the comedic stereotype of Asian mothers who initially disapprove of pets but secretly and quickly grow very fond of them. Each time the daughter enters, she catches her mother acting contrary to her stated dislike—showing affection, talking sweetly, or even preferring the dog—thus exposing the mother's hypocrisy and demonstrating the common narrative that the pet eventually becomes the beloved, ""favourite child."""
0083-1,"The daughter's repeated entries into the room serve to expose the mother's contradictory behavior and hidden affection for the dog. Each time the daughter enters or peeks, she catches her mother acting in a way that starkly contrasts with the dismissive and allergic attitude she displays when the daughter is present. This repetition highlights the comedic trope of a parent initially opposing a pet only to secretly adore it, ultimately revealing the mother's hypocrisy and growing preference for the dog over her own daughter."
0083-2,"Yes, the daughter is trying to uncover her mother's true feelings about the pet dog. She repeatedly leaves the room, only to listen, peek, or burst back in unexpectedly. This catches her mother acting affectionately towards the dog when she believes she is alone, forcing the mother to quickly revert to her disapproving persona. The daughter's repeated actions show she suspects her mother secretly likes the dog and is trying to catch her in the act to confirm it."
0083-3,"No, the video does not show the daughter repeatedly entering the room to announce the pet dog. She announces the dog only once at the beginning. Her later appearances in the room are to observe or confront her mother's contradictory behavior after the mother initially rejected the pet. While the video uses stereotypes associated with ""Asian Mums"" to highlight cultural themes for comedic effect, this is achieved through the mother's actions, not through repeated announcements by the daughter."
0083-7,"**
D"
0099-0,"There are 2 zoomed-in close-ups in the video. The first occurs around the 9-second mark where the view magnifies the tip of the rotating arm as it draws, and the second occurs near the end, around the 55-second mark, showing an extreme close-up of the arm's tip just before the video concludes."
0099-1,"**
There is a total of **1** zoomed-in close-up in the video. This occurs near the very end (around 0:55) when the view rapidly zooms in to focus closely on the moving endpoint of the drawing mechanism."
0099-2,"Yes, there are two very brief zoomed-in close-up cuts in the video that focus on the geometric pattern. The first occurs around the 10-second mark, showing the tip of the mechanism drawing a line, and the second occurs near the end, around the 55-second mark, showing a close view of the dense, intersecting lines of the completed pattern."
0099-3,"No, the video does not contain 10 zoomed-in close-ups. It only features one very brief zoomed-in close-up of the pattern's center right at the end."
0099-7,A
0101-0,"**
The man appears to teleport in the following sequence of locations:
1.  **Behind the Bookshelf:** After initially disappearing from the doorway under a blanket, he is first revealed hiding behind a section of the bookshelf.
2.  **Inside the Sofa:** Next, he appears hidden within the structure of the sofa.
3.  **Inside the Cardboard Box:** Finally, he is shown hiding inside a cardboard box on the floor."
0101-1,"The order of locations where the man appears after teleporting is:
1.  **Bookshelf:** He first appears embedded within the bookshelf, which digitally glitches as he briefly reveals himself.
2.  **Couch:** He next appears inside the grey couch, lifting a cushion to show himself before disappearing again.
3.  **Cardboard Box:** Finally, he appears peeking out from inside a cardboard box on the floor."
0101-2,"Yes, the man appears to teleport to the bookshelf, then the couch, then the cardboard box, and finally back under the blanket. However, this is achieved through video editing and visual effects, creating the illusion of teleportation, rather than actual teleportation."
0101-3,"No, the sequence described in the question is incorrect. In the video, the man first appears in the bookshelf, then under the couch cushion, then inside the cardboard box, and finally reappears kneeling under the blanket. The question incorrectly swaps the order of the couch and the cardboard box."
0101-7,B
0113-0,"Two buildings/structures are demolished in the video. The first is a tall, multi-story glass building brought down by controlled implosion. The second is a brick water tower demolished using an excavator with a jackhammer attachment, causing it to topple over."
0113-1,"There is a total of 1 building taken down in the video. This occurs in the middle section where a tall, multi-story skyscraper with a glass facade is shown collapsing during a controlled demolition. While a water tower structure is also shown being demolished towards the end, it is generally classified as a structure rather than a building in the conventional sense."
0113-2,"**
No, only one building is demolished in the video. The video shows the controlled demolition of a skyscraper, which is a building. It also shows the demolition of a brick water tower, which is a large structure but not typically classified as a building."
0113-3,"No, more than one structure is demolished in the video. A tall glass skyscraper is demolished via implosion, and later, a brick water tower is also shown being demolished by an excavator."
0113-7,A
0117-0,"There are 3 toy cars (or toy-like vehicles/go-karts) shown in the video. These appear in the ""Boys Driving"" section: a white one (seen from first-person), a black one being followed, and a yellow one seen on a racetrack near a drifting car."
0117-1,"There are 0 toy cars visible in the video. The video features several full-sized automobiles and small, motorized ride-on drift carts/go-karts, none of which fit the typical definition of a toy car (like a miniature model or RC car)."
0117-2,"**
Yes, there are two toy car-like vehicles shown in the video clip. In the segment labeled ""BOYS DRIVING"", there is a scene featuring one person riding a small black go-kart vehicle while being followed by someone filming from a similar white go-kart vehicle."
0117-3,"No, there are not three toy cars shown in the video clip. The video shows two small, motorized go-kart-like vehicles, which could be considered modified toy cars, but the other vehicles depicted are real cars (a Mini Cooper, two other regular cars, a muscle car, a drift car) or a mini-bike."
0117-7,A
0118-0,"At the beginning of the video, the person pushed the first blue bottle with their hand, causing it to tip over and fall off the ledge."
0118-1,"At the start of the video, the person reached out and touched the first blue bottle in the line placed on the ledge, which caused it and the other bottles to tip over and fall."
0118-2,"Yes, the person pushed the bottles on a slope, causing them to begin sliding downwards. However, the video immediately transitions to a different scene as they start sliding, so they are not shown actually falling off the structure."
0118-3,"Yes, the person pushed the bottle with their hand to make it fall. Their hand is seen resting on the middle bottle, and then they make a distinct pushing motion just before the bottles tip over the edge."
0118-7,A
0127-0,"**
Four watches are shown in the video. They are displayed sequentially during the ""Bro's watch collection💀"" segment, each featuring a different car wheel and brake caliper design."
0127-1,"There are a total of 4 watches displayed in the video. They are shown individually in sequence during the middle part of the video, presented as a collection."
0127-2,"Yes, there are four watches shown in the video. After the initial unboxing scene, the video displays a sequence titled ""Bro's watch collection,"" which features close-ups of four different watches, each with a unique car wheel and brake caliper design."
0127-3,"No, there are not five watches shown in the video. Only four different watches are clearly displayed in the collection showcase segment."
0127-7,B
0129-0,"**
Two men appear in the video. One man briefly appears in the middle of the video to hand the woman the string for the balloon photo composition. A second man appears at the very end of the video, acting as the photographer for the avocado photo composition."
0129-1,"There are 2 male figures shown in the video. The first man appears briefly during the pink balloon scene to hand the woman a string, and the second man appears at the end during the avocado scene to adjust the woman's outfit and take her photograph."
0129-2,"No, there is not only one man in the video. Two different men appear: one briefly hands the woman a string during the balloon photo setup, and another man adjusts her pose and takes her picture during the avocado photo shoot."
0129-3,"**
Yes, there are two men in the video. One man appears briefly in the middle of the video to hand the woman the string for the balloon photo concept. A second, different man appears at the end of the video to adjust the woman's pose and take her picture for the avocado photo concept."
0129-7,"**
C"
0133-0,"The final scene depicts three men in a gymnasium jumping simultaneously through a large hoop held by one of them. This coordinated athletic feat is presented, like the preceding clips, as an example under the theme of ""Physics."" displayed on screen."
0133-1,"The final scene shows three men in a gymnasium jumping simultaneously through a large hula hoop held by one of them. This is the last of several short clips presented in the video, each illustrating a concept or phenomenon related to physics."
0133-2,"Yes, the final scene depicts three men performing a stunt by jumping through a hula hoop simultaneously."
0133-3,"No, the final scene is not a demonstration of a spinning wheel's gyroscopic effect. The scene shows three people jumping through a stationary hoop, which illustrates concepts like projectile motion and coordination, but does not involve a spinning object exhibiting gyroscopic properties."
0133-7,D
0142-0,"The purpose of the white tape is to mark a starting point on the continuous loop of the escalator handrail. By placing the tape, the character can visually track when the handrail has completed one full rotation, ensuring that the entire length of the handrail has passed under the cleaning wipe he is holding stationary."
0142-1,"**
The character in the costume places the small piece of white tape on the moving handrail to serve as a visual marker. Since the handrail is a continuous loop, the tape allows the character (and viewers) to track when the entire length of the handrail has passed under the stationary wipe, indicating a full rotation has been cleaned or tested for dirt."
0142-2,"The purpose of the small piece of white tape is to mark the starting point on the continuously moving escalator handrail. This allows the character to know when the handrail has completed one full revolution, ensuring that the tissue is held against the handrail for exactly one cycle to demonstrate the amount of dirt collected over its entire length."
0142-3,"**
No, the video does not show that the small piece of white tape is attached to the armrest to attract dust. The dirt clearly comes from wiping the top surface of the black handrail itself, while the tape is merely stuck to the side and doesn't interact with the tissue during the cleaning process shown."
0142-7,C
0146-0,"**
The color of the car changes 4 times in the video. It starts as light blue, changes to dark grey/black, then to purple, then to green, and finally to red."
0146-1,"**
The car's color shifts three times in the video. It starts as light blue, then changes to purple/pink, subsequently shifts to green, and finally turns red."
0146-2,"No, the car in the video does not change color four times starting with black. The car starts as light blue and changes color three times: first to purple/mauve, then to dark green, and finally to red."
0146-3,"**
Yes, the car in the video starts as light blue and changes color three times. It changes from blue to purple/mauve, then to green, and finally to red, matching the outfits of the people walking past it each time."
0146-7,A
0151-0,"**
The person holding the potato in the video is wearing a long-sleeved, bright red collared shirt. The collar area has a slightly lighter trim, possibly white or a lighter shade of red."
0151-1,"The person holding the potato in the video appears to be a female with long, brown hair. She is wearing a red, long-sleeved collared top. These features are visible during the segment where the experiment of poking a straw through a potato is demonstrated."
0151-2,"Yes, the person holding the potato is wearing a red coat (or long-sleeved red top) and has long brown hair. This is clearly visible during the segment demonstrating how to poke a straw through a potato using compressed air."
0151-3,"**
No, the person holding the potato is not wearing a light pink hoodie and a black cap. The person demonstrating the potato and straw experiment is wearing a bright red long-sleeved top and is not wearing a cap. The person in the light pink hoodie and black cap appears only at the very beginning of the video, interacting with a water hose."
0151-7,B
0152-0,The tools used for fixing the position of the pages are two blue elastic bands (or cords). They are wrapped horizontally around the open book to hold the folded sections together and keep the book open while the artist works on folding subsequent pages.
0152-1,Elastic bands are used in the video to secure the pages. Two blue elastic bands are wrapped horizontally around the book to hold the folded sections together and keep the book open while the artist is working on folding subsequent pages.
0152-2,"**
No, the tool used to fix the pages in the video is not a retainer, although it is blue. It is a blue elastic cord or band wrapped around the book to hold the folded pages securely in place during the folding process."
0152-3,"**
No, the tool used to fix the pages in the video does not appear to be a standard rubber band. Although it is elastic and serves a similar purpose of holding the pages open under tension, it looks like a round, blue elastic cord, rather than the flat shape characteristic of a typical rubber band."
0152-7,"**
B"
0154-0,"**
The adult man hands the white cutting board to the child using his **left hand**. This occurs when he first introduces the cutting board, intending for the child to use it (incorrectly) as a vertical guide."
0154-1,"The man uses his right hand to pass the white cutting board to the child. He reaches across with his right arm, grasps the board, and hands it over to the child using that same hand."
0154-2,"No, the man does not hand the white cutting board (mat) to the child using his left hand. He uses his right hand to pick up the mat and pass it to the child."
0154-3,"No, the man does not hand the white cutting board to the child using his right hand. He retrieves the cutting board with his left hand and passes it to the child using the same left hand."
0154-7,C
0162-0,"The golfer successfully hits the target 2 times. The first successful hit is at the very beginning when the golf ball hits the copper bell, and the second successful hit is at the very end when the golf ball hits another golf ball off a tee."
0162-1,"The golfer achieves 11 successful target hits in the video. This is because the video consists of a montage showing 11 separate instances where the golfer successfully strikes various objects (bell, eggs, candle, balloon, golf balls, Guinness pint, light bulb, chocolate orange) placed as targets."
0162-2,"No, the golfer hits the target multiple times. He successfully hits the bell, a golf ball, a chocolate orange, an egg, and another golf ball."
0162-3,"Yes, the golfer manages to hit the target 10 times. In fact, the golfer successfully hits 11 different targets throughout the video clip."
0162-7,A
0167-0,"The woman in the video is surprised because the wooden stick she held between her fists, seemingly trying to break it following the magician's lead, remained intact when she opened her hands. The magician created the illusion that the stick would break, so its undamaged state was unexpected and surprising to her."
0167-1,The woman feels astonished because the man makes the wooden stick reappear intact in his hands after having made it vanish moments before. The seemingly impossible restoration and reappearance of the object is the climax of the magic trick and elicits her surprised reaction.
0167-2,"Yes, the woman is surprised because the pencil remains unbroken. The man pretends to apply strong force to break the pencil within his grip, setting up the expectation that it will snap. When he opens his hands to reveal the pencil is still intact, her surprised reaction is a direct response to this unexpected outcome."
0167-3,"No, the woman is not surprised that the man broke the pencil, because he did not actually break it. Her surprise is a reaction to the magic trick where the pencil remained intact despite his apparent effort to break it."
0167-7,B
0169-0,"The woman pours juice into the mold two times in the video. First, she pours orange juice/soda into one mold, and then she pours red juice/soda into another mold."
0169-1,The woman fills the mold with juice 2 times in the video. She fills one mold with orange juice and another mold with red juice.
0169-2,"Yes, the woman pours liquid (soda pop) into the molds twice in the video. First, she pours orange soda into one mold, and then she pours red soda into another mold."
0169-3,"No, the woman does not pour juice into the mold three times. She only pours juice twice in the video: once with orange juice and once with red juice."
0169-7,A
0179-0,"The person cuts the stem one time. This is done with a single, powerful swing of the machete which severs the stem completely."
0179-1,One stem has been cut. The video shows a worker repeatedly striking a single banana tree stem with a machete until it is severed to harvest the attached fruit bunch.
0179-2,"Yes, the person cuts the stem with just one swing. The video clearly shows them making a single, powerful cut with the machete, which completely severs the stem, causing the banana bunch to fall."
0179-3,"No, the person does not cut the stem a total of 10 times. They cut the stem 11 times before it breaks."
0179-7,D
0198-0,"**
There are 12 photos about ""old me"" played in the video in total. This count includes all the distinct images shown with the ""Old me:"" text overlay before the video transitions to showing images labeled ""now me:""."
0198-1,"There are a total of 12 photos labeled 'old me' shown in the video. This was determined by counting each distinct image that appeared with the ""Old me:"" text overlay before the label changed to ""now me:""."
0198-2,"Yes, there are 12 photos labeled 'old me' in the video. This was determined by counting each unique image presented with the ""Old me:"" text overlay before the video transitions to the ""now me:"" section."
0198-3,"**
No, the video does not include the photo of 'old me' reading a book at a desk twice. That specific image appears only once near the beginning of the video montage sequence labeled ""Old me:""."
0198-7,A
0217-0,"The time lapse demonstrating capillary action lasted precisely 5 seconds in the physical time of the video. This is determined by noting that the time-lapse segment begins when ""x8 Speed"" appears on screen at 00:09 and ends when it disappears at 00:14."
0217-1,"The capillary action demonstration begins at approximately 00:08 when the paper towels are placed. The video shows the very beginning of this process in real time until 00:10, after which it speeds up (x8). Therefore, the exact duration of the demonstration shown *in real time* is approximately 2 seconds."
0217-2,"No, the time lapse of the capillary action demonstration did not last one hour and fifteen minutes according to the clock shown in the video. The clock is visible when the time lapse begins, showing approximately 10:10, and it is still visible at the end of the short clip, showing that the hands have barely moved from the 10:10 position. If one hour and fifteen minutes had passed, the clock would have shown 11:25."
0217-3,"Yes, according to the analog clock shown in the video, the time lapse of the capillary action demonstration lasted approximately 2 hours. The clock shows a starting time of roughly 10:10 and an ending time of roughly 12:10."
0217-7,E
0242-0,"The two orange cats jumped away because the person in the red hat leaned towards them and made a sudden, loud noise (sounding like an aggressive meow or hiss) accompanied by a quick hand gesture, which startled them."
0242-1,"The two orange cats leaped away because the person wearing the red hat leaned towards them and made a sudden, loud noise with their mouth that sounded like a horn or trumpet blast, startling the cats."
0242-2,"**
Yes, the two orange cats jumped away because the person in the red hat used a party blower. The video clearly shows the person blowing the party blower directly at the cats, and their immediate reaction is to jump off the counter in fright."
0242-3,"**
No, the two orange cats shown together in the video did not jump away because they were frightened by a toy snake. They jumped off a counter because they were startled by a person reaching towards them."
0242-7,D
0248-0,"**
The person in the foreground is using a fine brush to paint highlights, resembling water droplets or reflections, onto a hyperrealistic portrait of a woman's face."
0248-1,"The person in the foreground is engaged in painting. They are using a fine brush to apply white paint as highlights onto a hyperrealistic artwork of a face, specifically to enhance the realistic appearance of water droplets on the skin."
0248-2,"Yes, the person in the foreground is painting a hyperrealistic image of a woman. The artwork features incredibly lifelike details, including wet-looking hair plastered to the forehead and numerous realistic water droplets covering the face, which the artist is meticulously enhancing with highlights."
0248-3,"No, the person in the foreground is not under running water. The video shows an artist creating a hyperrealistic artwork, and the water droplets seen on the face are actually being painted onto the surface by the artist to achieve a realistic effect."
0248-7,B
0251-0,"**
At the end of the video, the ball falls off the disc because one of the mechanical straw figures near the edge lifts itself up. This action tilts the table downwards towards that edge, causing the ball to roll off due to gravity."
0251-1,"**
The ball falls off the disc because the mechanical figures underneath the disc move, causing the disc to tilt. This tilting motion makes the ball roll towards the edge and eventually fall off."
0251-2,"**
No, the video does not show the ball being thrown. According to the video's narration and visuals, the ball rolls on the disc because the mechanical figures underneath move, causing the table to tilt. The ball rolls towards the edge as a result of this tilting motion and gravity, not because it was thrown or solely due to inertia from being thrown."
0251-3,"**
Yes, the ball rolled and eventually fell off the disc because the disc was tilted. The narration explicitly states that the movement of the figures underneath causes the table (disc) to tilt, and this tilting directly causes the ball (head) to roll away due to gravity acting on it on the inclined surface."
0251-7,D
0256-0,"The ping-pong ball bounces on the ground 3 times in total. This count only includes the bounces that occur on the flat landing at the bottom of the stairs, not the bounces on the individual stair treads."
0256-1,"The ping-pong ball hits the ground 1 time. The ball bounces multiple times on the individual stair treads, but these are considered stairs, not the ground floor. It only hits the actual ground (the landing at the bottom of the stairs) once before going into the cup."
0256-2,"**
Yes, the ping-pong ball bounces 17 times on the stairs before entering the cup."
0256-3,"**
No, the ping-pong ball does not bounce 15 times on the ground. It bounces approximately 3 times on the ground (the landing at the bottom of the stairs) after descending the steps."
0256-7,A
0259-0,"**
The man used his right hand to throw away his hat. He reached up, grabbed the hat off his head with his right hand, and threw it backwards in frustration using the same hand."
0259-1,"The man discarded his hat with his right hand. After missing the shot on the miniature green, he reached up with his right hand, removed the cap from his head, and threw it behind him in frustration."
0259-2,"No, the man did not use his left hand to throw away his hat. He used his right hand to take off his hat and throw it backward in frustration after failing the shot on the miniature green."
0259-3,"No, the man did not use his right hand to throw away his hat. He used his left hand to take the hat off his head and throw it."
0259-7,D
0266-0,"**
The yellow rubber band is not fully looped around a single thumb at the end of the video; it is stretched between the right thumb and the right index finger."
0266-1,"The yellow rubber band is completely wrapped around the left thumb during the middle phase of the trick. Initially, the band is just stretched across the right thumb and index finger. The performer then uses their left index finger to twist and loop the rubber band completely around the left thumb before the final release action."
0266-2,"Yes, the yellow rubber band is fully looped around the left thumb at the end of the magic trick. After being manipulated to look like it's around the index finger, it snaps back to its original position, resting as a complete loop around the left thumb."
0266-3,"No, the yellow rubber band is not fully looped around the right thumb. It is stretched between the tip of the right thumb and the tip of the right index finger."
0266-7,C
0267-0,"The first person in the video is jumping in the air on a sports court, posing in a way that creates an optical illusion of him hanging from a white line painted on the ground."
0267-1,"The first person in the video is performing a jump. This action is captured mid-air from an overhead perspective, creating the illusion that he is hanging from the white line painted on the sports court below him."
0267-2,"Yes, the person in the video is creating an illusion by laying on the basketball court. The illusion is achieved by using a bird's-eye camera perspective, which removes depth cues, combined with the person lying flat on the court while posing as if they are hanging from the white line painted on the surface."
0267-3,"The person in the video is not actually jumping or leaping in the air. The photograph is taken from directly above, creating an optical illusion where the person, who is lying on the ground, appears to be suspended in mid-air while holding onto a line painted on the court surface."
0267-7,C
0273-0,"After solving the Rubik's Cube, the color facing up is white. This is clearly visible when the young person holds the completed cube up for the crowd to see around the 8-second mark."
0273-1,"**
The color on the top face of the Rubik's Cube after it is solved is yellow. This is visible when the person holds up the completed cube around the 8-second mark, showing the yellow side facing upwards."
0273-2,"No, the top color of the solved Rubik's Cube is not white. When the person holds up the solved cube at the end of the video, the top face is clearly yellow."
0273-3,"**
No, the top color of the solved Rubik's Cube is not yellow. When the person holds up the completed cube, the top face is clearly shown to be white."
0273-7,B
0274-0,"**
There are a total of five people who appear in the video. This includes one central dancer performing at the front and four backup dancers positioned behind him throughout the dance practice clip."
0274-1,"**
There are a total of five individuals visible in the video. This includes one central dancer and four backup dancers who are present and performing the choreography throughout the entire clip."
0274-2,"**
No, the total number of people in the video is not seven. There are consistently five individuals visible throughout the dance practice clip: the main performer (Baekhyun) in the center and four backup dancers."
0274-3,"**
No, the total number of people visible in the video is five, not six. There is one main dancer in the center and four backup dancers performing the choreography throughout the clip."
0274-7,D
0276-0,"No, there do not appear to be any video editing effects used to help make the illusion believable. The illusion is achieved entirely through the technique of anamorphic drawing, where a distorted 2D image appears three-dimensional when viewed from a specific angle, combined with careful camera placement. The interaction with the pencil and the final reveal where the paper is picked up confirm it's a physical drawing creating the optical illusion."
0276-1,"The illusion of the pen passing under the cube is created using these techniques:
1.  **Anamorphic Drawing:** The cube is drawn distorted (stretched vertically) on paper. When viewed from the specific camera angle, this distortion corrects visually, making the flat drawing appear as a 3D cube.
2.  **Cut-out Shape:** The drawing is cut out along its visible edges. This allows it to function as a physical object that can obscure things behind it.
3.  **Object Placement:** The cut-out drawing is placed on top of the lined paper. The pen is then physically moved *behind* this cut-out, on the surface of the lined paper underneath. Because the cut-out drawing looks like a solid, floating cube from the camera's viewpoint, the pen moving behind this opaque barrier creates the illusion of it passing underneath the perceived 3D object."
0276-2,"No, the illusion does not rely on video editing effects like masking. The video shows at the end that the cube is drawn on a piece of paper that has been physically cut out around its top and side edges. The pencil appears to pass under the cube because it is actually moving behind this raised, cutout section of the paper, while staying on top of the base sheet where the shadow is drawn."
0276-3,"Yes, the illusion is created solely through skillful drawing, the use of perspective (anamorphosis), and a clever paper cutout technique, without relying on video editing to produce the floating effect itself. The video simply captures this physical setup from the specific angle required for the illusion to work."
0276-7,A
0278-0,"**
The writing done on the paper during the video demonstration is orange. While the initial problem statement is pre-written in black, all the steps shown to factor the polynomial, including the final answer, are written using an orange marker."
0278-1,"**
The text written on the paper in the video appears in two colors: black and orange. The initial problem statement (""Factor the polynomial. 3x³ + x² - 15x - 5"") is written in black ink. However, all the subsequent steps demonstrating the factorization process (grouping terms, factoring out common factors, and writing the final answer) are written using an orange marker."
0278-2,"No, not all the writing is orange. The initial problem statement ""Factor the polynomial. 3x³ + x² - 15x - 5"" is written in black. However, all the subsequent steps demonstrating the factoring process, including the final answer, are written using an orange marker."
0278-3,"**
No, the writing added to the paper during the video demonstration is not red. The initial problem is written in black, and all the subsequent steps and the final answer are written using an orange marker."
0278-7,"**
A"
0288-0,"The large cleaver knife being demonstrated is shown to be not easy to use when attempting to slice through the thick, folded piece of cloth. The woman assisting struggles noticeably with this task, even when instructed to use two hands, indicating difficulty in using the knife for that specific purpose."
0288-1,"The large cleaver is shown to be difficult to use. This is demonstrated when the woman assisting tries to cut through folded cloth and a thick slab of meat; she struggles significantly and fails to cut through them easily, even when using two hands as instructed, prompting the main demonstrator to state, ""We have a problem."""
0288-2,"**
Yes, the knife with the darker black steel part is shown to be the one that is not easy to use. This is demonstrated when the woman struggles significantly to cut through a piece of meat with it, needing to use two hands and apply considerable effort, in contrast to the effortless cutting shown with the other shiny knife."
0288-3,"**
No, the lighter silver steel knife is not depicted as the one that is difficult to use. The man uses it effectively to chop a large bone at the beginning. The difficulty is shown later when the woman struggles to use the larger, darker steel knife to cut through cloth and pork belly."
0288-7,C
0291-0,"The rotational movement of the metal rod is caused by **ion wind (or electric wind)**. The high voltage supplied to the rod ionizes the air molecules near its sharp tips. These newly formed ions, having the same charge as the rod, are strongly repelled away from the tips. According to Newton's third law, this expulsion of ions creates an equal and opposite reaction force on the rod's tips, generating a torque that causes the rod to rotate rapidly."
0291-1,"The rotational movement of the metal rod was initiated by a manual push from the person's fingers. It continued to spin because the high voltage supplied by the device caused a continuous electrical discharge (corona discharge) from the sharp ends of the rod. This discharge ionized the air, creating an ""ion wind"" – a stream of repelled ions that produced a small thrust, pushing the rod ends and maintaining the rotation."
0291-2,"**
No, the initial rotation of the metal rod did not start because a human plucked it. The video shows the hands releasing the rod while it is stationary, and the rotation begins subsequently, driven by the force of the electrical arcs striking its tips."
0291-3,"No, the rotational movement was not caused *solely* by the interaction between the electric field and the metal rod. The high electric field generated by the device ionizes the air around the tips of the rod, creating plasma discharges (electric or ionic wind). This expulsion of ionized air creates a thrust or reaction force at the tips, generating the torque that spins the rod."
0291-7,C
0292-0,"There are at least two vehicles visible behind the bus. This is observed by looking down the road past the bus as it drives away (around the 0:04 mark), where distant headlights/taillights indicating other vehicles can be seen further down the road."
0292-1,"**
There is 1 vehicle following the bus. This is determined by observing the video sequence where, after the bus passes the camera, a single red car is shown driving past in the same direction."
0292-2,"Yes, based on the visual sequence shown in the video, there appears to be only one distinct vehicle (a red car) driving behind the bus after the bus passes the camera's position."
0292-3,"No, there is only one set of headlight trails visible following the bus, indicating only one vehicle captured directly behind it in the long exposure."
0292-7,"**
B"
0295-0,"The person holding the yellow bag tried two methods. First, they attempted to squeeze the contents through the small opening of the bottle's nozzle. Second, after the nozzle was removed, they tried squeezing the contents into the wider, open top of the bottle."
0295-1,"The person with the yellow bag attempted two techniques. First, they tried pouring the sauce directly into the narrow nozzle opening of the squeeze bottle. Second, after the nozzle was removed, they poured the sauce into the wider opening of the bottle itself."
0295-2,"No, the person with the yellow bag did not try two methods to pour the contents. They consistently attempted to pour the contents from the same small opening at the corner of the bag; the change that occurred was the removal of the bottle's nozzle by another person, creating a larger target opening."
0295-3,"No, the person with the yellow bag did not try three methods. They first attempted to pour the contents through the bottle's nozzle, and when that proved difficult, they poured the contents directly into the bottle's wider opening after the lid was removed. These represent two distinct pouring methods."
0295-7,B
0296-0,"The man doesn't catch the blue pants on his first attempt because, as part of a visual effect for the video being filmed, the full-sized pants are quickly removed or replaced with tiny ones just as his hand reaches them, simulating them shrinking away before he can grab them."
0296-1,"The man misses catching the original blue pants because, through a visual effect, they instantaneously shrink to a miniature size just as he reaches to grab them."
0296-2,"Yes, the reason the man appears to miss the blue pants on his first attempt is directly related to the creation of a visual illusion. The scene is set up using oversized prop pants, and his initial reach and surprised reaction are part of the performance designed to make it seem like the pants unexpectedly and magically shrink when he tries to grab them, which is the intended visual effect."
0296-3,"Yes, the reason the man doesn't catch the blue pants on his first attempt appears to be because they are a static prop, resembling a painted object or cutout, rather than actual clothing hanging freely on the line. This is part of a visual effect where the large, fixed pants are seemingly replaced by a miniature version, explained humorously as having ""shrunk in the wash."""
0296-7,C
0303-0,The man stops cycling by jumping off the bike after successfully landing his trick and riding forward a short distance. He lets the bike fall to the ground as he runs off to celebrate.
0303-1,"The man brings his cycling to a halt by intentionally riding his bike into a large inflatable barrier at the side of the course, using the collision to stop."
0303-2,"No, the man does not stop cycling by jumping off his bike and crashing into a cushion. While he does jump off his bike after landing his trick, he lands on his feet on the flat ground and runs a few steps before celebrating; he does not crash into a cushion."
0303-3,"Yes, the man stops cycling by dismounting the bike, letting it fall to the ground, and then running/walking away excitedly."
0303-7,B
0304-0,"The person initially writes on one layer of paper. The writing occurs on a smaller piece of paper placed on top of another sheet, but the pen only makes contact with and applies ink to this single top layer during the writing process shown."
0304-1,"The person starts writing on one sheet of paper. Although the paper is folded or cut along a line to create an illusion and reveal a hidden message later, the writing initially begins on a single piece of paper."
0304-2,"**
No, the person initially writes on what appears to be a single piece of paper with a horizontal line drawn across it. The writing spans this line, and later the top portion of the paper above the line is removed to reveal the message ""I Love you"" formed by the bottom parts of the original characters. The impression of two layers mentioned by the commentator likely stems from the presence of the line and the nature of the eventual reveal."
0304-3,"No, the person does not initially write on just one layer of paper. The video shows the paper is folded, and the pen writes along the fold, creating mirrored text on both the top and bottom layers simultaneously."
0304-7,A
0308-0,"The first military aircraft shown, a fighter jet, is performing a touch-and-go maneuver on an aircraft carrier. It briefly touches down on the flight deck and then immediately executes a very steep climb to take off again."
0308-1,"**
The initial military aircraft is attempting to perform a low-level flyby or pass over the aircraft carrier deck. This is evidenced by the jet flying very low and fast directly over the flight deck without attempting to touch down or engage arresting gear for a landing."
0308-2,"**
Yes, the first military aircraft shown in the video is attempting to land on an aircraft carrier but initially fails. The jet approaches the flight deck but pulls up and flies off without catching an arresting wire or touching down, indicating an aborted landing attempt (bolter)."
0308-3,"No, the first military aircraft shown is not taking off from the aircraft carrier. It appears to be performing a very low fly-by or pass over the deck, approaching from the front before banking away. A different aircraft is shown taking off later in the video montage."
0308-7,C
0313-0,"**
The products occupy 9 compartments on the shelf at the end of the video. This is because all visible display compartments in the 3x3 grid above the storage bins contain products in the final arrangement."
0313-1,"There are 8 sections on the shelf filled with products by the end of the video. This includes all visible sections except for the bottom left one, which contains a storage bin rather than products arranged for display."
0313-2,"**
No, the products occupy 10 compartments on the shelf at the end of the video. There are products visible in all 9 compartments of the top three rows, plus product pouches in the bottom right compartment."
0313-3,"No, the products do not occupy 10 compartments on the shelf at the end of the video. The products are arranged for display within the top 9 compartments (a 3x3 grid) of the shelving unit; the bottom row contains storage bins."
0313-7,B
0319-0,"**
At the end of the video, the ball is off the table, likely on the floor. When the section of the ring constraining its circular motion was removed, the ball continued in a straight line tangent to the circle (path C) due to inertia, which led it off the edge of the table."
0319-1,"The final position of the ball is on the table surface after rolling straight along the path labeled 'C' on the diagram. This happens because once the ball exits the circular track through the gap, the centripetal force provided by the track wall is removed. Due to inertia (Newton's First Law), the ball continues to move in a straight line tangent to the point where it left the circle, which corresponds to path C."
0319-2,"No, the ball does not end its motion at position C. Path C represents the straight-line direction the ball takes due to inertia once the circular constraint (the wooden track) is removed. The ball rolls *along* path C, continuing past the diagram on the paper before eventually stopping. However, the person does pick up the ball after it has stopped rolling and places it back into the circular wooden piece at the very end of the video."
0319-3,"No, the ball does not end up at position A. When the constraining circular track is removed, the centripetal force compelling the ball to move in a circle disappears. Due to inertia (Newton's First Law), the ball continues to move in a straight line tangent to the point where it left the circle, which corresponds to path C in the diagram."
0319-7,D
0320-0,"The last jump shown in the video features Valera Pashkevich performing a backflip. He runs towards a low horizontal bar on a sandy playground, jumps upwards and backwards, tucks and rotates fully backward in the air to clear the bar, and lands on his feet."
0320-1,"The last person in the video uses a front flip to jump over the horizontal bar. He achieves this by running towards the bar, jumping upwards, tucking his body, rotating forward head-first over the bar, and landing on his feet on the other side."
0320-2,"No, the last person in the video does not stand on a pole to jump onto the tire. Instead, he jumps onto a horizontal bar, performs a flip over it, and then lands inside the tire."
0320-3,"**
No, the last person shown in the video performs a parkour move (a backflip), but it is over a low horizontal bar in a sandy area, not over a fence."
0320-7,E
0321-0,"**
The group of people is engaging in a synchronized hand gesture routine or dance, performed in a circle and viewed from below. This appears to be a social media trend (specifically mentioned as a TikTok trend in the description), where participants coordinate hand movements (like making fists, scissors signs, and finger hearts) to the beat of the music playing."
0321-1,"The people in the group are performing a synchronized hand dance or TikTok trend. This involves them standing in a circle and executing a sequence of coordinated hand gestures (like fists, peace signs, and finger hearts) in time with the background music, a common format for viral videos on platforms like TikTok."
0321-2,"Yes, the people in the group are filming a video with hand gesture choreography. This is evident as they perform a sequence of synchronized hand gestures (fists, peace signs, finger hearts) in time with the background music."
0321-3,"**
No, the people in the group are not playing a game of rock, paper, scissors. Although they make hand gestures that resemble ""rock"" (fist) and ""scissors"" (peace sign), they do not use the ""paper"" gesture, nor do they follow the rules of the game to determine a winner. Their actions are synchronized hand movements performed to music, likely as part of a social media trend, rather than a competitive game."
0321-7,A
0325-0,"The rider flips and jumps in the air while crossing obstacles 5 times. This includes performing tricks like a cash roll, a 360 rotation, a backflip, and other aerial maneuvers off the various ramps and drops throughout the course."
0325-1,"**
The rider performs 3 flips and 5 jumps in the air while navigating the obstacles.

*   **Explanation:** The rider goes airborne 5 times using different ramps and drops on the course. During these jumps, the rider executes 3 maneuvers that involve a flip (a cashroll barspin, a backflip barspin, and a cashroll tailwhip). The other aerial tricks performed were 360 spins, which are not counted as flips."
0325-2,"No, it is not true that the rider flipped and jumped eight times. Based on the video and commentary, the rider performed approximately 6 distinct major jumps or aerial tricks over the obstacles during this run, including maneuvers like a double tailwhip, a cashroll barspin, a 360, a backflip barspin, and a final cashroll tailwhip. Only three of these specific tricks involved a full flip or corked flip."
0325-3,"**
No, the rider flipped and jumped more than three times while crossing the obstacles. During the run shown, the rider performed at least six distinct aerial maneuvers off obstacles, including a Double Tailwhip, a Cashroll Barspin, a 360, a Backflip Barspin, another rotational trick, and a final Cashroll Tailwhip."
0325-7,E
0334-0,"The scene featuring a giant pencil erasing a maze of roads to clear a path for a person is NOT taken in real life. This image depicts a physically impossible scenario and scale, strongly suggesting it is a digital illustration or composite image representing a concept, rather than a photograph of a real event or a scene created using only forced perspective with real objects."
0334-1,"All the images presented in the video utilize optical illusions, forced perspective, or digital manipulation and therefore do not depict literal real-life scenes. Examples include:
*   A water bottle appearing to pour out a waterfall.
*   Lighter handles forming the structure of a bridge.
*   A keyhole framing a large archway.
*   A clothes hanger mimicking a bridge's structure.
*   Highlighters resembling buildings.
*   A person seemingly eating the sun.
*   A giant pencil eraser clearing a path through roads (this appears to be digital art/manipulation rather than just forced perspective).
*   A whisk acting as a cage for birds in the sky.

Each scene creates a visual trick rather than showing an event as it actually occurs in reality."
0334-2,"Yes, the scene with the pencil erasing the road is almost certainly a digitally created image. The immense scale of the pencil, the physically impossible act of an eraser clearing actual roads, and the overall conceptual nature of the image strongly suggest digital manipulation or illustration rather than a real-life photograph captured with clever timing or perspective alone."
0334-3,"No, the scene in the seventh part of the video is not real. It depicts a giant pencil erasing a path through a maze of roads, which is physically impossible due to the unrealistic scale of the pencil and the inability of an eraser to clear actual roads. The image is a digitally created illustration or conceptual artwork."
0334-7,D
0340-0,"**
There are 5 drainage channels shown in the video. This includes the four rectangular openings built into the main dam wall (each leading to a sloped channel downstream) designed for regular water release, and one additional curved overflow channel (spillway) built into the side bank to handle excess water."
0340-1,"**
There are a total of 4 drainage channels shown being constructed on the downstream side of the dam wall. These are the four parallel, sloped concrete structures built directly below the four rectangular outlets in the dam, designed to guide the water flow down the slope."
0340-2,"Yes, it is true that there are four drainage channels visible in the video. During the construction, the man specifically builds the dam wall with four distinct rectangular openings, and subsequently constructs four corresponding parallel, inclined concrete channels on the downstream side to act as spillways or drainage paths for the water."
0340-3,"**
Yes, there are five drainage channels shown in the video. Four of these are the main sloped channels built on the downstream face of the dam structure, corresponding to the openings in the wall. The fifth is the curved spillway channel built on the side bank to handle overflow."
0340-7,D
0357-0,"The man in the white T-shirt feels amused. When he dissolves the pink cotton candy in the water and pulls out a pickle, he immediately breaks into loud laughter, suggesting he finds the unexpected result funny rather than being disappointed."
0357-1,"**
The man in the white T-shirt feels surprised and then amused when he takes out the item. His initial reaction shows clear surprise when the pickle is revealed, but he quickly bursts into laughter, indicating he finds the unexpected and slightly silly outcome funny."
0357-2,"**
No, the man in the white T-shirt did not smile wryly or look disappointed. When he revealed the pickle, his reaction was one of initial surprise followed by genuine, loud laughter and amusement."
0357-3,"No, the man in the white T-shirt did not seem satisfied and happy with the item he took out. While he laughed loudly, his reaction appeared to be one of amusement at the absurdity of finding a pickle, rather than genuine satisfaction or happiness with the prize itself, especially compared to the excited reactions of those who found cash or a phone."
0357-7,"**
C"
0358-0,"The woman in white didn't fall onto the trampoline because when the man asked if she wanted to go next, she explicitly refused by shaking her head and saying ""No, no"". The man respected her decision and did not push her."
0358-1,"The woman in white was prevented from falling onto the trampoline because she refused when asked if she wanted to go, and the man in the white sweatshirt did not push her off the platform as he had done with the men."
0358-2,"Yes, the woman in white avoided falling on the trampoline because the man behind her did not push her after she indicated she did not want to go."
0358-3,"No, the woman in white did not avoid falling onto the trampoline because she jumped off herself. She remained seated on the ledge throughout the video and avoided being pushed or kicked off by the man when she refused to participate."
0358-7,A
0368-0,"The man showed 10 different scenarios comparing adult and toddler behavior. Each scenario involved portraying how an adult would act in a specific situation (like eating, cleaning, napping, playing) immediately followed by how a toddler might act in the very same situation, often highlighting the contrast in energy, neatness, or obedience."
0368-1,"The man demonstrated 10 different scenarios. Each scenario contrasted the typical behavior of an adult with the exaggerated behavior of a toddler in everyday situations like eating, cleaning, sleeping, interacting with others, and playing."
0368-2,"**
Yes, the man showed ten scenarios comparing adult and toddler behaviors. The video consistently presented situations side-by-side (e.g., eating a snack, napping, cleaning up, playing with toys), first depicting the adult's reaction and then the exaggerated toddler reaction, totaling ten distinct comparisons."
0368-3,"No, the man showed ten scenarios comparing adult and toddler behaviors, not six. The comparisons included eating snacks, responding to requests, napping, reacting to someone showering, eating breakfast, watching TV, cleaning up, behaving after a baby sleeps, giving items, and playing with toys."
0368-7,A
0370-0,There are 3 girls holding swords at the beginning of the video. These three girls are positioned in the front row and are seen holding swords at their left sides with their right hands when the video clip starts.
0370-1,"**
At the start of the video, one girl is seen with a sword. She is positioned in the center of the front row and is leading the performance."
0370-2,"No, there are not four girls holding swords at the beginning of the video. Only one girl, positioned in the center of the front row, is holding a sword."
0370-3,"**
Yes, at the beginning of the video, only the three girls positioned in the very front row are shown holding swords. The members directly behind them are carrying rifles, and further back are flag bearers."
0370-7,A
0372-0,"At the end of the video, the girl, while hanging from the basketball rim with one hand, catches the ball thrown up to her by the boy and puts it through the hoop with her other hand. This action completes the staged ""dunk""."
0372-1,"At the conclusion of the video, the girl, while hanging from the basketball rim after being lifted by the boy, catches the basketball thrown to her by the boy and pushes it down through the hoop. This action creates the illusion or ""fake"" of her dunking the ball."
0372-2,"Yes, the girl pretends to dunk the basketball by hanging on the basket at the end. She grabs and hangs onto the rim, mimicking the action of completing a dunk, while the boy throws the ball through the hoop to complete the illusion."
0372-3,"**
No, the girl does not actually dunk the basketball into the hoop. The video shows the boy throwing the ball upwards through the hoop while the girl hangs from the rim above it, creating the visual illusion of a dunk, as indicated by the video's title which calls it a ""fake"" dunk."
0372-7,D
0374-0,"**
A balloon and a coin (or token) were used to perform the magic trick in the first part of the video. The magician pretended to place the coin in his mouth and then appeared to blow it into the balloon."
0374-1,"The magic trick in the initial segment is executed through misdirection. The performer takes a small object (matching the balloon's colour), pretends to chew it, and then simply blows air into the balloon's opening in the normal way to inflate it. The act of chewing the object is irrelevant to the inflation and only serves to create the illusion that the object is causing the balloon to inflate."
0374-2,"**
No, the magic trick in the first part of the video did not involve using an extra knot. The performer only pretended to remove and then restore the balloon's original knot."
0374-3,The magic trick in the first part of the video was performed by inserting an object into the balloon. The magician places a small object in his mouth and then appears to blow it into the balloon as he inflates it.
0374-7,"**
B"
0377-0,The hand on the woman's shoulder belongs to the man sitting next to her on the bench. He places his arm around her as they sit together in the store.
0377-1,The owner of the hand on the woman's shoulder in the second segment is the man sitting next to her on the bench. This is evident as he is shown placing his arm around her shoulder while they are seated together.
0377-2,"No, the hand on the woman's shoulder belongs to the man sitting *next* to her on the bench, not a man behind her. He places his left arm around her shoulder."
0377-3,"Yes, the hand on the woman's shoulder in the second part of the video is from the person sitting next to her. The clip clearly shows the man sitting beside her extending his arm around her and placing his hand on her shoulder."
0377-7,B
0410-0,"After the sixth (and final) blue cotton candy ball is dissolved, the man reaches into the blue water to find the hidden item, but discovers there is nothing inside. He reacts with surprise and laughter, then splashes the water in the bowl."
0410-1,"After the sixth cotton candy dissolves in the water, the person reaches in but finds nothing hidden inside; his hands come out empty."
0410-2,"Yes, after the sixth cotton candy dissolves, the man finds nothing in the bowl. He reaches in after the blue cotton candy melts, but his hands come out empty."
0410-3,"No, a phone is not revealed after the sixth cotton candy dissolves. The sixth cotton candy dissolves completely in the water, and the person searching the bowl finds nothing inside. The phone was revealed earlier, after the fifth cotton candy dissolved."
0410-7,D
0416-0,"The man performing the trick was surprised because the egg, which he had seemingly made disappear from his hand and implied would reappear under the cup, was not actually under the cup when it was lifted. The intended outcome of his magic trick failed, and the egg had genuinely vanished from the expected location, leaving him baffled."
0416-1,"**
The man performing the trick was taken aback because the egg he made disappear failed to reappear under the cup as the trick presumably intended. After the spectator lifted the empty cup, the performer checked inside it himself and confirmed the egg wasn't there, leaving him genuinely confused and surprised about where the egg had actually gone."
0416-2,"No, the man was not surprised because the ball he placed under the cup disappeared. The ball disappeared from the magician's hands before the cup was lifted. The man was surprised when he lifted the cup because the ball, which had previously vanished, was not underneath it."
0416-3,"**
No, the man was surprised because the egg disappeared from the magician's hand and then failed to reappear under the cup as expected, but not because it reappeared in unexpected places. The egg never reappeared at all during the video."
0416-7,E
0417-0,"The person on the left is trying hard not to laugh because their colleague on the right is in an awkward and comical situation, with their head and upper body completely obscured by the large flag they are holding while attempting to perform formal duties, including saluting, during a ceremony."
0417-1,"The person on the left is trying hard not to laugh because their colleague on the right is clumsily struggling with the large flag, at one point getting the flag completely wrapped around their own head during what appears to be a formal ceremony."
0417-2,"Yes, the person on the left appears to be trying not to laugh because of the seriousness of the occasion. A mishap occurs where the flag covers the head of the person on the right, which is a comical situation, but the event seems to be a formal ceremony (indicated by uniforms and the Beijing 2022 setting) where maintaining composure and solemnity is expected."
0417-3,"No, the person on the left is trying not to laugh because of the comical situation where the person on the right gets tangled in the flag, not because of any unresolved problem they are personally experiencing."
0417-7,C
0420-0,"It is impossible to determine if the cat won the ""which hand"" guessing game. Although the cat made a clear choice by tapping the person's left fist, the video ends before the person reveals whether that hand actually contained the treat."
0420-1,"The video does not show whether the cat succeeded in the 'which hand' game. While the cat does choose a hand by tapping the person's left fist, the video ends before the person reveals whether the treat was actually in that hand, so the outcome remains unknown."
0420-2,"No, the video does not show whether the cat won the game. While the cat does choose a hand (the left one) by tapping it, the person never opens their hand to reveal if the object was actually inside it."
0420-3,"**
It is not possible to determine from the video if the cat lost the game because it chose the wrong hand. The video ends immediately after the cat taps one of the person's fists, without revealing whether that fist contained the treat or not. Therefore, we don't know the outcome of the game or if the cat's choice was incorrect."
0420-7,B
0427-0,"The man achieves the effect using an optical illusion. He places half a watermelon onto a mirror laid flat on the counter. The mirror's reflection creates the appearance of a whole watermelon. He then simulates cutting it by running a knife along the mirror's edge where the real half meets the reflection, before lifting the actual half watermelon away."
0427-1,"**
The man used a mirror and pre-cut watermelon halves to create the illusion. He placed the bottom half of a pre-cut watermelon directly onto a mirror lying flat on the stall. The reflection of this bottom half in the mirror created the appearance of a whole watermelon. When he pretended to cut it, he was actually just lifting away the separate, pre-cut top half that he held (or briefly placed) just above the bottom half, perfectly aligned to complete the visual trick."
0427-2,"**
No, the man did not use video editing to create the illusion. He used a practical effect by placing half a watermelon cut-side down onto a mirror; the reflection created the appearance of a whole watermelon. He simply lifted the half off the mirror to make it look like he was cutting it."
0427-3,"No, the man did not achieve the trick by hollowing out a watermelon rind and placing a peeled watermelon inside. The illusion is created using a mirror placed on the front of the stand. A pre-cut half watermelon sits in front of the mirror, and its reflection creates the appearance of the bottom half. The man holds a separate top rind piece, making it seem like he is cutting a whole watermelon and revealing its interior when he lifts the rind piece away."
0427-7,D
0430-0,"The damage to the phone is caused by connecting it to a hand-crank generator and cranking it rapidly. This action delivers an excessive and unregulated amount of electrical power (voltage/current) to the phone, far exceeding its design limits, which leads to a catastrophic overload and the subsequent shattering/explosion effect shown."
0430-1,"**
The phone appears damaged because it was connected to a hand-crank charger that simulated an extreme overload of power. This caused the phone (which was revealed to be a prop) to emit smoke and its screen to shatter violently, simulating an explosion due to excessive charging voltage or current."
0430-2,"No, the phone's damage was not real. The end of the video explicitly reveals that the cracked screen was a separate layer and the back had a ""FAKE"" sticker, demonstrating the effect was staged using props and likely visual effects like smoke."
0430-3,"No, the phone did not get damaged because it was actually overcharged. The video depicts phones shattering after being connected to a hand-crank charger showing unrealistic charging speeds, but the final scene reveals a ""FAKE"" sticker on the damaged phone, indicating the event was staged for the video."
0430-7,"**
C"
0432-0,"The last few targets came from the man's shotgun itself; they were the spent shotgun shells being ejected after each shot, which he then proceeded to shoot in mid-air."
0432-1,The last few targets shown in the video are orange clay targets (also known as piattelli). The man shoots several of these in quick succession towards the end of the shooting sequence before stopping.
0432-2,"**
Yes, the last few targets in the video are spent shotgun shell casings. After shooting the initial clay pigeon, the man ejects each spent casing, throws it into the air himself, and then shoots it."
0432-3,"No, the last targets in the video were not thrown by the person next to the shooter. The shooter threw the last targets, which were empty shell casings, into the air himself before shooting them."
0432-7,B
0435-0,"**
Only the man's second swing cuts the target made of bundled straw mats. The first swing, an upward diagonal cut performed while drawing the sword from a kneeling position, fails to cut the target. The second swing, a downward diagonal cut performed from a standing position, successfully severs the top section of the straw target."
0435-1,"Both the first upward swing and the second downward swing successfully hit the straw mat target. The first swing made contact, causing straw pieces to fly off, indicating a hit and partial cut. The second swing also hit the target, cleanly severing the top section."
0435-2,"Yes, the man's first sword swing did hit the target. Although the bundled straw target remained standing perfectly still immediately after the upward cut, the subsequent action where he gently pushed the top section with his sword caused it to fall off, demonstrating that the initial swing had successfully cut through it."
0435-3,"**
No, the man's sword did not cut through each section of the straw mat target with every swing. He performed two swings, and each swing successfully cut through only one specific section of the target, leaving the other sections intact above the cut line."
0435-7,D
0439-0,"**
The man does not light anything during the video clip; however, the video starts with a cluster of blue candles already lit. These lit candles are used as part of a science experiment to heat the air inside a glass vase, which ultimately demonstrates the effects of atmospheric pressure when the air cools."
0439-1,"**
The man ignites candles in the video. Specifically, he lights a cluster of small candles placed on a stand in a dish of water to demonstrate the effects of atmospheric pressure when a vase is placed over them, causing the flames to extinguish and water to rise into the vase."
0439-2,"**
No, the man does not light the pile of thin candles in the video. The candles are already lit and burning brightly at the start of the demonstration."
0439-3,"**
No, the man does not light an object that looks like a stack of matches. Although the burning object is a cluster of small, blue, stick-like items that might visually resemble matches, the presenter explicitly refers to them as ""candles"" multiple times throughout the video explanation."
0439-7,B
0441-0,"**
Throughout the run, both the muscular man's left and right legs remain predominantly straight. They swing forward from the hip with very minimal bending at the knee, creating a stiff-legged, kicking motion characteristic of the ""Flint Lockwood run"" being depicted."
0441-1,"The man's legs appear quite stiff while running. This is evident as he runs with minimal bending at the knees and takes very short, rapid steps."
0441-2,"**
The muscular man is staying in the same spot. The video initially shows him in a close-up performing a running motion, but a later wide shot reveals he is only running in place while someone films him."
0441-3,"Yes, the muscular man's running style involves both high knee lifts, where his knees come up very high towards his chest, and a pronounced forward thrust, characterized by a noticeable leaning and pushing forward of his upper body with each stride."
0441-7,"**
B"
0452-0,"According to the text overlay in the video, the dancer's left leg is characterized as being Lionel Messi's left leg, implying it possesses Messi's renowned skill, agility, and dribbling ability. His right leg is characterized as being Cristiano Ronaldo's right leg, implying it has Ronaldo's famous power, speed, and shooting prowess."
0452-1,"Both the dancer's left and right legs appear to be in normal physical condition. They are visibly functional, strong, and flexible, enabling the dancer to perform complex and athletic breakdancing moves throughout the video. The text overlay mentioning Messi's left leg and Ronaldo's right leg is a humorous setup for a meme and does not reflect the actual physical state or specific attributes of the dancer's legs."
0452-2,"**
No, the dancer's left leg is not disabled, and both legs appear healthy and highly functional. The video shows the dancer performing complex breakdancing moves that require significant skill, strength, and coordination in both legs. The text overlay is a joke implying the dancer possesses the legendary football skills of Messi's left leg and Ronaldo's right leg, explaining the impressive footwork, not a disability."
0452-3,"Yes, the dancer's left leg clearly shows agility and quick movements through rapid hopping and shuffling footwork. While the right leg doesn't explicitly demonstrate powerful actions like kicking in this short dance clip, its less agile movement provides a distinct contrast to the left, visually representing the video's humorous premise of having Messi's agile left leg and Ronaldo's (implied powerful) right leg."
0452-7,E
0456-0,"The man used 6 nails (specifically, large railroad-style spikes) in the experiment. He divided them evenly, placing 3 nails into the mug with Monster Energy and 3 nails into the mug with vinegar for comparison."
0456-1,"** 
The man used a total of 6 nails (railroad spikes) in his experiment. He placed 3 rusty spikes into one mug for the Monster Energy drink and 3 rusty spikes into another mug for the vinegar."
0456-2,"Yes, the man used six railroad spikes (which function as large nails in this experiment), placing exactly three into each of the two glass mugs at the beginning of the video."
0456-3,"No, the man did not use 14 nails (spikes) in the experiment. He used a total of six large metal spikes, placing three in each mug."
0456-7,D
0463-0,"The counter starts counting from the very first throw the person attempts in the video after the ""BASKET COUNTER"" graphic appears on screen."
0463-1,"The counter begins to count from the first throw the athlete attempts after the ""BASKET COUNTER"" graphic appears on screen. This is shown when the first circle on the counter is marked with a red 'X' immediately following his initial missed shot."
0463-2,"No, the counter does not start counting from the second throw. The counter graphic appears before the first throw is made, and the result of the first throw (a miss) is immediately marked on the first position of the counter."
0463-3,"No, the counter does not start counting from the throw where the first successful basket is made. It starts counting from the very first attempt, marking misses with a red 'X' and successful baskets with a green checkmark. The first successful basket occurs on the third attempt, and the counter has already marked the first two missed attempts before that."
0463-7,D
0466-0,"There are a total of 7 images shown in the video that feature optical illusions based on clever perspective and/or time freezing. Each photograph captures a specific moment and uses the alignment of subjects, backgrounds (like the sun), or foreground/background elements to create a visual illusion or an amusing, perfectly timed scene."
0466-1,"There are a total of 7 images featuring optical illusions in the video. These images use techniques like forced perspective (e.g., the giant seagull, the man eating the sun), perfect timing and alignment (e.g., the airplane aligned with the sun, the contrail aligned with the Statue of Liberty's torch), pareidolia (the bird flock forming a shape), or potential staging/manipulation (e.g., the man on the broomstick, the ant lifting wood) to create visually deceptive or surprising effects."
0466-2,"Yes, the video contains 6 images (following the initial meme) that are related to optical illusions. These images use techniques like forced perspective, perfect timing, and coincidental alignment to create visually deceptive effects, making objects appear larger or smaller than they are, creating false interactions (like eating the sun), or making unrelated elements appear connected (like the plane contrail and the Statue of Liberty's torch)."
0466-3,"**
No, there are not exactly 5 optical illusion images shown. The video displays a total of 7 different images, all of which rely on forced perspective, coincidental timing, or pareidolia to create a visually deceptive or amazing effect."
0466-7,D
0468-0,"The person shown in the second part of the video, wearing black socks, successfully walked down the stairs. The first person shown, wearing polka-dot socks, attempted the challenge but fell after taking only a few steps."
0468-1,"The second person shown in the video was able to walk down the stairs successfully. The first person attempted the challenge but fell almost immediately, while the second person navigated the stairs cautiously with the filter on and reached the bottom without falling."
0468-2,"Yes, the second person successfully walked down the stairs despite the whirlpool effect. They proceeded cautiously, taking one step at a time, and managed to reach the bottom landing without falling."
0468-3,"**
No, the first person was not able to successfully walk down the stairs. Although they started the attempt, they lost their balance after only a few steps and fell, as indicated by the camera tumbling forward before the clip ends. They did not just ""almost"" fall; they actually fell down."
0468-7,B
0494-0,"One kind of scissors was used in the video. This pair, featuring black handles, appears at the beginning to cut a spiral shape out of paper. No other scissors are shown."
0494-1,"1. There is only one type of scissors used in the video. This pair, with dark handles and standard blades, is shown at the beginning cutting a paper spiral."
0494-2,"No, only one kind of scissors was used in the video. These scissors, featuring black handles and silver blades, were shown cutting the paper spiral at the beginning, and no other scissors appeared afterward."
0494-3,"No, three kinds of scissors were not used throughout the video. Only one pair of scissors, which had black handles, was shown and used at the beginning to cut the spiral shape out of the paper."
0494-7,C
0500-0,"**
There are 3 ping-pong balls shown in the video. One white ping-pong ball is hit between two candles, one orange ping-pong ball lands on a dart, and another orange ping-pong ball lands inside a bottle."
0500-1,"There are a total of 3 ping-pong balls shown in the video. One white ping-pong ball is hit between two candles, one orange ping-pong ball lands on a dart, and another orange ping-pong ball lands in a thermos."
0500-2,"Yes, there are three ping-pong balls featured in the video across three separate trick shot segments: one white ball hit between candles, one orange ball landing on a dart, and another orange ball landing inside a bottle."
0500-3,"No, there are not four ping-pong balls in the video. The video shows only two distinct ping-pong balls: one white ball used in a trick shot involving candles, and one orange ball used in two separate trick shots (landing on a dart and falling into a container)."
0500-7,A
0501-0,The man in purple has 5 dumplings on his plate. This is the number clearly visible on his plate as he carries the tray and sits down at the table at the beginning of the video.
0501-1,There are 5 dumplings on the plate of the man wearing purple. This is clearly visible when he is carrying the tray at the beginning of the video.
0501-2,"**
Yes, the man in purple has 5 dumplings on his plate. This can be clearly seen when he is carrying the tray and when he sits down at the table before eating any."
0501-3,"No, the man in purple does not have 6 dumplings on his plate. He has 5 dumplings clearly visible on his plate when he is carrying the tray at the start of the video."
0501-7,C
0512-0,The ping-pong ball hits 4 pots at the beginning of the video. It bounces off the overturned bottoms of four different-sized black cooking pots arranged in sequence.
0512-1,The ping-pong ball bounced off 3 pots at the start of the video. It bounces sequentially off the bottoms of three overturned black pots right after rolling off the initial ramp.
0512-2,"No, the ping-pong ball did not hit seven pots at the beginning of the video. It hit four pots sequentially before bouncing into a red cup."
0512-3,"No, the ping-pong ball hit three pots at the beginning of the video. It bounced off the bottom of three separate black pots arranged in descending height order before landing in a red cup."
0512-7,E
0520-0,"The letters I, V, and W require the minimum number of people to make up in the video. Each of these letters is formed using only one person, which is the lowest number of participants used for any letter shape shown."
0520-1,"The letters I, V, and W require the fewest people to form. Each of these letters is formed by only one person in the video."
0520-2,"**
Yes, the letters 'I,' 'V,' and 'W' each need only one person to form in the video. The letter 'I' is formed by one person standing straight. The letter 'V' is formed by one person sitting and raising their legs into a V-shape. The letter 'W' is formed by one person lying on their back and using their arms and legs to create the shape."
0520-3,"**
No, the letter 'I' is not the only one that needs the minimum number of people to form. While 'I' is formed by a single person, the letters 'V' and 'W' are also formed by only one person each in the video."
0520-7,"**
E"
0522-0,"There are 2 men wearing hats in the video. One man is wearing a pink unicorn helmet/hat, and another man is wearing a grey baseball cap backwards."
0522-1,"There are 2 men wearing hats in the video. One man is wearing a bright pink unicorn/rhino helmet, and another man is wearing a grey baseball cap backwards."
0522-2,"Yes, there are two men shown wearing hats in the video. One man wears a grey baseball cap backwards, and another man wears a pink unicorn helmet-style hat."
0522-3,"**
No, there are not three men in hats shown in the video. Only two men are wearing headwear: one man wears a pink novelty helmet/hat, and another man wears a grey baseball cap backwards."
0522-7,D
0525-0,The person not in the wheelchair has two legs. This is evident as they are seen running through the water and standing on both legs while assisting the person in the wheelchair.
0525-1,The person not in the wheelchair has two legs. This is evident as they are shown running and wading through the water on both legs to help the individual in the wheelchair.
0525-2,"No, the person not in the wheelchair does not have only one leg. The video clearly shows this individual running and wading through the floodwater using both of their legs to approach and assist the person in the wheelchair."
0525-3,"Yes, it is true that the person not in the wheelchair has two legs. This is evident as they run through the water to reach the person in the wheelchair and then use both legs to wade while pushing the wheelchair."
0525-7,B
0526-0,"In the second video (trick), the man is holding two lighters in his hands during the reveal. One is the orange lighter shown initially, and the second is a blue pen-style lighter that was concealed in his other hand to create the illusion."
0526-1,"In the second trick shown in the video, the man is holding two lighters. The explanation reveals he holds the main orange lighter in one hand and conceals a second, smaller blue lighter in the other hand to create the illusion of transferring the flame."
0526-2,"Yes, the man is holding two lighters in his hands during the reveal of the second magic trick. He holds a standard orange disposable lighter in his left hand and a blue pen-shaped torch lighter in his right hand."
0526-3,"No, the man is not holding three lighters in his hands in the second video segment. He is holding one actual orange lighter in one hand and a pen that functions as a lighter in the other hand."
0526-7,B
0530-0,"**
The man in blue kicked the soccer ball that was resting on the grass. In the setup, there were two balls; one held slightly elevated and one directly on the ground below it. He performed a rabona kick, specifically targeting and striking the lower ball on the grass."
0530-1,"In the fifth scene, the man in blue chose to kick the soccer ball that was placed on the ground in front of the other man who was kneeling and holding a second ball."
0530-2,"No, the man in blue did not kick the middle ball in the fifth scene. He kicked the top ball, which was being held in place on top of the middle (bottom) ball by another person."
0530-3,"No, the man in blue did not kick the top ball in the scene described (which is the seventh clip, not the fifth). He kicked the bottom soccer ball out from underneath the top one, causing the top ball to drop straight down."
0530-7,A
0539-0,"There are 5 people in the video who aren't in a car and are scared by the masked person. This includes the group of four pedestrians on the sidewalk who scream and run, and the mail carrier standing in the doorway of her truck who screams and jumps back."
0539-1,"Five individuals outside of a car are frightened by the masked person. This includes the group of four young people walking on the sidewalk who jump and run away scared, and the female postal worker standing outside her mail truck who screams in fright."
0539-2,"False. The video shows a group of four young people on a sidewalk and one female postal worker standing outside her truck being scared, which totals five people not in a car, not six."
0539-3,"No, the statement is not true. There is one scene showing four young people walking on a sidewalk who get scared and run away, and a final scene showing one woman standing outside a mail truck who gets scared. This makes a total of five people not in a car who are scared by the masked person."
0539-7,C
0541-0,There are 8 teeth shown in the video. These teeth are part of a drawing on a piece of paper used to demonstrate the scientific principle of refraction.
0541-1,"The total number of teeth shown throughout the video is 12. This is because the video features a single drawing of a mouth containing 6 upper teeth and 6 lower teeth, and no other teeth are depicted."
0541-2,"Yes, there are consistently 10 teeth visible in the drawing throughout the video. While the appearance of the teeth changes when submerged in water (the black spots disappear due to refraction), the drawing itself always depicts 10 individual teeth."
0541-3,"**
No, the number of visible teeth does not decrease to none as the water level rises. While the black spots drawn on the teeth disappear when submerged due to the refraction of light through the water and plastic, the black outlines of the teeth themselves remain visible throughout the process, even when the entire drawing is underwater."
0541-7,D
0542-0,"**
The scene shown as a metaphor for time passage while the bread cooks is the shot of the person sitting under the waterfall (0:49). This brief scene is inserted after the Stromboli roll is covered with the lid and hot coals for baking, and before it is shown fully cooked, indicating that time has passed while the person waited and relaxed during the baking process."
0542-1,"**
The scene that symbolizes the passage of time during the bread's cooking process is the shot of the person sitting under the waterfall. This scene occurs after the stromboli has been placed in the covered pan over the fire with coals on top, indicating that while the person is relaxing under the waterfall, time is passing, and the stromboli is baking."
0542-2,"**
Yes, the brief scene where the person sits under the waterfall likely serves as a visual metaphor or transition to indicate the passage of time while the stromboli roll pizza is baking in the covered skillet over the campfire. Its placement immediately after the stromboli is set to cook and before it's revealed as finished supports this interpretation."
0542-3,"**
Yes, the scene where the person is bathing under the waterfall appears to be used as a visual transition to signify the passage of time while the Stromboli roll is baking. It occurs immediately after the coals are placed on the pan to start cooking and just before the coals are removed to reveal the finished product, effectively bridging the start and end of the baking sequence shown."
0542-7,D
0548-0,"**
The second thing the man clips with the car window is a cucumber. This happens after he first clips a hot dog with the window."
0548-1,"The second item the man clips with the car window is a cucumber. He first clips a sausage, then the cucumber, and finally a carrot."
0548-2,"Yes, the man did hold a cucumber up to the closing car window immediately after holding a sausage up to it. The video shows a clip of him attempting to clip the sausage with the window, followed directly by a clip of him doing the same action with a cucumber."
0548-3,"No, the man does not clip a carrot as the second item with the car window. He clips a hot dog first, then a cucumber second, and the carrot is the third item he clips."
0548-7,B
0551-0,"**
The switch on the wall in the scene with the kneeling woman is in the OFF position. This is indicated by the top part of the rocker switch being pressed down/in."
0551-1,"**
In the scene with the woman kneeling, there is a double light switch on the wall to her right. The switches are arranged vertically; the top switch is flipped down (off position), and the bottom switch is flipped up (on position)."
0551-2,"No, the switch is not shown in two different positions in the scene with the kneeling woman. It remains consistently in the same position (appearing to be off) throughout the segment where it is visible behind her."
0551-3,"Yes, both switches on the wall in the scene with the woman kneeling are in the same position. Both the left and right switches are in the down position."
0551-7,B
0552-0,"There are 4 slices of bread on the plate. The person in the kitchen flips two complete sandwiches onto the plate, and each sandwich is made using two slices of bread (2 sandwiches x 2 slices each = 4 slices)."
0552-1,"**
There are four bread slices on the plate held by the person in the kitchen. This is clearly visible when the person turns towards the camera after flipping food onto the plate."
0552-2,"Yes, the person in the kitchen is carrying three pairs of sliced bread on the plate. The plate clearly shows three individual toasted sandwiches, and each sandwich is made using a pair of sliced bread."
0552-3,"Yes, the person in the kitchen is carrying four slices of bread on the plate, assembled as two toasted sandwiches."
0552-7,A
0561-0,"**
The watch the man is wearing appears 8 times in the video. It is visible on his left wrist in each of the distinct age segments shown: 2 months, 3 months, 4 months, 5 months, 6 months, 9 months, 1 year, and 2 years."
0561-1,"The man's watch appears consistently throughout the entire video. It is visible on his left wrist in every single photo segment shown, from the beginning when the puppy is 2 months old until the end when the dog is 2 years old."
0561-2,"No, the man's watch does not appear exactly 7 times. It appears 8 times, once in each of the distinct age progression shots shown (2 months, 3 months, 4 months, 5 months, 6 months, 9 months, 1 year, and 2 years)."
0561-3,"No, the man's watch does not appear 10 times in the video. It appears 8 times, once in each distinct scene corresponding to the dog's age milestones (2 months, 3 months, 4 months, 5 months, 6 months, 9 months, 1 year, and 2 years)."
0561-7,E
0566-0,
0566-1,
0566-2,
0566-3,
0566-7,
0567-0,"**
The hair of the third person in the video is dark/black. This person is the woman who makes the fruit cereal and yogurt after the initial clips of the two men."
0567-1,The third individual shown in the video is the woman who prepares the fruit cereal and yogurt. Her hair color is dark (black).
0567-2,"Yes, the third person shown in the video is the one with long black hair. The first two people shown are men making large bowls of regular cereal, and the third distinct individual introduced is the woman with long black hair who proceeds to make the fruit cereal and yogurt."
0567-3,"**
No, the third person in the video does not have blonde hair and dark roots. The third person shown is a woman with long, dark hair who is making the fruit cereal and yogurt. The person with blonde hair and dark roots is the first person shown at the very beginning of the video."
0567-7,A
0571-0,The man is wearing a ring on the ring finger of his right hand. This is visible throughout the video as he handles the different illusion objects.
0571-1,"**
The man is wearing a ring on the ring finger of his right hand. This is visible throughout the video as he handles and presents the different optical illusion objects."
0571-2,"No, the man's ring is not worn on the middle finger of his left hand. Throughout the video, he is clearly shown wearing a ring on the ring finger (the fourth finger) of his left hand."
0571-3,"Yes, the man is wearing a ring on the ring finger of his right hand in the video. This is clearly visible in multiple shots where he is handling the optical illusion objects."
0571-7,A
0575-0,"**
The two items the little girl is wearing on her feet are pink flip-flops and a smartphone. The smartphone was humorously discovered hidden underneath one of her oversized flip-flops when the dad lifted it up."
0575-1,The two things the little girl has on her feet in the video are a pink flip-flop on her left foot and a pink phone case under her right foot. The phone case looked like a matching shoe until the man removed it.
0575-2,"**
Yes, one of the items on the little girl's feet is a phone inside a pink case. The case is shaped like a flip-flop or sandal, and the video shows the dad removing it from her foot after she was apparently dressed with it mistakenly used as footwear."
0575-3,"No, both items on the little girl's feet are not pink flip-flops. She is wearing one pink flip-flop on her right foot, but her left foot is bare. She was temporarily standing on a pink smartphone with her left foot, making it appear initially like she had matching footwear."
0575-7,D
0576-0,"The girl labelled ""GEN-Z"" uses a belt. She puts on a black belt with a gold buckle over her grey pullover sweater."
0576-1,"The figure labeled ""GEN-Z"" (on the right side of the screen) is wearing a belt. She adds a black belt with a gold buckle over her grey pullover sweater to cinch her waist."
0576-2,"**
Yes, the GEN-Z girl is the one using a belt in the video. She puts on a black belt over her grey sweater to cinch her waist as part of her outfit assembly."
0576-3,"No, the millennial girl is not the one using a belt in the video. The girl representing the GEN-Z style puts on a belt over her sweater."
0576-7,D
0578-0,"There are 8 people visible in the video. This includes the two different men performing parkour stunts, Mr. Bean himself, two construction workers (one prominent, one in the background), and three pedestrians seen in the background during the final alley scene."
0578-1,"There are a total of 7 individuals shown in the video. This includes the two main characters (the parkour practitioner and the Mr. Bean character), the construction worker operating the crane, another construction worker briefly visible in the background on the rooftop, and at least three different people seen in the background during the final alleyway scene."
0578-2,"Yes, there are at least eight people visible in the video. These include the man performing parkour, Johnny English, four different construction workers seen on the rooftops, and at least two other pedestrians seen in the background of the final alley scene."
0578-3,"Yes, there could be at least ten people in the video. There are eight clearly distinguishable individuals shown across the various scenes (Mr. Bean, the antagonist in the grey suit, two construction workers, a man peering over a roof edge, and three people in the alleyway). Additionally, there is at least one more partially obscured construction worker visible near the crane and potentially other indistinct figures further down the alleyway, making it plausible that the total number of people shown reaches or exceeds ten."
0578-7,D
0580-0,"The girl ran three steps on the wall before she reached the top. She took one step with her right foot, one with her left, and a final one with her right foot before grabbing the ledge."
0580-1,"The girl took 3 steps on the wall before reaching the top. She plants her right foot, then her left foot, then her right foot again before leaping to grab the ledge."
0580-2,"No, the girl did not run four steps before she reached the top. She took exactly three steps on the surface of the warped wall before grabbing the top edge."
0580-3,"No, the girl did not run five steps before she reached the top; she took three steps on the ramp before jumping to grab the edge."
0580-7,A
0588-0,"**
There are 5 drawers on the white chest of drawers where the globe is placed. There are two smaller drawers side-by-side on the top row and three larger drawers stacked vertically below them."
0588-1,"**
There are a total of 5 drawers on the white chest of drawers with the globe on top. This is because there are two smaller drawers side-by-side on the top row, and three larger drawers stacked vertically below them."
0588-2,"**
Yes, the piece of furniture shown with the globe on top has five drawers. There are two smaller drawers side-by-side on the top row, and three larger drawers stacked vertically below them."
0588-3,"No, it is not true that the furniture with the globe has four drawers. The piece of furniture, which is a large white dresser or chest of drawers, visibly has five drawers: two smaller drawers on the top level and three larger drawers below them."
0588-7,B
0589-0,"**
No, the person in the video did not eat all the chocolate in six hours. Although the edited video shows time markers up to 6 hours during the chocolate eating segment, text at the end explicitly states, ""I ate this in small batches over several days."""
0589-1,"No, the individual did not consume all the chocolate within a six-hour period. The video shows a time-lapse of the chocolate eating, and at the 6-hour mark, a large quantity of chocolate is still visible inside the tank."
0589-2,"Yes, more than half of the chocolate was still uneaten at the six-hour mark. The video shows that while the man had eaten some chocolate by the 6-hour point in the first challenge, the level of chocolate bars remaining in the tank was still significantly above the halfway mark."
0589-3,"No, the video did not show that it took 12 hours for the person to finish the chocolate. The video explicitly shows and states that it took the person 12 hours to finish drinking a tank of *coconut water* using only a fork. The chocolate challenge was mentioned briefly at the beginning as context for the main coconut water challenge."
0589-7,A
0590-0,"At the end of the video, the man in the black jacket screamed because the man he was chasing placed a large fake tarantula directly onto his face while he was holding onto his leg on the stairs."
0590-1,"**
The man in the black jacket screamed at the end because the man in the red sweater placed a large toy spider on his chest/face while he was lying on the ground, startling him."
0590-2,"**
Yes, the man in the black jacket screamed because the other man placed a large toy spider on his face while he was lying on the ground."
0590-3,"**
No, the man in the black jacket did not scream because he stepped on a spider. He screamed because the man in the red sweater placed a large, fake tarantula directly on his chest/face after tackling him at the bottom of the stairs."
0590-7,B
0595-0,"The boy in the video, Michiel, scored with a blue exercise ball, a soccer ball, and a tennis ball. He successfully completed the challenge by kicking each of these items over the soccer goal and into the swimming pool during his turns."
0595-1,"The boy (Michiel) scored using three types of balls: a large blue inflatable ball, a soccer ball, and a tennis ball. He successfully completed the challenge with each of these balls, as indicated by the green checkmarks appearing next to the corresponding icons under his name after each successful attempt."
0595-2,"**
Yes, the boy (Michiel) did score with a blue exercise ball, a soccer ball, and a tennis ball in the video. He successfully performed the sombrero kick challenge, getting each of the three balls over the goal and into the pool on his respective turns."
0595-3,"No, the boy did not score with a basketball, a volleyball, or a baseball. The video shows him scoring with a large blue ball, a soccer ball, and a tennis ball."
0595-7,D
0597-0,"**
The person holding the camera is characterized by their ability to run or sprint while filming. This is evident because the camera consistently keeps pace alongside the subjects who are sprinting throughout the various skits, requiring the cameraperson to match their speed to capture the action effectively."
0597-1,"**
The person operating the camera is not visible in the video. However, based on the camera's movement, which consistently keeps pace with the sprinting actors from a close perspective, it can be inferred that the camera operator is also running alongside the subjects to capture the dynamic action sequences."
0597-2,"The video does not show the person holding the camera, so it is impossible to determine what they are wearing. While one of the characters in the video (the photographer, seen around 0:18) is wearing a light gray/beige jacket and white sneakers, this is an actor within the scene, not the individual filming the video."
0597-3,"It is not possible to determine from the video if the person holding the camera is wearing a white t-shirt and black sneakers. The camera operator is never shown on screen, and the perspective primarily follows the actors who change costumes in each skit."
0597-7,E
0600-0,"The orange ball hit the boy (Michiel) in the groin area. This is evident as he immediately doubles over in pain, clutches that specific area, and falls off the soccer ball he was balancing on right after the impact."
0600-1,The orange ball did not make contact with the boy (Michiel) in the video. He successfully dodged it by ducking underneath as it flew over his back.
0600-2,"No, the orange ball did not hit the boy on his head. The large orange ball remained stationary on the grass throughout the video and was never thrown during the challenge. The boy lost his balance and fell on his own while the girl was preparing to throw a regular soccer ball."
0600-3,"Yes, the orange ball hit the boy. As he lost balance and fell forward, bending over, Celine kicked the large orange ball which struck him directly on his backside/buttocks area."
0600-7,E
0603-0,"The person who failed twice in a row and lost the heart-shaped pattern is the man wearing a blue t-shirt and blue athletic pants with white stripes. He has dark hair, a beard, and is barefoot. He lost after failing his parkour attempts consecutively at the end of the challenge."
0603-1,"**
The person who failed twice in a row (leading to the loss of his last two heart patterns) is the man wearing a blue t-shirt and blue sweatpants with white stripes. He has short dark hair, a beard, and is barefoot during the challenge."
0603-2,"**
Yes, the person who failed twice in a row and lost the heart-shaped pattern (the blue hearts) is wearing a blue shirt and dark blue pants. His consecutive failures on his last two turns led to him losing his final two hearts and getting soaked with water."
0603-3,"**
No, the person who failed twice in a row and lost the heart-shaped pattern is not wearing a red shirt with a white 'm' logo and standing in a pink hula hoop. The person who lost was wearing a blue shirt and standing in a blue hula hoop; he failed his moves at 0:31 and 0:41, leading to his last heart disappearing at 0:43 and getting soaked. The person in the red shirt with the 'm' logo in the pink hoop was the winner."
0603-7,A
0607-0,"At the end of the video, the man is falling from the ceiling. This happens because the suction cup attached to his left foot lost its grip, causing him to detach and drop towards the floor."
0607-1,"**
The man is hanging upside down from the ceiling. This is evident because his feet are attached to the ceiling using large suction-cup devices, his head is pointing towards the floor, and he explicitly refers to the stunt as the ""upside-down basketball shot."""
0607-2,"**
No, the man is not standing on the ground made to look like a ceiling. He is actually hanging upside down from the real ceiling using suction devices on his feet. This is evidenced by his physical strain, the direction the basketball falls after he shoots it, and the fact that he falls downwards towards the floor when he detaches his feet."
0607-3,"No, the man in the video is not standing on the ceiling. He is hanging upside down, attached to the ceiling by equipment fastened to his feet."
0607-7,"**
A"
0609-0,"**
The final elimination shown in the video is determined by the fact that the last remaining male participant is wearing sandals. While the game initially seems based on reacting to a rolling ball, the ending reveals the man's footwear as the unexpected and humorous reason for his elimination, presented as a ""scam"" or ""troll"" moment."
0609-1,"In the video game, elimination is decided based on reaction time. All players place their hands on the table around a central object. One player initiates the round by lifting their hands. The last player to react by lifting their own hands off the table is eliminated."
0609-2,"Yes, the elimination is based on whether participants move their hands while the ball is still held by the person spinning it. In the final round shown, the woman lifts the ball slightly while still holding it, and the man who flinches and lifts his hands at that moment is eliminated."
0609-3,"**
Yes, the elimination appears to be determined by who the ball stops in front of. In the final round shown, the ball comes to rest pointing towards or directly in front of the man with curly hair, who seems surprised, implying he has been eliminated by this outcome."
0609-7,C
0610-0,"The woman threw the package out of the window because she has ""instant butlers"" who appear immediately to perform tasks. By throwing the package, she was essentially dispatching it, knowing the butlers would instantly appear outside to catch it and take it away for mailing or delivery, demonstrating the video's premise of instant, albeit unconventional, service."
0610-1,"The woman tossed the package out of the window because she has ""instant butlers."" After addressing the package, tossing it out the window was her method of signaling for the butlers to take it and deliver it, which they instantly did by appearing outside, catching it, and running off to mail or deliver it."
0610-2,"Yes, the video implies the woman threw the package out of the window so the two men could help her put it in the mailbox. After she tosses the package, the two men instantly appear outside, catch it, and run across the lawn towards the street where a mailbox would typically be located, fulfilling their role as instant butlers taking care of the task for her."
0610-3,"No, the woman was not trying to quickly get rid of the package by throwing it out the window as if discarding it. She threw it out the window as a way to signal her instant butlers, who immediately appeared outside, caught it, and ran off, presumably to mail or deliver it for her, consistent with the video's theme of butlers instantly handling tasks."
0610-7,B
0612-0,"**
According to the video, the paper is divided into two parts to create a side-by-side comparison. One side demonstrates coloring the drawing using ""$0 Pencils"" (represented by everyday items like burnt matches, coffee, grass, and food), while the other side shows coloring with ""$300 Pencils"" (expensive, traditional colored pencils). This division allows viewers to directly compare the results achieved with vastly different materials and costs."
0612-1,"**
The paper is divided into two sections to compare the results of drawing the same subject using two different types of materials: ""$0 Pencils"" (represented by unconventional items like burnt matches, coffee, grass, and berries) on the left side, and ""$300 Pencils"" (actual colored pencils) on the right side. This division allows for a direct side-by-side visual comparison between the outcomes achievable with free versus expensive drawing tools."
0612-2,"**
Yes, the purpose of dividing the paper is to compare the results of using $0 ""pencils"" (represented by non-traditional, free, or very cheap materials like burnt matches, coffee, grass, etc.) with the results of using $300 pencils (represented by actual expensive colored pencils). The division allows for a direct side-by-side visual contrast between the artwork created with these two vastly different sets of tools on the same subject."
0612-3,"**
Yes, the paper is divided to visually compare the results of creating an image using ""$0 Pencils"" (represented by using unconventional items like burnt matches, coffee, grass, food, and toothpaste instead of actual drawing tools) versus using ""$300 Pencils"" (represented by using expensive colored pencils, which are specific drawing tools). The division highlights the contrast between using no specific drawing tools/pencils and using high-cost ones."
0612-7,D
0614-0,"**
The video does not clearly show the man's hands trembling. Instead, he eats extremely quickly and eagerly, taking large bites in rapid succession. This intense and hurried manner of eating suggests he is very hungry, potentially having not eaten for a significant period."
0614-1,"The man's hands tremble at the start of the video likely because he is extremely hungry. His rapid eating pace and the visible shaking suggest an urgency and eagerness to consume the food, which can manifest physically as trembling, especially when weak from hunger."
0614-2,"**
Yes, it is highly likely the man is pretending to have a disability causing his hands to tremble. The situation appears to be a staged scenario or social experiment designed to see if someone would offer help, fitting the video's title and theme of kindness, and culminating in him rewarding the waitress for her kind actions."
0614-3,"The video does not show the man's hands trembling. His hands appear steady throughout the interaction, including when eating, offering food and drink, and giving the gift. Therefore, based on the visual evidence, we cannot attribute any trembling to nervousness or excitement as no trembling is visible."
0614-7,A
0616-0,"The white ball reaches the finish line first. Although the blue and black balls started earlier, the white ball navigated the obstacles more effectively or had a more advantageous path, allowing it to overtake the others and cross the finish line ahead."
0616-1,"The white ball crosses the finish line first. Although it started after the blue and black balls and from a lower position, it navigated the obstacles effectively, overtook the other two balls, and was clearly in the lead as they reached the end of the track."
0616-2,"Yes, the white ball is the first to reach the finish line. Although it started after the blue and black balls, its path down the central lane allowed it to navigate the obstacles more effectively and overtake the other two balls before the end."
0616-3,"No, the blue ball does not reach the finish line first. Although it started before the white/cream ball, the white/cream ball navigated the obstacles more effectively and overtook the blue ball to finish first."
0616-7,A
0620-0,"**
The man in the video is not standing; he is hanging upside down from the ceiling inside a room, likely a living room or common area in a house, using special devices attached to his feet."
0620-1,The man is hanging upside down from the ceiling. He is attached to the ceiling via large suction cup devices on his feet.
0620-2,"No, the man in the video is not standing on the ground made to look like a ceiling. He is actually hanging upside down from the real ceiling of the room, attached by special devices on his feet. This is evidenced by his comments about muscle strain, the normal orientation of furniture, the direction balloons float, the way the basketball falls due to gravity, and the fact that he flips downwards to land on the floor at the end."
0620-3,"No, the man in the video is not standing on the ceiling using equipment attached to his feet. He is hanging upside down from the ceiling by holding onto equipment with his hands; his feet are dangling freely."
0620-7,B
0621-0,Celine's left foot is the one supporting her body as she initiates the lean towards the wall first; her right foot lifts off the ground as she begins leaning back.
0621-1,The person places their right foot forward on the ground first as they lean back against the wall.
0621-2,"**
No, the left foot is not the first one to lean against the wall. In the video, the people lean their upper bodies against the wall, not their feet. Mini Michiel initiates the lean with his upper body."
0621-3,"**
No, the right foot is not the first one involved in the leaning action. The first person to lean against the wall (Mini Michiel) adjusts his stance by moving his left foot back slightly first to support his body as he leans."
0621-7,A
0625-0,"**
The direction of displacement of the second ball is horizontal. It moves back and forth along the horizontal groove that appears after the initial vertical one."
0625-1,"**
The second ball moves horizontally. It appears on the right side of the screen and moves leftwards towards the center along a horizontal groove that forms."
0625-2,"**
Yes, the second ball moves back and forth along a horizontal groove that forms perpendicular to the initial vertical groove."
0625-3,"No, the second ball does not follow a circular path or move in a loop. It oscillates back and forth along a straight, horizontal track."
0625-7,A
0627-0,The woman is changing her position in the video. She moves sideways behind the cardboard cutout as the camera pans around it.
0627-1,"**
The person filming changed position in the video. They moved the camera significantly from right to left, altering the viewing angle of the optical illusion to demonstrate how it works and eventually reveal its construction."
0627-2,"**
No, the photographer is moving the camera around the cardboard illusion, changing the viewing perspective. The woman behind the illusion remains relatively stationary; her apparent position changes because the camera's angle changes, not because the photographer's movement is repositioning her."
0627-3,"**
No, the woman in the video does not move to change the position of another person. There is no other person visible in the video whose position she could be changing. The woman moves slightly to adjust her own position behind the cardboard figure as the camera moves around it. The apparent movement or change in position of the figure itself is an optical illusion created by the camera's movement relative to the inside-out cardboard structure."
0627-7,"**
C"
0633-0,"At the end of the video, the wheels of the black car turn in a clockwise direction. This rotation is necessary to propel the car forward, as shown by its movement from left to right across the screen on the snowy surface."
0633-1,"**
At the conclusion of the video, the wheels of the black car rotate in a forward (clockwise from the perspective shown) direction. This is because the car is shown driving forward through the snow."
0633-2,"**
No, the wheels of the black car do not turn forward at the end of the video. The final shot is a static close-up of the black car's wheel, fitted with red anti-slip devices, stationary in the snow."
0633-3,"**
No, the wheels of the black car are not turning in reverse at the end of the video. The car is shown driving forward through the snow, and its wheels are clearly rotating in a forward direction to propel the vehicle."
0633-7,B
0643-0,The wind is blowing from right to left. This is evident because the flag held by the man on the right is consistently being blown strongly towards the left side of the frame throughout the video.
0643-1,"You can determine the wind direction by observing the movement of the large flag being held by the man on the right. The flag is consistently blowing from the right side of the frame towards the left side, indicating that the wind was blowing from the right towards the left on that day."
0643-2,"No, the wind does not appear to be blowing from the left to the right side of the screen. The flag held by the person on the right is hanging mostly downwards due to gravity and does not show significant billowing towards the right that would indicate wind blowing in that direction."
0643-3,"Yes, the video shows the wind blowing from the right side of the screen to the left. This is evident because the large flag held by the soldier on the right is consistently billowing strongly towards the left throughout the clip."
0643-7,C
0645-0,"**
Relative to the camera perspective, the left end of the scarf worn by the student character at the beginning of the video is located on the right side of her body at the end of the video. This occurred because she wrapped the scarf around her neck, crossing the ends over so the initially left end finished hanging down on her right side."
0645-1,"By the end of the video, the left end of the student character's scarf (from the camera's perspective) ends up hanging down loosely on the student's right side. This happens because the student fails the final step of the scarf-tying trick, causing the scarf to come undone instead of forming a knot."
0645-2,"**
No, the left end of the scarf does not remain on the left side of the student character's body at the end of the video. After attempting the trick, the student's scarf ends up draped around her neck with the ends crossed, placing the originally left end on the right side of her body."
0645-3,"Yes, the left end of the scarf (from the viewer's perspective) is on the right side of the student character's body at the end of the video. This is because the student failed the scarf trick, resulting in the scarf being tangled with the end that appears on the viewer's left hanging down on the student's right side."
0645-7,A
0652-0,"After the 360-degree spin, the car ended up facing forward again, the same direction it was originally traveling. However, its position on the road shifted significantly to the right side of the highway, ending up in a different lane (likely the rightmost one or the shoulder) compared to where it started the spin. This happened because the loss of traction caused the car to slide laterally across the lanes while it was rotating."
0652-1,"**
The car ended up back in the right-most lane of the highway, facing forward and continuing to drive after completing the 360-degree spin."
0652-2,"Yes, the car ended up in the innermost lane facing the correct direction after the spin. It completed a full 360-degree rotation and came to rest pointing forward in the leftmost lane."
0652-3,"No, the car did not end up facing the opposite direction. It completed a full 360-degree spin and finished facing forward, in the same direction it was originally traveling on the highway."
0652-7,A
0655-0,"**
The camera is faster than the truck. To move from filming the side/rear of the truck to capturing the driver in the front cabin, the camera had to accelerate and overtake that portion of the truck, meaning it travelled at a higher speed than the truck during that part of the video."
0655-1,"**
The camera and the truck are moving at approximately the same speed. This is necessary for the camera operator to keep the truck and the Batmobile consistently in the frame while filming from a parallel moving position."
0655-2,"Yes, the camera is moving faster than the truck. This is evident because the camera starts by filming the rear of the truck/Batmobile and moves forward to film the driver's cab, effectively overtaking the truck's position during the clip."
0655-3,"No, the truck does not appear to be moving faster than the camera. The camera moves alongside the truck, maintaining a relatively consistent position and framing throughout the pan from the rear to the front, indicating they are traveling at roughly the same speed."
0655-7,D
0658-0,"**
The rider in the dark clothing on the black bike is faster. They take the lead immediately after the gate drops and progressively increase the distance between themself and the other rider throughout the duration of the video clip."
0658-1,"The rider on the right, wearing the dark grey/black outfit, is quicker in the race shown. They get a slightly better start off the gate and consistently increase their lead over the rider on the left as they navigate the track's obstacles down the first straight."
0658-2,"**
Yes, the rider in the black outfit is the faster one during the race shown in the video. They take the lead immediately from the start gate and consistently increase the distance between themselves and the other rider throughout the first section of the track."
0658-3,"**
No, the rider in the white outfit is not the faster one during the race. The rider in the dark outfit gets a slightly better start and remains ahead of the rider in the white outfit throughout the entire clip shown."
0658-7,A
0664-0,The woman rolled the dice 10 times. This was determined by counting each instance she threw the dice during her turn throughout the video.
0664-1,"**
The woman threw the dice 10 times. This was determined by counting each instance she rolled the dice from the beginning of her turn until she successfully closed the final tile."
0664-2,"**
Yes, the woman rolled the dice exactly 9 times during the game to achieve the perfect score."
0664-3,"**
Yes, the woman rolled the dice 11 times as shown in the video sequence. The video explicitly shows 11 distinct rolls, ending with the roll that allowed her to flip down the number 3 tile, leaving only the number 12 tile remaining before the celebration begins."
0664-7,B
0667-0,"**
Six people participated in the challenge. This is determined by counting each individual shown taking a turn throwing the balloon from the upper level and sprinting down the stairs to try and touch it before it hit the ground."
0667-1,"There are a total of 6 participants in the challenge. This is because the video shows six different individuals (Celine, Bram, Laura, Ise, Michiel, and Anna) each taking a turn to drop the balloon and attempt to run down the stairs to catch it."
0667-2,"Yes, there are six people participating in the challenge. The video shows six distinct individuals (Celine, Bram, Laura, Ise, Michiel, and Anna) taking turns attempting to catch the falling balloon after running down the stairs."
0667-3,"No, there are not seven people participating in the challenge. There are six people who actively take turns dropping the balloon from the upper level and attempting to run down and catch it. A seventh person is present throughout the video, sitting on the stairs, but they only observe and do not participate in the challenge itself."
0667-7,C
0670-0,"**
Two children are explicitly shown jumping into the water in the video. The narrator identifies the youths he was jumping with as ""12-year-olds,"" and the visuals confirm two distinct individuals matching this description performing jumps or flips off the dock."
0670-1,"**
The video shows 2 children jumping into the water. One child performs a backflip, and another child performs a forward jump off the dock."
0670-2,"**
No, the statement that only two children jumped into the water is false. The video clearly shows multiple boys (who the narrator refers to as 12-year-olds) jumping and doing flips into the water from a dock before the narrator attempts his jump."
0670-3,"Yes, the video indicates that at least four children jumped into the water. While only two specific jumps by children are shown clearly in action, the scene on the dock depicts several children, with some already in the water near the jumping spot and others on the dock, participating in the activity alongside the narrator who mentions jumping ""with all these 12 year olds""."
0670-7,D
0673-0,"There are 3 buckets of real popcorn shown in the video. One is held by the young woman, one is held by a young man in the row behind, and a third bucket sits on the table next to the young woman."
0673-1,"There are 3 buckets of actual popcorn visible in the video. One belongs to the young woman sitting next to the prankster (she is seen eating from it), and the other two belong to the young men sitting in the row behind them."
0673-2,"**
Yes, there are at least two buckets of real popcorn shown in the video. In fact, three people (the young woman and the two young men behind her) are shown holding separate, large yellow buckets filled with what appears to be real popcorn before the prank occurs."
0673-3,"**
No, there are not four buckets of real popcorn shown in the video. At the beginning, three people have buckets containing what appears to be real popcorn, while the fourth person holds fake popcorn glued to a cloth, not in a bucket."
0673-7,C
0675-0,The man on the left felt annoyed and frustrated after the man on the right revealed how the magic tricks were performed. This is because the reveals spoiled the illusion and ruined the fun of his magic performance.
0675-1,"The man on the left reacted with expressions shifting from amusement to surprise, playful annoyance, and mock exasperation as the man on the right exposed each magic trick. This reaction occurred because the man on the right was revealing the secrets behind the tricks, ruining the illusion the man on the left was trying to create."
0675-2,"**
No, the man on the left did not appear genuinely displeased. His reactions throughout the video, such as smiling, laughing, and making exaggerated faces of surprise or mock sternness, suggest he was playfully participating in the comedic reveal of the magic tricks, likely with his son, rather than feeling upset about being exposed."
0675-3,"No, the man on the left did not seem particularly impressed or intrigued after the magic tricks were explained. While he appeared surprised during the tricks and amused or entertained by the reveals, his reactions (smiling, laughing, playful pointing) suggest he found the simplicity of the explanations more amusing or clever rather than deeply impressive or mystifying. He seemed entertained by being fooled rather than intrigued by the mechanics once they were shown."
0675-7,C
0679-0,"At the end of the video, the lady in the white tank top vest feels shocked and surprised. This is evident from her reaction where her eyes widen and her jaw drops open immediately after witnessing the man next to her unexpectedly fall when his stool breaks."
0679-1,"**
At the video's conclusion, the woman in the white tank top reacts with shock and surprise. This is shown by her mouth dropping wide open and her eyes widening immediately after the man next to her falls off the broken stool."
0679-2,"Yes, the woman in the white tank top feels surprised at the end of the video. Her immediate reaction includes wide eyes, an open mouth, and a startled posture, all indicating shock and surprise when the man next to her suddenly falls off the collapsing stool."
0679-3,"**
No, the woman in the white tank top does not appear upset or frustrated at the end of the video. Her reaction throughout, including at the end where she points at the broken stool, is characterized by shock and surprise or disbelief at the unexpected event, rather than anger or annoyance."
0679-7,B
0689-0,"**
The man in the purple T-shirt changed the other man's lock screen wallpaper to his own photo as a prank or joke. His playful approach, the funny photo used, his laughter, and his friend's surprised reaction all indicate that it was done lightheartedly to be funny and surprise the phone's owner."
0689-1,"**
The man in the purple T-shirt altered the lock screen wallpaper on the other man's phone to his own picture as a prank or practical joke. This is evident from his mischievous approach, the secretive way he changed the wallpaper while the owner wasn't looking, and his amused reaction afterwards while showing the surprised owner the result."
0689-2,"No, the man in the purple T-shirt did not change the lock screen wallpaper *to* his own photo. His photo was already set as the lock screen wallpaper when he approached. He interacted with the phone's lock screen customization menu while his picture was displayed, making it seem like he was setting it at that moment to trick the other man into thinking the phone was his."
0689-3,"Yes, the man in the purple T-shirt changed the lock screen wallpaper to his own photo as a prank. He sneakily took a selfie using the other man's phone and set it as the lock screen wallpaper while the owner was looking away, laughing afterwards at the owner's surprised reaction."
0689-7,A
0690-0,"The child is lying on the ground to watch her father, who is sitting on the couch and playing a shell game with bowls on the coffee table directly above her."
0690-1,The child is lying on the floor directly in front of the coffee table so she can look up and watch the shell game that the adults are playing on the table surface.
0690-2,"Yes, the child is lying on the ground to secretly take the money during the trick. Her position under the table allows her to grab the money unnoticed while the man performs the shell game, which is revealed when the money is missing at the end."
0690-3,"The child is lying on the ground because she is relaxing while observing her parents; she maintains a passive, relaxed posture throughout the video, watching the adults' activities rather than actively playing a game herself by being on the floor."
0690-7,C
0695-0,"The woman won the game. The off-screen judge confirmed she had correctly matched the order of her cups by saying ""You got it!"" after her final turn, while the man had not yet succeeded."
0695-1,"The woman emerged as the winner of the competition. She won because she was the first participant to correctly arrange her top row of coloured cups to match the hidden sequence of cups in the bottom row, which was confirmed when the off-camera voice announced ""You got it!"" after her final move."
0695-2,"Yes, the woman won the game because, according to the explicit confirmation from the off-screen judge (""You got it!""), she was the first to arrange her cups in the correct order matching the hidden sequence."
0695-3,"No, the man did not win the game. The woman won because she was the first player to correctly arrange her cups to match the hidden sequence, achieving a perfect score. The game was won by correctly guessing the sequence, not by being physically faster at placing the cups in any given turn."
0695-7,A
0706-0,"**
The purpose of the man's actions in the first half of the video is to film the raw footage or ""plate"" needed for a visual effects (VFX) sequence. He is performing the physical actions and poses (like landing, preparing to move, reacting) that will later be enhanced with digital effects, such as the energy trails, the duplicate figure, and the cracking ground, to create the final superhero scene shown in the second half."
0706-1,"In the first part of the video, the man is filming himself performing specific dramatic poses and movements on the beach. He is doing this to capture the raw footage needed for a visual effects (VFX) sequence, where he will later add special effects to make it appear as though he is a superhero with powers, as shown in the rest of the video."
0706-2,"**
Yes, the man in the first half of the video is shooting footage for a video with special effects. The first part shows him performing actions on a beach in front of a camera (behind the scenes), and the second part shows the final edited footage incorporating visual effects like teleportation and ground-breaking impacts, consistent with the video's title and hashtags (#vfx, #superhero, #teleport)."
0706-3,"No, the man is not setting up the camera simply to record himself practicing martial arts. He is filming himself performing specific, choreographed movements on the beach to create a visual effects (VFX) video featuring superhero elements like teleportation and fighting, as shown in the second half of the clip and indicated by the video's title and hashtags."
0706-7,B
0707-0,"**
The purpose of the person moving quickly towards the camera at the end is to create a visual effect using forced perspective, making the drink appear ""giant"" as it fills the camera frame, aligning with the video's title ""Epic Giant Drink Idea""."
0707-1,"The person runs towards the camera at the end to create a visual effect for the video they are filming. By running forward while holding the drink out, they make the drink appear to rapidly grow larger, filling the frame for a dramatic close-up shot, which relates to the ""Giant Drink Idea"" mentioned in the video title."
0707-2,"**
No, the person does not run towards the camera for the close-up shot. He moves the drink towards the camera lens as part of a choreographed move while standing further away, which then cuts to an extreme close-up likely edited in post-production."
0707-3,"No, the person is not running towards the camera at the start. Instead, after setting up the phone and starting the recording, his specific action is running *away* from the camera while holding his drink. This is done to position himself at a distance, likely to perform the subsequent actions (dancing and the transition effect) which serve as the dynamic part of the sequence, rather than the initial run being the dynamic introduction itself."
0707-7,D
0708-0,"The cat screams in the last shot because its owner revealed a large collection of new bath products, effectively replacing all the ones the cat had just deliberately ruined by knocking them into the bathtub. The scream represents the cat's frustration or anger that its mischievous efforts were immediately made pointless."
0708-1,"**
The cat is yelling in the final scene right after its owner reveals a bag full of new toiletries. Considering the video depicts the cat mischievously making a mess with similar items just moments before, the yell is likely a comedic expression of excitement, defiance, or perhaps mock frustration at the prospect of having a whole new set of items to potentially play with and make a mess with, continuing the humorous theme of the cat being a troublemaker."
0708-2,"Yes, the video is edited to suggest that the cat screams in shock or dismay upon seeing the woman bring in a bag full of new bath products immediately after the cat seemingly destroyed the previous ones by knocking them into the bathtub."
0708-3,"No, the cat is likely not screaming because it is upset about the mess in the bathtub. The video portrays the cat as intentionally creating the mess with a mischievous attitude. The final shot of the cat screaming appears to be an exaggerated reaction for comedic effect, possibly related to the owner bringing home new products, rather than expressing regret or upset over the mess it made."
0708-7,C
0721-0,"The man in sunglasses is not actually holding anything in his hand. The photograph uses forced perspective, where the man positions his open hand under the airplane flying overhead, creating the optical illusion that he is holding the large aircraft."
0721-1,"The man wearing sunglasses has his left hand raised with the palm facing upwards, positioned directly under a low-flying airplane to create the optical illusion that he is holding or supporting the plane's weight. His right arm is extended outwards to his side, likely for balance or as part of the pose for the photograph. The image uses forced perspective and precise timing."
0721-2,"No, the man in sunglasses is not actually holding anything in his hand. The photograph uses forced perspective, where the man positions his empty hand closer to the camera, directly underneath the airplane flying much further away in the background, creating the optical illusion that he is supporting the aircraft."
0721-3,"No, the man in sunglasses is not holding a toy airplane. The photograph uses forced perspective; the man is positioned in the foreground, making it appear as though he is holding a real, full-sized passenger airplane flying overhead in the background."
0721-7,B
0723-0,"The monster looks active because it is an optical illusion, specifically a variation of the hollow-face illusion. Its head is built with a concave (inside-out) structure, but our brains tend to perceive such shapes, especially faces, as convex (bulging outwards). As the viewer moves, the way light and perspective shift on the concave surface tricks the brain into thinking the head is turning to follow them, creating the appearance of activity or awareness."
0723-1,"The monster seems to be moving due to an optical illusion created by its construction. It is built from an inside-out cardboard box, making its features (like the face and snout) concave (curving inward) rather than convex (curving outward). Our brain interprets this concave shape and the changing perspective as the viewer moves, creating the false impression that the monster's head is turning to follow the viewer."
0723-2,"Yes, the little monster in the video appears to move due to an optical illusion involving a concave surface. The speaker explicitly states the monster is made from an ""inside out cardboard box,"" meaning its features are concave (curved inward). Our brains tend to perceive such shapes, especially faces/heads, as convex (curved outward), leading to the illusion that the head is turning to follow the viewer."
0723-3,"**
No, the little monster in the video is not appearing to move because someone is manipulating it. The apparent movement is an optical illusion caused by the concave (inside-out) shape of the cardboard figure, which makes it seem like its head turns to follow the viewer as their perspective changes."
0723-7,D
0724-0,"The pen appears to pass through the banknote without breaking it because the banknote is folded in a specific way that creates a hidden gap. The pen actually goes through this gap, not through the paper itself. The banknote is first folded in half lengthwise. Then, it's folded in half widthwise, but one half is deliberately folded slightly short of the other edge, creating a channel along the central fold line for the pen to pass through."
0724-1,"**
The pen manages to go through the banknote without tearing it because of the way the banknote is folded. The banknote is first folded in half lengthwise, and then folded in half again widthwise. This second fold creates a gap or channel in the center between the layers of the bill. The pen is actually slid through this pre-existing gap created by the folds, rather than piercing the paper itself, giving the illusion of penetration without causing any damage."
0724-2,"Yes, the reason the banknote remains intact is that the pen goes through an opening created by the specific way the banknote is folded, rather than piercing the middle of the paper itself."
0724-3,"The video does not provide an explanation for how the banknote and pen trick is performed. While it shows the illusion of a pen penetrating a folded banknote without damaging it, it does not reveal the secret or confirm whether the pen utilizes a hidden mechanism to achieve this effect."
0724-7,C
0725-0,"**
The drink in the bottle decreased because it was resting on top of an inflated balloon hidden inside. When a hidden hole in the bottle (covered by the man's finger initially) was uncovered, the air escaped from the balloon, causing it to deflate. The liquid then dropped down to fill the space previously occupied by the inflated balloon, creating the illusion of the drink vanishing."
0725-1,"The liquid level in the bottle drops because a balloon hidden inside the bottle deflates. The man prepares the trick by inserting and inflating a balloon inside the bottle through a hidden hole, sealing it, and then filling the bottle with soda around the balloon. During the trick, he releases the air from the balloon, causing it to shrink. The soda then fills the space the balloon previously occupied, making the liquid level go down rapidly."
0725-2,"Yes, the drink level is decreasing because the hidden balloon inside the bottle is deflating. The tutorial reveals that an inflated balloon is placed inside the bottle, which displaces the soda and makes the level look higher. When the man pretends to suck air out, he is actually deflating the balloon, causing it to shrink and the soda level to drop."
0725-3,"No, the drink level is not decreasing because it is being consumed through a straw. The video reveals this is a magic trick where a hidden balloon is inflated inside the bottle before adding the drink. The man pretends to drink through the straw while secretly pressing the balloon, causing it to deflate. As the balloon deflates, the drink level drops to fill the newly available space inside the bottle, creating the illusion of the soda vanishing."
0725-7,A
0729-0,"Based on the demonstration shown in the video where a blue strip is perfectly overlaid first onto the red strip and then onto the black strip, both the black and red strips are proven to be the exact same length. Therefore, neither strip is shorter than the other. The initial perception that one is longer is an optical illusion."
0729-1,"The longest color of the long strips shown in the video is black. The video demonstrates this by overlaying a strip the same size as the red one onto the black one, showing the black strip extends further."
0729-2,"No, the black strip is not the longest among the long strips in the video. The video demonstrates through direct comparison using a blue strip that the black strip and the red strip are actually the same length, despite the optical illusion making the black one appear longer."
0729-3,"No, the black strip is not the longest; it is actually the shortest. The video demonstrates an optical illusion where the black strip *appears* longer when placed above the red strip. However, when a blue strip is used to directly compare their lengths by aligning it with the black strip, it becomes visually evident that the black strip (and the identical blue strip) is shorter than the red strip."
0729-7,A
0731-0,"Based on dual perception, the old man's nose in the video also looks like a mermaid sitting on a rock. This is because the optical illusion uses the image of the mermaid, positioned centrally and viewed from behind, to form the shape of the nose within the larger composition of the old man's face."
0731-1,"**
The old man's nose in the optical illusion represents a mermaid sitting on a rock in the sea. Her seated figure, positioned between the distant rock (eye) and the foreground cliffs (chin), forms the distinct shape of the nose when viewing the image as a whole profile face."
0731-2,"Yes, the old man's nose in the optical illusion is indeed formed by the image of a mermaid sitting on a reef or rock in the water. The placement and shape of the mermaid figure correspond directly to the position of the nose within the larger face illusion."
0731-3,"Yes, the old man's nose can be perceived as the head and beak of a bird. The optical illusion is designed such that the shape and position of the bird's head and its long beak perfectly form the feature that is interpreted as the nose when viewing the image as an old man's face."
0731-7,"**
A"
0735-0,"The scenery on the artboard in the second segment is not painted; it is a reflection. The man placed a mirror or a highly reflective surface on the easel, which captured the actual sunset scene (sky, mountains, water, and sun reflection) located behind the camera. The act of ""painting"" with the wet brush was a visual trick to seemingly reveal the image that was already reflected on the surface."
0735-1,"The scenery appears on the ""artboard"" through reflection. The object placed on the easel is actually a mirror, not a canvas or artboard. It reflects the real sunset landscape situated in front of it, creating the illusion that the scene is appearing on the board as the person ""paints"" it."
0735-2,"**
Yes, the scenery on the artboard in the second segment is a reflection of the environment. The artboard is a reflective surface (like a mirror) placed on an easel, and it is capturing and displaying the actual sunset, water, and landscape that are present in the surrounding location."
0735-3,"No, the scenery on the artboard in the second segment was not painted. It was a mirror or reflective surface perfectly reflecting the actual sunset over the water that was happening in front of it."
0735-7,B
0738-0,"The man filmed the sky changing from black to bright by manually lowering the iPhone camera's exposure before recording. He did this by tapping the screen to focus and then swiping his finger downwards next to the focus box, which darkened the image significantly. When he started recording, the footage began dark, and then either the camera's auto-exposure adjusted or the natural light increased, causing the scene to gradually brighten."
0738-1,"The man used the iPhone camera's manual exposure control to make the sky appear to change from dark to light. He first locked the auto-exposure/auto-focus (AE/AF Lock) on the sunset, then manually dragged the exposure slider down to make the scene dark before starting the recording. While recording, he slowly dragged the exposure slider upwards, gradually increasing the brightness and making the sky transition from dark to light in the video."
0738-2,"No, the man did not change the sky from black to bright by adjusting the camera's brightness settings in the way implied. He actually adjusted the exposure setting *downwards*, making the live preview on his phone screen darker (appearing almost black). The final video shown is bright, but the *action* demonstrated was darkening the preview, not brightening it."
0738-3,"**
No, the man in the video did not use a time-lapse feature. He created the effect by manually lowering the camera's exposure before starting the recording, making the scene appear dark, and then recording a normal video as the exposure adjusted back to a brighter, more natural level."
0738-7,A
0740-0,"**
The third step of the calculation process shown in the video is multiplying 4 by 4 to get 16. This is done after first solving the parentheses (Step 1: 2+2=4) and then performing the division from left to right (Step 2: 8÷2=4)."
0740-1,The third step in the calculation process is 4 * 4 = 16. This step involves multiplying the result of the division (8 ÷ 2 = 4) by the result of the parentheses calculation (2 + 2 = 4).
0740-2,"Yes, in the first math problem shown (`8 ÷ 2(2 + 2)`), the third step performed is the multiplication of `4 × 4`. This is because after solving the parentheses (`2 + 2 = 4`) to get `8 ÷ 2(4)`, the order of operations (PEMDAS) dictates performing division and multiplication from left to right. The division `8 ÷ 2` is done second (resulting in `4`), leaving `4(4)`, and the multiplication `4 × 4` is performed third to get the final answer of `16`."
0740-3,"**
No, the third step shown in the video for the first math problem is not the division of 8 ÷ 2. According to the presenter's explanation of PEMDAS (specifically performing multiplication and division from left to right), the first step is solving the parentheses (2+2=4), the second step is the division (8÷2=4), and the third step is the multiplication (4*4=16)."
0740-7,D
0742-0,"**
The value of x is 18.

Brief explanation: The video shows that the three angles x, 2x, and 2x form a right angle because they are adjacent to another 90-degree angle on a straight line. Therefore, their sum must equal 90 degrees: x + 2x + 2x = 90. Combining like terms gives 5x = 90. Dividing both sides by 5 yields x = 18."
0742-1,"To determine the value of x, recognize that the angles labeled x°, 2x°, and 2x° together form a 90-degree angle because they are adjacent to another 90-degree angle on a straight line (which totals 180 degrees). Therefore, the sum of these angles must equal 90 degrees. Set up the equation x + 2x + 2x = 90. Combine the like terms to get 5x = 90. Finally, divide both sides of the equation by 5 to isolate x: x = 90 / 5, which equals 18. Thus, the value of x is 18."
0742-2,"Yes, the value of x is 18. The video explains that the sum of the angles x, 2x, and 2x must equal 90 degrees. This leads to the equation x + 2x + 2x = 90, which simplifies to 5x = 90. Solving this equation for x by dividing both sides by 5 gives x = 18."
0742-3,"No, the value of x is not 25. The video establishes that the sum of the angles x, 2x, and 2x equals 90 degrees. This leads to the equation x + 2x + 2x = 90, which simplifies to 5x = 90. Solving for x gives x = 90 / 5 = 18."
0742-7,B
0743-0,"The third math question in the video is 13+13. The answer is 26, because 13 plus 13 equals 26."
0743-1,"**
The solution to the third math problem (13+13) in the video is 26. This is found by performing the simple addition of 13 plus 13."
0743-2,"Yes, the answer to the third math question (13+13) shown in the video is 26. The man in the video correctly selects the option ""26"" for this question."
0743-3,"No, the answer to the third math question in the video is not 25. The third question is 13+13, and the correct answer is 26, which was presented as the other option."
0743-7,C
0749-0,"In the first physics experiment shown, both the uncooked rice grains and the yellow liquid can pass through the sieve. The rice grains are small enough to fall through the mesh openings, and the liquid flows freely through them."
0749-1,"In the first physics experiment shown, the yellow liquid and the white powder (flour) are able to pass through the sieve. This is because the liquid flows freely through the mesh openings, and the flour particles are fine enough to fall through the holes, unlike the larger rice grains which are retained by the sieve."
0749-2,"In the first physics experiment shown, the rice passes through the sieve, but the yellow coarse grain does not. This happens because the individual rice grains are small enough to fall through the openings in the sieve's mesh, while the yellow coarse grains are too large or clumped together to pass through."
0749-3,"No, in the first physics experiment, the flour does not pass through the sieve. This happens because the sieve was first dipped in liquid, which created a film across the mesh due to surface tension, causing the fine flour particles to stick and block the openings."
0749-7,A
0755-0,"The object that looks like a sponge used for cleaning is actually made of cake. This is revealed when the woman bites into it at the beginning of the video, and confirmed by the video's title which indicates that all the items shown are realistic cakes."
0755-1,"**
The sponge shown at the beginning of the video is not a real cleaning sponge but a realistic cake. It is composed of edible cake material, crafted to visually mimic a dish sponge with a yellow, porous-looking top layer and a green, denser-looking bottom layer representing the scouring pad."
0755-2,"Yes, the sponge shown at the beginning of the video is made of an edible material like cake. The woman takes a bite out of it, and the video's title and theme indicate that the objects presented are realistic cakes."
0755-3,"No, the sponge shown in the video is not made of synthetic materials like polyurethane foam. It is a realistic cake designed to look like a sponge, as evidenced by the woman taking a bite out of it and the video's theme of showcasing hyper-realistic cakes."
0755-7,B
0757-0,"The right foot of the boy in red is in the pit. This is shown at the very end of the clip when he steps towards the ball with his right foot, and that foot sinks into a hole in the ground."
0757-1,The right foot of the boy wearing red is inside the pit. This is seen at the very end of the video when he walks forward and his right foot unexpectedly sinks into a hidden hole in the grass.
0757-2,"No, the boy in red's left foot is not the one in the pit. The video clearly shows him stepping into the pit or soft ground with his right foot."
0757-3,"**
Yes, the boy in red's right foot is the one in the pit. He attempts to kick the ball with his right foot, and it sinks into a hidden hole in the ground as he swings it forward."
0757-7,B
0762-0,"**
The second boat was made of paper. This is shown when the man attempts to step onto a white, box-like structure after successfully floating on the suitcase boat; this second structure immediately sinks, and the paper emoji above is highlighted."
0762-1,"The second boat was made of paper. This is shown when the man steps into the white, rectangular boat, and the emoji representing paper is highlighted with a red outline, indicating it was the material used and that it failed to float."
0762-2,"**
Yes, the second boat is indicated to be made of paper. This is shown by the highlighted paper emoji displayed on screen during that segment and confirmed by the boat's immediate collapse and sinking when the man attempts to step into it, which is characteristic behavior for paper in water under weight."
0762-3,"**
No, the second boat tested is not made of a mattress. Visually, it appears to be constructed from folded sheets of paper or thin cardboard. The associated emoji that is highlighted is a stack of papers/sheets (📄), not a mattress emoji."
0762-7,"**
C"
0763-0,"The canned Coke that was taken away is the real one. The video explains that optical illusions often involve 2D drawings designed to look like 3D objects. In this illusion, the can that remains is the 2D drawing, while the can that was physically picked up and removed was the actual, real can hidden behind the drawing."
0763-1,"The canned Coke left in the image is the genuine one. The illusion involves making it seem like a second can is pulled from behind the first; however, the removed ""can"" was likely the illusory element (such as a drawing or manipulated image), while the can remaining stationary was the real object."
0763-2,"Yes, the real canned Coke appears to be the one that was taken away. The video demonstrates optical illusions where drawings or manipulated objects are made to look real. In the sequence, the first can (which is taken away) likely serves as the real object to briefly compare against the second can (which is left behind), the latter being the element designed to create the optical illusion of reality."
0763-3,"No, the real canned Coke is not the one that is still in the picture. The video shows a hand attempting to grab the Coke can on the right, but it passes through, revealing it's a drawing or illusion. The hand then successfully picks up the Coke can on the left, confirming it is the real one. Thus, the real can is the one that was picked up, while the fake one is the one left remaining (""still"") in the picture."
0763-7,A
0766-0,"**
The archer used her right shoulder to release the bow. This is because she employs a shoulder release aid mechanism where a strap runs over her right shoulder and connects to the release trigger operated by her jaw/chin; the right shoulder acts as the anchor point for this release system."
0766-1,"**
The archer released the bowstring using a release aid mechanism attached to a strap that went over her right shoulder. She drew the string back towards her right cheek/jaw area, anchoring the release aid there before triggering it. Therefore, the release action was executed from her right shoulder/side."
0766-2,"**
No, the archer did not release the bow using her right shoulder. Although she uses a strap mechanism anchored around her right shoulder to help draw the bowstring, the actual release is triggered by a mechanism operated with her mouth/jaw."
0766-3,"No, the archer did not release the bow using her left shoulder. She uses a special release aid device attached to a shoulder harness. She draws the string back using her upper body (including her shoulders and back) and anchors the release aid near her mouth/chin on her right side. The release itself is triggered mechanically by a movement involving her jaw activating the release aid, not by a direct action of her left shoulder."
0766-7,"**
D"
0777-0,"There are 14 trick shots shown in total. This count includes each distinct, successfully completed trick featured in the video compilation, starting with the Red Bull can flip and ending with the double hanger throw."
0777-1,"There are a total of 14 trick shots displayed in the video. This number is obtained by counting each successfully completed trick shot shown in the compilation, starting from the ""3 Months"" segment through to the ""3 Years"" segment."
0777-2,"Yes, the total number of trick shots shown in the video is 14. The video is a compilation that displays fourteen different successful trick shots performed over a period of three years."
0777-3,"**
No, the total number of trick shots shown in the video is not 12. There are 14 distinct trick shots featured in the montage."
0777-7,"**
C"
0779-0,"The illusion achieved is the Penrose Triangle (also known as the impossible triangle). It is created using a physical object made of separate sections arranged in a specific way. When viewed from a precise angle (forced perspective), these disconnected sections align perfectly, tricking the eye into seeing a continuous, solid, but geometrically impossible, triangular loop. Rotating the object reveals its true, disconnected structure and breaks the illusion."
0779-1,"The illusion shown in the video is a Penrose Triangle, also known as an impossible triangle. It is created using a physical, three-dimensional object that is specifically constructed and viewed from a precise angle. From this angle, the object's disconnected parts and specific shapes align perfectly to trick the viewer's perception into seeing a continuous, solid triangular structure made of cubes, which is geometrically impossible in reality. Rotating the object reveals its true, non-continuous structure, breaking the illusion."
0779-2,"**
No, the video does not show a Penrose Triangle illusion created by arranging *concave* structures to appear as *floating* cubes. While it clearly shows a Penrose Triangle illusion, the illusion is revealed to be created by strategically arranging specifically angled, L-shaped pieces (not concave structures) which appear as *interconnected* cubes (not floating) only from a particular viewpoint."
0779-3,"Yes, the illusion in the video is achieved by aligning separate segments of blocks so that, when viewed from a specific angle, they appear to form a continuous triangle. The video demonstrates that the object is actually composed of disconnected pieces, and the illusion of continuity only exists due to the precise alignment from that particular viewpoint."
0779-7,C
0790-0,"To see the blue tube, the transparent sheet should be held vertically, aligning its longer axis with the vertical orientation of the blue tube. The video demonstrates that when the sheet is oriented this way, the vertically placed blue tube becomes visible through it, while the horizontal tubes become obscured."
0790-1,"**
To make the blue tube visible through the transparent sheet, the sheet needs to be rotated 90 degrees so that it is held vertically, aligning its orientation with the vertical blue tube. The video shows that when the sheet is horizontal, the vertical blue tube disappears, but when the sheet is rotated to be vertical, the blue tube becomes visible."
0790-2,"Yes, the transparent sheet should be rotated by 90 degrees to see the blue tube. The video shows that when the sheet is held horizontally, the vertical blue tube disappears. When the sheet is rotated 90 degrees to be vertical, the blue tube becomes visible, while the horizontal red and green tubes disappear."
0790-3,"No, the transparent sheet should not be rotated by 45 degrees to see the blue tube. According to the video, when the sheet is rotated by 45 degrees, all the tubes behind it, including the blue one, become blurry and disappear. The blue tube is clearly visible when the sheet is held vertically, aligned with the blue tube itself."
0790-7,D
0794-0,"The caption ""Never trust your friend"" refers to the second cat (the white one with black patches) that remains on the ledge. This is because this cat performs the untrustworthy action of pushing a piece of debris off the ledge towards the first cat after it jumped down."
0794-1,"The second cat, the white one with black patches that remains on the ledge watching the first cat jump, is described as the 'friend' in the caption. The caption ""POV: Never trust your friend"" implies that this cat's action (or inaction) of watching the other cat jump from a height represents a betrayal of trust, common in memes depicting similar scenarios."
0794-2,"Yes, the 'friend' in the caption likely refers to the white cat that leaves quickly at the start. The sequence shows this cat leaving safely just before the second cat appears trapped on the ledge, implying the first cat abandoned the second one in a dangerous situation, thus betraying its trust."
0794-3,"Yes, the black dog is implied to be one of the 'friends' referred to in the caption. The caption ""POV: Never trust your friend"" is paired with the visual of a cat looking down from a height at the two dogs (one black, one brown-and-white) waiting below, suggesting the dogs are the friends who cannot be trusted in this situation."
0794-7,A
0803-0,"**
Candles were burning in the video. This is evident visually as small, blue, wax objects with wicks producing a flame, and the presenter explicitly refers to them as ""candles"" multiple times throughout the experiment description and explanation."
0803-1,"**
The objects that are on fire in the video are candles. This is evident visually as they are small, cylindrical objects with burning wicks, and the presenter explicitly refers to them as ""candles"" when describing the experiment setup and explanation."
0803-2,"Yes, it is true that a bunch of candles is burning in the video. At the start of the demonstration, the setup clearly shows multiple small, blue candles tightly grouped together on a base, all lit and producing a significant flame. The presenter also explicitly refers to them as ""these candles""."
0803-3,"**
No, the burning object in the video is not a small blue sponge-like object. It is explicitly identified as ""candles"" in the video's narration and visually appears to be a cluster of small, thin, blue candles or sticks bundled together on a base. It does not have the porous texture characteristic of a sponge."
0803-7,A
0806-0,"Four cables were bundled together. This includes one black cable, one white cable, one grey cable, and one red/black braided cable, which are clearly shown being gathered and wrapped with the DIY spiral strip."
0806-1,"There were a total of four cables bundled together in the video. This includes one thick black cable, one white cable, one grey cable, and one red/black woven cable, all of which were gathered and wrapped with the spiral tubing."
0806-2,"**
Yes, the video confirms that four cables are being bundled together. Towards the end of the video, four distinct cables (black, white, red/black braided, and grey) are gathered and then wrapped together using the custom-made spiral plastic wrap."
0806-3,"**
False. The video clearly shows four cables (black, white, grey, and red/black patterned) being bundled together using the spiral wrap, not five."
0806-7,A
0810-0,"The sausage popped up from the holes 5 times. This count refers to each instance the red, sausage-shaped object emerged from one of the holes in the wooden whack-a-mole style board throughout the video."
0810-1,The sausage appeared 6 times from the holes. It popped up randomly from different holes throughout the video as the dog attempted to catch it.
0810-2,"Yes, the sausage emerged from the holes five times. It appeared sequentially from different holes, provoking a reaction from the dog each time before finally disappearing as the dog's attention was diverted."
0810-3,"**
No, the sausage did not pop up from the holes only three times. It popped up a total of five times throughout the video."
0810-7,C
0812-0,The person tried to place the toy into the drawer 3 times. This is observed at the end of the video where the hand makes three distinct pushes to tuck the noisy toy back into the desk's storage compartment.
0812-1,"**
The person made three attempts to put the toy into the drawer/storage area under the desk. Each attempt involved the hand pushing the toy towards the opening, but the toy swung back out each time."
0812-2,"Yes, the person tried to place the toy into the drawer three times. The hand pushes the toy into the space under the desk, it swings out, the hand pushes it in again, it swings out again, and the hand pushes it in a third time before the video ends."
0812-3,"No, the person did not try to place the toy into the drawer 10 times. The video shows the person attempting this action approximately 8 times before the clip ends."
0812-7,B
0816-0,"**
In the second experiment, the person inserted a bent straw into the mouth of the water bottle before turning it upside down. The straw allowed air to flow into the bottle as the water flowed out, which significantly increased the speed at which the bottle emptied compared to the first experiment."
0816-1,"During the second experiment, the person simply inverted the bottle full of water and held it still over the container, allowing gravity to pull the water out. They did not swirl the bottle or insert anything into the opening, causing the water to drain slowly and intermittently as air had to bubble up into the bottle to replace the displaced water."
0816-2,"Yes, the person spun the bottle in the second experiment. The video clearly shows the hand swirling the bottle, which induced the formation of a vortex (whirlpool) in the water, allowing it to drain much faster than when it was just held upside down without spinning."
0816-3,"**
No, the person did not insert a straw into the bottle during the second experiment. In the second experiment shown, the bottle was emptied by swirling it to create a vortex, just like in the first experiment. The straw was only introduced and used in the third experiment shown in the video."
0816-7,C
0818-0,The little girl watching nearby was holding money in her hand. This was the money her brother had initially given to their father to 'pay' to play the simulated claw machine game.
0818-1,"**
The little girl is holding folded money (paper currency, likely US dollars) in her hand while watching nearby. This is evident from the visual appearance of the object, which resembles the folded bills her brother gives to their father at the beginning of the video to ""play"" the claw machine."
0818-2,"Yes, the little girl is holding what appears to be folded cash (paper money) in her right hand throughout the video."
0818-3,"**
No, the little girl is not holding a small bottle in her hand. She is holding what appears to be paper money, as evidenced by its flat, rectangular shape, similar to the money the boy gives the man earlier in the video."
0818-7,D
0827-0,"There are 2 pandas in the video. They appear in a separate, unrelated clip shown at the very end of the video after the initial scene with the person and the horse."
0827-1,"**
There are 2 pandas shown in the video. They appear in the final segment, showing one adult panda and one baby panda interacting in an enclosure."
0827-2,"Yes, there is only one real panda in the video. The video shows an adult giant panda interacting with a smaller panda figure, but the smaller figure appears to be an inanimate toy or prop, not a live animal."
0827-3,"Yes, there are two pandas shown at the very end of the video: one adult panda and one baby panda. They appear in a separate clip suddenly cut into after the initial horse prank scene."
0827-7,A
0833-0,"The photo in the fourth segment wants to show an illusion of levitation or an ""out-of-body"" experience. It achieves this by compositing or editing together images: one of the man lying on the sand under the pier, and another of him balanced horizontally (likely on a stool that is later edited out), making it appear as if he is floating above himself."
0833-1,"The fourth segment of the photo series depicts a man appearing to levitate above his own body under a beach pier. The final image is a composite shot showing the man lying flat on the sand, while a semi-transparent version of him floats horizontally above, creating an illusion of astral projection or levitation."
0833-2,"Yes, the final edited photograph shown in the fourth segment depicts a man lying on the sand under a pier with a semi-transparent image of himself floating horizontally above him, which visually represents the concept of his soul flying above his body."
0833-3,"No, the fourth segment does not show a person holding a glass jar with a drink. This segment shows the setup for a levitation photography trick involving a person appearing to float horizontally under a pier."
0833-7,D
0835-0,"Visible inside the woman's mouth is a tongue piercing. It appears as a small, shiny, bluish/silver ball situated on the top surface of her tongue, clearly seen when she opens her mouth during the chiropractic adjustments."
0835-1,"**
Inside the woman's mouth, a tongue piercing can be seen. It appears as a small, light blue or silver ball stud located on the surface of her tongue, visible when she opens her mouth for the jaw adjustments."
0835-2,"Yes, there is a blue tongue stud visible in the woman's mouth. It can be clearly seen on the surface of her tongue when she opens her mouth wide during the chiropractic adjustments."
0835-3,"No, there is no dental appliance or mouth guard visible in the woman's mouth. Her teeth are clearly visible at multiple points when she speaks, opens her mouth wide for the adjustments, and smiles, and no such appliance is present."
0835-7,"**
D"
0841-0,The woman wiped her left eye first with the parrot. The video shows her bringing the parrot to her face and initially dabbing the area under her left eye before moving to the right eye.
0841-1,The woman used the parrot to wipe her left eye first. The video shows her bringing the parrot to the left side of her face and dabbing under that eye before moving to the right eye.
0841-2,"**
Yes, the woman first wiped her right eye with the parrot. Although the parrot made brief contact near her left eye initially, the first distinct wiping action was performed on her right eye."
0841-3,"No, the woman did not first wipe her left eye with the parrot. She first wiped her right eye with the parrot."
0841-7,B
0848-0,"**
The top figure is the real cat. This is because it exhibits three-dimensional form and realistic animal movement, while the bottom figure is flat, distorted, and behaves like a shadow cast by the top figure onto the ground surface."
0848-1,"The actual cat is the upper black figure. This is because it is the physical object moving, which is casting the shadow seen directly below it on the ground."
0848-2,"Yes, the real cat is the one at the top of the frame. This is because the top silhouette is the physical object moving, while the bottom silhouette is the shadow being cast onto the ground beneath it by a light source positioned above the cat."
0848-3,"Yes, the real cat is the one on top. The figure below it is its shadow, cast on the ground by a light source positioned above the cat."
0848-7,D
0854-0,"The operator engages in conversation with the visitors to distract them and catch them unprepared for the sudden drop. According to the video's text overlay, this tactic ensures the visitors have no mental readiness for the fall, thereby heightening the shock, thrill, and memorability of the ride experience."
0854-1,"**
The drop tower operator talks to the visitors as a tactic to distract them and catch them off guard. By engaging them in conversation, sometimes even pretending the ride is malfunctioning, he ensures they are unprepared for the sudden drop, which intensifies the thrill and makes the experience more memorable."
0854-2,"Yes, the operator of the drop tower ride talks to visitors in a way designed to make them more nervous and scared. The video shows him chatting casually with riders and then suddenly activating the ride without warning. Text overlays explicitly state that he sometimes tricks visitors by telling them the machine is broken and then starts the ride when they are scared, catching them completely unprepared to enhance the thrill and fear."
0854-3,"No, the operator's conversation is not meant to help visitors feel more at ease and prepared. The video explains that the operator engages in small talk and then suddenly activates the ride, catching visitors completely off guard. Sometimes, he even deceives them by saying the machine is broken before starting it. This indicates the conversation is a tactic to distract visitors and enhance the element of surprise, rather than to prepare them."
0854-7,D
0857-0,"The woman in the video is imitating the scenario of a Barbie doll falling over. Her movements are stiff and unnatural, mimicking how a rigid plastic doll would fall backward and forward, rather than how a person would naturally fall or roll. This interpretation is reinforced by the background music (""Barbie Girl"" by Aqua) and the video title (""Barbie gets headshots for stunts"")."
0857-1,"The woman in the video is trying to depict a Barbie doll attempting to perform stunts. Her movements are intentionally stiff and jerky, mimicking the limited articulation of a plastic doll, and her falls onto the sand appear clumsy and uncontrolled, like a doll being dropped or thrown, which aligns with the video's title ""Barbie gets headshots for stunts"" and the accompanying song ""Barbie Girl."""
0857-2,"No, there is no man shown imitating being shot in the video. The video features a woman who performs actions, specifically falling backward dramatically after gunshot sound effects, which imitate the experience of being shot as a stunt."
0857-3,"**
No, the woman in the video is not imitating the act of fainting. She is performing deliberate, controlled falls down the sand dune, which appear to be stunts, as indicated by the video's title. Her movements before and during the falls are intentional and stylized, unlike the sudden, limp collapse characteristic of fainting."
0857-7,A
0858-0,"The man in the white short-sleeved shirt initially appeared to sit on the left armrest when he tried to sit on the chair. The narration explains that this is a visual illusion, as viewers perceive him sitting on the left armrest, while in reality, he actually sits using the right armrest."
0858-1,"The man in the white short-sleeved shirt first appeared to try and sit on the chair's left armrest (the one positioned on the right side from the viewer's perspective). The video explains this is an optical illusion; viewers perceive him aiming for the left armrest, but he actually sits correctly on the seat which is aligned with the right armrest."
0858-2,"Yes, the man in the white short-sleeved shirt initially sat on the right armrest of the chair. The video explains through text overlay that while the optical illusion might make viewers think he sat on the left armrest, he actually sat on the right armrest."
0858-3,"No, the man in the white short-sleeved shirt did not initially sit on the left armrest. While the visual illusion made it appear that he was attempting to sit on the left armrest, the narrator clarifies and the subsequent view shows that he actually sat on the right armrest of the specially designed chair."
0858-7,A
0865-0,"At the end of the video, there is one worm. This worm is visible on the ground throughout the clip, as the bird attempts to get it into its mouth without picking it up, and it remains uneaten when the video ends."
0865-1,"One worm can be seen at the conclusion of the video. It is lying on the ground in front of the baby bird, which has failed to eat it."
0865-2,"No, there is not only one worm visible at the end of the video. While the bird is focused on one long, brown worm, there is also a smaller, green, caterpillar-like creature clearly visible on the ground nearby in the final frame."
0865-3,"No, there are not two worms visible at the end with one in the bird's beak. Only one object clearly identifiable as a worm is visible, and it is on the ground, not in the bird's beak."
0865-7,D
0868-0,The tool swung at the beginning of the video is red and black. It is a screwdriver that the person uses to strike the bottom of a ceramic bowl.
0868-1,"**
The tool used by the person at the start of the video has a handle that is primarily **red**, with some black parts."
0868-2,"No, the tool the person uses at the very beginning of the video is not a silver-brownish metal hammer. It is a screwdriver with a red handle and a silver metal shaft, which is used in an attempt to puncture the bowl, causing it to shatter. A hammer with a silver head and brownish wooden handle appears slightly later in the video (around 6 seconds) for a different part of the demonstration."
0868-3,"**
Yes, the tool the person swings (or taps) at the beginning of the video is red. It is a screwdriver with a handle that is primarily red in color."
0868-7,B
0870-0,"The video does not show the man giving his belongings to the photographer. Instead, the photographer provides assistance to the man and the girl. The photographer gives them water, returns the man's money and hat (after briefly handling them), provides an umbrella, snacks, drinks, and additional money. The man accepts these items gratefully but does not initiate giving his own possessions away to the photographer."
0870-1,"**
The video does not actually show the man willingly handing over most of his belongings (water bottle, money, hat) to the photographer. Instead, after the photographer gives him water and money which he places in his hat, the photographer takes the hat away, along with his initial cardboard shelter. The man appears distressed during these moments, indicating he was not motivated to give them up. The only item he proactively offers is a piece of his bread at the very beginning, potentially motivated by a desire to share what little he had or simple confusion. Therefore, the premise that he was motivated to hand over the belongings (besides the bread) is not supported by the visual evidence."
0870-2,"No, the man did not give his belongings to the photographer primarily out of a spontaneous desire to help out of kindness. He gave the items (cardboard, money, hat) because the photographer specifically gestured and asked for them. The man appeared sad and reluctant while giving them away, suggesting he was complying with the request rather than offering help freely from a position of wanting to be kind to the photographer. The subsequent actions show the photographer was the one providing help to the man."
0870-3,"**
No, the man did not give his belongings to the photographer in exchange for food and other necessities. The video shows the photographer giving the man and the girl items like food, water, snacks, money, and an umbrella freely, without receiving any of the man's possessions in return. The items were acts of charity or help, not part of a trade."
0870-7,B
0871-0,"In the middle of the road is a 2D drawing or decal designed to be an optical illusion. From a distance, it looks like a young girl bending down on the road, intended to catch drivers' attention and make them slow down."
0871-1,"**
Located in the center of the road is an optical illusion, specifically a flat, 2D drawing or sticker applied to the road surface, designed to look like a small child playing from the perspective of an approaching driver."
0871-2,"No, the drawing in the middle of the road depicts a young girl picking up a pink ball, not a young boy. While there is a drawing of a child with a pink ball on the road, the subject is female."
0871-3,"No, there is not a person holding two bags in the middle of the road. What appears from a distance to be a figure is actually a flat, 2D image painted or stuck onto the road surface. It's an optical illusion designed to look like a child bending towards a pink ball, not a person holding bags."
0871-7,D
0872-0,"After putting the second water bottle pack on top of the first one, the man moved the upper pack to the right from the camera's perspective. He slid it off the bottom pack so both packs were sitting side-by-side on the ground."
0872-1,"**
From the camera's viewpoint, the man moved the top water bottle pack to the left after placing them down. He slid it slightly towards the seated elderly man."
0872-2,"No, the man did not move the upper water bottle pack to the left after placing them down. He placed both packs down together, and while he briefly touched the top pack afterwards, he did not shift its position to the left from the camera's perspective."
0872-3,"Yes, the man moved the upper water bottle pack slightly to the right from the camera's perspective immediately after placing it on top of the lower pack."
0872-7,D
0875-0,There is one cell phone on the piano. It is seen resting vertically on the left side of the piano throughout the video.
0875-1,There is one cell phone placed on the piano. It is visible standing upright on the far left side of the instrument throughout the entire video.
0875-2,"Yes, during the performance, there is clearly a cell phone with a green case propped up on the right side of the piano, and another cell phone with a light-colored case is visible placed on the far left side of the piano."
0875-3,"**
No, there is not only one cell phone on the piano positioned to the left of the pianist's hands. While there is a phone on the left, there is also a second cell phone (in a green case, positioned horizontally) visible on the piano to the right of the pianist's hands."
0875-7,D
0879-0,"After the fourth second, particularly once the camera rotates to reveal the illusion, it becomes clear that none of the people (Lego figures) are actually standing on the same plane. They are positioned on separate, disconnected sections of the model. Therefore, based on the condition of ""standing on the same plane,"" they have nothing in common, as the condition itself is not met."
0879-1,"Starting from the fourth second, the characteristic shared by the person in the black outfit and the person in the blue outfit is that they are both positioned on sections of the structure that a stick passes *behind* as it moves through the center. This interaction demonstrates the optical illusion by revealing the relative depth of different parts of the structure from the camera's perspective."
0879-2,"No, the two figures are not physically standing on the same plane. The video reveals that the Penrose triangle is an optical illusion created by viewing separate, disconnected pieces from a specific angle. When the object is rotated, it becomes clear that the figure with the white head and the figure with the black outfit are standing on different, physically unconnected parts of the structure."
0879-3,"No, the two figures are not on the same plane. The video reveals that the Penrose triangle is an optical illusion created by positioning separate pieces at different depths; the figure in the blue outfit and the figure with the white head are located on two different, disconnected pieces of the structure."
0879-7,D
0880-0,"When the person holds the structure with a hand and rotates it 180 degrees, its apparent direction does not change; it continues to look like it is pointing to the right. This effect is an optical illusion stemming from the specific ambiguous 3D shape of the object, which is designed to appear to point in one direction when viewed from a certain angle, regardless of being rotated 180 degrees."
0880-1,"When the structure is lifted by hand and rotated, the perceived direction is no longer consistently to the right. The illusion breaks down because the changing viewing angle reveals the object's true, complex 3D geometry, which only appears as a right-pointing arrow from a specific perspective."
0880-2,"Yes, the structure loses its directional illusion when it is tilted while being held up towards the camera. The illusion relies on viewing the object from a specific angle; changing this angle by tilting it reveals the object's true, complex shape, breaking the visual trickery that makes it consistently appear to point in one direction."
0880-3,"No, the structure does not appear to change direction *when lifted* because it is never lifted in the video. A mirror is introduced, and the reflection seen in the mirror points in the opposite direction to the actual structure due to the nature of mirror images and the optical illusion created by the object's shape, not due to any lifting action."
0880-7,C
0886-0,"**
The watch worn by the man in black is on his left wrist. It is visible multiple times throughout the video, including when he initially raises the cans and while he is manipulating the tube and can during both experiments."
0886-1,"The man in black is wearing his watch on his left wrist. This is visible throughout the video, particularly when he raises his arms at the beginning and when he is manipulating the water-filled tube."
0886-2,"**
No, the watch is worn on the left wrist of the man in black, not the right. This is visible throughout the video as he handles the cans and the tube."
0886-3,"**
Yes, the man in black is wearing a watch on his left wrist. This is visible throughout the video as he handles the cans and the glass cylinder."
0886-7,C
0895-0,"After the scene where a smaller-than-standard black and white basketball is thrown towards a hoop on a moving sailboat (""onto a boat""), the video cuts to a scene labeled ""from a moving car"". In this next scene, the man is shown sitting in a red convertible sports car driving on a racetrack, preparing to shoot a standard-sized basketball at a different hoop."
0895-1,"**
In the scene following the throw of the smaller basketball onto the sailboat, the man is shown sitting in the passenger seat of a red convertible sports car driving on a racetrack. He is preparing to take another shot, aiming a standard-sized basketball towards a hoop held by someone in a separate vehicle moving alongside the car."
0895-2,"**
Yes, the scene cuts directly to the man shooting a basketball into the chainsaw-rim hoop immediately after the successful shot with the smaller basketball into the mini hoop."
0895-3,"**
No, the scene does not cut to a person shooting into a mini hoop immediately after the smaller basketball is thrown. After the shot involving the smaller black and white basketball onto the sailboat (""onto a boat""), the video cuts to a scene labeled ""from a moving car"" where the athlete shoots a regular-sized basketball into a regular-sized hoop while riding in a convertible on a racetrack."
0895-7,"**
D"
0898-0,"**
The man did not move the first pillow in any direction after it was on the water. He threw it onto the water effect, then threw a second pillow, stepped onto the second, jumped onto the first, and then moved the *second* pillow, not the first one."
0898-1,The man did not move the first pillow once it was on the water; he only stepped onto it and used it as a temporary platform while he repositioned the second pillow further ahead.
0898-2,"Yes, the man moved the first pillow forward, closer to the camera, after it was initially thrown onto the water effect. He stepped onto the first pillow, then unrealistically picked up the very pillow he was standing on and carried it forward as he took a step."
0898-3,"No, the man did not move the first pillow to the right after it was on the water. He threw the first pillow onto the water effect, then threw a second pillow. He stepped onto the second pillow, then the first. While standing on the first pillow, he picked up the *second* pillow and moved it further out, but he did not move the first pillow at all after its initial placement."
0898-7,D
0901-0,"At the beginning of the video, there is only **one** rubber band held in the hands. It is a single green rubber band stretched between the thumb and index finger of the left hand and the thumb and index finger of the right hand."
0901-1,"**
There is one rubber band being held at the start of the video. Although the performer quickly manipulates it to look like two, the initial setup clearly shows a single, continuous green rubber band stretched between the fingers."
0901-2,"No, the hand is holding only one rubber band at the beginning of the video. Although it is manipulated to visually appear as two separate strands forming a triangle between the fingers of both hands, the middle part of the video explicitly demonstrates that this look is achieved by twisting and looping a single rubber band."
0901-3,"Yes, the hand is holding only one rubber band at the beginning of the video. The trick involves manipulating this single rubber band to create the illusion that there are two."
0901-7,C
0905-0,"At the beginning of the video, the slope where the ball is located is actually a downhill slope, although it appears to be uphill due to an optical illusion. The video later reveals the object's true construction by showing it from a different angle, confirming that all four ramps slope downwards towards the center."
0905-1,"At the start of the video, the ball is positioned on a decline. Although the initial camera angle creates an optical illusion suggesting the ball is at the bottom of an incline and will roll ""up"", the object's true structure, revealed later, shows that the ramps slope downwards from the outer edges towards the center. Therefore, the ball starts at the highest point and rolls downhill."
0905-2,"**
Yes, the slope where the ball is located at the beginning of the video is actually a downhill slope. The video explains that the object is a 3D-printed optical illusion, and when viewed from a different angle later in the video, it is clear that all four ramps slope downwards towards the center, causing the ball to roll downhill due to gravity, even though it initially appears to roll uphill from the specific starting camera perspective."
0905-3,"No, the slope where the ball is located at the beginning of the video is not an uphill slope. Although the specific viewing angle makes it appear that the marble rolls uphill, the video later reveals by rotating the object that all the ramps actually slope downwards towards the center. The effect is an optical illusion."
0905-7,B
0907-0,"**
The dog lands in the arms of the man who launched it. After jumping on the seesaw plank to send the dog flying, the man positions himself underneath the falling dog and catches it safely in his arms."
0907-1,"At the conclusion of the video, the dog lands safely in the arms of the man who launched it. After being catapulted into the air by the makeshift seesaw, the man quickly moved into position to catch the dog as it fell back down."
0907-2,"**
Yes, the dog lands on the man's body at the end of the video. After being launched into the air by the seesaw action, the man positions himself underneath the falling dog and catches it safely in his arms, holding it against his upper body."
0907-3,"No, the dog does not land on the grass at the end of the video. The man catches the dog in his arms before it reaches the ground."
0907-7,C
0910-0,"The man keeps picking up the child as part of a social experiment. The purpose of the experiment is to test whether bystanders on the street will notice and intervene when they witness a situation designed to look like a child abduction. The man and child are actors, and the repeated action is staged to gauge public reaction."
0910-1,The man repeatedly picks up the child as part of a social experiment designed to test the reactions of bystanders witnessing a staged child abduction. The repetition allowed the experimenter to observe how different people would respond (or fail to respond) over multiple instances.
0910-2,"**
Yes, the man is picking up the child as part of a social experiment to see if anyone will intervene. The video title explicitly states ""Social experiment in my city,"" confirming the nature of the event shown."
0910-3,"No, the man is not picking up the child to help them cross the street safely. The video is explicitly titled a ""social experiment,"" indicating the situation is staged. The man grabs the child abruptly on the sidewalk and carries him towards a secluded doorway/alley, away from any street crossing. Furthermore, the comments highlight that bystanders perceived the action as alarming, and one woman intervened because the situation looked dangerous, not helpful. The man's actions are designed to simulate a potential abduction to test bystander reactions."
0910-7,"**
D"
0914-0,"The beer bottle is placed under the faucet because the faucet dispenses hot water, which is needed to activate the heat-shrink plastic sleeve label that has been placed over the bottle. The heat from the water causes the plastic label to shrink rapidly and conform tightly to the shape of the bottle, effectively applying the label."
0914-1,"**
The purpose of placing the beer bottle under the faucet is to use the hot water to shrink the plastic sleeve (label) that has been placed over it. The heat from the water causes the shrink-wrap material to contract and conform tightly to the shape of the bottle, effectively applying the label."
0914-2,"**
Yes, the beer/soda bottle is placed under the faucet specifically to demonstrate how hot water causes the loose plastic sleeve (packaging/label) to shrink and conform tightly around the bottle."
0914-3,"**
No, the beer bottle is not placed under the faucet to demonstrate a quick cooling method. It is placed under running *hot* water, as indicated by the label on the faucet, to shrink a plastic sleeve label tightly onto the bottle. This process heats the bottle, rather than cooling it."
0914-7,"**
A"
0918-0,"**
The man puts the soap strips into the box (jar) using his right hand, while holding the jar steady with his left hand."
0918-1,"**
The man places the soap shavings into the box (jar) using his right hand. He holds the jar with his left hand and uses his right hand to pick up the shavings and drop them inside."
0918-2,"Yes, the man uses his right hand to put the soap shavings into the box (small plastic jar). He holds the jar steady with his left hand and uses his right index finger to pick up the shavings and push them inside."
0918-3,"**
No, the man does not use his left hand to put the soap in the box. He holds the box steady with his left hand and uses his right hand to pick up the soap shavings and place them inside the box."
0918-7,D
0919-0,"The man creates the rainbow effect by first stretching clear packing tape across the center hole of the tape roll. He then uses colored markers to draw horizontal stripes (red, orange, yellow, green, blue, purple) directly onto this clear tape. Finally, he shines his phone's flashlight upwards through these colored stripes in a dark room, projecting the colored light onto the wall/ceiling. The colored ink on the tape acts as filters for the flashlight's white light, creating the projected stripes of color that resemble a rainbow."
0919-1,"**
The man makes a rainbow appear by coloring horizontal stripes with markers (red, orange, yellow, green, light blue, dark blue, purple) directly onto a roll of clear tape. He then places his phone with the flashlight turned on facing upwards and holds the colored tape roll over the light source in a dark room. The light shines through the colored stripes, projecting the different colors onto the wall in a rainbow pattern."
0919-2,"**
Yes, the man creates the rainbow effect by using colored markers directly on a roll of clear tape and then shining his phone's flashlight through the colored sections."
0919-3,"No, the man does not create the rainbow by using a prism. He creates the effect by coloring stripes onto a roll of clear tape with markers and then shining his phone's flashlight through the colored sections of the tape, projecting the colors onto the wall. This method filters the light rather than refracting it through a prism to split it into a spectrum."
0919-7,"**
C"
0924-0,"**
At the end of the video, the red object in the hand of the woman in the white top is a book. She was reading this book while sitting in the garden just before the blue liquid was thrown on her, and she continued holding it as she got up to chase the person filming."
0924-1,"**
The red item the woman in the white top is holding at the start of the video's concluding scene is a book. She is seen reading it while sitting in a chair just before the other woman throws blue liquid on her, causing her to drop it in shock."
0924-2,"**
No, the woman in the white top is not holding the red book at the end of the video. When she is splashed with the blue liquid, she reacts in shock, and the red book falls from her lap onto the ground. She then gets up to chase the person filming without picking the book up."
0924-3,"**
No, the woman in the white top is not holding a red bottle at the end of the video. She was initially holding a red book while sitting down, but after being splashed with blue liquid, she drops the book and starts chasing the person filming with empty hands."
0924-7,B
0926-0,The right hand is pulling the thread. It holds the thread taut during the rubbing process and then pulls the longer end of the thread through the eye of the needle once it has been successfully threaded.
0926-1,"The right hand is used to pull the thread through the needle. After the friction causes a loop of thread to pass through the eye, the right hand (which holds the needle) uses its thumb and forefinger to grasp this loop and pull it further through the eye."
0926-2,"Yes, the right hand is responsible for pulling the thread through the needle. It achieves this first by rubbing the needle's eye against the thread, causing friction that forces a loop through, and then by grasping that loop with the fingers of the same right hand and pulling it further."
0926-3,"No, the left hand is not responsible for pulling the thread through the needle. The left hand primarily holds the thread taut, while the right hand rubs the needle's eye against the thread, causing it to pass through due to friction and vibration, and then pulls the needle away to draw the thread through."
0926-7,D
0927-0,"**
The man in black holds the child with his right arm. This is evident as his right arm is wrapped around the child's body to support them throughout the video."
0927-1,
0927-2,"**
Yes, the man in black holds the child with his left arm while his right hand holds the popsicle."
0927-3,"No, the man in black holds the child primarily with his left arm and holds the popsicle with his right hand."
0927-7,A
0929-0,"**
The similarity between the actions of the little girl in the green dress and the little girl in the blue dress is that both instinctively tried to physically help the statue when they believed it was about to fall. They both immediately reached out and pushed against the performer in an attempt to steady him, reacting with a helpful impulse based on the perception that an inanimate object was losing balance."
0929-1,"**
Both the little girl in the green dress and the little girl in the blue dress behave similarly towards the statue in that they both instinctively try to physically prevent the statue from falling when the performer pretends to lose balance and leans towards them. They immediately react by putting their hands on the statue to try and push it back upright or hold it steady, showing a shared impulse to help or stop it from breaking, even though their emotional reactions after realizing it's a prank differ significantly."
0929-2,"**
Yes, both the little girl in the green dress and the little girl in the blue dress try to support the statue when it pretends to fall. In both instances, when the performer starts leaning forward, the girls instinctively react by placing their hands on the performer and pushing against him in an attempt to stop him from falling over."
0929-3,"No, the little girls in the green and blue dresses do not appear to be trying to determine if the statue is real or not. Their actions suggest they initially believe it is a real statue. When the performer pretends to lean or fall, both girls react instinctively by trying to push the statue back upright to prevent it from falling, calling out for their mothers in apparent concern or alarm. Their surprise, laughter (in the first case), and tears (in the second case) occur only *after* the performer moves more deliberately, revealing it's a prank."
0929-7,A
0933-0,"The man in the costume lit the ""fire"" (which was actually a small sparkler-like object) as a means of distraction. By lighting the sparks and making a firework sound effect, he successfully got the woman to look up, diverting her attention so he could surprise her by smashing a pie in her face while she wasn't looking."
0933-1,"**
The person in the costume did not start a fire in the conventional sense. They lit a small object, likely a candle or a small firework, on the desk and made a firework sound effect specifically to distract the woman and make her look upwards. This distraction was a setup for the actual prank, which was to hit her in the face with a pie while she wasn't looking."
0933-2,"**
Yes, the man in the costume did light a small fire on the desk using a lighter. This action, combined with a firework fuse sound effect, was intentionally done to distract the woman and make her look up, setting her up for the pie-in-the-face prank."
0933-3,"**
No, the man in the costume did not light a fire. He used a sound effect that imitated a firework being lit and launching to distract the woman before surprising her with a pie to the face. There was no actual fire shown in the video."
0933-7,A
0939-0,"**
There was only **one** person playing roles in the video. This individual portrayed all four characters (the three boys and the dad) using editing techniques to appear as multiple people in the scene."
0939-1,"There is only **one** individual acting in the video. This person portrays all four characters shown: the three boys at the sleepover and the ""dad"" figure. This is clear because all the characters have the exact same physical appearance."
0939-2,"Yes, it is true that only one person played all the roles in the video. The three boys playing the video game and the dad character all have the exact same physical appearance, indicating they were all portrayed by the same actor using video editing techniques to appear in multiple places or roles within the same scene or video."
0939-3,"**
No, there are not four different people playing roles in the video. Although four distinct characters (three boys and one dad) are depicted, they are all portrayed by the same actor who appears physically identical in each role."
0939-7,B
0942-0,"**
The purpose of the man breaking the egg by tapping it with the side/edge of his spatula is to skillfully crack the shell in a controlled manner. This action prepares the egg for cooking on the teppanyaki grill and allows him to neatly separate the shell and pour the contents, specifically using the egg white immediately after to create an artistic design on the hot surface."
0942-1,"The man uses the side of the spatula to catch and break the egg because this technique allows the broken eggshell to remain balanced on the narrow edge of the spatula. This specific positioning enables him to control the flow of the egg white dripping from the shell, using it like ink to skillfully draw or write his signature design on the hot grill surface immediately afterward."
0942-2,"**
Yes, the man in the video is demonstrating teppanyaki cooking techniques. Specifically, he skillfully catches the intact egg multiple times with his spatula after tossing it, and he then breaks the egg open directly onto the grill using the edge of his spatula. These actions are performative elements commonly associated with teppanyaki chefs."
0942-3,"**
No, the man in the video is not breaking the egg with the spatula primarily to show how fragile eggs are. He breaks the egg as a necessary step to cook it and to skillfully use the liquid egg white to draw an intricate design (a heart with a signature inside) on the teppanyaki grill, demonstrating his expertise and control."
0942-7,"**
C"
0946-0,"Based on the visual evidence in the video, neither of the chicken's feet was clearly touched by the man after it stopped moving. The interaction that eventually caused the chicken to move involved a hand erasing the line drawn in the dirt near the chicken's head. While there was a gesture near the chicken's left foot (on the right side of the screen) around the middle of the video, clear contact with the foot itself is not shown."
0946-1,The video does not show the man touching either of the chicken's feet when it became still. The man's hands were primarily restraining the rooster's upper body and head/neck area while another person drew the line that induced the stillness.
0946-2,"**
No, the man did not touch the chicken's left foot after it stopped moving. After the line was drawn and the chicken became immobile, neither person touched its feet; the only subsequent interaction was when a hand approached the line near the chicken's head to erase it."
0946-3,"**
No, the man did not touch the chicken's right foot after it stopped moving. After drawing the line and the chicken becoming still, both men removed their hands or kept them near the chicken's head/the line itself, without touching its feet."
0946-7,"**
B"
0949-0,"**
The boss of the company appears throughout the video. Initially, he is disguised as a blind beggar sitting on the street, testing the character of passersby. He reveals his true identity as the boss at the end of the video when he walks into the office during the job interview process for the candidates he encountered earlier."
0949-1,"The company's boss makes his appearance at the end of the video, in the interview room scene. He reveals his identity after the interviewer announces that the kind young man got the job, explaining that he was the man pretending to be a blind beggar earlier to test the candidates' character as part of the interview process."
0949-2,"**
Yes, the boss first appears at the start of the video disguised as a blind beggar sitting on the street, and later, at the end of the video, he appears in an office wearing a business suit, revealing his true identity."
0949-3,"**
Yes, the boss only appears in a suit at the end of the video. Throughout the start and middle sections, he is disguised as a casually dressed blind beggar; he only changes into and appears in a suit during the final scene in the office when he reveals his true identity."
0949-7,C
0950-0,"**
When the man strikes the second time (hitting the 240 Hz tuning fork), the ball remains stationary (at rest). This is because the frequency of the struck tuning fork (240 Hz) does not match the natural frequency of the tuning fork next to the ball (260 Hz), so resonance does not occur, and the first fork is not excited into vibration by the sound waves of the second fork."
0950-1,"**
When the man hits the tuning fork for the second time (referring to the second fork with the attachment, vibrating at 240 Hz), nothing happens to the ball. This is because the frequency of the second tuning fork (240 Hz) does not match the natural frequency of the first tuning fork (260 Hz) positioned next to the ball. Therefore, resonance does not occur, and the sound waves from the second fork do not cause the first fork to vibrate enough to move the ball."
0950-2,"**
No, the ball remains still when the man strikes the tuning fork the second time. This is because the second tuning fork he strikes has a weight on it, making its frequency (240 Hz) different from the first tuning fork next to the ball (260 Hz). Sympathetic resonance, which would cause the first fork and thus the ball to vibrate, requires the frequencies to match."
0950-3,"No, when the man strikes the tuning fork the second time, the ball does not start moving upwards, nor does it move at all. This is because the second strike is performed on a tuning fork with a frequency of 240 Hz (due to an attached weight), while the tuning fork next to the ball has a natural frequency of 260 Hz. Since the frequencies do not match, resonance does not occur, and the first tuning fork is not excited into vibration by the sound waves of the second; therefore, it does not push the ball."
0950-7,D
0952-0,"**
There is no person wearing a dress clearly visible in the video. The third person clearly seen in the video is the dad, who appears towards the end. He is wearing ski attire consisting of an orange/red and black jacket and black ski pants."
0952-1,The third individual clearly shown in the video clip is the dad. He is wearing a jacket that is orange/red and black/dark grey.
0952-2,"**
Yes, the third person visible in the video (the dad) is wearing an outfit that includes orange and black. His jacket has large sections of orange/red and black/dark grey, and his ski pants and helmet are black."
0952-3,"No, there is no third person visible in the provided picture frame. The frame shows only two people: an adult and a toddler. The toddler is wearing a pink snowsuit."
0952-7,E
0956-0,The red stick rotates counter-clockwise. This is demonstrated visually in the overhead shot where Mark Rober spins it; a red arrow graphic is also superimposed on the video to explicitly show this counter-clockwise rotation direction.
0956-1,"**
The red stick rotates in a clockwise direction. This is seen in the demonstration where Mark Rober applies force to spin both the shorter blue stick and the longer red stick; the red stick clearly spins clockwise around its pivot point."
0956-2,"No, the red stick rotates in a counter-clockwise direction relative to the camera. This is observed when Mark Rober spins the two sticks; the end of the red stick closer to the top of the screen moves towards the left, and the end closer to the bottom moves towards the right, defining a counter-clockwise motion from the overhead camera perspective."
0956-3,"No, the red stick rotates in a clockwise direction relative to the camera. In the top-down view shown, the force applied causes the right (red) end to move away from the viewer (towards the top of the frame) and the left end to move towards the viewer (bottom of the frame), resulting in a clockwise spin."
0956-7,"**
A"
0957-0,"The nylon plastic, which formed at the interface between the two immiscible liquids in the beaker, was initially pulled out using tweezers. This strand was then attached to a glass rod, and by continuously pulling the strand from the beaker and rotating the rod, the nylon was wound onto it."
0957-1,"**
The substance (nylon) was transferred from the beaker to the rod through a process of continuous pulling and winding. After the initial nylon film formed at the interface of the two liquids was grabbed with tweezers and attached to the glass rod, the rod was used to steadily pull the nylon string upwards. As the string was pulled out, it was simultaneously wound onto the rod, effectively removing the newly formed polymer from the reaction interface and collecting it."
0957-2,"**
Yes, the substance in the beaker ended up on the rod by being pulled out and wrapped around it. The transcript explicitly states, ""I'm able to pull out a gross slimy string, and if I wrap it on a glass rod, I can keep pulling it out,"" describing the process of extracting the newly formed nylon from the liquid interface and winding it onto the rod."
0957-3,"**
No, the substance did not end up on the rod simply because it adhered when the rod was inserted. The video shows that tweezers were first used to grab the nylon forming at the interface between the two liquids and pull out an initial string. This string was then manually wrapped around the glass rod, which was subsequently used as a spool to continuously pull and wind the forming nylon out of the beaker."
0957-7,D
0973-0,"**
The man in the gray hoodie (MrBeast) got injured near the end of the video. Specifically, it happened during the final stage of the challenge where participants were throwing sharp projectiles (like nails or darts) at large clusters of hanging balloons. Some of these projectiles ricocheted, and one struck him on the forehead, causing a cut. His reaction and the call to stop occur immediately after the projectiles start bouncing back dangerously."
0973-1,"The man in the gray hoodie on the left (MrBeast) sustained an injury near the end of the video. This occurred while he and others were throwing sharp metal objects (like nails or darts) at large clusters of balloons hanging from the ceiling. One of these objects ricocheted off the balloons and struck him on the forehead, causing a visible cut."
0973-2,"**
Yes, the man in the gray hoodie on the left (MrBeast) did get injured during the final balloon popping game. While throwing sharp objects at the hanging balloon clusters, one of the objects bounced back and hit him on the forehead, causing a visible bleeding cut, which he immediately reacted to verbally and pointed out."
0973-3,"**
No, the man in the gray hoodie on the left (MrBeast) did not get injured at the beginning of the video. His injury occurred near the end of the video when a sharp object he threw at a balloon cluster bounced back and hit him on the forehead, causing a cut."
0973-7,B
0974-0,"The person puts the straw into the bottle during the preparation phase shown at the beginning of the video, after drilling holes in the empty bottle and before sealing it with glue and reapplying the label. This happens around 6 seconds into the video."
0974-1,"The straw piece is inserted into the bottle at the start of the video. This occurs during the initial segment where the preparation for the trick is revealed: after a hole is drilled into the side of the empty bottle, a small piece of straw is cut and then glued into that hole before the label is reapplied to conceal it."
0974-2,"**
Yes, the person in the video put a piece of a straw into a hole made in the side of the bottle before performing the trick. The beginning of the video reveals how the trick is set up: a hole is drilled, a small section of an orange straw is glued into that hole, and the label is placed over it to hide the modification. During the actual trick performance, a wooden skewer is inserted into this hidden straw piece to create the illusion of piercing the bottle."
0974-3,"**
No, the person in the video did not put the straw into the bottle at the end of the video while sitting at the table. The straw piece was glued into the bottle during the preparation phase shown at the very beginning of the video in a different location (a kitchen). At the end of the video, while sitting at the table, the person pushes a wooden skewer through the prepared bottle to perform the trick."
0974-7,D
0976-0,"**
The woman answers the question first in the first scene. The puzzle shows the word ""ROADS"" written twice, intersecting, and she correctly identifies it as ""Crossroads""."
0976-1,"The man is the first person to respond to the question in the initial scene. After the host asks ""What is this?"" and shows the first puzzle, the man answers ""Roads"" before the woman answers ""Crossroads""."
0976-2,"**
No, the person on the left from the observer's perspective was not the first to answer the question correctly in the first scene. The first puzzle was ""Crossroads."" The man on the left initially said ""Roads,"" while the woman on the right correctly answered ""Crossroads"" immediately after, earning the first point."
0976-3,"**
Yes, the person on the right from the observer's perspective (the woman) was the first to correctly answer the question in the first scene. Although the man spoke first, his guess (""Roads"") was incorrect. The woman provided the first correct answer (""Crossroads"")."
0976-7,"**
C"
0983-0,"**
The second person, dressed as a security guard, appears in the video to act as an antagonist. He catches Zach King in the act of creating graffiti (an often unauthorized activity) and attempts to stop or apprehend him. This confrontation creates the conflict necessary for the video's plot, forcing Zach to make a magical escape using his signature visual effects, thereby demonstrating ""how he gets away with it."""
0983-1,"The second individual, a security guard, appears in the video because he catches Zach King in the act of spray-painting graffiti on the building's wall and runs over to stop him."
0983-2,"**
Yes, the second person in the video is a security guard investigating the graffiti artist. This is clearly indicated by the word ""SECURITY"" printed on the back of his jacket and his actions of shouting at and chasing Zach King for spray-painting the wall."
0983-3,"**
Yes, the figure of the girl seen on the wall next to the ladder is a painted silhouette. It is part of the graffiti artwork Zach King creates with spray paint at the beginning of the video and is not an actual person."
0983-7,A
0985-0,"Yes, the money in the cup at the end of the video appears to be the same dollar bill that was under the cup at the beginning. The trick involves misdirection with a second dollar bill hidden behind the man's ear. While the woman is distracted by the bill from his ear, the man quickly scoops the original dollar bill (which was concealed on the table, not truly vanished) back into the cup as he lifts it."
0985-1,"**
Yes, the money in the cup at the end is the same money that was under the cup at the start of the video. The magician makes the initial bill disappear briefly, uses a second bill hidden behind his ear as misdirection for the woman, and then quickly scoops the original bill back under the cup while she is distracted, before the final reveal."
0985-2,"**
No, the money in the cup at the end did not come from the man's right ear at the beginning. The bill behind his ear was a separate, second dollar bill which the woman took from his ear during the trick. The dollar bill revealed under the cup at the end was the original one placed on the table, which the man quickly scooped up with the cup while the woman was distracted by the bill from his ear."
0985-3,"No, the money did not stay in the cup throughout the video as it was shaken. Although the man quickly scooped the dollar bill into the cup at one point, he immediately placed it back down onto the table *under* the cup before or during the tapping/shaking motion, revealing it on the table (not inside the cup) when he lifted the cup afterwards."
0985-7,"**
C"
0995-0,"**
The answer to the eighth question is ""Long Overdue"". The puzzle displays the word ""long"" positioned directly above the word ""due"", visually representing this common phrase."
0995-1,"The response to the eighth question is ""Long overdue"". The puzzle visually represents this phrase by placing the word ""long"" directly over the word ""due""."
0995-2,"**
Yes, the answer to the eighth question in the video is 'long overdue'. The puzzle visually presents the word ""long"" positioned above the word ""due,"" which represents the common phrase ""long overdue."" Both contestants correctly identified this phrase."
0995-3,"**
No, the answer to the eighth question in the video is not 'up to no good'. The eighth puzzle presented was the word ""long"" positioned over the word ""due"", and the correct answer given in the video was ""Long overdue"". The phrase 'up to no good' was the answer to the fifth puzzle."
0995-7,D
0996-0,"**
The third timer tool allowed to be shown in the video is the pendulum clock concept presented by Mobohmad. This follows the initial showing of the hourglass (which was rejected) and the presentation of the sundial concept (the second tool shown)."
0996-1,"The third timekeeping device featured in the video is Mobohmad's concept for a pendulum clock. He explains that his concept uses a pendulum swing mechanism to create constant movement in indicators he calls ""hands"" to show the time."
0996-2,"Yes, the third timekeeping tool shown in the video is described as a clock that uses a pendulum swing mechanism. The character Mobohmad, who presents this concept (a round clock face with hands), explicitly states that his invention ""will use the pendulum swing mechanism to create a constant movement""."
0996-3,"No, the third timekeeping tool shown and explained in the video is not a sundial. The first tool shown is an hourglass. The second tool, presented by Sumoses, is described as using the sun to cast a shadow, which is a sundial concept. The third tool, presented by Mobohmad, is described as using a ""pendulum swing mechanism"" and ""hands"" to tell time, which is a concept for a mechanical clock, not a sundial."
0996-7,"**
B"
0999-0,"**
The man imitating Curly approaches the branch distractedly while looking up and making ""woo-woo-woo"" sounds, causing him to trip and fall flat on the ground. He then gets onto his hands and knees and proceeds to bark at the branch like a dog."
0999-1,"**
The man portraying Curly runs erratically towards the branches, making high-pitched ""woo-woo-woo"" sounds. He trips over the log, falls flat on his stomach, then pushes himself up onto his hands and knees and begins barking like a dog."
0999-2,"**
No, the man playing Curly does not trip while walking backwards. He trips over the branch while hopping forward, looking upwards and making noises, which leads to a comedic fall where he ends up on all fours barking."
0999-3,"**
No, the man playing Curly does not get back up to continue moving after falling. He trips over the log, falls onto his back, spins around, gets onto his knees, and then barks like a dog instead of continuing down the path."
0999-7,A
1002-0,"**
In the first scene, the man does not catch the fourth stick that falls. He attempts to catch it with the handheld paddle, but he reacts too slowly, and the stick falls past his hand onto the ground."
1002-1,"**
In the first scene, the man attempts to catch the fourth stick by reaching out with his left hand and trying to grab it as it falls. However, his reflexes are too slow, and he misses the stick, which falls to the ground."
1002-2,"**
No, the man did not use his foot to assist in catching the fourth stick. He attempted to catch it with his hand, missed, and the stick fell straight to the ground near his feet without him catching it."
1002-3,"**
No, the man did not catch the fourth stick with his right hand in the first scene. He attempted to catch it with his right hand after catching the first three with his left, but he missed, and the stick fell to the ground."
1002-7,A
1009-0,"**
In the first two scenes, after the visitor politely indicates they do not want to talk about the art, the man's smile fades, and he looks visibly disappointed and dejected. This reaction occurs because his attempts to engage the visitors and share his enthusiasm for the artwork were politely turned down."
1009-1,"**
In the first two scenes, after the visitor waves at him to politely decline conversation, the man's initially eager and friendly expression fades. He appears visibly disappointed or slightly saddened, gives a polite nod of understanding, and steps back, respecting the visitor's wish to be left alone."
1009-2,"**
Yes, the man clearly seems disappointed after the visitor waves him off in both the first and second scenes. His initially bright smile fades, and his expression becomes crestfallen or dejected. However, he does not immediately walk away in either scene; he pauses briefly before the scene cuts."
1009-3,"**
Yes, the man appears enthusiastic and eager to engage with the visitor in the first two scenes. In both instances, he proactively approaches the visitors with a clear smile, gestures towards the artwork, and immediately starts sharing interesting details or observations about the paintings, indicating a strong desire to discuss the art."
1009-7,"**
A"
1011-0,"**
The woman used the hose on the man because she saw him take a bite from what she believed was a real dish sponge. Reacting with shock and panic, she impulsively grabbed the sink sprayer and sprayed him, likely in a frantic attempt to help or wash the non-edible item out of his mouth."
1011-1,The woman sprayed the man with the hose because she saw him take a bite out of what she believed was a real dish sponge. Her action was a panicked and shocked reaction to witnessing him eat a non-edible item.
1011-2,"Yes, the woman likely used the hose on the man because she thought he had ingested something harmful from the sponge, such as soap or chemicals. Her immediate, panicked reaction of grabbing the water sprayer and aiming it at his face/mouth area is consistent with an attempt to wash out a dangerous substance she believed he had just consumed by biting the kitchen sponge."
1011-3,"**
No, the woman did not spray the man with the hose as a playful response. Her reaction, characterized by immediate screaming and a look of shock, indicates she genuinely believed he was eating a real sponge and sprayed him out of panic or concern, likely trying to make him stop or wash his mouth out."
1011-7,D
1018-0,"**
The rapper reacted very calmly and cooperatively. He handed the microphone over without hesitation, stood patiently beside the traffic controller while the safety announcement was made, and even seemed slightly amused, smiling lightly before smoothly taking the mic back and continuing his performance."
1018-1,"**
The rapper responded very calmly and cooperatively when the traffic controller indicated he needed the microphone. He saw the controller approaching and, without any hesitation or sign of annoyance, stopped rapping mid-line and handed the microphone over, allowing the controller to make a public safety announcement."
1018-2,"**
Yes, the rapper continued his performance calmly after the traffic controller took his microphone. He showed no signs of agitation during the interruption, willingly handed over the microphone, waited patiently while the controller spoke, and then seamlessly resumed rapping as soon as the microphone was returned to him."
1018-3,"**
No, the rapper did not get angry or stop performing when the traffic controller took his microphone. He calmly handed the microphone over, waited patiently while the traffic controller made a safety announcement, and then immediately resumed rapping once the microphone was returned to him. His actions showed cooperation rather than anger."
1018-7,"**
B"
1020-0,"When the baby sees the dad, they look at him with a neutral, blank, or slightly serious expression. The baby does not smile or show any obvious positive reaction, which contrasts significantly with the interested look given to the mom and the big smile and giggle elicited by the big brother. This is likely because the dad's greeting was calm and less enthusiastic compared to the high-pitched, excited greetings from the mom and brother."
1020-1,"**
When the baby sees their father, they look at him with a neutral, unresponsive expression. The baby does not smile or show any clear positive emotion, simply maintaining eye contact after the father greets them with a simple ""Hi""."
1020-2,"Yes, the baby shows a lack of excitement when they see their dad in this specific interaction. When the dad greets the baby with a simple, unenthusiastic ""Hi,"" the baby stares back with a blank, neutral expression, contrasting sharply with the smiles and giggles elicited by the enthusiastic greetings from the mom and big brother."
1020-3,"No, the baby does not react with excitement and joy when they see their dad. When the dad says ""Hi"" in a calm tone, the baby stares back with a neutral, almost blank expression, without smiling or giggling, contrasting sharply with the joyful reactions shown towards the mom and especially the big brother."
1020-7,C
1023-0,"After the first woman politely declined his attempt to talk about the art by saying, ""I'm just looking thank you,"" the man's reaction was one of visible disappointment. His initial enthusiastic smile faded completely, his expression fell, and he looked slightly sad or dejected before turning away. This reaction stemmed from his eagerness to share information about the art, which was unmet by the visitor's response."
1023-1,"After the first woman declined his attempt to talk about the art by saying, ""I'm just looking thank you,"" the man's enthusiastic expression faded, and he looked visibly disappointed and slightly crestfallen."
1023-2,"**
Yes, the man showed signs of disappointment after the first woman talked to him. When she declined his attempt to talk about the art by saying, ""I'm just looking thank you,"" his initial smile faded, and he looked downwards with a subdued expression."
1023-3,"**
No, the man did not seem happy and excited after the first woman spoke to him. When she politely declined his attempt to talk about the art by saying she was ""just looking,"" his smile faded, and he looked visibly disappointed."
1023-7,"**
A"
1031-0,"**
The man in the white shirt eating the banana is experiencing shock and disbelief. This is evident from his facial expressions, particularly his wide eyes and open mouth, which become more pronounced as the auction bids for the banana artwork escalate to millions of dollars. He seems utterly bewildered that something as common as the banana he is casually eating could be sold for such an exorbitant price."
1031-1,"**
The man in the white shirt (Khaby Lame) is experiencing **astonishment and disbelief**. This is evident from his increasingly wide eyes, open mouth, and stunned expression as he watches the bids for the banana artwork climb into the millions of dollars, contrasting sharply with the ordinary banana he himself is holding."
1031-2,"Yes, the man in the white shirt (Khaby Lame) eating a banana is clearly feeling surprised and shocked by the banana auction. His facial expressions escalate throughout the video from mild confusion to wide-eyed disbelief and culminate in him covering his mouth as the bids reach over five million dollars for a single banana taped to a wall, indicating his astonishment at the event."
1031-3,"No, the man in the white shirt is not feeling calm and relaxed in the third scene. His facial expressions, including wide eyes, an open mouth, and gestures, clearly show he is shocked, bewildered, and astonished by the multi-million dollar bids being placed on an artwork that is simply a banana taped to a wall, especially since he is holding a similar banana himself."
1031-7,C
1037-0,
1037-1,
1037-2,
1037-3,
1037-7,
1044-0,"**
At the end of the video, the person under the quilt is experiencing a state of **confusion and disorientation**. This is evident from their startled awakening due to the sudden loud noise, their wide-eyed and frantic expression, and their immediate, seemingly reflexive action of grabbing the controller and mimicking gameplay without appearing to fully understand the situation they were woken into. Their brain is likely processing the abrupt transition from sleep to a high-stimulus environment."
1044-1,"**
At the end of the video, the person under the quilt is in a mental state of being startled and confused. He was abruptly woken from sleep by loud video game sounds played through the headset placed on him, and his wide-eyed, bewildered expression and jolted reaction show he is disoriented and trying to make sense of the unexpected situation he instantly found himself in."
1044-2,"Yes, the person under the quilt is clearly surprised and confused. They are abruptly woken from sleep by loud game sounds and the presence of another person suddenly playing next to them. Their immediate reaction is to jolt upright with a startled, wide-eyed, and bewildered expression, indicating they do not understand the situation they suddenly find themselves in."
1044-3,"No, the person under the quilt is not deeply engrossed in a video game. They are clearly asleep at the beginning, and the game controller and headset are placed on them by the other person as a prank before they are suddenly woken up by loud game sounds."
1044-7,B
1045-0,"The person on the left holds the person in the tie-dye hoodie because the younger person reacted dramatically (appearing to faint) to a fake blood prank. He continues to hold him supportively while a woman (presumably their mother) is present, likely to pretend that everything is fine and they are just ""having a great time,"" thus avoiding getting into trouble. He lets go immediately and carelessly after the woman leaves because the reason for pretending (her presence) is gone."
1045-1,"**
The person on the left initially embraces the individual in the tie-dye hoodie to catch him as he dramatically pretends to faint after seeing the fake blood from the prank. He continues holding him while the woman is present, likely to appear concerned or to assure her that everything is okay. He releases him abruptly as soon as the woman leaves the room, indicating the supportive embrace was primarily for show while she was watching."
1045-2,"**
Yes, the person on the left put his arm around the one in the tie-dye hoodie primarily to hold him upright and conceal the fact that he had fainted from their mother, who entered the room just after the incident occurred. He reassured her everything was fine and let go as soon as she left."
1045-3,"**
No, the hug between the person on the left and the one in the tie-dye hoodie was not a celebration of a successful magic trick. The person in the tie-dye hoodie was reacting with shock and appeared to faint after seeing the fake bloody hand. The person on the left put their arm around him seemingly to support him as he fainted, and possibly to minimize the situation when a woman entered the room. This is evidenced by the fact that the person on the left immediately let the other person's head drop onto the table as soon as the woman left."
1045-7,A
1046-0,"**
The person wearing the black hat threw the person in the gray T-shirt into the swimming pool as playful retaliation because the person in the gray T-shirt (who was wearing a black sweatshirt at the start) had pushed him into the pool moments earlier as a prank."
1046-1,"**
The person in the black hat tossed the individual in the gray T-shirt into the pool as an act of playful retaliation because the individual in the gray T-shirt had pushed him into the pool moments earlier."
1046-2,"Yes, the person in the black hat threw the person in the gray T-shirt into the pool because that same person (who was wearing a black hoodie at the time) had pushed him into the pool moments earlier. The second push was an act of playful retaliation or returning the favor."
1046-3,"**
Yes, the person in the black hat threw the person in the gray T-shirt into the pool as a playful retaliation because the person in the gray T-shirt had just pushed him into the pool as a prank."
1046-7,C
1049-0,"The person tapping the dog with the slipper is giving the dog a command. The dog understands this specific action as a cue to get up and turn off the light switch. Therefore, the person wants to express the instruction ""turn off the light"" to their trained dog, demonstrating a convenient, albeit unconventional, way to control the lighting without having to walk over to the switch themselves."
1049-1,"**
The intention behind the person gently tapping the dog with the slipper is to give it a command or signal to turn off the light switch. The video shows the person getting out of bed first (not using their phone during the interaction with the dog) and using the slipper as a tool to get the dog's attention and prompt it to perform its trained task of switching off the light. The tap is gentle and serves as a cue, not a forceful hit intended to cause harm."
1049-2,"**
No, the person did not forcefully hit the dog with the slipper. They gently tapped the dog with the slipper, seemingly as a cue or signal to get its attention and prompt it to go turn off the light switch."
1049-3,"**
No, the person was not expressing frustration or annoyance by tapping the dog with the slipper. The action was a gentle tap that served as a cue or signal for the trained dog to get up and turn off the light switch, which the dog proceeded to do calmly."
1049-7,B
1051-0,"The man in black bites his hand to faithfully recreate the pose from an old photograph shown immediately after. In that photograph, he, as a young child sitting on his grandfather's lap, was also biting his hand. The gesture is a deliberate mimicry of his childhood self as part of recreating that specific memory."
1051-1,"The person biting their hand in the photo is the man in black *as a young child*. This action likely conveys childhood shyness, nervousness, or a self-soothing habit, which are common behaviours for toddlers, especially when being the focus of attention for a photograph. It is probably not intended to convey a specific message but rather captures a moment of characteristic childhood behaviour."
1051-2,"No, the man in black is not mimicking the specific childhood action of biting his hand as seen in the photo. In the present-day video, he places the back of his hand against his chin/lower lip area while smiling, whereas in the childhood photograph, he has his fingers inside his mouth. While he is recreating the pose of sitting on his grandfather's lap, the hand gesture itself is different."
1051-3,"**
The question contains inaccuracies based on the video's content. The ""man in black"" refers to the adult grandson shown in the video segment, but he does not appear as an adult in the photo. The photo shows the grandfather at age 59 holding the grandson as a young child. In the photo, it is the *child* who is biting their hand, not the man who is wearing black in the earlier video segment. Therefore, the man in black is not biting his hand in the photo, and the action cannot be interpreted as described in the question."
1051-7,C
1053-0,"**
The man in the black T-shirt raises his black hat to express his disbelief and exasperation that his attempt to save the empty seat with a hoodie failed so completely when the other passenger simply removed the hoodie and sat down."
1053-1,"The man in the black T-shirt is not wearing a hat. However, after his attempt to save the middle seat with his hoodie fails and another man sits down, he makes a gesture near his forehead, briefly lifting his hand as if adjusting or tipping a hat he isn't wearing. This gesture, combined with his shocked and exasperated expression, conveys his disbelief and frustration that his plan failed and that the other passenger completely ignored his attempt to keep the seat empty. It's a non-verbal way of expressing ""Are you serious?"" or ""I can't believe this."""
1053-2,"**
No, the man in the black T-shirt is not raising his hat to make it seem like the middle seat is occupied. He is attempting to make the seat look occupied by draping a black hoodie over his arm and partially onto the middle seat."
1053-3,"No, the man in the black T-shirt is not raising a hat to greet someone or acknowledge their presence. Firstly, he is not wearing a hat. Secondly, the gesture he makes is directed towards the hoodie he placed on the empty seat, intended to falsely signal that the seat is occupied, not as a form of greeting."
1053-7,E
1055-0,"**
This video has minimal to no enlightenment value. It depicts a prank intended to shock, which results in the victim fainting due to extreme stress. While it unintentionally demonstrates the potential negative and harmful consequences of severe pranks, its primary purpose appears to be entertainment through shock value rather than providing education, insight, or promoting deeper understanding."
1055-1,"**
The insightful takeaway from this video is a cautionary lesson about the potential negative and unintended consequences of pranks. It demonstrates that attempts at humor involving simulated violence or extreme shock can elicit severe reactions, such as fainting in this case, causing genuine distress and potentially dangerous situations, far exceeding the prankster's original intent. It underscores the importance of considering the target's sensitivity and the potential risks before engaging in extreme pranks."
1055-2,"**
No, the video does not have a high enlightenment value. While some viewers might find the prank humorous, the video primarily focuses on shock value and eliciting an extreme reaction (fear and fainting) rather than providing significant insight, knowledge, or moral understanding. Enlightenment implies a deeper level of learning or understanding, which this brief clip of a prank gone wrong does not offer."
1055-3,"Yes, the enlightenment value of this video is low because its main focus is on showcasing a prank that uses ketchup to simulate a gruesome injury for shock value and entertainment, rather than aiming to educate, inform, or provide meaningful insight. The content primarily documents the prank setup, the extreme reaction (fainting), and the prankster's subsequent remorse, lacking any educational or intellectually stimulating component."
1055-7,D
1064-0,"**
The man is so surprised at the end because after lighting a large firecracker and running a long distance in panic to escape it, he inadvertently runs in a circle and ends up right back where he started, immediately next to the still-lit firecracker, realizing his entire escape effort was futile and put him back in danger."
1064-1,"**
The man's surprise at the conclusion of the video is caused by his realization that, despite running a long distance to escape the giant firecracker he lit, he has inadvertently run in a circle and ended up right back next to it just as it is about to explode. He is shocked and terrified because his attempt to reach safety failed, placing him in immediate danger instead."
1064-2,"Yes, the man is surprised precisely because he ends up back at the bomb site after running a long distance. He clearly intended to run far away to escape the explosion, so finding himself right back where he started, next to the still-lit bomb, is an unexpected and shocking turn of events, which causes his terrified and surprised reaction."
1064-3,"No, the man is not surprised because the firework exploded unexpectedly. He intentionally lit the firework and ran away precisely because he expected it to explode. His surprise stems from the comedic and unfortunate situation where, after running a long distance to escape, he unintentionally ended up right back next to the lit firework just as it was about to go off."
1064-7,C
1075-0,"**
The video splices together shots of Peter Parker (the ordinary man) and Spider-Man to emphasize the stark contrast between the two identities and highlight the video's central theme, as stated in the title: ""Everybody loves Spider-Man, but nobody cares about Peter Parker."" It juxtaposes scenes of Peter's difficult, often humiliating, and unappreciated personal life (being ignored, disrespected, unlucky in love, struggling financially) with iconic imagery of Spider-Man to show that the man behind the heroic mask endures significant personal hardship and sacrifice while the world focuses on the persona, illustrating the tragic duality of his existence."
1075-1,"**
The purpose of splicing together shots of Peter Parker (the ordinary man) and Spider-Man is to create a stark contrast between the two identities and highlight the central theme of the video: while the superhero persona ""Spider-Man"" is widely loved and admired, the actual person ""Peter Parker"" is often overlooked, disrespected, and endures significant personal suffering and sacrifice. This juxtaposition emphasizes the tragic disconnect between the celebrated hero and the struggling individual behind the mask."
1075-2,"Yes, the video splices shots of Peter Parker's ordinary life with moments related to his Spider-Man identity to highlight the exclusion and lack of appreciation he faces as an ordinary person. By intercutting scenes where Peter is ignored, disrespected, or experiences personal disappointment with shots representing his heroic persona and the internal conflict it brings (""Am I not supposed to have what I want?""), the edit effectively contrasts the difficulties of Peter's reality with the public's love for the anonymous hero, emphasizing the theme that nobody cares about Peter Parker despite loving Spider-Man."
1075-3,"**
No, the video is not simply splicing together shots of an ordinary person and Spider-Man just to suggest they are the same person. The clips are exclusively from the Sam Raimi Spider-Man movies, where it is a fundamental plot point that the character Peter Parker (played by Tobey Maguire) is secretly the superhero Spider-Man. The video uses this established fact to contrast the hardships and lack of recognition Peter Parker faces in his everyday life with the burdens and actions of his superhero alter ego, highlighting the theme that the person behind the mask suffers despite the public's love for the hero."
1075-7,D
1080-0,"**
The man (Khaby Lame) peels the carrot with a standard vegetable peeler and acts amazed *sarcastically*. He does this to mock the complicated and unnecessary method of modifying a spoon with power tools to peel a carrot, as shown in the first part of the video. His exaggerated expression highlights how simple and obvious the conventional solution is, making the ""life hack"" seem absurd."
1080-1,"**
The reason this man (Khaby Lame) peels the carrot is to demonstrate the much simpler and common-sense method using a standard vegetable peeler, contrasting it with the unnecessarily complicated method of modifying and using a spoon shown earlier. His amazed expression is sarcastic, used to humorously emphasize how obviously easy and effective the correct tool is, thereby mocking the absurdity of the alternative ""life hack."""
1080-2,"**
Yes, the man (Khaby Lame) is reacting with bewildered exasperation because he doesn't understand why the previous person went through such a complicated and tool-intensive process (modifying a spoon with an angle grinder) to peel a carrot when a simple, readily available tool like a vegetable peeler does the job quickly and easily. His expressions and gestures highlight the absurdity of the overly complex method compared to the straightforward solution."
1080-3,"**
No, the man (Khaby Lame) did not feel surprised because the spoon peeler was usable. He peeled the carrot using a standard vegetable peeler to demonstrate a much simpler and more logical way to achieve the same result. His facial expressions conveyed exasperation and mocked the unnecessary complexity of modifying a spoon into a peeler when a purpose-built tool is readily available."
1080-7,C
1081-0,"**
The little green bricks represent mouthwash. In the video, they are poured into the LEGO mimic's mouth, shaken around to simulate swishing, and then ""spit"" out into a LEGO sink as part of its oral hygiene routine."
1081-1,"The small green bricks (1x1 plates) in the video represent mouthwash. This is shown when the host pours them into the LEGO mimic's mouth, pretends to swish them around, and then has the mimic ""spit"" them out into a LEGO sink as part of its daily oral hygiene routine."
1081-2,"Yes, the little green bricks in the video represent mouthwash. The presenter explicitly states, ""Next we use some mouthwash"" as he pours the green bricks into the LEGO mimic's mouth, and then simulates swishing and spitting them out as part of the cleaning routine."
1081-3,"**
No, the little green bricks in the video do not represent grass. The video explicitly shows the host pouring the little green bricks into the LEGO mimic's mouth while stating, ""Next we use some mouthwash."" The subsequent actions of swishing and spitting further confirm that the green bricks are used to represent mouthwash as part of the mimic's oral hygiene routine."
1081-7,C
1087-0,"The circle on the left initially appears to be moving to the right. This is based on the optical illusion presented, where the arrow inside the circle points to the right at the beginning of the video, and the narrator states the circles appear to move in the direction indicated by the arrows."
1087-1,"**
From the camera's viewpoint at the start of the video, the circle on the left appears to be moving to the right. This is indicated by the arrow inside the left circle, which points towards the right."
1087-2,"**
According to the explanation given in the video, it is true that the circle on the left does not actually move. The perceived shifting is presented as an optical illusion created by the rotating colour gradients within the circle combined with the directional cue of the arrow, tricking the brain into seeing movement that isn't physically occurring relative to the circle's background position."
1087-3,"The circle on the left *appears* to move in the direction indicated by the arrow due to an optical illusion. The shifting colors within the circle trick the brain into perceiving motion, and the arrow acts as a cue for the direction of this perceived movement. While the video claims the circle isn't actually moving, the illusion is designed to make it look as though it is moving in the direction the arrow points."
1087-7,"**
C"
1090-0,"**
From the perspective of the sheep (goats) in the video, the person's painting on the ground would likely look like distorted shapes and patches of shading on the flat road surface, rather than a convincing three-dimensional ledge or obstacle. This is because the optical illusion is designed to work from a specific viewing angle (the camera's perspective), and the animals are approaching it from a different, ground-level angle where the perspective effect would not be perceived correctly."
1090-1,"**
The painting on the ground would not appear as a convincing optical illusion (like a ledge or hole) to the sheep/goats. This is because such illusions are designed to be viewed from a specific angle and distance to create the 3D effect. From the animals' ground-level perspective as they approach it head-on, the drawing would look like flat, distorted shapes and patches of color or shading on the road surface, not a real obstacle."
1090-2,"**
No, the painting on the ground would not look like a broken bridge to the animals (which are goats, not sheep). Optical illusions like this pavement art rely heavily on a specific viewing perspective to create the 3D effect. The illusion was created to look convincing from the camera's viewpoint, but from the animals' low, ground-level approach angle, it would appear as distorted shapes and colours painted flat on the road, not a real drop-off or broken bridge."
1090-3,"**
No, the painting on the ground does not appear to the animals like a large puddle. The drawing is an optical illusion designed to look like a ledge or a gap in the road from a specific viewing angle, using shading to simulate depth and structure, which does not resemble the visual characteristics of a puddle. Furthermore, due to the effect of perspective, the animals approaching from the opposite direction would likely only see a distorted flat pattern on the road, not the intended 3D illusion or a puddle."
1090-7,E
1091-0,"Based on dual perception, four people can be identified in the image. Three individuals are explicitly depicted within the scene: a woman sitting on a bench reading, a man in a robe standing behind her, and a figure walking in the distance. Additionally, the arrangement of these figures, the archway, and landscape elements combine to form the hidden optical illusion of a large face of an old man."
1091-1,"**
There are three individuals visible in the painting shown in the final segment of the video. They are:
1.  A woman with reddish-blonde hair wearing a white dress, seated on a bench in the foreground, reading a book.
2.  An older man with a long grey beard wearing a dark, hooded robe, standing next to the seated woman and holding a book.
3.  A smaller figure, appearing to be a person in a white dress, walking away on a path in the background landscape."
1091-2,"**
No, not all three people are visible exactly as described. While there is indeed a person (a woman) sitting on a bench reading a book, and another person (an old man) standing behind her wearing dark clothing, the third figure is not a man dressed in pink standing *next* to the man in dark clothing. Instead, there is a smaller figure, likely a woman, dressed in pink/light color with a head covering, standing much further away in the background near a house on the hill."
1091-3,"No, it is not true that only two people can be identified. While there is clearly a woman sitting and a man standing behind her, there is also a third, smaller figure visible walking on the path in the background of the painting."
1091-7,C
1095-0,"**
The person in the upper left corner throws a small stone into the bucket to create a water splash effect, which is used in the final edited video to simulate the splash made when the other person appears to jump into the bucket."
1095-1,"The person in the upper left corner (Clip 1) threw the small stone into the blue bucket (referred to as a keg in the question) to create a splash. This splash was timed and edited together with the footage of the distant person jumping (Clip 2) to create the illusion in the ""Final Result"" that the distant person, appearing small due to forced perspective, had actually jumped into the bucket causing the water to splash."
1095-2,"Yes, it is highly likely that the person shown setting up the shot in the upper left corner (Clip 1) threw a small stone (or a similar object) into the blue bucket to create the splash effect. While Clip 1 only shows the setup phase, the splash in the ""Final Result"" panel is timed perfectly with the edited jump, and throwing an object into the bucket is the simplest and most probable method used to capture that splash element for the composite video."
1095-3,"No, the person in the upper left corner does not cause someone to appear inside the bucket (referred to as a keg in the question) by throwing a small stone. The person in the upper left corner is shown holding a phone, apparently filming the scene. The final result, where the second person appears inside the bucket, is achieved through video editing by combining different clips, not by any action performed by the person filming."
1095-7,C
1101-0,"The man gradually submerges the piece of paper under water to create a visual effect for the video. By lowering the cutout, likely positioning its base beneath the water's surface or behind a submerged object, and filming from a low angle, they make it appear as though the image of the goddess is emerging from or standing upon the river in the final shot."
1101-1,"**
The man slowly dipped the piece of paper (a cutout of Goddess Durga attached to a stick) into the water to carefully position and anchor it in the riverbed. This was done as part of a creative video shoot to achieve the final visual effect where the goddess appears to be standing on or emerging from the water surface, filmed from a low angle."
1101-2,"Yes, the man gradually submerged the paper cutout into the water. This footage was then likely played in reverse during editing to create the final visual effect of the goddess emerging from the water."
1101-3,"No, the purpose of slowly submerging the paper cutout into the water was not to make it completely wet. The primary purpose was to carefully plant the stick holding the cutout into the riverbed, positioning the image of the goddess just above the water's surface to create the visual effect seen in the final shot. Making the paper completely wet was avoided."
1101-7,A
1111-0,"The woman wearing the dark red/maroon patterned saree, who was initially sitting third from the right, decided to sit down after standing up. She stood up with the other women when the dancer got up, but as he started interacting and dancing with the woman next to her, she bent over laughing/smiling and sat back down on the ledge instead of continuing to stand or join in the dance."
1111-1,"**
The woman second from the left, wearing the reddish-brown patterned saree, chose to sit back down after initially standing up. She stood up along with the other three women when Noel got up, but as he began dancing specifically with the woman in the white saree, she decided to sit back down on the wall to watch them."
1111-2,"No, the woman in the brown and red sari did not sit back down after standing up. She stood up along with the other women when Noel started dancing and remained standing by the wall, watching him dance with another woman, for the rest of the video clip."
1111-3,"No, the man in the white shirt did not decide to sit down after standing up. He remained seated on the wall throughout the entire video clip, observing the dancer and the women."
1111-7,D
1112-0,"**
The friend, who is the man wearing the blue shirt, took the firework. The video shows him quickly swapping the firework for the lighter just as the other man was placing the bucket over it."
1112-1,"**
The friend of the person checking under the bucket picked up the firework. According to the narration and the visual sequence, the man wearing the blue shirt swapped the firework for the lighter while setting up the prank and took the firework with him when he ran to hide."
1112-2,"Yes, it was the person in the blue shirt who took the firework instead of the lighter. The narrator explicitly states this after the man in the pink shirt lifts the bucket and finds only the lighter. The subsequent explosion from the room where the man in the blue shirt hid confirms he had the firework."
1112-3,"No, the person in the white/light pink shirt did not take the firework. The video shows him approaching the bucket after nothing happened and finding only the lighter underneath. The narration explicitly states that his friend (the one in the blue shirt) had taken the firework, which is confirmed when the firework explodes where the friend in the blue shirt was hiding."
1112-7,"**
A"
1117-0,"**
The man wearing the blue t-shirt made the water overflow and failed the challenge. During his turn, the water level was already bulging above the rim of the glass due to surface tension; when he added a little more water from the tap, it broke the surface tension, causing the water to spill over the edge."
1117-1,"**
The participant wearing the blue shirt was responsible for the water overflowing and losing the challenge. He lost because during his turn, he added the final drops of water to the glass which was already filled beyond its rim (held by surface tension), causing the surface tension to break and the water to spill."
1117-2,"**
Yes, it was the person in the blue shirt who caused the water to overflow and failed the challenge. He took his turn after the man in the red shirt, and when he added a small amount of water to the already overfilled glass, it broke the surface tension and spilled over the side."
1117-3,"**
No, it was not the person in the red shirt who made the water overflow and failed the challenge. The person in the red shirt successfully completed their turn by carefully tapping drops into the glass. The person in the blue shirt took the next turn, added more water, and it was during his turn that the water spilled, causing him to fail the challenge."
1117-7,"**
D"
1119-0,"There is no iron bowl visible in the video. The person in red is holding a large white bowl filled with popcorn in his lap just before he reacts to the video being ""dropped"" on him. This white bowl is knocked away when he falls off the couch."
1119-1,"**
When the person in red responds ""Zach that is pretty good"" after being knocked down, the bowl (which is white, not iron) is located on the floor, lying on its side amidst spilled popcorn, between the person in red and the couch."
1119-2,"No, the iron bowl is not on the floor under the oversized phone screen when the person in red reacts. When the person is knocked over, the bowl lands on the floor near them and the couch, but it is beside the screen, not underneath it."
1119-3,"**
No, the metal bowl is not on the lap of the person in red when they react to the cat and dog picture. The impact of the giant video knocked both him and the bowl off the couch onto the floor before he gave his verbal reaction."
1119-7,C
1121-0,"**
The filament light bulb is closest to the symbol depicting white clouds on a red background. This symbol is located in the leftmost segment of the control panel, directly beneath the light bulb."
1121-1,"**
The symbol nearest to the filament light bulb on the control panel is the depiction of white clouds on a red background. This symbol is located in the top-left segment of the weather control display, directly beneath the light bulb's position."
1121-2,"**
Yes, the symbol closest to the filament light bulb on the control panel is three clouds. This symbol is located in the top-left section of the panel, directly below the light bulb."
1121-3,"**
No, the symbol closest to the filament light bulb on the control panel is not the sun. The filament light bulb is positioned most directly above the red segment of the panel, which contains the symbols for white fluffy clouds."
1121-7,D
1122-0,"At the end of the video, the little man in the overalls with the white bag is being sucked up into the vacuum cleaner nozzle. This is shown as he looks up in terror, yells ""No!"", and is visually pulled upwards into the nozzle just before the video loops back to the beginning."
1122-1,"**
At the conclusion of the video, the little man in overalls with the white bag ends up inside the vacuum cleaner. This happens when the giant vacuum cleaner nozzle descends upon him in the miniature world, and he is visibly sucked up into it just before the scene cuts back to the real world."
1122-2,"Yes, the little man in overalls with the white bag does end up inside the vacuum cleaner. He is shown being sucked up into the vacuum nozzle towards the end of the video, and a whistling sound is heard from the nozzle afterwards, implying he is inside."
1122-3,"**
No, the little man in overalls with the white bag is not found inside a janitor's closet at the end of the video. He emerges from a door labeled ""JANITOR'S CLOSET"" near the beginning of the sequence set in the miniature world, but at the end of that sequence, he is seen being overwhelmed by dust bunnies in the open area. The video concludes by zooming out to show the regular-sized Zach King looking into the vacuum hose."
1122-7,"**
A"
1124-0,"**
The egg did not go into the bottle. The performer likely used sleight of hand to quickly remove the egg as they pushed down, making it appear as though it went inside the bottle as part of a prank. The egg is not visible inside the bottle at the end of the video."
1124-1,"**
After the performer applies pressure (a quick slapping motion with their hand over the bottle opening), the egg is swiftly removed by the performer's hand. It does not go into the bottle; its disappearance is part of the setup for the prank, making the observer (Issei) believe it magically entered the bottle."
1124-2,"No, the egg is not actually behind the water bottle after the performer pushes on it. The performer uses sleight of hand; when they push down, they simultaneously palm the egg, concealing it in their hand and quickly removing it from view. The egg is in the performer's hand, not behind the bottle."
1124-3,"**
No, the egg did not end up inside the water bottle. When the performer slapped the egg, the force caused the water inside the bottle to spray upwards into ISSEI's face as a prank, rather than pushing the egg into the bottle opening."
1124-7,B
1127-0,"From the perspective of the camera in the third segment, the ball shooter (Jake) is positioned in the foreground, relatively close to the camera and slightly to the left of the center frame. The target basket is positioned in the background, further away from the camera and towards the right side of the frame."
1127-1,"**
In the third segment (the indoor court scene), the ball shooter (Jake) is positioned in the middle ground, slightly left of the center of the frame, facing away from the camera. The target basket is positioned further away in the background, towards the right side of the frame. Essentially, the camera is behind the shooter, looking towards the basket in the distance."
1127-2,"**
No, the statement is not accurate for the third segment. While the target basket is initially located behind the man when he starts the trick (facing the other, smaller hoop), he is not facing away from the camera at that same moment. He is generally facing the camera's direction while looking at the smaller hoop, and he turns to face the target basket as the ball goes in."
1127-3,"**
No, in the third segment (the trick shot involving two outdoor hoops), the target basket is positioned behind the ball shooter, not directly in front of him. He faces a different, smaller hoop and throws the ball backwards over his head to score in the target basket."
1127-7,E
1130-0,"The blue ball moved significantly when the old man swung his arm with the largest magnitude. This occurred because the slow, wide back-and-forth motion matched the natural resonant frequency of the longest pendulum (the blue ball on the long rod), causing it to oscillate with a large amplitude, while the shorter pendulums (red and green balls) did not resonate with that frequency."
1130-1,"**
The blue ball showed the most movement when the old man swung his arm widely. This is because the slow, wide movement matched the natural resonant frequency of the longest pendulum (the blue ball), causing it to oscillate with the largest amplitude compared to the other two balls."
1130-2,"No, the red ball did not move significantly when the old man swung his arm with the largest apparent magnitude (physical distance). The largest magnitude swing occurred at a slow frequency, causing the blue ball on the longest rod to resonate and swing widely. The red ball, being on the shortest rod, has a high natural frequency and only moved significantly when the man moved the base back and forth very quickly (high frequency) near the end of the video."
1130-3,"**
Yes, it was the blue ball that moved significantly when the old man swung the base with the largest magnitude. This occurred because the largest magnitude swing corresponded to the slowest frequency of oscillation, which matched the natural resonant frequency of the longest pendulum (the one with the blue ball)."
1130-7,B
1134-0,"**
In the last scene, during the single throw shown, the person (Jake) releases the ball early in his shooting motion. As he jumps and brings the ball upwards, he uses his left hand to push the ball upwards and slightly forward. The ball then travels in a high arc towards the hoop while his right hand completes a follow-through motion, creating the deceptive ""glitch"" effect."
1134-1,"**
During the first (and only) throw in the final scene, the ball's trajectory immediately after release was steeply upwards, heading high above the backboard. This is because Jake released the ball very early in his shooting motion, propelling it almost vertically instead of in a typical forward arc towards the hoop."
1134-2,"**
No, the ball from the first throw in the last scene did not bounce back to the person after hitting the ring of the hoop. Instead, it went over the hoop, hit the roof of the house behind it, and then bounced back down towards the person."
1134-3,"**
No, the ball from the first throw in the last scene did not descend directly towards the basketball hoop. Instead, it flew over the backboard, hit the roof behind the hoop, and only went into the net after rolling down the roof and Jake moved the hoop to catch it."
1134-7,B
1137-0,"When the woman is upside down, the head of the man in white is facing upwards. He is looking up towards the woman's feet/legs, which he is holding in the air."
1137-1,"**
The man in white is looking forward, towards the camera. This is evident as his face is oriented directly towards the viewer, and his eyes maintain contact with the camera lens even while he is lifting the woman and she is upside down."
1137-2,"**
No, when the woman is upside down, the man's head is tilted down, looking towards the woman and child he is supporting, not facing up and forward directly at the camera."
1137-3,"**
No, when the woman is upside down, the man's head is not facing downward. He is standing upright, supporting her, and his head is oriented upwards, looking towards her legs."
1137-7,B
1145-0,"**
As an adult, 12 hours pass between the woman looking at her phone twice. The first time she looks, the phone shows 8:00 (AM), and the second time she looks, it shows 20:00 (8 PM), indicating a 12-hour difference."
1145-1,"The time gap between the two instances when the woman checks her phone as an adult is 12 hours. In the ""adult"" segment, she first checks her phone when told she has 30 minutes, and it shows 8:00. At the end of the video, after being prompted that it's nighttime, she checks her phone again, and it shows 20:00. The difference between 20:00 and 8:00 is 12 hours."
1145-2,"**
Yes, the woman checks her phone 12 hours apart as an adult. In the adult segment, she first checks her phone when it shows 8:00, and the final time she checks it, it shows 20:00, which is exactly 12 hours later."
1145-3,"Yes, the woman checks her phone twice within a minute as an adult. She first checks the time (8:00), looks away briefly, and then immediately looks back at her phone just seconds later, seemingly getting absorbed in it."
1145-7,D
1159-0,"The fifth item shown in the video is **Highlighters**. The video displays a collection of several pastel-colored Stabilo Boss highlighters arranged diagonally.
The seventh item shown in the video is **Eraser**. The video displays four block erasers, each housed within a sliding plastic case in different pastel colors (blue, pink, mint green, purple)."
1159-1,"**
The fifth item displayed in the video is **Highlighters**. This is shown as a collection of pastel-colored Stabilo Boss highlighters. The seventh item displayed is **Eraser**. This is depicted as four block erasers, each with a different pastel-colored protective sleeve. These items are identified based on their sequential position in the montage of nine stationery items presented in the video."
1159-2,"**
Yes, the fifth item shown in the video is highlighters, and the seventh item is erasers. The video displays a set of Stabilo Boss highlighters labelled ""Highlighters"" as the fifth item and shows four block erasers in sliding sleeves labelled ""Eraser"" as the seventh item in the sequence."
1159-3,"**
No, the fifth item shown in the video is Highlighters, and the seventh item shown is Eraser. Sticky notes are the fourth item listed, and the measurement scale (labelled ""Measurment scale"" in the video) is the sixth item."
1159-7,"**
A"
1160-0,"**
The fourth item shown in the video is the Tom EDC Mahjong Slider. It is a rectangular, dark metal slider featuring a Chinese character, described by the narrator as a ""chunky and heavy piece of metal that catches the most attention."""
1160-1,"**
The fourth toy displayed in the video is the Tom EDC Mahjong Slider. It is shown after the ZY EDC - MT-01 and is described by the narrator as a ""chunky and heavy piece of metal that catches the most attention"". This identification is confirmed by the numbered list of toys provided in the video description and the top comment, where it is listed as the fourth item."
1160-2,"**
Yes, the fourth item shown in the video is a metal fidget toy that resembles a mahjong tile. It is described as a ""chunky and heavy piece of metal,"" and the video description identifies it as the ""Tom EDC Mahjong Slider,"" confirming its design inspiration."
1160-3,"No, the fourth item in the video is not a small black pill-shaped fidget toy. The fourth item shown is the Tom EDC Mahjong Slider, which is described as a ""chunky and heavy piece of metal"" and visually appears as a rectangular, metallic slider resembling a Mahjong tile. The small, black, pill-shaped fidget toy shown in the video is the second item, the FidgetThings Chill Pill."
1160-7,C
1161-0,"The color order displayed by the long strip of light on the object is: Yellow-green, Green, Cyan/Light Blue, Blue, Purple/Magenta, Red, Orange/Yellow. This sequence is observed as the light strip cycles through these colors consecutively from the start to the end of the demonstration in the video."
1161-1,"The sequence of colors shown by the long strip of light on the object is: Yellow-green, Green, Light Blue/Cyan, Dark Blue, Purple/Magenta, Red, and finally Orange/Amber. This sequence was determined by observing the order in which the colors appeared on the light strip as it cycled through them in the video."
1161-2,"Yes, the long strip of light on the object in the video displays the colors in the order of yellow, green, cyan, blue, purple, red, and orange. The video clearly shows the light cycling through this exact sequence."
1161-3,"Yes, the color order displayed by the long strip of light on the object is yellow, green, blue, purple, and red. The video shows the light strip cycling through these exact colors in this specific sequence before changing to orange/amber near the end."
1161-7,A
1162-0,"**
The order of the menu options browsed is:
1.  Calendar
2.  Clock
3.  Notes
4.  Calculator

This is the sequence shown as the user scrolls downwards through the main menu list using the phone's directional buttons."
1162-1,The person navigates through the following sequence of menu options using the down navigation button: Calendar -> Clock -> Notes -> Calculator. This is shown as the highlighted selection moves down the list on the screen with each press of the central navigation key.
1162-2,"**
Yes, the person browses through the menu options starting with Calendar and ending with Calculator. The video clearly shows the user scrolling down the main menu list, sequentially highlighting Calendar, Clock, Notes, and finally stopping on Calculator."
1162-3,"**
Yes, the person browses through the menu options, and the ""Settings"" option is visible within the list they scroll through."
1162-7,B
1168-0,"The man in the red hat fell because he stepped onto a piece of 3D street art painted on the pavement, which was designed to look like a real hole or chasm. The video uses visual effects to create the illusion that stepping onto the drawing caused him to fall into it."
1168-1,"**
The man in the red hat fell into the hole because he stepped directly onto the part of the street art that was drawn to look like a deep chasm. In the context of the video's special effects, stepping on this specific area of the artwork caused it to seemingly become a real hole, leading to his fall."
1168-2,"**
Yes, the man in the red hat appeared to fall into the hole because of a combination of video editing and the optical illusion created by the street art. The artwork itself is a 2D drawing designed to look 3D, and Zach King used video editing techniques to create the visual effect of him falling into the drawing as if it were a real chasm."
1168-3,"**
No, the man in the red hat did not actually fall into a hole because he was deceived by the street painting. The video is created by Zach King, who is famous for his digital editing and visual effects. The man falling into the painting is a visual illusion achieved through clever editing, making it appear as though the 3D street art is a real chasm."
1168-7,B
1169-0,"**
The guy in the black and white clothes (Zach King) was not actually kicked to pieces by the football. This was a visual illusion created using video editing techniques, which is Zach King's signature style. The effect was designed to look spectacular for the video, making it seem as though the powerful kick caused him to vanish and the ball to multiply for an impossible trick shot, purely for entertainment."
1169-1,"The man in black and white clothes (Zach King) appeared to shatter due to clever video editing. This is a signature style of Zach King, who creates visual illusions using post-production techniques. The effect was not real but a digital trick where footage of him being hit was likely cut, and replaced with footage of just his clothes falling, combined with visual effects showing the ball multiplying and hitting targets."
1169-2,"**
Yes, the man in black and white clothes was made to look like he was kicked to pieces using video editing effects. This is an illusion, as people do not physically disintegrate when hit by a soccer ball, and the simultaneous multiplication of the ball hitting multiple targets is physically impossible without visual effects. Zach King, the creator, is famous for using video editing to create such ""magic"" illusions."
1169-3,"**
No, the man in the black and white clothes (Zach King) was not kicked to pieces because he was a mannequin. He is a real person who creates videos featuring editing illusions. The effect of him disappearing and leaving only his clothes behind when the ball arrived was achieved through clever video editing and special effects, which is Zach King's signature style, rather than a physical interaction with a mannequin."
1169-7,A
1170-0,"The containers disappear as a visual effect simulating the game Tetris. When Zach King successfully stacks the containers to form a complete horizontal row across the ship, that specific row flashes white and then vanishes, mirroring the game mechanic where completed lines are cleared."
1170-1,"**
The containers vanished because they formed a complete horizontal row on the ship. The video portrays the container stacking as a real-life game of Tetris, and just like in the game, completing a full line caused that line (the row of containers) to disappear."
1170-2,"**
Yes, the containers disappeared precisely because they completed a row in the Tetris-like game being simulated in the video. This visual effect of the containers flashing and vanishing was achieved using post-production editing and visual effects, as real cargo containers cannot disappear in this manner."
1170-3,"No, the containers did not disappear because they fell off the ship due to instability. They disappeared instantly, accompanied by a specific sound effect, precisely when they formed complete horizontal lines, mimicking the line-clearing mechanic in the video game Tetris, which is the theme of the video. The instability of the remaining containers occurred *after* these lines had already vanished via visual effects."
1170-7,C
1173-0,"The person in the back seat disappeared due to a visual effect created through video editing. Zach King, the creator, is known for these types of ""digital magic"" tricks. The illusion is timed to occur simultaneously with the large splash of water, making it appear comically as though the water caused him to dissolve or vanish, but it is a planned special effect."
1173-1,"**
The person in the back seat vanished suddenly because a large amount of liquid from the cups he was holding splashed violently onto him when the car hit a bump. The video uses editing to create the illusion that this splash caused him to instantly disappear."
1173-2,"**
Yes, the person in the back seat disappeared due to post-production editing. It is physically impossible for a person to vanish instantly upon being splashed with drinks; this is a visual effect characteristic of Zach King's videos, achieved through editing techniques where the actor is removed from the scene during the visual chaos of the splash."
1173-3,"**
No, the person in the back seat did not disappear solely because the car made a sudden stop or sharp turn. While the car's sudden movement caused the drinks to spill violently, the person's disappearance happened simultaneously with the liquid splashing onto him, presented as a visual effect or magic trick rather than a direct physical result of the car's maneuver."
1173-7,"**
D"
1175-0,"The bear on the ground is initially a chalk drawing. It is made to appear to move through clever video editing and visual effects. When the characters say ""cheese,"" the video seamlessly transitions from the image of the static chalk drawing to footage of an actual (or digitally created/animatronic) polar bear that stands up and interacts with the scene. This is a common technique used by the video's creator, Zach King, to create illusions."
1175-1,"The technique used to make the bear appear to move is **digital animation (CGI) and visual effects editing**. The initial chalk drawing is replaced in the video by a computer-generated, animated 3D model of a polar bear. This digital bear is then seamlessly edited (composited) into the live-action footage to create the illusion that the drawing came to life."
1175-2,"Yes, the bear on the ground is made to move through clever editing. The video starts by showing a realistic but static 3D-style chalk drawing. At a specific moment (when ""cheese"" is said), there is a seamless cut or transition to footage featuring a moving polar bear (which could be a real trained animal, CGI, or a highly realistic animatronic/costume) occupying the same space. The instantaneous transformation from a flat drawing into a living, breathing creature is characteristic of Zach King's video editing magic."
1175-3,"**
No, the bear on the ground is not a mechanical bear. It begins as a chalk drawing and is brought to life using visual effects (CGI), which is a signature technique of the creator, Zach King. The transformation is instantaneous and magical, and the bear's movements are realistically fluid, indicating digital creation rather than mechanical animation."
1175-7,"**
B"
1176-0,"**
The plant in the man's hand grew larger through visual effects and video editing. After the man entered the seemingly magical greenhouse, which he claimed makes plants grow incredibly fast, the small Venus flytrap he was holding instantaneously scaled up to an enormous size as a visual representation of this exaggerated growth effect. It was not real biological growth but a cinematic illusion created for the video."
1176-1,"**
According to the man in the video, the massive interior of the greenhouse allows plants to grow incredibly fast, which is why the Venus flytrap he shows inside (implied to be the same type as the one he carried in) appears significantly larger."
1176-2,"**
Yes, the plant in the man's hand appeared dramatically larger due to post-production video editing techniques. The video uses a visual trick, likely a jump cut combined with digital effects or a large prop, to switch from the small plant he holds outside the greenhouse to the gigantic version seen once he is inside the ""massive"" interior environment."
1176-3,"**
No, the plant in the man's hand did not grow larger because of a change in perspective. The video uses a visual effect or editing trick. When the man walked through the doorway, the scene cut from him holding a small plant outside to him being inside a much larger space where a separate, gigantic Venus flytrap was located. The small plant vanished, and the large plant was revealed through the edit, not by the original plant growing due to perspective."
1176-7,B
1177-0,"**
The man's sudden appearance standing on the boat is a visual illusion created through video editing. When he holds the towel up, it blocks the camera's view, allowing for a hidden cut (a jump cut) to a different shot where he (or a lookalike) is already positioned standing on the moving boat. The splash sound behind the towel serves as misdirection to make viewers believe he jumped into the water from the pier and instantly transported to the boat."
1177-1,"**
The technique used is video editing, specifically a masked jump cut. Zach King uses the large towel held up in front of him to hide the transition; one shot ends with him behind the towel on the dock (and a splash occurring), and the next shot seamlessly begins, revealing him already standing on the boat further out in the water. The towel acts as a visual wipe, masking the edit point between the two separate clips."
1177-2,"**
Yes, the man appeared on the boat due to video editing and visual effects. Zach King is known for his ""digital magic,"" which uses clever cuts and editing techniques. In the video, he holds up a towel, creating a visual obstruction that allows for a hidden cut in the footage. He likely jumped into the water behind the towel, and the video then seamlessly transitions to show him (or a double) already positioned on the moving boat, creating the illusion of instantaneous teleportation."
1177-3,"**
No, the man did not swim to the other boat. The transition happens far too quickly for him to have swum the distance and climbed aboard. This is a visual trick achieved through video editing, which is characteristic of Zach King's content."
1177-7,"**
B"
1178-0,"A ""laptop"" appears in the final scene as part of the video's ongoing humorous theme. The presenter uses an object (which appears to be the same one shown earlier as a flip phone) and opens it to resemble a miniature laptop, labelling it as such. This continues the pattern established throughout the video of showcasing different electronic device ""models"" (smartphone, mini, flip phone, tablet) using simple props, funny face filters, and creative interpretation for comedic effect. It serves as the final gag in this sequence of device presentations."
1178-1,"**
The laptop is shown in the last part of the video as a humorous conclusion to the sequence of different device ""models"" being presented. It's not a real laptop; the creator simulates one by taking a phone-like device, opening it in the manner of a laptop, and using a visual filter effect that distorts the object's appearance to make it look elongated and shaped like a laptop, extending the video's core gag of representing various tech form factors through visual manipulation."
1178-2,"**
Yes, the laptop in the final scene is the same smartphone transformed by a visual effect filter. The video consistently uses one phone and applies a scanning visual effect filter (like a time warp scan) that distorts both the person's face and the phone's appearance, making the phone look like different devices, including the laptop at the end."
1178-3,"**
Yes, the device presented as a ""Laptop"" in the final scene is the same foldable smartphone shown earlier. It was first introduced as a ""Flip Phone"", then unfolded flat to be called a ""Tablet"", and finally folded into an L-shape to mimic a ""Laptop""."
1178-7,A
1181-0,"The Colosseum disappeared because Zach King used an empty picture frame as a prop in a visual effect. He held the frame up and aligned it with the real Colosseum; through video editing, the actual building was removed from the background while its image simultaneously appeared inside the frame, creating the illusion that he had magically captured or stolen the landmark within the frame."
1181-1,"**
The technique used to make the Colosseum vanish is **video editing** involving **visual effects (VFX)** and a **well-disguised cut (match cut/jump cut)**. A ""clean plate"" shot (the background without the Colosseum, likely created digitally) was filmed or generated. When Zach holds up the frame, the editor cuts from the original footage showing the Colosseum to the clean plate footage visible *through* the frame. Simultaneously, an image of the Colosseum is digitally composited *onto* the frame Zach is holding, creating the illusion that he captured the building within it."
1181-2,"**
Yes, the Colosseum disappeared due to a combination of a visual trick and post-production effects. Zach King is known for his digital magic videos that rely heavily on editing. The act of framing the Colosseum is the visual trick, while the actual disappearance of the monument from the background and its appearance within the frame is achieved through sophisticated video editing and visual effects techniques in post-production, as this is physically impossible to do in reality."
1181-3,"No, the Colosseum did not disappear because of a painting held in front of it. Zach first discarded his rudimentary painting and then held up only the empty wooden frame. Through video editing, it was made to look as if holding up the empty frame captured the real Colosseum, causing it to vanish from the background and appear as an image within the frame itself."
1181-7,A
1182-0,"**
The ladder appears after Zach King throws a miniature, foldable version of it towards the cloud. Through a visual effect typical of Zach King's videos (likely video editing), the small object instantly transforms into the full-sized ladder as it lands or reaches its position beneath the cloud."
1182-1,"The ladder appears when Zach King throws a small, folded, miniature version of the ladder towards the ground beneath the cloud; as it flies through the air, it magically unfolds and expands into the full-sized ladder before landing upright."
1182-2,"**
Yes, the ladder is made to look full-sized through video editing techniques. Zach initially holds and throws a miniature version of the ladder, and then through a cut or other editing transition, a full-sized ladder instantly appears in its place."
1182-3,"**
No, the ladder in the video does not turn into a smaller size as it moves toward the clouds. Instead, it starts as a small, folded ladder held by Zach King and magically transforms into a full-sized ladder as he throws it towards the cloud."
1182-7,C
1183-0,"The sky suddenly darkened because Zach King, using visual effects, appeared to grab the sun out of the sky and pull it into his room. Removing the sun, the source of daylight, caused the environment outside and inside the room to instantly turn dark, simulating nighttime."
1183-1,"**
According to the visual narrative of the video, the sky became dark so quickly because Zach King magically reached out through his window, grabbed the sun, and pulled it into his room. This act of removing the sun from the sky is depicted as the immediate cause of the transition from daylight to darkness outside."
1183-2,"**
Yes, the sky (and the overall scene lighting) darkened primarily due to post-production effects designed to create the illusion that Zach King magically removed the sun from the sky. The instantaneous transition from bright daylight to darkness upon him ""grabbing"" the sun is not achievable through practical lighting changes alone and is a characteristic visual effect typical of Zach King's videos."
1183-3,"No, the sky did not darken because the person turned off the lights in the room. The darkening occurred as part of a visual effect where the person appeared to magically remove the sun from the sky and bring it into his room, causing both the room and the view outside the window to become dark instantly."
1183-7,A
1192-0,"The standing sprinkler appeared because Zach King fired a projectile from his special gauntlet weapon (which he states is from the Ratchet & Clank video game). The projectile magically transformed into the sprinkler upon hitting the ground, mimicking the function of the Topiary Sprinkler weapon from the referenced game."
1192-1,"**
The standing sprinkler appeared suddenly because Zach King fired a projectile from the gauntlet-like device he was holding (which he identified as being from the Ratchet & Clank video game). The projectile hit the ground, and through visual effects, it instantly transformed into the standing sprinkler at the point of impact."
1192-2,"**
Yes, the standing sprinkler's sudden appearance in the video is due to creative video editing. The video shows people being instantly transformed into functioning sprinklers after being hit by a projectile, which is a physically impossible event achieved through visual effects and editing techniques characteristic of Zach King's content."
1192-3,"**
No, the standing sprinkler does not appear to have been hidden underground. The video uses special effects to show the sprinkler magically materializing instantly on top of the grass at the exact spot where the ball lands, rather than rising up from beneath the ground."
1192-7,C
1203-0,"**
The man took out the towel without touching the stream by first twisting the towel tightly upon itself while it was still looped around the faucet. This twisting action made the towel loop behave more like a single, controllable unit. He then lifted this twisted loop upwards and maneuvered it over the top of the faucet head, successfully removing it without passing through the water stream."
1203-1,"**
The man removed the towel by repeatedly twisting one part of the towel loop around the other part, right where it encircled the faucet neck. This twisting action created a tight, compact coil out of the towel material, making it thin enough to be pulled straight down, passing underneath the stream of running water without getting wet."
1203-2,"No, the man did not remove the towel by moving the open end to the other side of the water flow. He successfully removed it by letting go of one end and then passing the end he was still holding through the loop formed by the towel around the faucet, which allowed him to easily pull it free."
1203-3,"**
No, the man did not use the detachable spray head of the faucet. He removed the towel by cleverly twisting it around the faucet neck above the spray head and then maneuvering the loops to slide the towel off over the stationary head, avoiding the water stream."
1203-7,"**
E"
1206-0,"**
The blue paint appears to spill unusually because the video uses a visual illusion created by rotating the camera's perspective. The person is most likely lying on their back on the floor, and the paint is falling normally downwards due to gravity onto his face and the floor (which appears as the wall behind him). The rotated camera angle makes it seem as though gravity is pulling the paint horizontally or upwards relative to his standing orientation."
1206-1,"**
The blue paint appears to spill in an unusual direction due to an optical illusion created by the camera's perspective. The scene is filmed with the camera likely positioned on the floor and pointed upwards. Zach King is actually bending over, parallel to the floor, so the surface that appears as a wall behind him is actually the floor. When he pours the paint, it falls normally downwards due to gravity, splashing onto his face and the floor below him. Because of the camera's rotated orientation, this downward fall looks like an upward or sideways splash relative to the way Zach and the room appear oriented in the video frame."
1206-2,"**
Yes, the blue paint appears to be spilling upwards because the entire scene, including the camera, is oriented upside down. Zach King is likely bending over, pouring the paint downwards according to normal gravity. Because the camera is also upside down (or the footage is flipped vertically in post-production), the downward fall of the paint is presented to the viewer as an upward splash, creating the illusion that it's defying gravity. The curtain appearing at the top of the frame further supports this, as it would be near the actual floor in an inverted room setup."
1206-3,"**
No, the blue paint is not spilling unusually because the person is holding the paint can upside down above their head. The person holds the can normally (open side up relative to their body) and tilts it towards their face. The paint appears to spill upwards due to a visual illusion, likely created by filming the scene with the camera rotated (e.g., the person is actually lying horizontally, and gravity pulls the paint downwards onto their face, which looks like upwards in the rotated video)."
1206-7,"**
C"
1209-0,"The woman in the photo at the end of the video has a speed of zero. A photograph captures a single, frozen moment in time. While the action of stepping into the puddle involved motion and speed *before* the picture was taken, the final image itself is static and does not depict ongoing movement with a measurable speed."
1209-1,"**
The speed of the woman in the final image is 0 (zero). A photograph captures a single, frozen moment in time. While the image depicts an action that involves movement (splashing in a puddle), the subject within the static photograph itself is not moving; it is frozen at the instant the photo was taken. Therefore, her speed *in the image* is zero."
1209-2,"**
Yes, the woman in the final photo appears to be executing a fast action primarily because of the illusion created by the photo composition and technique. The photograph uses a likely fast shutter speed to freeze the motion of the foot hitting the puddle, the resulting water splash, and the falling leaves mid-air. This captures a dynamic instant, and the low angle emphasizes the impact, creating a heightened sense of speed and energy focused on the splashing action itself, even though the woman was just stepping into the puddle rather than running at high speed."
1209-3,"**
No, the photo doesn't necessarily show the woman running quickly. While the splash is large and dynamic, and one leg is lifted, the pose captures the peak moment of impact from stepping or kicking forcefully into the puddle, as shown in the video's setup. Her leg position isn't clearly indicative of a rapid running stride; it could equally represent a deliberate stomp to maximize the splash effect for the photograph."
1209-7,C
1210-0,"The focus of the video shooting shifts from the person viewing the photograph to the photograph itself. Initially, the viewer in the foreground is partially visible and slightly out of focus, while the photograph is clearer. As the short video progresses, the focus sharpens entirely onto the photograph on the wall, making it the distinct subject, while the person becomes heavily blurred. This technique draws the viewer's attention directly to the exhibited artwork."
1210-1,"**
The focus shifts during the video from a slightly softer initial view towards being sharply concentrated on the framed photograph hanging on the wall in the background. This is achieved through a focus pull technique, which makes the artwork crisp and detailed while keeping the person viewing it in the foreground blurred, effectively directing the viewer's attention entirely to the photograph being exhibited."
1210-2,"Yes, the focus of the video remains entirely on the photograph of the two birds throughout the sequence. While a person is seen viewing the photograph and the camera pans slightly, the framed image of the birds is the consistent visual subject from beginning to end."
1210-3,"No, the focus of the video does not shift from the background to the foreground. Throughout the short clip, the primary focus remains consistently on the photograph hanging on the wall (the background element), while the person viewing it in the foreground remains slightly out of focus."
1210-7,A
1214-0,"The motion of the shot when photographing the woman is a zoom-out (or dolly-out). The camera starts relatively closer to the woman lying on the bench (from a high angle) and steadily moves backward, revealing more and more of the surrounding spiral staircase structure."
1214-1,"The camera moves vertically upwards, pulling back from the woman. It starts with a close overhead shot and gradually ascends, revealing more of the spiral staircase surrounding the bench where the woman is lying, while maintaining a consistent bird's-eye view perspective."
1214-2,"No, the camera is not moving closer to the woman. It starts relatively close and moves consistently further away from her throughout the video, creating a zoom-out effect that reveals more of the surrounding spiral staircase."
1214-3,"Yes, the camera is moving away from the woman. It travels upwards along the spiral staircase, increasing the distance between the camera and the woman lying on the bench below. This physical movement away from the subject creates a zoom-out effect, making the woman appear smaller in the frame and revealing more of the surrounding staircase architecture."
1214-7,C
1223-0,"**
Compared to the previous throws shown in the video, which maintain a consistent wide shot and real-time speed, the final successful throw features a distinct change in camera view towards its end. As the ping pong ball hits the last pan and arcs towards the cup, the camera zooms in slightly, and the action is shown in slow motion. This combination of zoom and slow motion emphasizes the successful completion of the trick shot after bouncing off all six pans."
1223-1,"**
Compared to the earlier throws, which were filmed from a static, medium-wide, slightly elevated angle showing the man and the entire setup, the camera angle for the final successful throw changes to a close-up, low-angle shot. This new angle focuses tightly on the last pan and the target red cup, emphasizing the crucial final bounce and the successful landing of the ball."
1223-2,"**
No, the camera does not zoom in on the floor during the last throw. The camera maintains the same stationary, wide-angle view throughout the entire video, including all the attempts shown and the final successful shot."
1223-3,"**
No, the camera angle in the last throw is not the same as before. It appears to be positioned slightly closer to the action and potentially lower, providing a more focused view of the ball bouncing off the pans and landing in the cup compared to the wider angles used during the setup phase."
1223-7,D
1225-0,"**
The man with dwarfism (the visitor) is mainly visible when the first camera zoom is complete. The zoom focuses tightly on his face and upper body to capture his expression of shock and amazement upon entering the house customized for people of his stature."
1225-1,"**
The friend (the little person visiting the house) is prominently seen when the camera finishes zooming in for the first time. This is because the zoom focuses directly on his face to capture his expression of shock and amazement upon entering the house."
1225-2,"**
Yes, the person mainly visible after the first camera zoom is a man in a gray Under Armour t-shirt. He is the central character shown exploring the house with excitement, and the Under Armour logo is clearly visible on his shirt."
1225-3,"**
No, the person mainly visible after the first camera zoom is not a woman in a red dress. The person primarily shown is a man with dwarfism wearing a grey t-shirt and black shorts, who is excitedly exploring the house."
1225-7,C
1229-0,"**
The object in front of the mirror (a Pawn) is different from its reflection (a King) because it's a photographic illusion. The video shows that initially, a King was placed in front of the mirror, but just before the final panorama photo was taken, it was quickly swapped out for a Pawn. The final image captures the Pawn in the foreground, while the reflection displays the King, creating a visually striking and symbolic contrast."
1229-1,"**
The discrepancy between the object in front of the mirror (a pawn) and its reflection (a king) is caused by a photographic technique using the smartphone's panorama mode. The photographer started the panorama capture while the king piece was in front of the mirror, capturing its reflection first. Then, during the capture process, the king piece was quickly swapped out for the pawn piece before the camera panned over to capture the actual object directly. The final image is a composite stitched together by the panorama function, showing the king's reflection (captured early) and the pawn itself (captured later)."
1229-2,"**
Yes, the difference between the object (pawn) and its reflection (king) is directly due to the use of the panoramic photography feature. The panorama mode captures the scene sequentially over time as the phone pans. In the video, the camera first captured the mirror reflecting the king piece. Then, while the panorama capture was still in progress, the king piece was quickly swapped with a pawn piece. The camera continued panning and subsequently captured the pawn itself. The final panoramic image stitches these different moments together, creating the illusion of the pawn seeing a king's reflection."
1229-3,"No, the difference between the object (pawn) and its reflection (king) is not because the mirror is a special type. The video shows that the effect is achieved through a creative photography trick; the king piece was initially placed in front of the mirror and then quickly swapped with the pawn during the process of taking the picture, likely using the phone's panorama mode or post-editing to combine the image of the pawn with the reflection of the king."
1229-7,C
1231-0,"**
The water in the waterfall looks like it is flowing backwards because the video footage was played in reverse. The person was originally filmed walking backward in front of the waterfall; to create the illusion of them walking forward (up the rotated waterfall), the editor reversed the entire video clip. This reversal also affects the water, making the naturally downward flow appear to move upward or backward."
1231-1,"**
The waterfall appears to be flowing in reverse at the conclusion of the video because the original footage was played backward. In the original recording, the person walked backward while the waterfall flowed normally downwards. By reversing the playback during editing, the person appears to walk forward, and simultaneously, the downward flow of the water is reversed, making it look like it is flowing upward."
1231-2,"Yes, the backward/upward flow of the waterfall at the end of the video is due to reverse video processing. This is evident because the man was filmed walking backward, but appears to be walking forward in the final shot, which is consistent with the effect of playing the video in reverse. Reversing the footage also makes the naturally downward-flowing water appear to flow upward."
1231-3,"**
Yes, the waterfall appears to flow backward at the end of the video because of a visual technique. The final footage shown has been rotated 180 degrees (flipped vertically), which makes the naturally downward-flowing water appear to flow upwards, creating the reverse waterfall illusion."
1231-7,"**
A"
1233-0,"**
There are two reflections because the photograph was created using the panorama mode. At the beginning of the panorama capture, both the man and the woman were in the frame, and their reflections were recorded. The man then moved out of the shot while the photographer continued panning and capturing the scene. The final image stitches together the sequence, retaining the man's reflection from the start of the process alongside the woman and her reflection, even though only the woman remained physically present for the main part of the final composition."
1233-1,"**
The final image shows two reflections but only one person because it was created using the smartphone's panorama mode. The photographer started capturing the image by panning upwards from the reflection in the puddle. At that moment, both the man and the woman were present, so both their reflections were recorded in the lower part of the panorama. However, the man moved out of the scene as the photographer continued panning upwards. By the time the camera captured the area above the puddle, only the woman remained, resulting in only her being visible in the upper part of the final stitched photograph."
1233-2,"**
Yes, the presence of two reflections in the final photo is due to the use of the panoramic camera function. The panorama mode works by capturing and stitching together multiple images or a continuous scene as the camera pans horizontally. In this case, the camera captured the man's reflection at the beginning of the pan. Even though the man moved out of the frame, the camera continued panning and captured the woman and her reflection. The panoramic function then combined these different captured moments into a single image, resulting in both the man's and the woman's reflections appearing simultaneously."
1233-3,"**
No, the reason for the two reflections in the photo is not due to image synthesis technology. The effect was achieved using the smartphone's Panorama mode. The photographer started the panorama shot while both the man and woman were in the frame, capturing both their reflections in the puddle. The man then stepped out of the frame while the panorama capture was still in progress. The final stitched image therefore shows the woman (who remained) and both reflections (captured at the start), but not the man himself in the physical space because he had moved away before that part of the scene was captured."
1233-7,A
1235-0,"According to the video, the answer for 4 + 3 is 37. The pattern shown in the previous examples (2+2=24, 3+3=36, 4+5=59) is to concatenate the second number of the addition problem with the actual sum of the two numbers. For 4 + 3, the second number is 3, and the sum is 7, which concatenates to 37."
1235-1,"According to the pattern shown in the video, the result of 4 plus 3 is 37. The pattern observed in the examples (`2+2=24`, `3+3=36`, `4+5=59`) is to concatenate the second number (`b`) with the sum of the two numbers (`a+b`). For `4+3`, the second number is 3 and the sum is 7, so concatenating them gives 37."
1235-2,"Yes, based on the pattern shown in the video, 4 + 3 equals 37. The pattern observed is that the result is formed by concatenating the second number of the addition problem with the actual sum of the two numbers.
- For 2 + 2: The second number is 2, the sum is 4. Concatenated, they form 24.
- For 3 + 3: The second number is 3, the sum is 6. Concatenated, they form 36.
- For 4 + 5: The second number is 5, the sum is 9. Concatenated, they form 59.
- Therefore, for 4 + 3: The second number is 3, the sum is 7. Concatenated, they form 37."
1235-3,"**
No, according to the pattern presented in the video, 4 + 3 does not equal 412. The pattern demonstrated in the examples (2+2=24, 3+3=36, 4+5=59) is that the result is formed by concatenating the second number (B) with the sum of the two numbers (A+B). Applying this pattern to 4 + 3: the second number is 3, and the sum is 4 + 3 = 7. Concatenating these gives 37, not 412."
1235-7,D
1236-0,"Yes, the method shown in the video is useful for producing the correct calculation result for numbers ending in zero when dividing by 5. The method works because removing the trailing zero is equivalent to dividing the number by 10, and then multiplying the result by 2. This sequence of operations (dividing by 10, then multiplying by 2) is mathematically equivalent to dividing the original number by 5."
1236-1,"**
Yes, the method demonstrated in the video effectively yields accurate calculation results for dividing numbers ending in zero by 5. The trick works because removing the trailing zero is the same as dividing the number by 10, and subsequently multiplying by 2 is mathematically equivalent to dividing the original number by 5 (i.e., N ÷ 5 = (N ÷ 10) × 2)."
1236-2,"Yes, the method shown in the video is effective in producing accurate results for the specific division problems presented (10 ÷ 5, 30 ÷ 5, 60 ÷ 5, 90 ÷ 5). The method involves removing the trailing zero (dividing by 10) and then multiplying the remaining number by 2. This works because dividing by 5 is mathematically equivalent to dividing by 10 and then multiplying by 2 (X/5 = (X/10) * 2). All the answers derived using the trick in the video are correct."
1236-3,"**
No, the method shown in the video is not ineffective for the reason stated. The method does not involve squaring the numbers. Instead, the trick involves removing the trailing zero (dividing by 10) and then multiplying the remaining digit by 2 (doubling it), which is mathematically equivalent to dividing the original number by 5."
1236-7,C
1237-0,"According to the pattern presented in the video, the answer to 9+9 is 63. The pattern shown is a + a = a * x, where 'x' starts at 2 and increases by 1 for each consecutive number (4*2=8, 5*3=15, 6*4=24). Following this sequence, the missing steps would be 7*5=35 and 8*6=48, leading to 9*7=63. An alternative consistent pattern is a + a = a² - (a+a), which also yields 9² - (9+9) = 81 - 18 = 63."
1237-1,"According to the pattern shown in the video, the result of 9 plus 9 is 63. The pattern observed is that the result is obtained by multiplying the first number by a sequentially increasing integer, starting with 2 (4x2=8, 5x3=15, 6x4=24). Following this sequence, the calculation for 9+9 would involve multiplying 9 by 7 (since 7 and 8 were skipped in the sequence), resulting in 9x7=63. Alternatively, the pattern can be described by the formula a * (a-2), which also yields 9 * (9-2) = 63."
1237-2,"Yes, based on the pattern shown in the video, the equation 9 + 9 results in 63. The pattern observed is that the first number in the sum (let's call it 'n') is multiplied by an integer that increases sequentially starting from 2. Following this: 4 is multiplied by 2 (4x2=8), 5 is multiplied by 3 (5x3=15), and 6 is multiplied by 4 (6x4=24). Continuing this sequence, the implied steps would be 7 multiplied by 5 (7x5=35) and 8 multiplied by 6 (8x6=48). Therefore, for 9 + 9, 9 is multiplied by 7, resulting in 63 (9x7=63)."
1237-3,"No, according to the pattern in the video, 9 + 9 does not equal 72. The pattern shown is a * (a - 2): 4 * (4-2) = 8, 5 * (5-2) = 15, and 6 * (6-2) = 24. Following this pattern, 9 + 9 would equal 9 * (9-2), which is 9 * 7 = 63."
1237-7,"**
B"
1239-0,"**
Yes, the method shown in the video is useful for producing the correct calculation results for the multiplication of 19 by integers from 1 to 10. The two-step process (writing odd numbers 1-19 down, then digits 0-9 up) correctly generates the products from 19x1=19 up to 19x10=190."
1239-1,"Yes, the method shown helps in achieving accurate calculation results for the specific task demonstrated. The trick involves first writing the sequence of the first ten odd numbers (1, 3, 5,... 19) downwards, and then writing the digits 0, 1, 2,... 9 upwards next to these numbers, starting from the bottom. This two-step process correctly generates the products for 19 multiplied by integers from 1 to 10."
1239-2,"Yes, the method shown in the video is effective in producing the correct results for the multiplication table of 19 from 1 to 10. The two-step process (writing odd numbers 1-19 down, then digits 9-0 down next to them) correctly generates the sequence of multiples: 19, 38, 57, 76, 95, 114, 133, 152, 171, and 190."
1239-3,"Yes, the method shown in the video produces the correct results for the multiplication table of 19 from 1 to 10. However, its efficiency compared to the ""normal method"" (memorization or standard calculation) depends on the task. This hack is efficient for quickly generating the *entire list* of answers from 19x1 to 19x10 by following a simple two-part pattern. It is less efficient if you only need to find a *single* specific product (e.g., 19 x 6), as standard calculation or memorization would provide that specific answer more directly without needing to generate the preceding or succeeding results in the table."
1239-7,B
1242-0,"The result of the man's magic show was that he successfully amazed and shocked the woman. He achieved this through misdirection; while the woman was distracted holding the dollar bill she thought was the only one involved, he secretly dropped a second dollar bill (hidden behind his ear) onto the table and covered it with the cup, making it seem like the money had magically reappeared under the cup after she took it."
1242-1,"The outcome of the man's magic trick was successful; he managed to completely fool and amaze the woman. He achieved this by using sleight of hand: he secretly had a second rolled-up dollar bill hidden behind his ear, which he dropped onto the table while simultaneously palming the original bill from under the cup. When he lifted the cup again, the second bill was revealed, creating the illusion that the money had reappeared or teleported, leading to the woman's shocked reaction."
1242-2,"**
Yes, the man's magic trick succeeded in surprising the woman. Although she seemed skeptical initially and laughed when she thought she caught him removing the dollar bill, her expression turned to genuine shock and amazement when he lifted the cup the final time to reveal a dollar bill (the one hidden behind his ear) had unexpectedly appeared underneath."
1242-3,"**
No, the man's magic trick did not fail. The trick involved two identical objects (rolled-up dollar bills). While the first dollar bill was visible at the start and was later intentionally revealed in a clumsy manner as misdirection (which the woman caught), this was part of the performance. The actual magic effect was the appearance of the *second* dollar bill (initially hidden behind his ear) under the cup at the very end, which successfully surprised the woman, proving the trick worked as intended."
1242-7,A
1255-0,"**
The man ran underneath the parachute after the color ""Yellow"" was called. This occurred after the therapist had called ""red,"" ""pink,"" and ""orange"" without the man running, and after the therapist alluded to a past childhood experience where the man's color was never called."
1255-1,"The color called that prompted the man to run underneath the parachute was Yellow. This is shown when the therapist calls ""Yellow!"" after reminding the man of a childhood experience where his color wasn't called, and the man immediately reacts with joy and runs under the parachute."
1255-2,"**
Yes, the man did run underneath the parachute after the color ""Yellow"" was called. The therapist called out ""Yellow"" specifically for him, fulfilling the childhood experience he missed, and the man immediately reacted with joy and ran under the parachute."
1255-3,"No, the man did not run underneath the parachute after the color 'Red' was called. He remained in his position holding onto the parachute, watching as another participant ran underneath when 'Red' was announced. The man only ran underneath when 'Yellow' was called later in the video."
1255-7,A
1260-0,"**
The man in white looks surprised because his friend, the man in black, has an immediate and strong negative reaction to the food, presumably because it is extremely hot, while the man in white himself seemed unaffected when he took a bite just moments before. His surprise stems from witnessing his friend's intense discomfort compared to his own experience."
1260-1,"The man in white appears shocked at the conclusion of the video because while he was busy taking and eating a bite of food, the man in black quickly grabbed the entire plate with the remaining food and took it away. When the man in white finished his bite and looked back down to get more food, he was surprised to find the plate completely gone."
1260-2,"Yes, the man in white is surprised because the man in black ate all the food on the plate extremely quickly while he was momentarily distracted looking at his own piece of food. His surprise comes from finding the plate unexpectedly empty."
1260-3,"No, the man in white is not surprised because the food he ate was unexpectedly spicy. He eats the food calmly without any signs of distress. His surprise appears to be directed at his companion (the man in black), who has a very strong negative reaction to the same food, implying it might be very spicy or hot for him, but not for the man in white."
1260-7,B
1261-0,"**
The two men are visible in the reflection because the final photograph is a creative composition. The video shows that for the reflection part of the shot, a separate scene was staged: at dusk/night, with smoke effects, the two men holding flaming torches were positioned near the base of the tree specifically to be reflected in the mirror placed on the ground. The final image combines the scene above the mirror (the woman reading during the day) with the scene reflected *in* the mirror (the tree base at night with the two men holding torches)."
1261-1,"**
The final photograph of the woman reading under the tree is a composite image. The top half shows the woman reading during the day. The bottom half, which appears as the reflection, actually shows a different scene that was staged separately during dusk/night. In the behind-the-scenes footage, we see two men holding torches positioning themselves near the tree base while the photographer aims at the mirror on the ground. Therefore, the presence of the two men in the reflection is because the mirror was used to capture *their* image in that specific dark, fiery setup, and this reflection shot was then combined with the daytime shot of the woman reading to create the final artistic picture. The reflection does not show the woman reading; it shows the separately filmed scene with the two men."
1261-2,"**
Yes, the presence of the two men with fire only in the reflection part of the final photograph featuring the reading woman strongly suggests the image is intentionally shot and edited together. The video shows separate setups – one in brighter light focusing on the woman reading with flying papers, and another in darker light featuring smoke and the two men with fire being reflected. The final image combines the brighter, paper-filled scene for the top half and the darker, fiery reflected scene for the bottom half, an effect that could not be achieved in a single, unedited shot due to the contrasting lighting and elements."
1261-3,"Yes, the reflection of the two men in the scene under the tree is created by using a mirror placed on the ground. The video clearly shows the team placing a large rectangular mirror flat on the ground beneath the tree, and the photographer then captures the reflection of the scene, including the two men holding torches, in that mirror to achieve the final photograph."
1261-7,"**
B"
1262-0,"The girl in the pink top is feeling intense fear and distress after holding the performer's arm. This is shown by her immediate panicked reaction, loud crying, calling for her father, and desperately trying to hold the performer's arm up, indicating she believes she has genuinely broken the ""statue"" and is scared of having done something wrong."
1262-1,"**
The girl in the pink top felt scared and distressed after grabbing the performer's arm. This is evident from her immediate reaction of shock, followed by hysterical crying, yelling ""Daddy!"" for help, and frantically trying to push the performer's arm back up, clearly believing she had broken him."
1262-2,"Yes, the girl in the pink top clearly felt worried and scared after she held the performer's arm. Her immediate reaction was shock, followed by attempts to push the performer's arm back together. She then started crying loudly, called out for her father, and became visibly distressed, indicating she genuinely believed she had broken the ""statue"" and was frightened by what happened."
1262-3,"**
No, the girl in the pink top did not feel curious and amused after she held the performer's arm. Her immediate reaction was one of shock, fear, and distress. She started crying loudly, called for her father, and frantically tried to push the performer's arm back into place, indicating she believed she had actually broken the ""statue"" and was upset by it, not curious or amused."
1262-7,A
1275-0,"**
The winners are the man in the red shirt, the man in the purple shirt, and the man in the beige hoodie. The challenge rule is ""if you spill you lose"". The man in the blue shirt was the one whose turn resulted in the water spilling over the edge of the glass, making him the loser. Therefore, the other three participants who did not spill are the winners."
1275-1,"**
The winner of the challenge is the man in the red shirt. The challenge rule is ""if you spill, you lose"". The man in the blue shirt was the one who added the water that finally caused it to spill over the rim, making him the loser. The man in the red shirt took his turn immediately before the blue shirt guy and successfully added water without spilling, thus making him the last successful player and the winner."
1275-2,"**
Yes, the person in the blue T-shirt lost the challenge while the others won. He lost because his turn adding water caused the glass to overflow and spill, which is the losing condition stated in the video's title (""If you spill you lose""). As the penalty for losing, he had to chug the water. The other three participants did not spill during their turns, so they successfully completed their part of the challenge without losing."
1275-3,"**
No, the person in the blue shirt did not win the challenge. The rule was ""if you spill you lose,"" and the video shows the water spilling over during or immediately after his turn. As a result, he had to drink the entire glass of water as the penalty for losing."
1275-7,A
1276-0,"**
The lemon icons at the top of the video represent the different stages or levels of the Sour Gummy Lemon Challenge being undertaken by the family. Each icon corresponds to a participant and the progressively larger sour gummy lemon they attempt to eat, visually tracking the increasing difficulty and completion of each level of the challenge with checkmarks."
1276-1,"**
The lemon icons displayed at the top of the video represent the different stages or sizes of the sour gummy lemons being eaten in the challenge. As each participant consumes their progressively larger gummy lemon, a checkmark appears on the corresponding icon, serving as a visual tracker to show the progression through the levels of the ""Sour Gummy Lemon Challenge."""
1276-2,"Yes, the lemon icons at the top of the video represent the different sizes of the sour gummy lemons that the participants are challenged with. The icons increase in size from left to right, corresponding directly to the progressively larger gummy lemon slices eaten by each of the four participants in the video. A checkmark appears on each icon as that size level of the challenge is completed."
1276-3,"**
No, the lemon icon at the top of the video does not indicate the level of sourness. The icons represent the different size levels of the gummy lemon being eaten in the challenge, increasing in size from left to right. A checkmark appears on each icon as a participant completes that size level, showing progression through the size challenge, not a change in sourness."
1276-7,D
1278-0,"**
The video does not provide enough information to determine the exact difference in the number of attempts between the first two challenges. The first challenge (plugging in the phone) is stated to have taken ""16 hours"", without specifying the number of attempts. The second challenge (knocking the bottle into the bucket) is stated to have been achieved on the ""First try"", meaning 1 attempt. Because the number of attempts for the first challenge is not given, the difference cannot be calculated."
1278-1,"The video indicates the first challenge (plugging in the phone) took 16 hours, while the second challenge (knocking the bottle into the bucket) was achieved on the ""First try"" (1 attempt). Although the first challenge's label is in hours and the second is in attempts, if we compare the numerical values presented (16 and 1), the difference is 15."
1278-2,"No, the difference in the number of attempts between the first two challenges is not stated to be just one. The video indicates the second challenge was completed on the ""First try"" (1 attempt), but for the first challenge, it states it took ""16 hours"" without specifying the exact number of attempts made during that time. Because the number of attempts for the first challenge is not provided, the difference cannot be confirmed as one."
1278-3,"**
The video does not provide enough information to determine if the difference in the number of attempts between the first two challenges is more than two. The first challenge indicates it took ""16 hours"", but doesn't state the number of attempts, while the second challenge explicitly states ""First try"" (1 attempt). Without knowing the number of attempts for the first challenge, the difference cannot be calculated."
1278-7,E
1283-0,"The boy wearing the red and white uniform with the number 263 runs the fastest. He takes an early lead shortly after the race starts and finishes significantly ahead of all the other runners, crossing the finish line first."
1283-1,"**
Caleb, the boy wearing the red uniform (number 263 visible), is the fastest runner. This is evident as he clearly crosses the finish line well ahead of the other runners, securing first place in the 50-meter dash, which is also confirmed by the video's title and comments."
1283-2,"**
Yes, the child in the red outfit, positioned in the middle lane at the start, is the fastest at the end of the video. They take the lead early in the race and maintain it, clearly crossing the finish line first."
1283-3,"**
No, the child in the green outfit is not the fastest runner at the end of the video. The video clearly shows the child in the red outfit (identified as Caleb) winning the race by a significant margin, making him the fastest runner. The child in green finishes last among the group shown."
1283-7,"**
C"
1288-0,"**
The blond man's emotion at the end of the video is annoyance or exasperation. This is because the woman standing behind him inadvertently revealed the stick that was holding up the towel, exposing his magic trick and ruining his performance. His final look at the camera shows his frustrated reaction to his illusion being broken."
1288-1,"**
The blond man feels annoyed or exasperated at the conclusion of the video because the woman inadvertently ruined his magic trick by revealing the hidden stick he was using to make the towel appear to float."
1288-2,"**
Yes, the blond man acts frustrated or annoyed because the woman behind him revealed how the trick was done, but his reaction appears exaggerated for comedic effect as part of a skit, rather than showing genuine frustration."
1288-3,"**
No, the blond man does not appear playful and energetic at the end of the video. While he was playful *during* his magic trick attempt, his expression turns to annoyance and slight exasperation when the trick is accidentally revealed by the woman, showing he is feeling deflated or frustrated rather than energetic."
1288-7,A
1290-0,"At the end of the video, the man reacts with shock and pain. He lets out a high-pitched ""Ah!"" sound with his mouth wide open after accidentally punching the wall. This happens because the woman pranked him by pulling the pillow away just as he swung to hit it, causing his fist to hit the hard surface unexpectedly."
1290-1,"**
At the conclusion of the video, the man reacts with shock and pain. He lets out a high-pitched ""Ah!"" sound and recoils, his face showing discomfort, because the woman pulled the pillow away just as he swung, causing him to punch the wall directly."
1290-2,"**
Yes, the man at the end clearly shows signs of shock and pain. His eyes widen and his mouth opens in a scream the moment his fist unexpectedly hits the wall instead of the pillow, indicating shock. He lets out a high-pitched yelp (""Ah!"") and immediately pulls his hand back, which are evident signs of pain from the impact."
1290-3,"**
No, the man at the end does not seem amused or entertained. After Sofi pulls the pillow away, he punches the wall directly, and his immediate reaction is a high-pitched cry (""Ah!"") accompanied by a facial expression of clear pain and shock. He appears hurt and startled, not amused or entertained by the outcome."
1290-7,C
1293-0,"In the second scene, the bottle cap did not actually fly. It was suspended in the air using a thin, barely visible string or wire held by an assistant, positioned strategically between the camera lens and the model to create the illusion of it flying for the photograph."
1293-1,"The bottle cap was suspended using a very thin, near-invisible string or wire. A hand held the string, positioning the cap in the desired spot in front of the camera lens while the photo was taken. The string was likely thin enough to be unnoticeable in the final image or was removed during editing, creating the illusion that the cap was flying."
1293-2,"**
Yes, the bottle cap in the second scene was made to look like it was flying by using a thin string (or stiff wire) and clever camera angles. The behind-the-scenes footage clearly shows the bottle cap being suspended on the string very close to the camera lens, which, combined with the camera angle and the distance of the model, creates a forced perspective illusion, making the cap appear large and floating mid-air in the final photograph."
1293-3,"No, the bottle cap did not fly because someone flicked it with their finger. The video shows the bottle cap was suspended in the air using a thin string or wire, which was then quickly pulled upwards and away by a hand to create the illusion of the cap floating or flying just before the photo was taken."
1293-7,D
1294-0,"**
Based on the narrative constructed by the video's editing, the piece of meat appeared on the grill because it fell from the sky, seemingly dropped from the hot air balloon where another chef (CZN Burak) was shown cutting meat in the preceding scene."
1294-1,"**
The piece of meat ended up on the grill because it fell from the hot air balloon shown at the beginning of the video. In the first scene, the chef Czn Burak was cutting the meat high up in the balloon, and the video implies through editing that one of the pieces he cut accidentally dropped and landed on the grill being used by the chef on the ground below."
1294-2,"**
No, based on the narrative presented, the piece of meat (a raw steak) that landed on the grill did not come from the hot air balloon shown at the start. The video shows two separate clips: the first features cured meat being cut in a hot air balloon, and the second features a different chef grilling corn when a raw steak unexpectedly falls onto his grill. The types of meat are different, and there is no narrative link suggesting the steak came directly from the balloon shown earlier; the juxtaposition appears to be for comedic effect, inspired by the first clip."
1294-3,"**
No, based on the narrative, the piece of meat did not appear on the grill because someone placed it there using tongs. The video shows the chef placing corn on the grill with tongs, turning his back, and then the meat falls onto the grill from above while he isn't looking. His subsequent surprised reaction confirms he did not place it there."
1294-7,"**
D"
1298-0,"**
The man's football did not return to him because when he kicked it against the wall, it bounced off at an angle that directed it downwards onto the ground near the wall, rather than rebounding back towards him."
1298-1,"The man's football did bounce off the wall and was returning towards him. However, his son simultaneously kicked his own football, which also hit the wall but then unexpectedly went into a nearby basketball hoop. This surprising trick shot diverted the man's attention, causing him to turn around in shock before his own ball had fully returned to him."
1298-2,"**
No, the man's football did not fail to return because it landed in the blue bucket. The video clearly shows the man kicking his ball first, which missed the target area containing the blue barrel and bounced away. It was the boy's subsequent kick with his own football that resulted in the ball hitting the wall, rebounding, and landing inside the blue barrel."
1298-3,"No, the man's football was not unable to return because a dog intercepted it. There is no dog visible anywhere in the video, and the video focuses on the boy successfully kicking his football into a basketball hoop after it bounces off the ground and wall, surprising the man. The fate of the man's initial kick is not shown, nor is there any suggestion of an attempted return or an interception."
1298-7,B
1299-0,"The elevator door closed because the person inside (Sofi) secretly pressed the 'door close' button repeatedly, despite pretending to hold the door open for the person running towards it."
1299-1,"Sofi caused the elevator door to shut by repeatedly pressing the area on the control panel where the 'close door' button is located, intentionally closing it before Elsa could get in."
1299-2,"**
Yes, the elevator door appears to have closed automatically because the buffer time was up. The girl inside the elevator was only pretending to press the close button by repeatedly hitting the wall next to the actual button panel; she did not press the real button to manually close the door."
1299-3,"**
Yes, the elevator door closed because the person inside (Sofi) pressed the button to close it. Although she pretended to be pressing other buttons or trying to hold the door, her reflection in the mirrored wall clearly shows her repeatedly pushing the ""door close"" button."
1299-7,B
1307-0,"**
Past the ramp, the forward distance between the two tires increases. This indicates that the leading tire (the one the drone flies through) is traveling at a higher speed than the trailing tire during that section of the descent."
1307-1,"**
After passing the ramp, the speed difference between the two tires appears to increase slightly. Initially, they roll nearly side-by-side at very similar speeds, but the left tire (the one the drone flies through) gradually pulls slightly ahead, indicating it gained a slightly higher speed than the right tire during this phase."
1307-2,"**
No, the tire initially lagging behind does not surpass the leading tire after they pass the ramp location. While the drone focuses on and flies through the initially lagging tire, visual evidence shows the other tire remains slightly ahead or level with it throughout their descent after the ramp."
1307-3,"**
No, the tire that takes the lead at the start does not remain in the lead all the time. Although the left tire initially appears slightly ahead, the right tire quickly catches up, overtakes it, and maintains the lead for the rest of the descent shown, ultimately being the tire the drone flies through."
1307-7,E
1308-0,The speed of the black missile appears to remain constant throughout its appearance in the animation. It enters the scene moving quickly and maintains that speed as it overtakes the bullet before exiting the frame.
1308-1,"**
Throughout the animation sequence where the black missile is visible, its speed appears to remain constant. It enters the frame already travelling at high speed, overtakes the bullet, and exits the frame without any visual indication of accelerating or decelerating."
1308-2,"**
No, the black missile in the animation does not decelerate to match the bullet's speed. It appears on screen already traveling much faster than the bullet and continues to move rapidly past it without any visible decrease in speed."
1308-3,"Yes, the speed of the black missile in the animation appears to keep increasing. The animation shows it starting alongside the bullet and then rapidly accelerating to overtake it and move far ahead, indicating an increase in speed during its time on screen."
1308-7,A
1310-0,"**
Michiel used lesser time in completing the game. He finished placing all six balls into his ring while Celine was still retrieving her final ball, demonstrating he completed the challenge faster."
1310-1,Michiel finished the game in the shortest amount of time. He successfully placed his sixth and final ball into his designated ring just before Celine could place hers.
1310-2,"**
Yes, Michiel completed the game faster than Celine. The video shows Michiel placing his sixth and final ball into his hoop while Celine is still running back to place her final ball into her hoop."
1310-3,"**
No, Celine did not finish the game faster. The video clearly shows Michiel placing his sixth and final ball into the hoop just before Celine places hers. The soccer ball icons above their names served as counters, indicating how many balls each person had successfully retrieved and placed in their hoop. Both finished the challenge by collecting all six balls, resulting in both having six icons above their names at the end, but Michiel completed the task in less time."
1310-7,B
1312-0,"**
Yes, the treadmill is running while the person in the video is simulating sleeping. This is evident because the man, along with his pillow and blanket, is continuously sliding backward on the treadmill belt, and he has to actively pull himself forward to stay on."
1312-1,"**
Yes, the treadmill was active while the person was trying to sleep. This is evident because the person, along with the pillow and blanket, is seen slowly moving backward on the treadmill belt, requiring him to periodically reposition himself forward to stay on."
1312-2,"**
Yes, the person in the video had to crawl forward to avoid falling off the treadmill while simulating sleep. The treadmill belt was running, continuously pulling their body backward, forcing them to repeatedly shuffle and push forward under the blanket to stay on the machine."
1312-3,"**
No, the treadmill belt was not stationary while the person was sleeping. The video clearly shows the person, along with the pillow and blanket, continuously sliding backward on the treadmill deck, requiring him to repeatedly pull himself forward to stay on, indicating the belt was moving."
1312-7,C
1318-0,"At the end of the video, the daughter appears unamused and possibly exasperated or resigned. Her expression lacks any hint of amusement; instead, she watches her father's loud and exaggerated cat impersonation with a weary, unsmiling look, suggesting she is patiently enduring his performance rather than being entertained or persuaded by it."
1318-1,"At the conclusion of the video, the daughter appears unimpressed and resigned. This is shown by her neutral facial expression and her reaction to her father's loud meowing, where she briefly closes her eyes and turns her head slightly away, indicating she is not amused by his elaborate cat impersonation."
1318-2,"**
Yes, the daughter seems speechless at the end, but likely out of exasperation or weariness rather than shock or amazement. Her silent, slightly annoyed expression and averted gaze suggest she is unimpressed and perhaps tired of her father's over-the-top and loud cat impersonation used to make his point."
1318-3,"**
No, the daughter does not appear amused and entertained by her father's antics at the end. Her facial expression is neutral to slightly unimpressed or weary, and she is not smiling or laughing while watching his exaggerated cat impersonation."
1318-7,C
1321-0,"The girl in braids appears to be happy or pleased at the end of the video. This is evident from her clear smile and wide, engaged eyes as she looks towards the person filming."
1321-1,The girl with braids feels happy and engaged at the conclusion of the video. This is evident from the gentle smile on her face and her attentive gaze directed towards the event happening off-camera.
1321-2,"No, the girl with braids does not appear to be feeling dazed and confused by the actions of the man next to her at the end of the video. She maintains a smile throughout and her slightly widened eyes at the end seem to reflect mild surprise or interest in the external event they are both watching, rather than confusion caused by the man's behaviour."
1321-3,"Yes, the girl with braids appears happy at the end of the video. She is looking towards the event with a slight smile on her face, appearing engaged and content with what she is watching."
1321-7,A
1324-0,"**
At the end of the video, the man's mood is one of shock, surprise, and slight horror. The woman's mood is also primarily shock, potentially mixed with amusement and relief. This shared sentiment is caused by the sudden realization that the man, who had been automatically splitting objects handed to him without looking, was about to do the same to their live dog, which the woman had handed him as the final item. His autopilot focus was broken when he registered he was holding the animal, leading to his startled reaction and their shared shock at the near-miss and the absurdity of the situation."
1324-1,"**
At the conclusion of the video, both the man and the woman feel shocked and alarmed. These emotions are caused by the man's sudden realization that he was automatically about to split their small dog in half, having been handed it by the woman immediately after splitting several inanimate objects in the same manner without looking."
1324-2,"**
Yes, both the man and the woman experience shock at the end of the video. The man looks visibly shocked when he realizes he is holding the dog and was about to split it like the previous inanimate objects. The woman shows shock through her gasp/yell and alarmed facial expression as she quickly intervenes to stop him. Their shock is a direct result of the man's distracted actions nearly harming the dog. However, while clear shock and alarm are present, the video ends too abruptly to definitively show remorse, which involves a deeper sense of guilt or regret."
1324-3,"**
No, the man and woman do not appear to be in a light-hearted and playful mood at the very end of the video. Their interaction with the fluffy white dog culminates in expressions of shock and surprise from both individuals when the man realizes he almost tried to split the dog in half. While the overall scenario of the video is comedic, their specific facial expressions in the final moments convey surprise and alarm rather than light-hearted playfulness."
1324-7,C
1329-0,"**
The woman's mood at the end of the video is playfully annoyed or exasperated. When she realizes her partner has used her yoga pose to stage a funny prank where she appears to be bowing to him, she immediately gets up and chases him. This chase, combined with the man's startled but amused reaction as he runs away and the overall humorous context of the video (indicated by the title and comments), suggests her annoyance is mock or lighthearted, turning into a playful interaction rather than genuine anger."
1329-1,"**
At the conclusion of the video, the woman appears playfully annoyed or exasperated. This mood is caused by her discovering the prank her partner played on her; while she was holding a Child's Pose in yoga, he sat down opposite her like a king accepting her bow, interrupting her activity for his joke, which prompted her to chase him playfully."
1329-2,"The woman's mood at the end does not primarily reflect frustration or anger. While she might be momentarily surprised or slightly annoyed by the interruption, her immediate action of getting up and chasing the man, combined with his quick, laughing retreat and the overall humorous framing of the video (title, music, comments), suggests her reaction is one of playful exasperation or retaliation within a lighthearted dynamic, rather than genuine anger."
1329-3,"No, the woman's mood at the very end of the video is not one of confusion and curiosity stemming from a failure to understand the man's action. While she appears briefly confused when she first lifts her head, she quickly understands that the man is playfully pretending she is bowing to him. Her immediate reaction of lunging at him and chasing him indicates she understood the prank and reacted with playful annoyance or mock anger, not sustained confusion."
1329-7,D
1344-0,"The child smiles after the injection because the pain or shock experienced was very brief. After a short burst of intense crying, the baby quickly realizes that the discomfort has stopped or wasn't as severe as the initial reaction, leading to a rapid shift from distress to a broad, happy smile."
1344-1,"**
The child smiles after receiving the injection because the pain appears to have subsided very quickly. Following a brief period of intense crying, the baby stops, seems to process the experience (with on-screen text suggesting thoughts like ""Is that all?"" and ""It didn't hurt that much""), and realizes the unpleasant sensation is gone or wasn't as severe as initially felt. This rapid transition from distress to relief triggers a sudden shift in emotion, resulting in the wide smile and happy bouncing."
1344-2,"No, the smile doesn't appear to be a direct reaction solely because the pain subsided the instant the needle was removed. Although the sharp pain stops with the needle's removal, the baby continues to cry intensely for several seconds afterward. The crying then stops abruptly, followed by a moment of apparent confusion or realization, before the baby breaks into a wide smile. This suggests the smile is part of a rapid emotional recovery and processing of the event being over, rather than an immediate response purely to the cessation of physical pain."
1344-3,"No, the child's smile after the injection does not appear to be directly due to being comforted by the person holding them *at that specific moment*. The video shows the baby crying intensely, then stopping relatively quickly on their own, looking briefly confused, and then spontaneously breaking into a wide smile after looking up at the adult. The adult's smiling and bouncing reaction seems to occur *in response* to the baby's smile, rather than being the action that caused the crying to stop and the smile to begin. The baby's rapid emotional shift seems more related to their own processing of the event and relief that the pain subsided quickly."
1344-7,C
