qid,pred
0008-0,"The first two people use tools to open the bottle, while the last person uses their finger."
0008-1,The last person in the video differs from the other individuals because he breaks the bottle with his bare hand after failing to open it with a chopstick. The other individuals successfully open the bottle using tools or other objects without breaking it.
0008-2,"Yes, the last person opened the bottle without using a knife. They used their hand."
0008-3,"No, the last person in the video opened the bottle with his finger. The first person opened the bottle with a bottle opener, and the second person failed to open the bottle."
0008-7,D
0012-0,
0012-1,
0012-2,
0012-3,
0012-7,
0016-0,The person is facing both sides.
0016-1,"The person appears to be looking both forward and to the side, depending on how you look at the image."
0016-2,"The person appears to face both sideways and forward due to the nature of the optical illusion, which is created by the specific arrangement of shapes and lines in the image. It's not necessarily due to photo editing in the sense of combining two separate images, but rather a deliberate design to trick the brain."
0016-3,"No, the person is not facing forward because of the symmetry of the shoulders. The illusion is created by the way the facial features are drawn."
0016-7,B
0036-0,"The machine can cut the zucchini so thinly because the blade is actually moving very fast. The camera's frame rate is synced with the speed of the blade, making it appear to move slowly."
0036-1,"The blade is actually spinning very fast, but the camera's frame rate is synced with the blade's rotation speed. This creates the illusion that the blade is moving slowly, when in reality it is moving fast enough to slice the zucchini thinly."
0036-2,"Yes, the blades are spinning at a high speed, and the camera's frame rate creates a stroboscopic effect. The high speed of the blade is what allows it to cut the zucchini so thinly."
0036-3,"No, the machine is able to cut the zucchini thinly because of the high speed of the blade. The camera's frame rate makes it appear slow, but it is actually moving very fast."
0036-7,A
0037-0,The entire video has been artificially edited to create the glitch effects.
0037-1,The video shows 6 sections of artificial editing.
0037-2,"Yes, the video is edited in multiple parts to create the effect of video game glitches. The creator performs actions that are not physically possible, which is achieved through editing."
0037-3,"No, the video is not edited only in one part. The editing is done throughout the video to create the glitch effects."
0037-7,A
0038-0,The bottle was already open.
0038-1,"The bottle was already open. This is implied by a comment that states if you look closely, you can see that the bottle was already open."
0038-2,"Yes, the last person successfully broke the bottle."
0038-3,"No, the last person did not use a lighter. He used his hand to snap the top of the bottle off."
0038-7,C
0064-0,"The room went dark because the stick figure character closed the door, which also turned off the light."
0064-1,The room became dark because the light bulb broke when the stick figure character shut the door.
0064-2,"No, the room went dark because the stick figure character turned off the light switch. The lamp fell after the character closed the bedroom door."
0064-3,"Yes, the room went dark because the stick figure character accidentally hit the light switch when closing the door."
0064-7,A
0070-0,The person in the video poured the water twice. The video shows two separate attempts to pour water from one mug to another.
0070-1,The person pours water twice in the video.
0070-2,"Yes, the person in the video poured the water twice. The video clearly shows the person pouring water from the green mug into the black mug on two separate occasions."
0070-3,"No, the person in the video poured the water twice."
0070-7,D
0080-0,"The purpose of beating the balloon is to mix the baking soda and vinegar together to create a chemical reaction that produces carbon dioxide, thus inflating the balloon."
0080-1,"The balloon is hit to mix the baking soda and vinegar together. This creates a chemical reaction that produces carbon dioxide, which inflates the balloon."
0080-2,"No, the purpose of hitting the balloon is not necessarily to create a fun and interactive toy. Based on the comments, the punching is done for comedic effect."
0080-3,"No, the purpose of hitting the balloon is not explicitly to make it pop loudly. The punching seems to be more for comedic effect."
0080-7,A
0081-0,The man puts his hand on his face because he is trying to hide his smile.
0081-1,The man covers his face with his hand because he seems shy or embarrassed by the woman's dancing.
0081-2,"Yes, the man covered his face to transfer the cat face filter to the girl next to him."
0081-3,"No, the man puts his hand on his face, but it is not part of a synchronized dance move."
0081-7,D
0083-0,"The video wants to show how an Asian mother's initial disapproval of a pet gradually turns into affection and acceptance, despite her initial complaints and threats. The daughter entering the room multiple times highlights the changing dynamic between the mother and the dog, from rejection to secret care to eventual endearment."
0083-1,The daughter's repeated entries into the room convey that the mother's initial rejection of the dog is insincere. She wants to catch her mother's true feelings for the dog when she thinks no one is watching.
0083-2,"Yes, the daughter is trying to uncover her mother's true feelings about the pet dog by entering the room multiple times. She is reacting to what she hears her mother saying or doing."
0083-3,"Yes, the video shows the daughter repeatedly entering the room to announce the pet dog, highlighting cultural differences."
0083-7,D
0099-0,There is one zoomed-in close-up in the video at 0:09.
0099-1,There are two zoomed-in close-ups in the video.
0099-2,"Yes, there are two zoomed-in close-ups in the video, focusing on the geometric pattern."
0099-3,"No, the video contains 11 zoomed-in close-ups of the geometric pattern, not 10."
0099-7,A
0101-0,"The man teleports behind the bookshelf, inside the couch, inside the box, and finally behind the blanket."
0101-1,"1. Bookshelf
2. Couch
3. Cardboard box
4. Behind the dog covered with a blanket"
0101-2,"Yes, the man appears to teleport to the bookshelf, couch, cardboard box, and then back under the blanket in the video."
0101-3,"No, the man first teleports to the bookshelf, then to the couch, then to the cardboard box, and finally returns to under the blanket."
0101-7,A
0113-0,There are two buildings demolished in the video. One is a building implosion and the other is a water tower demolition.
0113-1,"The video shows 3 buildings being taken down: a high-rise building, a partially constructed building, and a water tower."
0113-2,"Yes, two buildings are demolished in the video. One is a high-rise building that is imploded, and the other is a concrete tower that is pulled down."
0113-3,"No, more than one building is demolished in the video. There is a tall building, a concrete tower, and a water tower being demolished."
0113-7,B
0117-0,There are zero toy cars shown in the video. The video shows real cars being driven.
0117-1,There are two toy cars visible in the video.
0117-2,"Yes, there are two toy cars shown in the video clip. They appear at the beginning of the ""boys driving"" section."
0117-3,"Yes, there are three toy cars shown in the video clip."
0117-7,D
0118-0,"At the beginning of the video, the person pushes the bottle with their hand, causing it to fall."
0118-1,"The person tapped the bottles, causing them to fall."
0118-2,"No, the bottles were not released on a slope. They were released on a flat surface."
0118-3,"Yes, the person pushed the bottles with their hand to make them fall."
0118-7,A
0127-0,The video shows 6 watches. Each watch has a unique design.
0127-1,The video displays 5 watches.
0127-2,"Yes, there are four watches shown in the video. The watches are red, gold, red, and green."
0127-3,"Yes, there are five watches shown in the video."
0127-7,B
0129-0,"Two men appear in the video. One is holding the string of the balloon, and the other is taking a photo."
0129-1,The number of male figures shown in the video is 2. They are shown helping her with the balloon and avocado photos.
0129-2,"No, there are two men in the video."
0129-3,"Yes, there are two men in the video. One man is holding the string of the balloon, and another man is taking a picture."
0129-7,C
0133-0,
0133-1,
0133-2,
0133-3,
0133-7,
0142-0,"The purpose of the white tape is to mark the starting point of the cleaning process, allowing the person to track the progress and ensure that the entire handrail is cleaned."
0142-1,The character in costume places a small piece of white tape on the handrail to mark the starting point of the cleaning process.
0142-2,The purpose of the tape is to mark the starting point to see if the handrail has made a complete rotation.
0142-3,The video does not explicitly state that the tape is attached to attract dust.
0142-7,C
0146-0,The color of the car changes 4 times in the video.
0146-1,"The car's color shifts three times in the video. It changes from light blue to grey, then to green, and finally to red."
0146-2,"Yes, the car in the video changes color four times, starting with black."
0146-3,"No, the car in the video changes color three times, starting with light blue, then to purple/grey, then to green, and finally to red."
0146-7,B
0151-0,The person holding the potato is wearing a red shirt.
0151-1,The person holding the potato is wearing a red long-sleeved shirt.
0151-2,"Yes, the person holding the potato is wearing a red coat and has long brown hair."
0151-3,"No, the person holding the potato is wearing a red shirt and no cap."
0151-7,B
0152-0,"In the video, blue rubber bands are used to fix the position of the pages."
0152-1,Blue rubber bands are used to secure the pages in place.
0152-2,"No, the tool used to fix the pages in the video are blue rubber bands, not a retainer."
0152-3,"Yes, the tool used to fix the pages in the video is a rubber band. This is evident from the visual of the blue bands holding the folded pages in place."
0152-7,B
0154-0,
0154-1,
0154-2,
0154-3,
0154-7,
0162-0,The golfer successfully hits the target 1 time.
0162-1,The golfer successfully hits 3 targets in the video.
0162-2,"No, the golfer hits the target more than once in the video."
0162-3,"No, the golfer manages to hit the target 11 times in the video."
0162-7,A
0167-0,"The woman is surprised because the man performs a magic trick where he appears to break a pencil with his fists, but then reveals the pencil is still whole."
0167-1,The woman is astonished because the pencil appears to break and then reappear whole again.
0167-2,"No, the woman is surprised because the pencil is broken after she attempts to break it."
0167-3,"Yes, the woman is surprised that the man has managed to break a pencil with his hand."
0167-7,B
0169-0,The woman pours juice into the mold 2 times in the video.
0169-1,The woman fills the mold with juice twice in the video.
0169-2,"No, the woman does not pour juice into the mold twice in the video. She pours different colored juices into different molds."
0169-3,"No, the woman pours juice into the mold twice in the video."
0169-7,C
0179-0,
0179-1,
0179-2,
0179-3,
0179-7,
0198-0,"There are 11 photos labeled as ""Old me"" in the video."
0198-1,There are 12 photos labeled 'old me' shown in the video.
0198-2,"Yes, there are 12 photos labeled 'old me' in the video."
0198-3,"Yes, the video includes a photo of 'old me' reading a book at a desk twice. It appears at 0:00 and 0:01."
0198-7,B
0217-0,The time lapse of the capillary action demonstration lasts for 6 seconds.
0217-1,The exact duration of the capillary action demonstration in real time as shown in the video is 1 minute and 20 seconds. The video is sped up by 8x.
0217-2,"No, the time lapse of the capillary action demonstration did not last one hour and fifteen minutes according to the clock in the video. The clock starts at 11:00 and ends at 12:00, indicating a one-hour time lapse."
0217-3,"Yes, the time lapse of the capillary action demonstration lasted approximately 2 hours as indicated by the clock in the video."
0217-7,E
0242-0,The two orange cats jumped away because the person in the red hat made a loud noise by clapping their hands.
0242-1,"The two orange cats leaped away because the person wearing a red hat clapped their hands loudly, startling them."
0242-2,"Yes, the two orange cats jumped away because the person in the red hat used a party blower."
0242-3,"No, the two cats jumped away because they were startled by a loud noise, not a toy snake."
0242-7,D
0248-0,The person in the foreground is painting or adding details to the face of the person in the background.
0248-1,"The person in the foreground is engaged in painting or drawing a hyperrealistic portrait, as evidenced by the use of a fine brush to add details to the face."
0248-2,"Yes, the person in the foreground is painting a hyperrealistic image of a wet-haired woman. The video description and the level of detail in the painting support this conclusion."
0248-3,"No, the person is not under running water. The water droplets are part of a hyperrealistic painting being created."
0248-7,B
0251-0,"The ball falls off the disc because the figures are constantly moving and tilting the table, causing the ball to roll off the edge."
0251-1,"The ball falls off the disc because one of the figures lifts itself up to try to claim the head, causing the table to tilt."
0251-2,"No, the ball did not fall off because it was thrown and inertia carried it to the edge. The ball rolls off the edge because the figures supporting the table tilt it when they try to claim the ball."
0251-3,"Yes, the ball falls off the disc because the disc tilts when one of the figures tries to claim the head, causing it to roll off due to gravity."
0251-7,D
0256-0,The ping-pong ball bounces 13 times on the stairs.
0256-1,The ping-pong ball bounces 14 times.
0256-2,"No, the ping-pong ball bounces 13 times on the ground before entering the cup."
0256-3,"No, the ping-pong ball does not bounce 15 times on the ground as it descends the stairs. It bounces approximately 12 times."
0256-7,D
0259-0,The man used his right hand to throw his hat.
0259-1,The man discards his hat with his right hand.
0259-2,"No, the man used his right hand to throw his hat after failing to score."
0259-3,"Yes, the man used his right hand to throw his hat."
0259-7,D
0266-0,The yellow rubber band is fully looped around the right thumb.
0266-1,The yellow rubber band is completely wrapped around the left thumb.
0266-2,"Yes, the yellow rubber band is fully looped around the left thumb."
0266-3,"Yes, the yellow rubber band is fully looped around the right thumb."
0266-7,B
0267-0,The first person in the video is hanging from a white bar.
0267-1,The first person in the video is hanging from a white bar.
0267-2,"Yes, the person in the video is creating an illusion by laying on the basketball court. The shadow and the angle of the shot make it appear as if they are hanging."
0267-3,The person in the first clip is jumping. They are propelling themselves off the ground using their feet.
0267-7,C
0273-0,The white color is facing up after solving the Rubik's Cube.
0273-1,The color on the top face of the Rubik's Cube after it is solved is white.
0273-2,"Yes, the top color of the solved Rubik's Cube is white."
0273-3,"Yes, the top color of the solved Rubik's Cube is yellow."
0273-7,A
0274-0,There are 5 people in total. This includes Baekhyun and his 4 backup dancers.
0274-1,There are 6 individuals visible in the video. There is one main dancer and five backup dancers.
0274-2,"No, the total number of people in the video is six. There is Baekhyun and five other dancers."
0274-3,"No, the total number of people in the video is five, based on the visible individuals in the frames."
0274-7,A
0276-0,"Yes, video editing is used. This is evidenced by the pencil appearing to go under the cube, which is not possible without editing."
0276-1,"The illusion is created through video editing and swapping out the paper. The pencil goes off-screen, and the paper is swapped to create the effect of the pencil passing under the cube. The cube is mounted on a frame hidden by the paper drawing."
0276-2,"Yes, the illusion likely relies on video editing effects like masking. This is suggested by comments pointing out the impossibility of the pencil passing under the cube without editing."
0276-3,"No, the illusion is not created solely through skillful drawing and perspective. Video editing is used to enhance the effect, particularly to create the illusion of the pencil going under the cube."
0276-7,B
0278-0,The writing on the paper in the video is red.
0278-1,The text written on the paper in the video is red.
0278-2,"No, the writing on the paper in the video is red."
0278-3,The writing on the paper in the video is red.
0278-7,C
0288-0,The knife used by the woman at timestamp 0:57 is not easy to use.
0288-1,The knife used to cut the bone is difficult to use. The man struggles to cut the bone with the knife.
0288-2,"Yes, the knife with the darker black steel part is the one that is not easy to use, as indicated when the man says ""We have a problem"" while the woman is using it."
0288-3,"Yes, the lighter silver steel knife is the one that is not easy to use. The man says, ""We have a problem. Take my knife"" after the woman struggles to slice the meat with it."
0288-7,C
0291-0,The electricity discharged from the device caused the rotational movement of the metal rod.
0291-1,"The rotational movement of the metal rod is initiated by the electrical discharge from the device. The continued rotation is sustained by the ongoing electrical discharge, which creates a force that propels the rod around the central axis."
0291-2,"Yes, the initial rotation of the metal rod started because a human plucked it."
0291-3,"Yes, the rotational movement of the metal rod was caused solely by the interaction between the electric field and the metal rod. The electrical discharges from the device interact with the metal rod, causing it to spin."
0291-7,B
0292-0,There is at least one vehicle behind the bus. The video shows a red car behind the bus.
0292-1,One vehicle is following the bus. This is a red car that can be seen after the bus passes.
0292-2,"No, there is at least one other vehicle behind the bus. A red car is seen passing by after the bus."
0292-3,"Yes, there are two vehicles following the bus, as evidenced by the two distinct sets of headlight trails in the final image."
0292-7,A
0295-0,"The person holding the yellow bag tries two methods. First, they try to pour the contents into the bottle with the lid on. When that doesn't work, they remove the lid and try again."
0295-1,"The person with the yellow bag attempted two techniques. First, they tried pouring the contents into the bottle with the lid on. Second, they removed the lid and tried again."
0295-2,"Yes, the person with the yellow bag tried two methods. First, they tried pouring the contents with the lid on the bottle, and then they removed the lid and tried again."
0295-3,"No, the person with the yellow bag tried two methods to pour the contents. First, they tried to pour the contents directly into the bottle, and second, they removed the cap of the bottle and tried to pour the contents."
0295-7,B
0296-0,The man doesn't catch the blue pants on his first attempt because they are a visual effect added in post-production and not physically present.
0296-1,The man misses catching the blue pants because they shrink in the wash.
0296-2,"Yes, the reason the man misses the blue pants on his first attempt is due to a visual illusion created by the camera angle and the placement of the clothesline."
0296-3,"Yes, the reason the man doesn't catch the blue pants on his first attempt is because they are a flat, painted object used for a perspective illusion."
0296-7,D
0303-0,The man stops cycling by dismounting the bike.
0303-1,The man dismounts the bike.
0303-2,"No, the man does not crash into a cushion. He jumps off his bike and lands on his feet before running off the cushion."
0303-3,"Yes, the man stops cycling by dismounting and walking away."
0303-7,B
0304-0,One. The person initially writes on one piece of paper.
0304-1,The person starts writing on one sheet of paper.
0304-2,"Yes, the person was writing on two layers of paper. The person in the video asks why the writer is writing on two different pieces of paper."
0304-3,"No, the person is writing on two different pieces of paper."
0304-7,A
0308-0,The first military aircraft is taking off from an aircraft carrier.
0308-1,The initial military aircraft is attempting to land on an aircraft carrier.
0308-2,"Yes, the first military aircraft is trying to land on an aircraft carrier but initially failing."
0308-3,"Yes, the first military aircraft is taking off from the aircraft carrier."
0308-7,A
0313-0,The products occupy 9 compartments on the shelf.
0313-1,There are 9 sections filled with products by the end of the video.
0313-2,"Yes, the products occupy 9 compartments on the shelf at the end of the video."
0313-3,"Yes, the products occupy 10 compartments on the shelf at the end of the video."
0313-7,A
0319-0,"At the end of the video, the ball is located at the bottom of the diagram, following the path labeled 'C'."
0319-1,"The final position of the ball is along path C, which is a straight line tangent to the circle at the point where the ring is open."
0319-2,"Yes, the ball ends its motion at position C and then be put back into the circular wooden piece by the person at the end of the video."
0319-3,"No, the ball ends up at position C at the end of the video."
0319-7,D
0320-0,The last jump is a backflip off of a bar.
0320-1,The last person uses a backflip to jump.
0320-2,"No, the last person in the video does not stand on a pole to jump onto the tire. He jumps directly from the bar onto the tire."
0320-3,"Yes, the last person performs a parkour move to jump over a fence."
0320-7,C
0321-0,"The group of people are playing rock, paper, scissors."
0321-1,The group is participating in a game or activity that involves hand gestures.
0321-2,"Yes, the people in the group are filming a video with a hand gesture choreography."
0321-3,"Yes, the people in the group are playing a game of rock, paper, scissors. At the beginning of the video, all the hands are in a fist, which is the rock position. Then, some of the hands change to the paper position."
0321-7,A
0325-0,The rider flips and jumps in the air 4 times.
0325-1,"The rider performs 5 flips and jumps. These include a double tail whip, a 360, a backflip barspin, a tailwhip, and a cashroll tailwhip."
0325-2,"No, the rider does not flip and jump eight times while crossing the obstacles. The rider performs five flips."
0325-3,"No, the rider flips and jumps four times while crossing the obstacles."
0325-7,E
0334-0,The scenes at [00:00:11] and [00:00:13] are not taken in real life. They are digital illustrations.
0334-1,"The parts of the video that are not depicting real-life scenes are:
- The scene with the man walking on a path created by an eraser. This is because the path is digitally created.
- The scene with the whisk and birds. This is because the birds are digitally added inside the whisk."
0334-2,"Yes, the scene with the pencil erasing the road is likely a digitally created image."
0334-3,"The scene in the seventh part of the video is real, but the perspective is manipulated to create an optical illusion."
0334-7,D
0340-0,"There are 5 drainage channels in the video. Four are outlet holes in the middle of the dam, and one is a flood discharge channel on the right side of the dam."
0340-1,There are a total of 5 drainage channels. The dam has 4 drainage channels in the middle and 1 spillway channel on the side.
0340-2,"Yes, it is true that there are four drainage channels visible in the video. At [00:00:15-00:00:18], the man builds a section with three hollow bricks that create four openings."
0340-3,"Yes, there are five drainage channels shown in the video. At [00:00:36], he constructs a 45-degree inclined spillway platform with five channels."
0340-7,A
0357-0,The man in the white T-shirt seems surprised and amused by the eggplant.
0357-1,The man in the white T-shirt is surprised and laughs when he pulls out the cucumber.
0357-2,"No, the man in the white T-shirt laughs as he takes out his things."
0357-3,"Yes, the man in the white T-shirt seemed satisfied and happy when he took out the cucumber."
0357-7,C
0358-0,
0358-1,
0358-2,
0358-3,
0358-7,
0368-0,"The man showed 10 scenarios between the adult and the toddler. The scenarios are eating a snack, asking to do something, napping, when someone is showering, eating breakfast, watching a show, cleaning up, right after baby falls asleep, giving something, and playing with toys."
0368-1,The man demonstrated 10 different scenarios between the adult and the toddler.
0368-2,"Yes, the man showed ten scenarios between the adult and the toddler."
0368-3,"No, the man showed ten scenarios between the adult and the toddler."
0368-7,A
0370-0,Three girls are holding swords at the beginning of the video.
0370-1,Three girls are seen with swords at the start of the video. They are in the front row.
0370-2,"No, there are three girls holding swords at the beginning of the video."
0370-3,"Yes, there are only three girls holding swords at the beginning of the video."
0370-7,A
0372-0,"At the end of the video, the girl is hanging on the basketball net."
0372-1,"At the conclusion of the video, the girl is hanging on the basketball net."
0372-2,"Yes, the girl pretends to dunk the basketball by hanging on the basket at the end of the video."
0372-3,"No, the girl does not actually dunk the basketball into the hoop at the end of the video. She is hanging on the net."
0372-7,D
0374-0,A balloon was used to perform the magic trick in the first part of the video. The magician appears to swallow a coin and then pulls it out of an inflated balloon.
0374-1,"The magician swallowed a coin, blew up a balloon, and then shook the balloon to show the coin was inside."
0374-2,"Yes, the magic trick in the first part of the video involved using a balloon and tying a knot."
0374-3,"The magic trick in the first part of the video was performed by inserting an object into the balloon. The magician puts a small, yellow, circular object into his mouth and then seemingly blows it into the balloon."
0374-7,B
0377-0,The man sitting next to the woman has his hand on her shoulder.
0377-1,The hand belongs to the man sitting next to her on the bench.
0377-2,"No, the hand on the woman's shoulder is from the man sitting next to her, not the man behind her."
0377-3,"Yes, the hand on the woman's shoulder in the second part of the video is from the person sitting next to her."
0377-7,B
0410-0,"After the sixth cotton candy is dissolved, the seventh cotton candy is dissolved and a small amount of money is found."
0410-1,"After the sixth cotton candy dissolves in the water, money is revealed."
0410-2,"No, the man finds a small, silver object in the bowl."
0410-3,"Yes, after the sixth cotton candy dissolves, money is revealed in the bowl."
0410-7,D
0416-0,The man performing the trick was surprised because the other man secretly took the egg from his hand when he covered it with the cup.
0416-1,The man performing the trick was taken aback when he opened his hand and the egg had disappeared.
0416-2,"Yes, the man was surprised because the ball disappeared from his hand after he made a magical gesture."
0416-3,"Yes, the man was surprised because the egg he showed under the cup disappeared."
0416-7,D
0417-0,"The person on the left is trying hard not to laugh because the soldier on the right stumbled while holding the flag, creating a funny moment."
0417-1,"The person on the left is trying hard not to laugh because the soldier on the right is kicking his leg out while holding the flag, which is unusual and funny."
0417-2,"No, the person on the left is trying not to laugh because of something funny that happened."
0417-3,"No, the person on the left is trying not to laugh because of the funny situation."
0417-7,C
0420-0,"Yes, the cat won the ""which hand"" guessing game. The comments indicate that the cat was carefully analyzing the hand movements and thinking before making its choice, implying it made the correct decision."
0420-1,"Yes, the cat succeeded in the 'which hand' game. The comments suggest that the cat was successful due to its intelligence, focus, and ability to analyze the hand movements."
0420-2,"Yes, the cat won the game by choosing the hand that held the object."
0420-3,"No, the cat did not lose the game. It successfully chose the hand with the treat."
0420-7,A
0427-0,The man uses editing to make it seem like he is pulling a watermelon out of a mirror and cutting it.
0427-1,The man used editing to make it appear as though he was pulling watermelons out of the mirror. The reflection in the mirror does not show the watermelon in his hands.
0427-2,"Yes, video editing was used. The reflection in the mirror doesn't show him holding the watermelon when he picks it up, indicating a visual effect."
0427-3,"No, the trick was likely achieved through editing, as evidenced by the disappearing watermelon in the mirror reflection and other visual anomalies."
0427-7,D
0430-0,The damage of the phone is caused by unstable electric voltage from the hand crank charger.
0430-1,"The phone appeared damaged because it exploded due to being charged with a hand-crank charger that rapidly increased the charging percentage to 10,000%."
0430-2,It is likely that the phone damage was a result of video editing effects.
0430-3,"Yes, the phone was damaged because it was overcharged with a hand-crank charger."
0430-7,B
0432-0,The last few targets are launched by the woman standing next to the man.
0432-1,The last few targets in the video are launched clay targets.
0432-2,"Yes, the last few targets in the video are bullet casings thrown by the man."
0432-3,"Yes, the last targets in the video were thrown by someone next to the shooter."
0432-7,A
0435-0,The man makes one upward swing of his sword to cut the target.
0435-1,The man's sword swing at 0:02 successfully hits the straw mat target.
0435-2,"Yes, the man's first sword swing hit the target made of bundled straw mats. The top portion of the target was separated from the bottom portion after the swing."
0435-3,"Yes, the man's sword cut through each section of the straw mat target with every swing. The video shows the man cutting through all sections of the straw mat target with one swing."
0435-7,C
0439-0,The man lights candles in the video.
0439-1,The man ignites candles in the video.
0439-2,"Yes, the man lights a pile of thin candles in the video."
0439-3,"Yes, the man lights a blue, cylindrical object that looks like a stack of matches."
0439-7,B
0441-0,"Throughout the run, both the muscular man's left and right legs remain on the ground. He does not move forward, but rather alternates lifting each knee high up, simulating a running motion while staying in the same spot."
0441-1,"The man's legs are moving as if he is running, but he is running in place."
0441-2,The muscular man is staying in the same spot. He is imitating a running motion without actually moving forward.
0441-3,"No, the muscular man's running style does not involve high knee lifts or a pronounced forward thrust. He stays in place."
0441-7,B
0452-0,"The dancer's left leg is shorter than his right leg. The right leg appears to be fully functional, while the left leg is significantly shorter and has a different range of motion."
0452-1,The dancer's left leg is significantly shorter than his right leg.
0452-2,"Yes, the dancer's left leg is disabled while the right leg is healthy. The video clearly shows the left leg is significantly shorter than the right leg."
0452-3,"Yes, the dancer's left leg shows agility and quick movements, while the right leg shows power and strength. The dancer's shorter left leg allows for quick steps and movements, while the right leg provides the necessary power and stability for the dance moves."
0452-7,C
0456-0,"The man used six nails in the experiment, with three nails in each glass."
0456-1,The man used a total of 6 nails in his experiment.
0456-2,"Yes, the man used six nails in the experiment, placing three in each cup."
0456-3,"Yes, the man used 14 nails in the experiment, with seven in each mug."
0456-7,D
0463-0,The counter starts counting from the third throw.
0463-1,The counter begins to count from the throw at 00:00:07 in the video.
0463-2,"No, the counter starts counting from the first throw made by the man."
0463-3,"No, the counter starts counting from the first throw, not the first successful basket."
0463-7,A
0466-0,There are 7 optical illusion imagery of clever perspective and time freezing shown in the video.
0466-1,There are 7 images featuring optical illusions in the video.
0466-2,"Yes, the video contains 7 images that are related to optical illusions."
0466-3,"No, there are 8 optical illusion images shown in the video."
0466-7,D
0468-0,The second person in the video successfully walked down the stairs.
0468-1,The second person in the video was able to walk down the stairs successfully. The first person fell down the stairs.
0468-2,"Yes, the second person successfully walked down the stairs."
0468-3,"No, the first person was not able to successfully walk down the stairs. They fell almost immediately after starting."
0468-7,B
0494-0,
0494-1,
0494-2,
0494-3,
0494-7,
0500-0,There are 2 ping-pong balls in the video. One is white and the other is orange.
0500-1,There are 3 ping-pong balls shown in the video. One is white and two are orange.
0500-2,"Yes, there are three ping-pong balls featured in the video. One white ping-pong ball is hit between two candles, and two orange ping-pong balls are balanced on a dart and a bottle."
0500-3,"No, there are not four ping-pong balls in the video. There are three."
0500-7,A
0501-0,"The man in purple has 5 dumplings on his plate. He starts with 6, but the woman in black takes one and feeds it to him."
0501-1,The man in the purple shirt has 6 dumplings on his plate.
0501-2,"No, the man in purple has 7 soup dumplings on his plate."
0501-3,"Yes, the man in purple has 6 dumplings on his plate."
0501-7,A
0512-0,The ping-pong ball hits 4 pots at the beginning of the video.
0512-1,The ping-pong ball bounces off 6 pots at the start of the video.
0512-2,"Yes, the ping-pong ball hits seven pots at the beginning of the video."
0512-3,"No, the ping-pong ball hits four pots at the beginning of the video."
0512-7,B
0520-0,"The letters I, V, and W need the minimum number of people in the video to make up, requiring only 1 person."
0520-1,"The letters I, V, and W require the fewest people to form, as they only require one person."
0520-2,"Yes, the letters 'I,' 'V,' and 'W' need only one person each to form in the video. The letter 'I' is formed by one person standing straight, the letter 'V' is formed by one person sitting and raising their legs, and the letter 'W' is formed by one person lying on their stomach and raising their legs."
0520-3,"No, the letters 'V' and 'W' also need the minimum number of people to form."
0520-7,C
0522-0,There is 1 man wearing a baseball cap and 1 man wearing a unicorn helmet.
0522-1,There are two men wearing hats in the video. One is wearing a baseball cap and the other is wearing a pink unicorn helmet.
0522-2,"Yes, there are two men in hats shown in the video. One man is wearing a baseball cap, and another man is wearing a pink unicorn helmet."
0522-3,"Yes, there are three men in hats shown in the video. One man is wearing a grey baseball cap, one man is wearing a pink rhino helmet, and one man is wearing a Santa hat."
0522-7,A
0525-0,The person not in the wheelchair has one leg.
0525-1,The person not in the wheelchair has one leg.
0525-2,"Yes, the person not in the wheelchair has only one leg. This is visible at [00:00:07] where he is running on one leg to help the man in the wheelchair."
0525-3,"No, the person not in the wheelchair does not have two legs. He is seen walking with one leg."
0525-7,A
0526-0,"In the second video, the man is holding one lighter in his hand."
0526-1,"In the second video, the man is holding two lighters."
0526-2,"Yes, the man is holding two lighters in his hands in the second video."
0526-3,"No, the man is holding two lighters in his hands in the second video."
0526-7,B
0530-0,The man in blue kicks a soccer ball in the fifth scene.
0530-1,The man in blue kicked the middle ball.
0530-2,"Yes, the man in blue kicks the middle ball in the fifth scene."
0530-3,"Yes, the man in blue kicks the top ball in the fifth scene."
0530-7,B
0539-0,There are two people not in a car that are scared by the masked person. One group of kids walking on the sidewalk and one mail lady.
0539-1,There are 6 individuals outside of a car who are frightened by the masked person in the video. This includes a group of 5 children and 1 postal worker.
0539-2,"Yes, it is true that six people not in a car are scared by the masked person in the video. Five people are walking on the sidewalk and one is a mail lady."
0539-3,"No, it is not true that only four people not in a car are scared by the masked person in the video. There are at least five people who are not in a car and are scared by the masked person."
0539-7,E
0541-0,There are 12 teeth in the drawing shown in the video.
0541-1,There are 14 teeth shown throughout the video. This is based on the drawing of teeth that is shown.
0541-2,"No, there are consistently 12 teeth visible in the video from start to finish."
0541-3,"Yes, the number of visible teeth decreases to none as the water level rises. This is due to the refraction of light as it passes from the water to the air."
0541-7,A
0542-0,The scene of the person standing under the waterfall is shown as a metaphor for the passage of time in between the cooking of the bread.
0542-1,"The scene at 0:49, where the creator is shown behind the waterfall, symbolizes the passage of time while the bread is cooking."
0542-2,"Yes, the scene where the person is sitting under a waterfall, appearing to meditate, is used as a metaphor for time passing while the bread cooks."
0542-3,"Yes, the scene where the person is bathing under a waterfall is used as a metaphor for the passage of time during the bread's cooking."
0542-7,D
0548-0,The second thing in the video that a man clips with a car window is a carrot.
0548-1,The second item clipped with the car window is a carrot.
0548-2,"No, the man clipped a carrot with the car window after the sausage."
0548-3,"Yes, the man clips a carrot as the second item with the car window."
0548-7,D
0551-0,There are no visible switches on the wall in the scene with the woman kneeling.
0551-1,There are no visible switches on the wall in the scene where the woman is kneeling.
0551-2,"No, the switch is in the same position."
0551-3,"No, the top switch is in the down position, and the bottom switch is in the up position."
0551-7,B
0552-0,There are 4 slices of bread on the plate.
0552-1,There are 4 bread slices on the plate.
0552-2,"No, the person in the kitchen is carrying two pairs of sliced bread on the plate."
0552-3,"Yes, the person in the kitchen is carrying four slices of bread on the plate."
0552-7,A
0561-0,The man's watch is visible in the video 12 times.
0561-1,The man's watch appears in every frame of the video.
0561-2,"Yes, the man's watch appears 7 times in the video."
0561-3,"Yes, the man's watch appears 10 times in the video because there are 10 frames and the watch is visible in each frame."
0561-7,E
0566-0,The inclusion of the scenes with a broken pot of plant is a metaphor for cleaning up after using the toilet.
0566-1,The broken pot of plant is a metaphor for cleaning up after using the toilet.
0566-2,"Yes, the scenes with the broken pot of plant symbolize the mess and the ineffective cleaning process of using rolled toilet paper. The messy cleanup of the broken pot contrasts with the effective cleaning demonstrated with the advertised wet wipes."
0566-3,"Yes, the scenes with the broken pot of plant highlight the effectiveness of Neve toilet paper and wipes in cleaning up messes, as the video transitions from various messy situations to cleaning up with Neve products."
0566-7,B
0567-0,The hair color of the third person in the video is dark brown/black.
0567-1,The hair color of the third individual shown in the video is black. This individual is the woman with the mango at timestamp 0:08.
0567-2,"No, the third person in the video is not the one with long black hair. The third person is a child who appears at the table at 0:22."
0567-3,"No, the third person in the video is a child who does not have blonde hair and dark roots."
0567-7,A
0571-0,The man in the video is wearing a ring on his left ring finger and his right ring finger.
0571-1,The man's ring is on his right ring finger.
0571-2,"Yes, the man is wearing a ring on the middle finger of his left hand in the video."
0571-3,"Yes, the man is wearing a ring on the ring finger of his right hand in the video."
0571-7,A
0575-0,The little girl is wearing a pair of pink flip-flops and a cell phone case on her feet.
0575-1,The little girl is wearing a pair of pink flip-flops and phone cases on her feet.
0575-2,"Yes, one of the items on the little girl's feet is a phone with a pink slipper case. At [00:00:06], the little girl is wearing a pink slipper on one foot and a phone with a pink slipper case on the other foot."
0575-3,"No, one item is a pink flip-flop, and the other is a pink phone case shaped like a flip-flop."
0575-7,D
0576-0,The Gen-Z girl uses a belt.
0576-1,The GEN-Z style includes a belt.
0576-2,"Yes, the GEN-Z girl is the one using a belt in the video. She puts it on over her sweater to cinch the waist."
0576-3,"No, the Gen-Z girl is the one using a belt in the video."
0576-7,D
0578-0,"There are three people in the video: Mr. Bean (Rowan Atkinson), the man he is chasing, and the construction worker."
0578-1,"There are three individuals shown in the video: Johnny English, the person he is chasing, and a construction worker."
0578-2,"Yes, there are eight people visible in the video: the man being chased, Mr. Bean, two construction workers, and three people in the street."
0578-3,"Yes, it is possible to see at least ten people in the video."
0578-7,D
0580-0,The girl takes 3 steps on the wall before she reaches the top.
0580-1,The girl takes two steps before reaching the top of the wall.
0580-2,"Yes, the girl ran approximately four steps before she reached the top."
0580-3,"Yes, the girl runs approximately five steps before she reaches the top."
0580-7,E
0588-0,There are 5 drawers on the table with the globe.
0588-1,The desk with the globe on top has 5 drawers.
0588-2,"Yes, the desk with the globe has five drawers."
0588-3,"No, the desk with the globe has three drawers."
0588-7,B
0589-0,"No, the person did not eat all the chocolate in six hours."
0589-1,"No, the individual did not consume all the chocolate within a six-hour period. The video mentions that the individual ate the chocolate in small batches over several days."
0589-2,"Yes, more than half of the coconut water was still uneaten at the six-hour mark in the video."
0589-3,"No, the video showed that it took 12 hours for the person to finish drinking the coconut water with a fork."
0589-7,D
0590-0,"At the end of the video, the man in the black jacket screams because a spider is placed on his face."
0590-1,The man in the black jacket screamed because a spider was placed on his face.
0590-2,"Yes, the man in the black jacket screamed because someone put a spider toy in his face."
0590-3,"No, the man in the black jacket screamed because the other man put a spider on his face."
0590-7,B
0595-0,"Michiel scored with a big blue ball, a soccer ball, and a tennis ball."
0595-1,"The boy scored using a blue ball, a soccer ball, and a tennis ball."
0595-2,"Yes, the boy scored with a blue exercise ball, a soccer ball, and a tennis ball in the video."
0595-3,"No, the boy did not score with a basketball, a volleyball, and a baseball. He scored with a large blue ball, a soccer ball, and a tennis ball."
0595-7,D
0597-0,"The person holding the camera is athletic, creative, and also acts in the video."
0597-1,"The person operating the camera is the other actor in the video. This is because the camera consistently follows the main actor, and the other actor is always present in the frame, interacting with him."
0597-2,"Yes, the photographer is wearing a light gray jacket and white sneakers. Since the video is shot from the photographer's point of view, the photographer is the one holding the camera."
0597-3,"No, the person holding the camera is wearing a grey t-shirt and white sneakers."
0597-7,B
0600-0,The orange ball hit the boy in the head.
0600-1,The orange ball hits the boy in the back of the head.
0600-2,"Yes, the orange ball hits the boy on his head."
0600-3,"Yes, the orange ball hits the boy on his back."
0600-7,C
0603-0,The person who failed twice in a row and lost the heart-shaped pattern is wearing a blue shirt and blue pants.
0603-1,The person who failed twice and lost the heart-shaped pattern is wearing a blue t-shirt and blue pants. He has a beard.
0603-2,"Yes, the person who failed twice in a row and lost the heart-shaped pattern is wearing a blue shirt and dark blue pants."
0603-3,"Yes, the person who failed twice in a row and lost the heart-shaped pattern is wearing a red shirt with a white 'm' logo and standing in a pink hula hoop."
0603-7,A
0607-0,"At the end of the video, the man is hanging upside down from the ceiling and makes a basketball shot."
0607-1,"The man is standing upright on the floor. The room is decorated to appear upside down, creating the illusion that he is hanging from the ceiling."
0607-2,"Yes, the man in the video is standing on the ground, which is made to look like a ceiling. The room is set up upside down to create the illusion that he is hanging from the ceiling."
0607-3,"No, the man is not standing on the ceiling. The room is upside down, and he is standing on the floor. The equipment on his feet is part of the illusion."
0607-7,B
0609-0,The ball is used to determine who should be eliminated. The person whose hand the ball lands on is out.
0609-1,"When the music stops, the person whose hand is under the ball is eliminated."
0609-2,"Yes, the elimination is based on whether participants move their hands while the ball is still held."
0609-3,"Yes, the elimination is determined by who is holding the ball when it stops."
0609-7,B
0610-0,The woman throws the package out the window as a task for the instant butlers to complete.
0610-1,The woman tossed the package out of the window so that the instant butlers could catch it.
0610-2,"No, the woman threw the package out of the window, and the two men caught it, but the video does not show them putting it in the mailbox."
0610-3,"No, the woman was not trying to get rid of the package. She was throwing it out of the window so that the butlers could catch it."
0610-7,B
0612-0,The person divides the paper into two parts to compare the art created using $0 pencils (natural colors) versus $300 pencils.
0612-1,The paper is divided into two sections to compare the artwork created using $0 pencils versus $300 pencils.
0612-2,"Yes, the purpose of dividing the paper is to compare the art created using $0 pencils (non-traditional tools) with the art created using $300 pencils."
0612-3,"Yes, the reason for dividing the paper is to compare the art created using $0 materials (labeled as ""$0 pencils"") with art created using $300 pencils, showcasing the artist's skill regardless of the tools used."
0612-7,D
0614-0,The man is trembling because he has Parkinson's disease.
0614-1,The man's hands tremble because he has Parkinson's disease.
0614-2,"No, the man is not pretending to have a disability."
0614-3,It is unlikely that the man's trembling hands are due to nervousness or excitement. It is more likely due to a medical condition.
0614-7,E
0616-0,The white ball reaches the finish line first.
0616-1,"The white ball crosses the finish line first. This is shown in the video to demonstrate that it doesn't matter when you start, but that you start now."
0616-2,"Yes, the white ball is the first to reach the finish line in the video, even though it started last."
0616-3,"No, the blue ball does not reach the finish line first. The white ball finishes first."
0616-7,A
0620-0,The man is standing on the floor. The room is set up to look like he is standing on the ceiling.
0620-1,"The man is standing upright on the floor. The room is set up to look upside down, creating the illusion that he is hanging from the ceiling."
0620-2,"Yes, the man in the video is standing on the ground, which is made to look like a ceiling."
0620-3,"No, the man is not standing on the ceiling. The room is set up upside down to create the illusion that he is standing on the ceiling."
0620-7,A
0621-0,The right foot is placed against the wall first.
0621-1,The person places their forehead against the wall first.
0621-2,"No, the forehead is the first to lean against the wall in the video."
0621-3,"No, the participants lean against the wall with their whole body at the same time."
0621-7,D
0625-0,The second ball moves in a straight line.
0625-1,The second ball moves horizontally.
0625-2,"Yes, the second ball moves back and forth along a horizontal groove."
0625-3,"No, the second ball does not follow a circular path. It moves in a straight line."
0625-7,A
0627-0,The woman is changing her position in the video. She moves around the cardboard illusion to show how the illusion works.
0627-1,The woman in the video changed the position of the cardboard box.
0627-2,"No, the photographer is moving around the cardboard box to show how the illusion works."
0627-3,"No, the woman in the video moves the cardboard cutout to show how the illusion works. There is no other person in the video."
0627-7,A
0633-0,The wheels of the black car are turning forward at the end of the video. This is because the car is moving forward.
0633-1,"At the conclusion of the video, the wheels of the black car are rotating in a clockwise direction."
0633-2,"Yes, the wheels of the black car turn forward at the end of the video. This is evident as the car is moving forward on the snowy road."
0633-3,"No, the wheels of the black car are not turning in reverse at the end of the video. They are turning forward as the car moves forward."
0633-7,B
0643-0,"The wind direction is from right to left, as indicated by the movement of the flag."
0643-1,The wind direction can be determined by observing the direction the flag is blowing.
0643-2,"Yes, the wind is blowing from the left to the right side of the screen in the video. This is evident from the movement of the flag."
0643-3,"Yes, the video shows the wind blowing from the right side of the screen to the left. The flag's movement indicates this direction."
0643-7,E
0645-0,"At the end of the video, the left end of the student's scarf is located at the center of the screen."
0645-1,The left end of the scarf is on the right side of the student's body.
0645-2,"No, the left end of the scarf does not remain on the left side of the student's body at the end of the video. It is on the right side."
0645-3,"No, the left end of the scarf is on the left side of the student's body at the end of the video."
0645-7,A
0652-0,"After the spin, the car is facing the correct direction of travel."
0652-1,"After completing the spin, the car ended up facing forward in the same direction it was originally traveling."
0652-2,"Yes, the car ended up in the innermost lane facing the correct direction after the spin."
0652-3,"No, the car does not end up facing the opposite direction on the highway after the spin."
0652-7,A
0655-0,They are moving at the same speed. The camera is filming the truck.
0655-1,They move at the same speed because the camera is tracking the truck.
0655-2,"No, the camera is moving at the same speed as the truck."
0655-3,"No, the truck is not moving faster than the camera. The camera is moving at the same speed as the truck."
0655-7,D
0658-0,The first racer (in black) is faster. He gains a significant lead right from the start and maintains it throughout the race.
0658-1,"The first rider is quicker in the race, as they quickly establish and maintain a significant lead over the second rider throughout the video."
0658-2,"Yes, the rider in the black outfit is the faster one during the race. He maintains a significant lead over the other rider."
0658-3,"Yes, the rider in the white outfit is the faster one during the race, as they maintain a lead over the other rider."
0658-7,A
0664-0,The woman rolled the dice 6 times.
0664-1,The woman threw the dice 7 times.
0664-2,"No, the woman rolled the dice 10 times during the game."
0664-3,"No, it is unlikely that the woman rolled the dice only 11 times as shown in the video. The video has cuts between each roll, suggesting that it was edited and that multiple attempts may have been made for each roll."
0664-7,B
0667-0,"There are 5 people participating in the challenge. They are Celine, Bram, Laura, Ise, and Michiel."
0667-1,"There are 5 participants in the challenge. They are Celine, Bram, Laura, Ise, and Michiel."
0667-2,"Yes, there are six people participating in the challenge. Five people are standing and trying to catch the balloon, and one person is dropping the balloon from the second floor."
0667-3,"No, there are six people participating in the challenge in the video. The person sitting on the stairs is not participating."
0667-7,C
0670-0,Five children jumped into the water in the video. This is shown in the scene between [00:00:11-00:00:16].
0670-1,At least 5 children jumped into the water in the video.
0670-2,"No, it is not true that only two children jumped into the water in the video. At least nine children jumped into the water."
0670-3,"Yes, four children jumped into the water in the video."
0670-7,E
0673-0,There are 3 buckets of real popcorn shown in the video.
0673-1,There are 3 buckets of actual popcorn visible in the video.
0673-2,"Yes, there are at least two buckets of real popcorn shown in the video."
0673-3,"Yes, there are four buckets of real popcorn shown in the video."
0673-7,C
0675-0,"After the man on the right revealed how the magic tricks were performed, the man on the left was surprised because he didn't realize he was already wearing the airpods."
0675-1,"The man on the left (the father) reacts with amusement and slight annoyance when the man on the right (Milaad) exposes his magic tricks. He smiles and shakes his head playfully, suggesting he's not seriously upset and is enjoying the interaction."
0675-2,"No, the man on the left did not seem displeased. He was smiling and laughing throughout the video."
0675-3,"Yes, the man on the left seemed impressed and intrigued after the magic tricks were explained, especially after the last trick."
0675-7,A
0679-0,"At the end of the video, the lady in the white tank top vest is shocked and curious, as she measures the exposed pole with her fingers."
0679-1,"The woman in the white tank top is eating when the chair next to her breaks. She is startled and gasps, then looks at the broken chair and measures the exposed pole with her fingers."
0679-2,"Yes, the woman in the white tank top looks surprised at the end of the video."
0679-3,"No, the woman in the white tank top does not appear to be upset or frustrated at the end of the video. She is seen measuring the broken part of the chair with her fingers."
0679-7,B
0689-0,The man in the purple T-shirt changed the other man's lock screen wallpaper to his own photo as a prank.
0689-1,The man in the purple T-shirt changed the lock screen wallpaper on the other man's phone to his own picture as a prank.
0689-2,"Yes, the man in the purple T-shirt changed the lock screen wallpaper to his own photo."
0689-3,"Yes, the man in the purple T-shirt changed the lock screen wallpaper to his own photo as a prank."
0689-7,A
0690-0,
0690-1,
0690-2,
0690-3,
0690-7,
0695-0,The woman won the game.
0695-1,"The woman won the competition. She had a strategy of only moving two cups at a time, which helped her remember the positions of the cups."
0695-2,"Yes, the woman won the game because she arranged her cups in the correct order."
0695-3,"No, the man did not win the game. The woman won the game."
0695-7,A
0706-0,The purpose of the man's actions in the first half of the video is to record the raw footage that will be used to create the special effects fight scene in the final product.
0706-1,The man is trying to capture the raw footage needed to create visual effects for a superhero-themed video. He is performing various movements and poses in front of the camera to achieve this.
0706-2,"Yes, the man in the first half of the video is shooting footage for a video with special effects. The first half of the video shows the man setting up the camera and performing actions, while the second half shows the final product with special effects."
0706-3,"Yes, the man in the first half of the video is setting up a camera on a tripod to record himself practicing martial arts-like movements."
0706-7,B
0707-0,The person in the video is running towards the camera to grab the drink.
0707-1,The person runs towards the camera to show the drink up close.
0707-2,"Yes, the person is running towards the camera to show the drink up close."
0707-3,"Yes, the person is running towards the camera. His specific action is holding a drink and dancing."
0707-7,D
0708-0,The cat is screaming because the owner has replaced all the beauty products that the cat destroyed.
0708-1,"The cat is yelling in the final scene because the owner brought home more beauty products, implying more mess-making that the cat will be blamed for."
0708-2,"Yes, the cat screamed because it saw more bath products being brought in after it thought it had destroyed them all."
0708-3,"No, the cat is likely screaming because it is shocked or surprised by the amount of new products."
0708-7,C
0721-0,The man in sunglasses is holding an airplane.
0721-1,The man wearing sunglasses is holding his left hand up as if he is holding the plane. He is also extending his right hand out to the side.
0721-2,"Yes, the man in sunglasses is holding his hand up to make it look like he is holding up the plane."
0721-3,"No, the man in sunglasses is not holding a toy airplane in his hand. He is standing below a real airplane and using forced perspective to make it look like he is holding it."
0721-7,C
0723-0,"The little monster looks like it's active because it is an inside-out cardboard box, which creates an illusion of depth and movement."
0723-1,"The little monster in the video seems like it's moving because of a depth perception illusion. The brain assumes the snout is pointing towards you and not receding away. Once you know that it's just an inside-out cardboard box, it's really hard to get that illusion to work again."
0723-2,"Yes, the little monster in the video appears to move due to an optical illusion involving a concave surface, specifically an inside-out cardboard box."
0723-3,"No, the little monster in the video is not appearing to move because someone is manipulating it. The illusion of movement is due to the fact that it is an inside-out cardboard box."
0723-7,D
0724-0,"The pen passes through the banknote because of the way the banknote is folded. The banknote is folded in half, then folded again in the opposite direction, creating a small pocket in the middle. The pen is inserted into this pocket, giving the illusion that it is passing through the banknote."
0724-1,"The banknote is folded in half twice. The pen is inserted between the layers of the folded banknote. When the pen is pushed through, it appears to pierce the banknote, but it actually goes between the folded layers."
0724-2,"Yes, the reason the banknote remains intact is because the pen goes through a folded opening rather than the middle. The banknote is folded to create a hidden channel for the pen to pass through."
0724-3,It is likely that the pen does not have a hidden mechanism.
0724-7,C
0725-0,"The drink in the bottle has decreased because the magician has attached a balloon to the inside of the bottle. When he squeezes the balloon, it takes up space in the bottle and pushes the liquid out."
0725-1,"The liquid level in the bottle drops because of an inflating balloon inside the bottle. The balloon takes up space, displacing the liquid and making it appear to vanish."
0725-2,"Yes, the drink level decreases because the balloon inside the bottle is deflating."
0725-3,"No, the drink level is not decreasing because it is being consumed through a straw. The drink level is decreasing because of a balloon inside the bottle that is taking up space."
0725-7,A
0729-0,The red strip is the shortest.
0729-1,The black strip is longer.
0729-2,"Yes, the black strip is the longest among the long strips in the video."
0729-3,"No, the black strip is not the shortest. It is the longest."
0729-7,A
0731-0,The nose of the old man can also be perceived as a bird.
0731-1,The old man's nose can also be seen as a mermaid sitting on a rock.
0731-2,"Yes, the old man's nose could be seen as a mermaid sitting on a reef."
0731-3,"Yes, the old man's nose can be perceived as the head and beak of a bird."
0731-7,C
0735-0,
0735-1,
0735-2,
0735-3,
0735-7,
0738-0,"The man in the video filmed the sky change from black to bright by dragging the exposure setting on his iPhone camera down to make the sky appear black, and then slowly dragging it up as the sun rises to make the sky brighter."
0738-1,"The man swiped up on the screen while recording to increase the brightness, making the sky appear to change from dark to light."
0738-2,"Yes, the man in the video changed the sky from black to bright by adjusting the camera's brightness settings. He tapped the screen to focus on the sun and then dragged his finger up the screen to increase the brightness."
0738-3,"It is likely that the man used a time-lapse feature, as the sky changes from dark to bright in a short amount of time."
0738-7,A
0740-0,"The third step is 8 divided by 2 which equals 4. This is because division and multiplication have the same precedence, so you must go from left to right."
0740-1,"The third step is 4 times 4, which equals 16."
0740-2,"Yes, the third step is performing the multiplication of 4 × 4."
0740-3,"Yes, the third step is performing the division of 8 ÷ 2."
0740-7,A
0742-0,"The value of x is 18, because x + 2x + 2x = 90, which simplifies to 5x = 90. Dividing both sides by 5 gives x = 18."
0742-1,"The value of 5x is 90 degrees. This is determined by recognizing that the angles x, 2x, and 2x add up to 90 degrees, leading to the equation 5x = 90."
0742-2,"Yes, the value of x is 18. This is because 5x = 90, and dividing both sides by 5 gives x = 18."
0742-3,"No, the value of x is not 25. The value of 5x is 90, which means x would be 18."
0742-7,A
0743-0,"The answer to the third math question, ""20 + 10"", is 30."
0743-1,The solution to the third math problem in the video is 30.
0743-2,"Yes, the answer to the third math question in the video is 26."
0743-3,"No, the answer to the third math question in the video is not 25. 13 + 13 = 26."
0743-7,C
0749-0,"In the first physics experiment, rice can pass through the sieve, while flour cannot. This is because flour is more condense and builds up, while rice has small condensity."
0749-1,"Rice is able to pass through the sieve, while flour is not. This is because flour is more condensed and builds up, while rice does not."
0749-2,"The rice passes through the sieve, but the yellow coarse grain does not."
0749-3,"No, the flour does not pass through the sieve."
0749-7,D
0755-0,"The sponge used for cleaning is made of cake, as shown when the creator takes a bite out of it."
0755-1,"The sponge is made of cake. The video shows the creator eating the sponge and later cutting into it, revealing its cake composition."
0755-2,"Yes, the sponge in the video is made of an edible material like cake. The video shows the creator eating it and then cutting into it to reveal its cake composition."
0755-3,"No, the sponge in the video is not made of synthetic materials like polyurethane foam. It is cake."
0755-7,B
0757-0,The boy in red has his right foot in the pit.
0757-1,The boy's right foot is inside the pit.
0757-2,"No, the boy in red's right foot is the one in the pit."
0757-3,"Yes, the boy in red's right foot is the one in the pit."
0757-7,B
0762-0,The second boat was made of paper.
0762-1,The second boat was made of paper.
0762-2,"Yes, the second boat is made of paper, as indicated by its immediate sinking when stepped on."
0762-3,"Yes, the second boat is made of a mattress."
0762-7,C
0763-0,"The canned Coke that is still in the picture is not real, it is a drawing."
0763-1,The can of Coke left in the image is genuine. The video explains that our eyes perceive the image as a real 3D object.
0763-2,"Yes, the real canned Coke is the one that was taken away."
0763-3,"Yes, the real canned Coke is the one that is still in the picture."
0763-7,B
0766-0,The archer used her right shoulder to release the bow.
0766-1,The archer released the bow from her left shoulder. She draws the bow with her right foot and releases it from her left shoulder.
0766-2,"No, the archer did not release the bow using their right shoulder. She uses her right foot to pull the string back and release the arrow."
0766-3,"No, the archer did not release the bow using their left shoulder. The bow is held in the left hand, and the string is pulled back and released using the right shoulder."
0766-7,C
0777-0,There are 14 trick shots shown in total.
0777-1,The total number of trick shots displayed in the images is 20.
0777-2,"Yes, the total number of trick shots shown in the images is 14."
0777-3,"Yes, the total number of trick shots shown in the images is 12."
0777-7,C
0779-0,"The video achieves the Penrose triangle illusion. At first, the object appears to be made of individual cubes, but after seeing the object's true form, the viewer's perception changes, and the cubes are no longer seen as separate entities."
0779-1,"The illusion is the Penrose triangle, an impossible object. It's created by connecting blocks in a specific arrangement that, when viewed from a certain angle, tricks the eye into perceiving a continuous triangular structure made of cubes, even though the actual structure is not a complete triangle."
0779-2,"Yes, the video shows a Penrose Triangle illusion created by arranging concave structures to appear as floating cubes."
0779-3,"Yes, the illusion in the video is achieved by aligning blocks to form a continuous triangle from a specific angle."
0779-7,C
0790-0,"To see the blue tube, adjust the transparent sheet vertically. When the transparent sheet is placed vertically, the blue tube is visible, while the red and green tubes disappear."
0790-1,Rotate the transparent sheet vertically.
0790-2,"Yes, to see the blue tube, the transparent sheet should be rotated by 90 degrees."
0790-3,"No, when the transparent sheet is aligned vertically, the blue tube is visible. When the sheet is rotated by 45 degrees, all the tubes behind the sheet become blurry."
0790-7,D
0794-0,The caption is referring to the cat that ran away and didn't help the cat dangling from the ledge.
0794-1,The cat that runs away is the 'friend' in the caption.
0794-2,"Yes, the 'friend' in the caption is the white cat that leaves quickly at the start of the video. It abandons the other cat when it is in danger."
0794-3,"No, the 'friend' in the caption is not the black dog. It is the other cat that left the white cat hanging."
0794-7,A
0803-0,Candles were burning in the video. The presenter uses the burning candles to demonstrate atmospheric pressure.
0803-1,The object that is on fire in the video is candles.
0803-2,"Yes, it is true that a bunch of candles is burning in the video. The presenter asks what will happen if he puts a glass vase over 'these candles'."
0803-3,"Yes, the burning object in the video is a small blue sponge-like object. It is a candle."
0803-7,A
0806-0,"Four cables were bundled. The cables are black, white, red, and gray."
0806-1,There are 4 cables bundled together in the video.
0806-2,"Yes, the video shows four cables being bundled together. This is evident at [00:00:15] where the four cables are gathered and wrapped."
0806-3,"No, the video shows four cables being bundled together."
0806-7,A
0810-0,The sausage pops up 5 times.
0810-1,The sausage appears 4 times from the holes.
0810-2,"No, the sausage emerged from the holes four times."
0810-3,"No, the sausage pops up from the holes four times."
0810-7,D
0812-0,The person tried to place the toy into the drawer two times.
0812-1,The person attempts to put the toy into the drawer twice.
0812-2,"No, the person tried to place the toy into the drawer twice."
0812-3,"No, the person tried to place the toy into the drawer 4 times."
0812-7,A
0816-0,"At the second experiment, the person inserted a straw into the bottle while pouring."
0816-1,"During the second experiment, the person first attempts to pour water out of the bottle. Then, the person inserts a straw into the bottle while pouring."
0816-2,"No, the person did not spin the bottle in the second experiment. They inserted a straw into the bottle."
0816-3,"Yes, a straw was inserted into the bottle during the second experiment."
0816-7,D
0818-0,The little girl is holding a claw machine claw.
0818-1,The little girl is holding a toy hammer in her hand.
0818-2,"No, the little girl is not holding any cash in her hand. It is the little boy who is holding the cash."
0818-3,"No, the little girl is holding a small toy in her hand."
0818-7,D
0827-0,There are two pandas in the video.
0827-1,There are two pandas shown in the video. One adult panda and one baby panda.
0827-2,"No, there are two real pandas in the video."
0827-3,"Yes, there are two pandas in the video, including a baby panda. They are shown together in the same scene."
0827-7,A
0833-0,
0833-1,
0833-2,
0833-3,
0833-7,
0835-0,A tongue piercing is visible in the woman's mouth.
0835-1,A tongue piercing can be seen inside the woman's mouth.
0835-2,"Yes, a blue tongue stud is visible in the woman's mouth."
0835-3,"No, there is no dental appliance or mouth guard visible in the woman's mouth. I can see her teeth and tongue clearly when her mouth is open."
0835-7,D
0841-0,The woman wipes her left eye first with the parrot.
0841-1,The woman used the parrot to wipe her left eye first.
0841-2,"Yes, the woman first wipes her right eye with the parrot in the video."
0841-3,"Yes, the woman first wipes her left eye with the parrot in the video."
0841-7,B
0848-0,The bottom one is the real cat because of the light reflecting off its fur.
0848-1,The cat at the bottom is the actual one because light reflects off its fur.
0848-2,"No, the real cat in the video is the one at the bottom of the frame. The top one is the shadow."
0848-3,"No, the real cat in the video is the one on the bottom. The top one is the shadow. This is indicated by the light reflecting off the fur of the bottom cat."
0848-7,C
0854-0,"The operator engages in conversation with the visitors to catch them off guard and initiate the drop when they least expect it, maximizing the thrill and making the experience more memorable."
0854-1,The drop tower operator talks to the visitors to catch them off guard and make the experience more surprising and memorable.
0854-2,"Yes, the operator of the drop tower ride talks to visitors to make them more nervous and scared. The operator chats with the visitors and then suddenly starts the ride. The operator also lies to the visitors and says that the machine is broken."
0854-3,"No, the operator's conversation with visitors is not meant to help them feel more at ease and prepared. The operator chats with the riders and then suddenly starts the ride, or even tells them the machine is broken before starting it, to catch them off guard."
0854-7,D
0857-0,"The woman in the video is imitating the scenario of someone getting shot or falling in a dramatic way, as indicated by her exaggerated movements and the comments referencing her ""ragdoll"" falls."
0857-1,The woman in the video is trying to depict stunt falls. She is showcasing her ability to fall and move in a way that would be required for stunt work in film or television.
0857-2,"No, the person in the video is a woman, not a man. She is imitating the experience of being shot in one of the falls."
0857-3,"No, the woman in the video is not imitating the act of fainting. She is performing stunt falls, acting out being shot and falling in different ways."
0857-7,A
0858-0,The man initially sat on the left armrest of the chair.
0858-1,The man in the white short-sleeved shirt first tried to sit on the left armrest of the chair. The narrator said that everyone thought he sat on the left armrest of the chair.
0858-2,"Yes, according to the narrator, the man in the white short-sleeved shirt initially sat on the right armrest of the chair."
0858-3,"No, the narrator states that everyone thought he sat on the left armrest of the chair, but he actually sat on the right armrest."
0858-7,C
0865-0,"At the end of the video, there is one worm."
0865-1,Two worms can be seen at the conclusion of the video.
0865-2,"Yes, there is only one worm visible at the end of the video."
0865-3,"Yes, there are two worms visible at the end of the video, with one in the bird's beak and another on the ground."
0865-7,D
0868-0,
0868-1,
0868-2,
0868-3,
0868-7,
0870-0,The man gave his belongings to the photographer because the photographer gave him food.
0870-1,The man hands over his belongings to the photographer because the photographer asked for them.
0870-2,"No, the photographer took the belongings."
0870-3,"Yes, the man gave his belongings to the photographer in exchange for food and other necessities. The video shows the man offering his cardboard and hat to the videographer, who then buys food and an umbrella for them."
0870-7,B
0871-0,There is a person holding a pink object in the middle of the road.
0871-1,There is a person in the center of the road. They are holding a pink object and are part of a visual illusion.
0871-2,"Yes, there is a chalk drawing of a young boy picking up a pink ball in the middle of the road."
0871-3,"Yes, there is a person holding two bags in the middle of the road."
0871-7,A
0872-0,"To the right. The man moves the upper pack to his right, which is also to the right from the camera's perspective."
0872-1,The man moved the top water bottle pack to the left from the camera's viewpoint.
0872-2,"Yes, the man moves the upper water bottle pack to the left after placing them down, from the camera's perspective."
0872-3,"Yes, the man moves the upper water bottle pack to the right after placing them down, from the camera's perspective."
0872-7,B
0875-0,There are zero cell phones on the piano in the video.
0875-1,There are zero cell phones on the piano in the video.
0875-2,"Yes, there are two cell phones on the piano, one with a green case and another with a light-colored case."
0875-3,"No, there is more than one cell phone on the piano."
0875-7,B
0879-0,They are all standing on a plane.
0879-1,"From the perspective of the camera, they appear to be on the same plane."
0879-2,"No, the two figures are not physically one. The change in perspective reveals that they are on different planes."
0879-3,"No, based on the optical illusion, the two figures are not on the same plane."
0879-7,D
0880-0,"When the arrow is touched with a hand, it appears to change direction due to an optical illusion."
0880-1,"When the structure is lifted and rotated, its perceived direction changes. This is due to the visual illusion created by the shape and angles of the structure."
0880-2,"No, the structure maintains its directional illusion when held up towards the camera."
0880-3,"Yes, the structure appears to change direction when lifted due to its interaction with a mirror. The reflection in the mirror shows the arrow pointing in the opposite direction, creating the illusion of a change in direction when the structure is lifted."
0880-7,C
0886-0,The watch is worn on the man's left wrist.
0886-1,The man is wearing his watch on his left wrist.
0886-2,"Yes, the man is wearing a watch on his right wrist."
0886-3,"Yes, the watch is worn on the left wrist of the man in black."
0886-7,C
0895-0,The scene cut to after the basketball smaller than standard is thrown is a scene where the basketball is thrown while dodging a wind turbine.
0895-1,The basketball goes into the hoop.
0895-2,"Yes, the scene cuts to a person shooting a basketball into a chainsaw-rim hoop after the smaller basketball is thrown."
0895-3,"No, the scene cuts to a person shooting a basketball into a chainsaw rim after the smaller basketball is thrown."
0895-7,B
0898-0,The man moves the first pillow away from the sofa.
0898-1,"The man moved the first pillow forward, away from the couch."
0898-2,"Yes, at [00:00:02] the man adjusts the first pillow to the front, closer to the camera, after it was on the water."
0898-3,"Yes, the man does move the first pillow slightly to the right after placing it on the water."
0898-7,D
0901-0,"At the beginning of the video, one rubber band is held in the hands."
0901-1,One rubber band is being held at the start of the video.
0901-2,"No, the hand is holding one rubber band at the beginning of the video. The magician uses a trick to make it look like there are two."
0901-3,"Yes, the hand is holding only one rubber band at the beginning of the video."
0901-7,C
0905-0,"At the beginning of the video, the slope where the ball is located is actually a downhill. The creator rotates the 3D printed illusion later in the video to reveal this."
0905-1,"The ball is positioned on a decline. The video later reveals that the structure is an optical illusion, and the ball is actually on a decline."
0905-2,"Yes, the slope where the ball is located at the beginning of the video is a downhill slope. This is clarified when the presenter shows the illusion from a different angle."
0905-3,"No, the slope is actually a downhill slope."
0905-7,C
0907-0,The dog lands in the man's arms at the end of the video.
0907-1,"At the conclusion of the video, the dog lands safely in the arms of the man who launched it."
0907-2,"No, the dog does not land on the man's body at the end of the video. The man catches the dog in his arms."
0907-3,"Yes, the dog lands on the grass at the end of the video."
0907-7,C
0910-0,The man is picking up the child as part of a social experiment.
0910-1,The man is picking up the child as part of a social experiment to see how people react.
0910-2,"Yes, the man is picking up the child to see if anyone will intervene in a social experiment. The video title and top comments indicate that this is a social experiment."
0910-3,"No, the man is not picking up the child to help them cross the street safely. The comments suggest the man is snatching the child."
0910-7,D
0914-0,The beer bottle is placed under the faucet to apply hot water to shrink wrap the label onto the bottle.
0914-1,The purpose of placing the beer bottle under the faucet is to shrink wrap the label onto the bottle. The hot water causes the label to conform tightly to the bottle's surface.
0914-2,"Yes, the beer bottle is placed under the faucet to show how hot water can shrink plastic packaging around it."
0914-3,"No, the beer bottle is not placed under the faucet to demonstrate a quick cooling method for the beer. The hot water is used to shrink wrap the label onto the bottle."
0914-7,A
0918-0,The man puts the soap in the box with his left hand.
0918-1,The man uses his left hand to place the soap into the box.
0918-2,"Yes, the man uses his right hand to put the soap in the box."
0918-3,"No, the man uses his right hand to put the soap in the box."
0918-7,B
0919-0,The man creates the rainbow by coloring a piece of tape with rainbow colors and then shining a light through it.
0919-1,The man colors a roll of tape with rainbow colors and shines a light through it using his phone flashlight.
0919-2,"Yes, the man creates the rainbow by using colored markers on clear tape."
0919-3,"No, the man creates the rainbow by coloring a piece of tape with different colored markers and shining a light through it."
0919-7,C
0924-0,"At the end of the video, the red object in the hand of the woman in the white top is a book."
0924-1,The red item the woman in the white top is holding at the video's conclusion is a book with a red cover.
0924-2,"Yes, the woman in the white top is holding a red book at the end of the video."
0924-3,"No, the woman is not wearing a white top, she is wearing a pink top. She is holding a glass with a red liquid in it, not a red bottle."
0924-7,D
0926-0,The right hand is pulling the thread. This is because the right hand is holding the thread taut while the left hand is manipulating the needle.
0926-1,"Both hands are used. The left hand holds the needle, and the right hand holds the thread."
0926-2,"No, the right hand is not responsible for pulling the thread through the needle. The right hand is responsible for the back-and-forth motion of the needle against the thread."
0926-3,"No, the right hand is responsible for pulling the thread through the needle."
0926-7,D
0927-0,The man holds the child with his left arm.
0927-1,The man in black uses his left arm to hold the child in the video.
0927-2,"Yes, the man in black holds the child with his left arm while his right hand holds the popsicle."
0927-3,"Yes, the man in black holds the child with his right arm while his left hand holds the popsicle."
0927-7,A
0929-0,"Both girls initially tried to help the statue from falling over, demonstrating a sense of concern and responsibility."
0929-1,"Both girls initially try to help the statue from falling over. The girl in the green dress reaches out to support the statue, while the girl in the blue dress also tries to hold onto the statue to prevent it from falling."
0929-2,"Yes, both the little girl in the green dress and the little girl in the blue dress try to support the statue when it pretends to fall."
0929-3,"No, the little girl in the green dress and the little girl in the blue dress are not trying to determine if the statue is real or not. They are reacting to the statue as if it were real."
0929-7,A
0933-0,The man in the costume did not light a fire. He made a firework sound effect and then threw a pie at the woman's face.
0933-1,There was no fire. The man in the costume threw a pie in the woman's face.
0933-2,"No, the man in the costume made a firework sound to catch the woman's attention before throwing the pie."
0933-3,"No, there was no fire lit by the man in the costume. He threw a pie at her face."
0933-7,A
0939-0,There are four people playing roles in the video: three boys and one dad.
0939-1,There are four individuals acting in the video: three friends and one parent.
0939-2,"Yes, it is true that only one person played all the roles in the video. This is evident from the similar facial features and build of all the characters."
0939-3,"Yes, there are four different people playing roles in the video. Three boys are playing video games, and one person is playing the dad."
0939-7,C
0942-0,"The purpose of the man in the video catching the egg with the side of the spatula and breaking it is to demonstrate his skill and expertise as a chef. He is showing off his ability to perform a difficult task with precision and control, likely to impress customers and inspire his employees."
0942-1,"The man uses the side of the spatula to catch and break the egg to demonstrate his skill and control, allowing him to break it precisely and artistically."
0942-2,"Yes, the man in the video is demonstrating a teppanyaki cooking technique by catching and breaking the egg with a spatula."
0942-3,"No, the man in the video is not breaking the egg with the spatula to show how fragile eggs are. He is using the egg to create a signature design."
0942-7,C
0946-0,The man touched the chicken's right foot.
0946-1,"Right foot. At [00:00:09-00:00:12], the man's right foot is visible in the background as the chicken becomes still."
0946-2,"No, the man did not touch the chicken's left foot after it stopped moving."
0946-3,"No, the man did not touch the chicken's right foot after it stopped moving."
0946-7,B
0949-0,The boss of the company appears at the end of the video when he walks into the office to reveal that the test started earlier in the day.
0949-1,"The company's boss appears as a beggar from 0:00 to 0:10, from 0:11 to 0:23, from 0:23 to 0:35. The boss appears as the boss from 0:53 to 1:00."
0949-2,"Yes, the boss appears at the start as a beggar and later in a suit."
0949-3,"No, the boss appears earlier in the video at [00:00:10] in a suit."
0949-7,B
0950-0,"At 0:22, the ball is stationary."
0950-1,Nothing happens to the ping pong ball.
0950-2,"Yes, the ball remains still because the frequencies of the tuning forks are different."
0950-3,"No, the ball does not move upwards."
0950-7,D
0952-0,"The colour of the dress of the third person that can be seen clearly in the video is red and black. The third person is the dad, and he is wearing a red and black jacket."
0952-1,"The color of the outfit worn by the third individual in the image is pink. The third individual is the toddler, Adia, and she is wearing a pink ski suit."
0952-2,"No, the third person in the picture is wearing an orange and black outfit. The person is wearing a jacket that is primarily orange with black accents, along with black pants."
0952-3,"Yes, the third person in the picture is wearing a pink outfit."
0952-7,D
0956-0,The red stick rotates counter-clockwise.
0956-1,The red stick rotates to the right.
0956-2,"Yes, the red stick rotates in a clockwise direction relative to the camera."
0956-3,"No, the red stick rotates in a clockwise direction relative to the camera."
0956-7,C
0957-0,"After adding 10mL of each solution to a small beaker, the presenter uses tweezers to pull out a gross slimy string and wraps it on a glass rod."
0957-1,"Nylon formed between the two liquids, and tweezers were used to pull out a string of the substance, which was then wrapped around a glass rod."
0957-2,"Yes, the substance in the beaker ended up on the rod by being pulled out and wrapped around it."
0957-3,"No, the nylon is forming between the two liquids and is not adhering to the rod."
0957-7,D
0973-0,Mr. Beast got injured at 00:00:38 when the balloons bounced back and hit him.
0973-1,0:40. Mr. Beast is hit in the head by a balloon.
0973-2,"Yes, the man in the gray hoodie on the left, Mr. Beast, got injured during the final balloon popping game. He was hit in the forehead by one of the balloons, resulting in a cut."
0973-3,"Yes, the man in the gray hoodie on the left got injured. He was hit by a balloon and sustained a cut on his forehead."
0973-7,B
0974-0,00:00
0974-1,The straw is already inside the bottle at the beginning of the video.
0974-2,"Yes, the person in the video put the straw into the bottle before doing the trick."
0974-3,"Yes, the person in the video put the straw into the bottle at the end of the video while sitting at a table."
0974-7,D
0976-0,"The woman answers ""Crossroads"" first."
0976-1,"The woman is the first person to respond to the question in the initial scene of the video. She responds with ""Roads""."
0976-2,"No, the person on the left from the observer's perspective was not the first to answer the question in the first scene."
0976-3,"Yes, the person on the right from the observer's perspective is the first to answer the question in the first scene."
0976-7,C
0983-0,A security guard appears in the video to stop Zach King from doing graffiti.
0983-1,The second individual appears because he is a security guard who sees Zach King doing graffiti and attempts to stop him.
0983-2,"Yes, the second person in the video is a security guard investigating the graffiti artist. He is wearing a uniform with ""SECURITY"" printed on the back and tells the artist to stop."
0983-3,"Yes, the second person in the video is actually a painted silhouette of a girl on the wall. Zach King is shown painting the silhouette at the beginning of the video."
0983-7,A
0985-0,"No, the money in the cup at the end of the video comes from behind the magician's ear."
0985-1,"No, the money in the cup at the end is not the same as the money in the cup at the start. The money at the end comes from behind the magician's ear."
0985-2,"Yes, the money in the cup at the end came from the man's right ear at the beginning."
0985-3,"No, the money was hidden behind his ear and was never in the cup."
0985-7,A
0995-0,"The answer to the eighth question is ""Different strokes for different folks""."
0995-1,"The eighth question is ""Can you solve this?"" with the image ""strokes folks"" written twice, one on top of the other. The response is ""Different strokes for different folks""."
0995-2,"Yes, the answer to the eighth question is 'long overdue'."
0995-3,"Yes, the answer to the eighth question in the video is 'up to no good'."
0995-7,D
0996-0,"The third time-telling tool allowed to be shown in the video is the sundial, as mentioned at the end of the video."
0996-1,"The third timekeeping device is the ""clawK,"" which is the name given to both the sundial and the pendulum clock."
0996-2,"Yes, the third timekeeping tool shown in the video is a clock that uses a pendulum swing mechanism. This is because the second timekeeping tool, which is the one that uses a pendulum swing mechanism, is shown again after the first timekeeping tool."
0996-3,"Yes, the third timekeeping tool shown in the video is a sundial."
0996-7,B
0999-0,"The man who plays Curly trips over the branch, falls, and then crawls on the ground."
0999-1,"The man portraying Curly trips over the branch, falls to the ground, and then crawls around while making noises."
0999-2,"Yes, the man playing Curly does trip over the branch while walking backwards, leading to a comedic fall."
0999-3,"Yes, the man playing Curly trips over the branch, falls, and then gets back up to continue moving."
0999-7,A
1002-0,The man catches the fourth stick with his hand.
1002-1,The man catches the fourth stick with his hand.
1002-2,"No, the man did not use his foot to assist in catching the fourth stick in the first scene."
1002-3,"No, the man did not catch the fourth stick in the first scene."
1002-7,D
1009-0,"In the first two scenes, the man looks visibly disappointed after the visitor waves him off. In the first scene, he looks down and adjusts his shirt. In the second scene, he looks down and away."
1009-1,"In the first scene, the man is initially disappointed when the visitor says ""I'm just looking thank you."" In the second scene, the man is also initially disappointed when the visitor says ""Oh I'm ok thank you."""
1009-2,"Yes, in both scenes, the man seems a little disappointed but he smiles and nods. He doesn't walk away immediately."
1009-3,"Yes, the man appears enthusiastic and eager to engage with the visitor in the first two scenes. He immediately starts talking about the art with a smile and uses hand gestures to emphasize his points."
1009-7,D
1011-0,The woman used the hose on the man because he was eating a sponge.
1011-1,The woman sprayed the man with the hose because he put the blue sponge in his mouth and started eating it.
1011-2,"No, the woman likely used the hose on the man because she thought he was eating a real sponge."
1011-3,"Yes, the woman sprays the man with the hose as a playful response to a prank he played on her."
1011-7,B
1018-0,"The rapper hands the microphone to the traffic controller without hesitation. After the traffic controller is done, the rapper takes the microphone back and continues rapping as if nothing happened."
1018-1,The rapper handed the microphone to the traffic controller without hesitation.
1018-2,"Yes, the rapper calmly continued his performance after the traffic controller took his microphone."
1018-3,"No, the rapper did not get angry and stop performing. He willingly handed the microphone to the traffic controller and continued rapping after the controller was finished."
1018-7,B
1020-0,The baby looks at the dad with a neutral expression.
1020-1,The baby looks at their father with a neutral expression.
1020-2,"Yes, the baby does show a lack of excitement when they see their dad. The baby has a neutral expression when greeted by their dad, in contrast to the smiles and giggles they show when greeted by their mom and big brother."
1020-3,"No, the baby does not react with excitement and joy when they see their dad."
1020-7,C
1023-0,"After the first woman says ""I'm just looking thank you"", the man looks down and seems disappointed.
After the third woman says ""Hey I have a question!"", the man's face lights up and he smiles widely."
1023-1,"After the second woman says ""Hey I have a question!"", the man smiles widely."
1023-2,"Yes, the man showed signs of disappointment after the first woman talked to him. He looked down and away, which could be interpreted as a sign of disappointment."
1023-3,"Yes, the man seemed happy and excited after the woman asked a question. His face lit up, and he laughed, indicating a positive and enthusiastic response."
1023-7,C
1031-0,"The man in the white shirt eating a banana is experiencing a sense of disbelief or bewilderment, as indicated by his signature blank stare. This reaction is likely due to the absurdity of the situation, where a banana taped to a wall is being auctioned for millions of dollars."
1031-1,The man in the white shirt is experiencing confusion and disbelief. This is evident from his facial expressions and body language as he observes the auction and eats his banana.
1031-2,"Yes, the man in the white shirt eating a banana is feeling surprised and shocked by the banana auction."
1031-3,"No, the man in the white shirt eating a banana in the third scene does not appear to be feeling calm and relaxed. He looks around with a surprised expression."
1031-7,C
1037-0,The man makes an OK gesture at the end of the video to mimic the woman in the original video who also makes an OK gesture after trying the drink.
1037-1,"The man makes an OK gesture to mimic the woman in the video, even though he spits out the drink."
1037-2,"Yes, the man makes the OK gesture at the end of the video to mimic the blonde woman."
1037-3,"No, the man spits out the drink and then makes the OK gesture, indicating that the drink was not satisfactory."
1037-7,C
1044-0,"The person under the quilt experiences a rapid transition from sleep to alertness, immediately engaging in the video game. This suggests a state of surprise followed by a quick return to focus and concentration on the game."
1044-1,"The person under the quilt is startled and confused, but quickly adapts and resumes playing the video game."
1044-2,"Yes, the person under the quilt is surprised and confused about what is happening. They are woken up abruptly and immediately start playing a game."
1044-3,"No, the person under the quilt was sleeping, not deeply engrossed in a video game."
1044-7,B
1045-0,The person on the left hugs the person wearing the tie-dye hoodie because he pretends to faint after seeing fake blood. He lets him go after their mom walks away.
1045-1,The person on the left embraces the individual in the tie-dye hoodie to comfort him after a prank involving fake blood. He releases him after their mom leaves the room.
1045-2,"Yes, the person on the left hugged the one in the tie-dye hoodie to prevent their mother from discovering that his brother fainted."
1045-3,"No, the hug was not a celebration of a successful magic trick. It was an attempt to comfort the person in the tie-dye hoodie after they were scared by the fake blood."
1045-7,A
1046-0,The person in the black hat threw the person in the gray T-shirt into the swimming pool as payback for being pushed into the pool first.
1046-1,The person in the black hat was thrown into the pool because he had previously thrown the man in the gray shirt into the pool. It was a retaliatory action.
1046-2,"Yes, the person in the black hat threw the person in the gray T-shirt into the pool because they were pushed in earlier by the same person."
1046-3,"Yes, the person in the black hat threw the person in the gray T-shirt into the pool because it was a prank. The person in the gray T-shirt had thrown the person in the black hat into the pool first."
1046-7,A
1049-0,The person hitting the dog with a slipper wants to express that the dog should get off the bed.
1049-1,The dog is hit with a slipper to get it to turn off the light.
1049-2,"No, the person did not hit the dog with a slipper to turn off the lights. The dog turned off the lights in the video shown at the beginning of the video. The person in the video used a bow and arrow to turn off the lights."
1049-3,"No, the person was not expressing frustration or annoyance. The tap with the slipper appeared to be a gentle cue or signal for the dog to perform the task of turning off the light."
1049-7,B
1051-0,"The man in black likely bites his hand to express a feeling of emotion, possibly sadness or nostalgia, at the passage of time and the role reversal with his grandfather."
1051-1,"The man in black is biting his hand to recreate the old photo where he, as a baby, was biting his grandfather's hand."
1051-2,"Yes, the man in black is mimicking his childhood actions in the photo by biting his hand."
1051-3,"Yes, the man in black is expressing sentimentality by biting his hand in the photo. This gesture, in the context of recreating a childhood memory with his elderly father, suggests a sentimental reflection on their relationship and the passage of time."
1051-7,C
1053-0,The man in the black T-shirt raises his hat slightly and smiles to acknowledge the joke that the man in the black jacket is trying to pull on the person trying to sit in the seat.
1053-1,"The man in the brown jacket is lifting his hat to reveal his face as part of a joke or prank, attempting to trick the man in the black T-shirt into thinking he is someone else."
1053-2,"No, the man in the black T-shirt is putting his jacket on the middle seat."
1053-3,No. The man in the black T-shirt is not wearing a hat.
1053-7,A
1055-0,The enlightenment value of this video lies in the discussion it sparks about the ethics of pranks and the potential consequences of one's actions.
1055-1,"Pranks can have unintended and severe consequences, potentially causing distress or even physical harm to the person being pranked."
1055-2,"No, the video does not have a high enlightenment value. It is a prank video that is intended to be humorous, but it does not offer any significant insight or knowledge."
1055-3,"Yes, the enlightenment value of this video is low because it mainly shows a messy prank with ketchup and does not offer any educational or insightful content."
1055-7,E
1064-0,"The man is surprised at the end of the video because after running away from the firecracker, he ends up back at the same spot where he started."
1064-1,"The man is surprised because after running away from the firework, he ends up right back where he started."
1064-2,"Yes, the man is surprised because he ends up back at the bomb site after running a long distance."
1064-3,"Yes, the man is surprised because the firework he lit exploded unexpectedly."
1064-7,C
1075-0,The video splices together shots of Peter Parker and Spider-Man to highlight the contrast between the public's perception of the superhero and the personal struggles of the man behind the mask.
1075-1,"The purpose is to highlight the contrast between the public's adoration of Spider-Man and their indifference or disrespect towards Peter Parker, emphasizing the theme that people care about the hero but not the person behind the mask."
1075-2,"Yes, the video splices shots of the ordinary man and Spider-Man to highlight the exclusion of ordinary people compared to the hero identity of Spider-Man."
1075-3,"No, the video splices together shots of Peter Parker and Spider-Man, who are the same person."
1075-7,D
1080-0,"The man peels the carrot to show how easy it is to peel a carrot with a regular peeler, contrasting it with the overly complicated method of creating a peeler from a spoon. He seems amazed at the unnecessary complexity of the initial method when a simple peeler does the job efficiently."
1080-1,He is amazed at the unnecessary complexity of using a modified spoon to peel a carrot when a simple peeler works just fine.
1080-2,"Yes, the man is peeling the carrot and is disappointed because he doesn't understand why the previous person had to go through so much trouble to peel it."
1080-3,"No, the man peeled the carrots and felt disappointed because it was unnecessary to make a carrot peeler out of a spoon."
1080-7,C
1081-0,The little green bricks represent mouthwash.
1081-1,The small green bricks are used as mouthwash for the Lego mimic.
1081-2,"Yes, the little green bricks in the video represent mouthwash used in the teeth cleaning demonstration."
1081-3,"No, the little green bricks in the video represent mouthwash."
1081-7,C
1087-0,"The circle on the left appears to be moving to the left, from the camera perspective."
1087-1,"The circle on the left appears to be moving to the left, as indicated by the arrow within it."
1087-2,"According to the video creator, the circle on the left does not actually move. He claims it is an optical illusion. However, many commenters disagree, stating that the circles continue to move even when the arrows are covered."
1087-3,"Yes, at the beginning of the video, the circle on the left appears to move in the direction indicated by the arrow inside it. However, the illusion may be caused by the colors in the circle, not the arrows themselves."
1087-7,C
1090-0,"From the sheep's perspective, the painting on the ground would likely appear as a distorted set of lines and shapes, not resembling a ledge or hole."
1090-1,"The painting would not appear as a ledge to the sheep. The optical illusion is created from the viewer's perspective, so the sheep would likely see a distorted or messy drawing on the ground."
1090-2,"No, the painting on the ground does not look like a broken bridge to the sheep (or goats). The optical illusion is designed to work from a specific viewpoint, which is not the perspective of the animals."
1090-3,"No, the painting would not appear as a large puddle to the sheep because the optical illusion is created from a specific perspective, and it would not look the same from the sheep's point of view."
1090-7,E
1091-0,"Based on dual perception, four people can be identified in the image. There is a woman reading on a bench, a man standing behind her, and a woman walking in the background. Additionally, the faces of a man and a woman can be seen in the negative space of the image."
1091-1,"There are three individuals visible in the final segment of the video. One is a woman with long hair sitting on a bench and reading a book. Another is an older man with a beard, wearing a dark robe and holding a book, standing behind her. The third is a woman standing in the background near a house."
1091-2,"Yes, there are three people visible in the image: a woman sitting on a bench reading a book, a man standing behind her wearing dark clothing, and a person dressed in pink with a hat standing in the background."
1091-3,"No, it is not true. There are three people in the image: one sitting, one standing behind her, and another one in the background."
1091-7,B
1095-0,The person in the upper left corner throws small stones into a blue bucket.
1095-1,"The person in the upper left corner threw a small stone into the keg to prepare the scene for the final result, which involves a person jumping into the keg of water."
1095-2,"The person in the upper left corner is preparing the bucket with water, but it is not clear if he is throwing a stone into the bucket."
1095-3,"Yes, the person in the upper left corner causes someone to appear inside the keg by throwing a small stone."
1095-7,C
1101-0,The man gradually submerged the piece of paper under water to create the illusion of the goddess Durga floating on the water.
1101-1,The man slowly dipped the piece of paper into the water to create a creative video effect of the goddess Durga appearing to float on the water.
1101-2,"Yes, the man submerged the paper gradually to create an effect of it emerging from the water in the final video."
1101-3,"No, the purpose of slowly submerging the paper into the water was to create a visual effect for the video."
1101-7,A
1111-0,The woman wearing a brown saree decided to sit back down instead of joining the dance.
1111-1,The woman wearing a maroon sari chose to sit back down after initially standing up.
1111-2,"Yes, it was the woman in the brown and red sari who decided to sit down after standing up instead of joining the dance."
1111-3,"No, the man in the white shirt did not stand up at all."
1111-7,D
1112-0,His friend took the firework.
1112-1,The friend picked up the firework instead of the lighter.
1112-2,"Yes, it was the person in the blue shirt who took the firework."
1112-3,"Yes, it was the person in the white shirt who took the firework."
1112-7,B
1117-0,The person in the light purple shirt made the water overflow and failed the challenge.
1117-1,The person in the purple shirt was responsible for the water overflowing and losing the challenge.
1117-2,"No, it was not the person in the blue shirt who caused the water to overflow. It was the person in the purple shirt."
1117-3,"No, it was not the person in the red shirt who made the water overflow. The water overflowed when the person in the blue shirt was filling the glass."
1117-7,C
1119-0,The iron bowl is on the person's lap at 0:00.
1119-1,The iron bowl is on the floor next to the couch.
1119-2,"No, the iron bowl is not on the floor under the oversized phone screen when the person in red reacts to the cat and dog picture."
1119-3,"No, the bowl is white, not iron."
1119-7,A
1121-0,The filament light bulb is closest to the cloud symbol.
1121-1,The symbol nearest to the filament light bulb is the clouds.
1121-2,"Yes, the symbol closest to the filament light bulb on the control panel is three clouds."
1121-3,"Yes, the symbol closest to the filament light bulb on the control panel is the sun."
1121-7,D
1122-0,"At the end of the video, the little man in the overalls with the white bag is sucked up by the vacuum."
1122-1,The little man in overalls with the white bag ends up being sucked up by the vacuum cleaner.
1122-2,"Yes, the little man in overalls with the white bag is vacuumed up at the end of the video."
1122-3,"Yes, the little man in overalls with the white bag is found inside a janitor's closet at the end of the video."
1122-7,A
1124-0,The egg is inside the bottle.
1124-1,The egg causes the water to shoot out of the bottle and onto the person standing behind it.
1124-2,"No, the egg is gone."
1124-3,"No, the egg did not end up inside the water bottle. The water shot out of the bottle when the performer pushed down on the egg."
1124-7,E
1127-0,"In the third segment, the target basket is positioned to the left of the ball shooter from the camera's perspective."
1127-1,"In the third segment, the target basket is positioned to the left of the ball shooter from the camera's viewpoint."
1127-2,"Yes, in the third segment, the target basket is located behind the man, who is facing away from it and the camera."
1127-3,"Yes, in the third segment, the target basket is positioned directly in front of the ball shooter, who is facing it."
1127-7,D
1130-0,The red ball moved significantly when the old man swung his arm the largest magnitude.
1130-1,The red ball showed the most movement when the old man swung his arm widely.
1130-2,"Yes, the red ball moved significantly when the old man swung his arm with the largest magnitude."
1130-3,"No, it was the red ball that moved significantly when the old man swung his arm with the largest magnitude."
1130-7,A
1134-0,"The ball is thrown upwards and backwards, over the house, and into another basketball hoop."
1134-1,The ball was thrown backwards over the thrower's head and into another basketball hoop.
1134-2,"No, the ball of the first throw in the last scene does not bounce back to the person after hitting the ring of the hoop. It bounces into another hoop."
1134-3,"No, the ball of the first throw in the last scene did not descend directly towards the basketball hoop."
1134-7,A
1137-0,"When the woman is upside down, the head of the man in white is facing down."
1137-1,The man in white is looking at the camera when the woman is upside down.
1137-2,"Yes, when the woman is upside down, the man's head is facing up and forward at the camera."
1137-3,"No, the man's head is not facing downward. He is standing upright behind the woman, holding her legs."
1137-7,B
1145-0,"12 hours. The first time she looks at her phone it is 8:00 AM, and the second time it is 8:00 PM."
1145-1,The time gap between the two instances when the woman checks her phone as an adult is 12 hours. The first time is 8:00 AM and the second time is 8:00 PM.
1145-2,"Yes, the woman checks her phone 12 hours apart as an adult. The first time is at 8:00 AM and the second time is at 8:00 PM."
1145-3,"No, the woman does not check her phone twice within a minute as an adult. The times she checks her phone are 12 hours apart."
1145-7,D
1159-0,"The fifth item shown in the video is highlighters, which are used to emphasize important text. The seventh item shown in the video is a measurement scale, which is used to measure the length of an object."
1159-1,The fifth item displayed in the video is highlighters. The seventh item displayed in the video is an eraser.
1159-2,"Yes, the fifth and seventh items in the video are highlighters and erasers, respectively."
1159-3,"Yes, the fifth and seventh items in the video are sticky notes and a measurement scale."
1159-7,A
1160-0,The fourth item shown in the video is the Tom EDC Mahjong Slider.
1160-1,The fourth toy displayed in the video is the Tom EDC Mahjong Slider.
1160-2,"Yes, the fourth item in the video is a metal fidget toy resembling a mahjong tile. It is called the ""Tom EDC Mahjong Slider""."
1160-3,"No, the fourth item in the video is not a small black pill-shaped fidget toy. It is a chunky and heavy piece of metal."
1160-7,C
1161-0,"The color order displayed by the long strip of light is: Yellow, Green, Blue, Purple, Red, Orange."
1161-1,"The sequence of colors shown by the long strip of light is yellow, green, blue, purple, red, and orange."
1161-2,"Yes, the long strip of light on the objects in the video displays the colors in the order of yellow, green, cyan, blue, purple, red, and orange."
1161-3,"Yes, the color order displayed by the long strip of light on the object in the video is yellow, green, blue, purple, and red."
1161-7,E
1162-0,"The menu options are browsed in the following order: Calendar, Clock, Notes, Calculator, Settings."
1162-1,The person navigates through the following menu options: Bottom left button > Notes.
1162-2,"Yes, the person browses through the menu options starting with Calendar and ending with Calculator."
1162-3,"Yes, the person browses through the menu options including Settings."
1162-7,D
1168-0,The man in the red hat fell into a hole because it was actually a cleverly designed piece of street art that created the illusion of a hole.
1168-1,The man in the red hat fell because the street art was designed to look like a hole.
1168-2,"Yes, the man in the red hat fell because of video editing and an optical illusion. The street art creates the illusion of a hole, and the video editing enhances the effect, making it appear as if he actually fell into a hole."
1168-3,"Yes, the man in the red hat fell into the hole because he was deceived by a realistic 3D street painting."
1168-7,C
1169-0,The guy in the referee outfit was kicked to pieces by the football because it was a trick shot.
1169-1,The man in black and white clothes appears to be shattered by the soccer ball due to video editing.
1169-2,"Yes, the man in black and white clothes was kicked to pieces by the soccer ball due to video editing effects."
1169-3,"No, the man in black and white clothes was not a mannequin. He was a real person who was edited out of the video after being kicked by the soccer ball."
1169-7,A
1170-0,"The containers disappear after Zach King completes a line, similar to how blocks disappear in the game Tetris."
1170-1,"The containers vanish because Zach King is playing ""Cargo Tetris,"" and when he completes a line, the containers disappear as they would in the game."
1170-2,"Yes, the containers disappeared because they were part of a Tetris-like game using post-production effects."
1170-3,"Yes, the containers disappeared because they fell off the ship due to instability."
1170-7,C
1173-0,"The person in the back seat disappeared because of a special effect. When the car hit a bump, all the drinks spilled on the person, and they disappeared."
1173-1,The person in the back seat vanished due to special effects editing after the drinks spilled.
1173-2,"Yes, the person in the back seat disappeared due to post-production editing, as Zach King is known for his creative video editing."
1173-3,The person in the back seat disappeared because the car went over a bump.
1173-7,D
1175-0,The bear is made to move through editing.
1175-1,The video uses editing to make the chalk art appear as if it is a real bear that is moving.
1175-2,"Yes, the bear on the ground is made to move through clever editing between a 3D painting and a real bear."
1175-3,"No, the bear on the ground is not a mechanical bear moving. It appears to be a real bear."
1175-7,B
1176-0,The plant grew larger because the inside of the greenhouse is massive and allows plants to grow incredibly fast.
1176-1,The plant appears larger due to a visual effect or editing trick.
1176-2,"Yes, the plant in the man's hand appeared larger due to a visual effect created by post-production video editing techniques."
1176-3,"No, the plant did not grow larger because of a change in perspective. It is a visual effect."
1176-7,B
1177-0,The man suddenly appeared on the other boat through editing.
1177-1,"The technique used was editing. The man dives into the water behind a towel, and the scene is edited to make it appear as though he suddenly appears on a boat in the distance."
1177-2,"Yes, the man likely appeared on another boat due to video editing and visual effects, as indicated by the comments and Zach King's own statement."
1177-3,"No, it is likely that the video was edited to make it appear that he swam to the boat."
1177-7,B
1178-0,The laptop appears to show a progression of device sizes from mini smartphones to larger devices.
1178-1,The laptop is shown to continue the theme of showing different types of devices.
1178-2,"Yes, the laptop in the final scene is likely a phone transformed by a visual effect filter, consistent with the video's presentation style."
1178-3,"No, the laptop in the final scene is not a foldable device that unfolds from a smartphone."
1178-7,C
1181-0,The Colosseum disappeared when Zach King framed it with a picture frame.
1181-1,"The technique used was a visual effect achieved by holding up a framed picture of the Colosseum that perfectly aligned with the real Colosseum in the background. When Zach King runs away with the picture, it creates the illusion that the actual Colosseum has vanished."
1181-2,"Yes, the Colosseum disappeared due to a visual trick and post-production effects. Zach King used a painting and editing to create the illusion."
1181-3,"No, the Colosseum did not disappear because of the painting. It is a visual effect created through editing."
1181-7,A
1182-0,"The ladder appears beneath the clouds through editing. Zach King throws a small, folded ladder into the air, and it magically unfolds into a full-sized ladder."
1182-1,"The ladder appears under the clouds by being thrown into the air as a small, folded-up version and then magically transforming into a full-sized ladder."
1182-2,"Yes, the ladder beneath the clouds in the video is made to look full-sized through video editing techniques. The video shows a miniature ladder that is magically transformed into a full-sized ladder."
1182-3,"No, the ladder does not turn into a smaller size as it moves toward the clouds. The ladder expands from a small size to a full-size ladder."
1182-7,C
1183-0,The sky suddenly darkened because Zach King caught the sun in his hands.
1183-1,Zach King grabbed the sun out of the sky.
1183-2,"Yes, the sky likely darkened because of a combination of lighting changes and post-production effects."
1183-3,"No, the sky darkened because the person in the video caught the sun and dunked it into a basketball hoop."
1183-7,A
1192-0,"The standing sprinkler appeared because Zach King used a device from the new Ratchet and Clank game on the people, which turned them into plant-like figures."
1192-1,The sudden appearance of the standing sprinkler was caused by Zach King using the Ratchet and Clank game weapon.
1192-2,"Yes, the standing sprinkler's sudden appearance in the video is due to creative video editing."
1192-3,"Yes, the standing sprinkler appeared suddenly, implying it was hidden underground and activated by the ball."
1192-7,C
1203-0,The man twisted the towel around the faucet and pulled it out from the side.
1203-1,The man loops the towel around the faucet and pulls it out.
1203-2,"Yes, Andrey successfully removed the towel by moving the open end of the towel to the other side of the water flow."
1203-3,"Yes, the man used the detachable spray head of the faucet to take out the towel without touching the stream."
1203-7,B
1206-0,"The blue paint is seemingly spilling unusually because the video is an illusion. The camera is likely positioned in a way that makes it appear as if Zach King is standing on the wall, and the paint is falling upwards."
1206-1,"The unusual direction of the blue paint is due to a trick of perspective. The camera is likely positioned on the ceiling, and Zach King is standing on the wall, which makes it appear as if the paint is defying gravity."
1206-2,"Yes, the blue paint is spilling upwards because the entire set is upside down, creating an illusion."
1206-3,"No, the blue paint is not spilling unusually. When the can is held upside down, gravity causes the paint to spill downwards as expected."
1206-7,C
1209-0,The woman in the photo at the end of the video is running.
1209-1,The woman is running.
1209-2,"Yes, the woman in the photo at the end of the video appears to be moving fast because it is an illusion created by the photo composition. The splashing water and flying leaves give the impression of movement."
1209-3,"Yes, the position of her legs and the splash of water suggest she is running quickly."
1209-7,C
1210-0,The focus changes from a person to the photograph.
1210-1,The focus changes from the person viewing the photograph to the photograph itself.
1210-2,"Yes, the focus of the video remains on the photograph of the two birds throughout the sequence."
1210-3,"No, the video consists of still shots with no shift in focus."
1210-7,B
1214-0,The shot zooms in on the woman.
1214-1,The camera zooms in towards the woman.
1214-2,"Yes, the camera is moving closer to the woman, creating a zoom-in effect."
1214-3,"Yes, the camera is moving away from the woman, creating a zoom-out effect, as it films her."
1214-7,A
1223-0,"In the last throw, the camera zooms in closer to the cup, whereas the other throws are captured with a wide shot."
1223-1,"For the final throw, the camera zooms in closer to the pans and the cup."
1223-2,"No, the camera does not zoom in on the floor during the last throw. The camera remains stationary throughout the video."
1223-3,"No, the camera angle changes in the last throw. The camera zooms in and lowers its angle."
1223-7,C
1225-0,Peet is mainly visible after the first camera zoom.
1225-1,Peet Montzingo and his mom are prominently seen when the camera finishes zooming in for the first time.
1225-2,"Yes, the person mainly visible after the first camera zoom is a man in a gray Under Armour t-shirt."
1225-3,"No, the person mainly visible after the first camera zoom is a woman, but she is not wearing a red dress. She is wearing a light pink top and black pants."
1225-7,C
1229-0,"The object in front of the mirror is a pawn, while its reflection is a king. This is because the video is conveying a message that even if you are a pawn now, you have the potential to become a king in the future."
1229-1,"The discrepancy is caused by the reflection being a king, while the object in front of the mirror is a pawn."
1229-2,"Yes, the difference between the object and its reflection is due to the use of a panoramic photography feature on the phone. The panorama feature is used to capture both the pawn and the king in the same image."
1229-3,"No, the difference between the pawn and its reflection (the king) is not because the mirror is a special type like a concave mirror. The mirror is a regular mirror, and the image is changed in post-production to convey a symbolic meaning."
1229-7,C
1231-0,The water appears to be flowing backwards because the video was filmed with the person walking backwards and then the video was reversed.
1231-1,The reverse waterfall effect is achieved by filming the person walking backward and then playing the video in reverse. This makes it appear as if the waterfall is flowing upward.
1231-2,"No, the backward flow of the waterfall is not due to reverse video processing. The waterfall is flowing normally, but the camera is rotated to create the illusion of reverse flow."
1231-3,"No, the waterfall appears to flow backwards because the video is filmed with the phone rotated 90 degrees and the subject is walking backwards."
1231-7,A
1233-0,"The panorama feature on the phone captures the reflection of the subject and then continues to capture the sky above, creating a mirrored effect."
1233-1,"The photographer used the panorama feature on their phone. They started with the woman in the frame, and then moved the camera to the left to capture the man."
1233-2,"Yes, the two reflections in the photo are due to the use of a panoramic camera function that combined multiple images to create a wider field of view, capturing both the subject and their reflection in the puddle."
1233-3,"No, the reflections are not due to image synthesis technology. The reflections are created by capturing the reflection of the subject and the sky in a puddle."
1233-7,A
1235-0,The video does not provide the answer to 4+3=.
1235-1,The video does not provide enough information to determine the result of 4 + 3 based on the pattern shown. The pattern only applies to adding a number to itself.
1235-2,"No, 4 + 3 does not equal 37 based on the pattern. The pattern involves adding the same number to itself and multiplying by an incrementing integer."
1235-3,"No, according to the pattern in the video, 4 + 3 does not equal 412. The video only shows examples of adding the same number to itself."
1235-7,E
1236-0,"Yes, the method is useful to produce correct calculation results. The trick demonstrated in the video is a valid mathematical shortcut for dividing numbers ending in zero by five."
1236-1,"Yes, the method demonstrated in the video effectively yields accurate calculation results. It involves removing the zero from the number and multiplying the remaining number by two, which is mathematically equivalent to dividing by five."
1236-2,"Yes, the method shown in the video is effective in producing accurate results. It's based on the mathematical principle that dividing by 5 is the same as dividing by 10 and then multiplying by 2."
1236-3,"No, the method shown in the video is not ineffective. It involves removing the zero from the number and multiplying the remaining number by 2, which is equivalent to dividing by 5. The video does not involve squaring any numbers."
1236-7,C
1237-0,"According to the video and the comments, the answer to 9+9=? is 63. This is based on a pattern established in the quiz."
1237-1,"According to the pattern, 9 + 9 = 63. The pattern seems to be that you multiply the number by itself minus 2. For example, 4+4 = 4*(4-2) = 4*2 = 8. 5+5 = 5*(5-2) = 5*3 = 15. 6+6 = 6*(6-2) = 6*4 = 24. Therefore, 9+9 = 9*(9-2) = 9*7 = 63."
1237-2,"Yes, based on the pattern and the comments in the video, the equation 9 + 9 results in 63. The pattern seems to involve multiplying the number by an incrementing value."
1237-3,"No, according to the pattern in the video, 9 + 9 does not equal 72. The most common answer is 63."
1237-7,B
1239-0,"Yes, the method is useful to produce correct calculation results. As stated in the comment from @ChrisWrightReally, the method is 100% correct."
1239-1,"Yes, the method shown helps in achieving accurate calculation results. This is supported by a comment from a ""math guy"" who confirms the method's accuracy."
1239-2,"Yes, the method is effective in producing correct results for the multiplication table of 19. This is supported by the comment from a self-proclaimed ""math guy"" who states that the method is ""100% correct""."
1239-3,"Yes, this method produces the correct result for the multiplication table of 19. It is more efficient than calculating each product individually, but less efficient than memorizing the multiplication table."
1239-7,C
1242-0,"The man successfully performed a magic trick, making a dollar bill appear from his ear, which surprised and amazed the woman watching."
1242-1,"The man successfully fools the woman with his magic trick, making her believe he made the dollar reappear."
1242-2,"Yes, the man's magic trick succeeded in surprising the woman. Her reaction clearly shows her amazement when the money appears under the cup."
1242-3,"No, the man's magic trick did not fail. Although the dollar bill remained visible on the table, the trick involved producing a second dollar bill from his ear, which surprised the woman."
1242-7,E
1255-0,The man ran underneath the parachute after the color yellow was called.
1255-1,Yellow was the color called that prompted the man to run underneath.
1255-2,"Yes, the man runs underneath after the color yellow is called."
1255-3,"No, the man did not run underneath after the color red was called."
1255-7,A
1260-0,The man in white looks surprised because the man in black ate all the food.
1260-1,The man in white appears shocked because the man in black ate all the food.
1260-2,"No, the man in white is not surprised. The plate of food is still there."
1260-3,"It is likely that the man in white is surprised because the food he ate was unexpectedly spicy, based on the other man's reaction."
1260-7,C
1261-0,The two men are part of the photography crew and are holding torches to create a specific lighting effect for the reflection in the mirror.
1261-1,"The presence of two men in the reflection is due to them holding torches behind the camera, and their reflections are captured in the mirror placed on the ground."
1261-2,"Yes, the presence of two men in the reflection is likely due to the photos being intentionally shot and edited together. The behind-the-scenes footage shows that the reflection scene is different from the scene with the woman reading."
1261-3,"Yes, the reflection of the two men in the scene is created by using a mirror placed on the ground."
1261-7,B
1262-0,The girl in pink top is scared and starts crying after she held on the performer's arm.
1262-1,"After grabbing the performer's arm, the girl felt scared and thought she broke the statue, so she started crying and called for her dad."
1262-2,"Yes, the girl in the pink top felt worried and scared after she held the performer's arm. This is evident from her crying and calling for her dad immediately after the performer moved his leg."
1262-3,"No, the girl in the pink top did not feel curious and amused after she held the performer's arm. She became scared and started crying when the performer moved."
1262-7,A
1275-0,"The person in the blue shirt wins the challenge. He is the last one to add water to the glass without spilling, and then he drinks the water."
1275-1,The person in the blue shirt is the winner because he successfully drank the water without spilling.
1275-2,"No, the person in the blue T-shirt lost the challenge, but he drank the water in the glass. The others lost before him."
1275-3,"Yes, the person in the blue shirt won the challenge because he successfully filled the glass above the rim and then drank the water without spilling."
1275-7,D
1276-0,The lemon icon at the top of the video represents the sour gummy lemon that the family is eating in the challenge.
1276-1,The lemon icon represents the sour gummy lemon that is being eaten in the challenge.
1276-2,"Yes, the lemon icon at the top of the video represents different sizes of lemons that participants are challenged with."
1276-3,"No, the lemon icon at the top of the video does not indicate the level of sourness of the lemon in the challenge. It indicates the size of the gummy lemon."
1276-7,D
1278-0,"The first challenge took 16 hours and was completed on the first try. The second challenge, which was to knock down all the dominoes, took 4 tries. Therefore, the difference in the number of attempts is 3."
1278-1,The first challenge took 16 hours and was completed on the first try. The second challenge took 3 hours and was also completed on the first try. The difference in the number of attempts is 0.
1278-2,"No, the difference in the number of attempts between the first two challenges is zero, as both were completed on the first try."
1278-3,"Yes, the difference in the number of attempts between the first two challenges is more than two. The first challenge was completed on the first try, while the second challenge took 4 tries. The difference is 3, which is more than 2."
1278-7,C
1283-0,The kid in the red uniform runs the fastest at the end of the video.
1283-1,The runner in the red uniform is the fastest runner. He is the first to cross the finish line.
1283-2,"Yes, the child in the red outfit, positioned in the middle of the five runners, is the fastest at the end of the race."
1283-3,"No, the child in the green outfit is not the fastest runner at the end of the video."
1283-7,C
1288-0,The blond man is annoyed at the end of the video.
1288-1,The blond man feels frustrated at the conclusion of the video because the woman behind him ruins his magic trick.
1288-2,"Yes, the blond man feels frustrated because the woman behind him revealed the trick. He looks annoyed after she reveals the trick."
1288-3,"Yes, the blond man appears playful and energetic at the end of the video. He is making exaggerated poses and facial expressions, which suggests he is having fun and being energetic."
1288-7,D
1290-0,"At the end of the video, the man hits the wall and makes a screaming sound."
1290-1,"At the conclusion of the video, the man is hit in the face with a pillow. He makes a noise and his face shows that he is in pain."
1290-2,"Yes, the man shows signs of shock and pain. He makes a noise that sounds like he is hurt, and his facial expression changes to reflect discomfort. This is supported by the comments that mention his face and the sound he made."
1290-3,"No, the man at the end does not seem amused or entertained. His facial expression shows that he is silently dying inside."
1290-7,C
1293-0,The bottle cap was suspended by a string.
1293-1,The bottle cap was suspended by a thin string.
1293-2,"Yes, the bottle cap in the second scene was made to look like it was flying by using a thin string and clever camera angles."
1293-3,"No, the bottle cap did not fly because someone flicked it with their finger. It was suspended by a string."
1293-7,D
1294-0,"The meat appeared on the grill as a humorous, unexpected event, seemingly falling from the sky as a ""gift"" or ""blessing,"" likely staged for comedic effect."
1294-1,"The piece of meat fell from the sky. The video shows someone cutting meat in a hot air balloon, implying that the meat fell from the balloon onto the grill."
1294-2,"Yes, the piece of meat landed on the grill because it was dropped from a hot air balloon."
1294-3,"No, the piece of meat was not placed on the grill using tongs. It fell from above."
1294-7,D
1298-0,The man's football did not return to him because his son kicked it into a basketball hoop.
1298-1,The man's football did not come back to him because it bounced off the wall in the opposite direction.
1298-2,"No, the man's football did not land in the blue bucket. It hit the wall above it and bounced back."
1298-3,"No, the man's football was not unable to return because a dog intercepted it."
1298-7,A
1299-0,The elevator door closed because Sofi pressed the button to close the elevator door.
1299-1,Sofi pressed the button to close the elevator door.
1299-2,It is not clear whether the elevator door closed automatically.
1299-3,"Yes, the elevator door closed because the person inside pressed the button to close it."
1299-7,B
1307-0,"The first tire is traveling faster than the second tire, increasing the distance between them."
1307-1,The speed difference increases because the second tire hits a bump and slows down.
1307-2,"No, the tire initially lagging behind does not surpass the leading tire in speed and distance after the ramp."
1307-3,"No, the tire that takes the lead at the start does not remain in the lead all the time. The other tire overtakes it."
1307-7,C
1308-0,"The black missile is shown moving at a slower speed, then the BrahMos 2 missile is shown moving faster. The BrahMos 2 missile is said to be seven times faster than the speed of sound."
1308-1,"The black missile accelerates to a very high speed, reaching seven times the speed of sound."
1308-2,"No, the missile does not decelerate to match the bullet's speed. It appears and immediately accelerates."
1308-3,"Yes, the speed of the black missile in the animation keeps increasing."
1308-7,A
1310-0,Michiel used lesser time in completing the game.
1310-1,Michiel finished the game in the shortest amount of time.
1310-2,"Yes, Michiel completed the game faster than Celine."
1310-3,"No, Celine did not finish the game faster because she had more soccer ball icons above her name. Michiel finished faster. The soccer ball icons are added as they progress through the game and do not determine the winner."
1310-7,B
1312-0,"Yes, the treadmill is running while the person in the video is sleeping."
1312-1,"Yes, the treadmill was active while the person was trying to sleep in the video. The treadmill belt was moving while the person was lying on it, covered with a blanket."
1312-2,"Yes, the person in the video had to crawl forward to avoid falling off the treadmill because it was running while they were sleeping."
1312-3,"No, the treadmill belt was not stationary while the person was sleeping in the video. The belt was moving."
1312-7,C
1318-0,"The daughter appears unimpressed and slightly annoyed at the end. She is looking away from her dad with a neutral to slightly disapproving expression, suggesting she is not amused by his antics."
1318-1,"The daughter seems unimpressed and slightly annoyed. She maintains a neutral expression, suggesting she is not particularly amused by her father's behavior."
1318-2,"Yes, the daughter seems speechless at the end. She doesn't say anything and has a slight smile, suggesting she's amused but doesn't know how to respond to her father's antics."
1318-3,"Yes, the daughter appears amused and entertained at the end, as she is smiling slightly while watching her father."
1318-7,D
1321-0,
1321-1,
1321-2,
1321-3,
1321-7,
1324-0,"At the end of the video, the man is shocked and surprised, while the woman is relieved and apologetic. This is because the man almost cut their dog in half, thinking it was another object."
1324-1,"At the conclusion of the video, the man and woman are shocked and relieved. This is because the woman places their dog in the man's hands as he is about to split it in half, causing them to realize the potential danger the dog was in."
1324-2,"Yes, the man and woman experience shock at the end of the video. The woman gasps and pulls at the man's arm, while the man looks surprised and concerned after realizing he almost harmed the dog."
1324-3,"Yes, the man and woman appear to be in a light-hearted and playful mood at the end of the video because of their interaction with the fluffy white dog. They are both laughing and seem relieved that the dog was not harmed."
1324-7,C
1329-0,The woman is in a playful mood at the end of the video because she playfully chases the man after he pretends to be a king.
1329-1,"At the conclusion of the video, the woman is playfully annoyed or shocked. This is caused by the man's sudden and unexpected behavior of sitting like a king while she was doing yoga."
1329-2,"The woman's mood at the end of the video reflects playfulness, not frustration or anger. She playfully smacks him, indicating a lighthearted reaction to his prank."
1329-3,"No, the woman's mood at the end of the video is not one of confusion and curiosity. She understands the man's actions and playfully chases him."
1329-7,D
1344-0,The child smiles after the injection because the baby realizes it wasn't that painful.
1344-1,The child smiles after receiving the injection because the pain was not as bad as they initially thought.
1344-2,"It's possible that the pain subsiding contributes to the baby's smile, but the quick emotional shift and the comments suggest that other factors, such as distraction or realizing the pain wasn't severe, also play a significant role."
1344-3,"No, the child's smile after the injection is not due to being comforted by the person around them. The baby seems to be smiling because the pain was not as bad as expected."
1344-7,C
