qid,video_id,question_type,capability,question,duration,question_prompt,answer,youtube_url
0008-0,sj81PWrerDk,Primary Open-ended Question,Plot Attribute (Montage),What is the difference between the action of the last person in the video and the actions of the first two people?,8.85,Please state your answer with a brief explanation.,The first two people use tools to open the bottle. The last person uses the force of his hand to break the top of the bottle off.,https://www.youtube.com/shorts/sj81PWrerDk
0008-1,sj81PWrerDk,Paraphrased Open-ended Question,Plot Attribute (Montage),Can you describe how the actions of the last person in the video differ from other individuals?,8.85,Please state your answer with a brief explanation.,"The last person opened the coca-cola bottle by slamming it down on the table, causing the bottle to shatter. This contrasts with the other methods of opening a bottle, which include using a knife, a bottle opener, or some other utensil or object.",https://www.youtube.com/shorts/sj81PWrerDk
0008-2,sj81PWrerDk,Correctly-led Open-ended Question,Plot Attribute (Montage),Did the last person open the bottle without using a knife?,8.85,Please state your answer with a brief explanation.,"Yes, the last person opened the bottle with just a flick of their finger, so without using a knife.",https://www.youtube.com/shorts/sj81PWrerDk
0008-3,sj81PWrerDk,Wrongly-led Open-ended Question,Plot Attribute (Montage),Did the last person in the video open the bottle with a knife while the first two people failed in their attempts?,8.85,Please state your answer with a brief explanation.,"No, the last person opened the bottle with their finger after using the knife and failing to open the bottle cap normally.",https://www.youtube.com/shorts/sj81PWrerDk
0008-7,sj81PWrerDk,Multiple-choice Question with a Single Correct Answer,Plot Attribute (Montage),"How does the last person in the video open the bottle differently from the first two people?
A. He uses a different type of knife.
B. He uses a corkscrew.
C. He uses a bottle opener.
D. He uses his finger.",8.85,"E. None of the above
Select one best answer to the above multiple-choice question based on the video. Respond with only the letter (A, B, C, D or E) of the correct option.",D,https://www.youtube.com/shorts/sj81PWrerDk
0012-0,AGCyLqLuUJ0,Primary Open-ended Question,Element Counting,How many robot figures appear in the video?,20.67,Please state your answer with a brief explanation.,,https://www.youtube.com/shorts/AGCyLqLuUJ0
0012-1,AGCyLqLuUJ0,Paraphrased Open-ended Question,Element Counting,What is the total number of robot figures shown in the video?,20.67,Please state your answer with a brief explanation.,,https://www.youtube.com/shorts/AGCyLqLuUJ0
0012-2,AGCyLqLuUJ0,Correctly-led Open-ended Question,Element Counting,Does the video display four robot figures in total?,20.67,Please state your answer with a brief explanation.,,https://www.youtube.com/shorts/AGCyLqLuUJ0
0012-3,AGCyLqLuUJ0,Wrongly-led Open-ended Question,Element Counting,Are there only two robot figures shown in the video?,20.67,Please state your answer with a brief explanation.,,https://www.youtube.com/shorts/AGCyLqLuUJ0
0012-7,AGCyLqLuUJ0,Multiple-choice Question with a Single Correct Answer,Element Counting,"How many robot figures are shown in the video?
A. Two
B. Three
C. Four
D. Five",20.67,"E. None of the above
Select one best answer to the above multiple-choice question based on the video. Respond with only the letter (A, B, C, D or E) of the correct option.",,https://www.youtube.com/shorts/AGCyLqLuUJ0
0016-0,4mKxze5P9gQ,Primary Open-ended Question,Element Attributes (Optical Illusion),Which direction is the person facing?,15.06,Please state your answer with a brief explanation.,"The person is facing both directions, according to the top comments of the video. The image has been designed as an optical illusion, so you can see the person facing one way, and then if you turn the image upside down, you can see the person facing the opposite way.",https://www.youtube.com/shorts/4mKxze5P9gQ
0016-1,4mKxze5P9gQ,Paraphrased Open-ended Question,Element Attributes (Optical Illusion),In which directions is the person looking?,15.06,Please state your answer with a brief explanation.,The person is looking to the left and forward. This is what can be observed at different viewpoints of the image as requested by the speaker.,https://www.youtube.com/shorts/4mKxze5P9gQ
0016-2,4mKxze5P9gQ,Correctly-led Open-ended Question,Element Attributes (Optical Illusion),Is the person facing both sideways and forward due to photo editing?,15.06,Please state your answer with a brief explanation.,"Yes, this is an optical illusion achieved through photo editing. The picture is designed to trick your brain into seeing two different perspectives of the same person.",https://www.youtube.com/shorts/4mKxze5P9gQ
0016-3,4mKxze5P9gQ,Wrongly-led Open-ended Question,Element Attributes (Optical Illusion),Is the person facing forward because of the symmetry of the shoulders?,15.06,Please state your answer with a brief explanation.,"No, the person isn't facing forward because of the symmetry of the shoulders. The video highlights how the illusion changes based on your perspective.",https://www.youtube.com/shorts/4mKxze5P9gQ
0016-7,4mKxze5P9gQ,Multiple-choice Question with a Single Correct Answer,Element Attributes (Optical Illusion),"Which direction is the person facing?
A. To the right
B. right and forward
C. left and forward
D. To the left",15.06,"E. None of the above
Select one best answer to the above multiple-choice question based on the video. Respond with only the letter (A, B, C, D or E) of the correct option.",B,https://www.youtube.com/shorts/4mKxze5P9gQ
0036-0,1SiTuYb506o,Primary Open-ended Question,Objective Causality (Videography Phenomenon & Illusion),Why can the apparently slow spinning machine cut the zucchini so thinly?,18.01,Please state your answer with a brief explanation.,"The blade's speed is much faster than it appears, but it looks slow due to the camera's frame rate being synced with the blade's revolutions per second.",https://www.youtube.com/shorts/1SiTuYb506o
0036-1,1SiTuYb506o,Paraphrased Open-ended Question,Objective Causality (Videography Phenomenon & Illusion),How does the machine manage to slice the zucchini so thinly despite appearing to spin slowly?,18.01,Please state your answer with a brief explanation.,"The blade appears to move slowly due to the camera's frame rate being synced with the blade's rotation speed. In reality, the blade is moving very fast, allowing it to slice the zucchini quickly and thinly.",https://www.youtube.com/shorts/1SiTuYb506o
0036-2,1SiTuYb506o,Correctly-led Open-ended Question,Objective Causality (Videography Phenomenon & Illusion),"Is the reason the machine cuts the zucchini so thinly because the blades are spinning at a high speed, creating a stroboscopic effect?",18.01,Please state your answer with a brief explanation.,"Yes, the blades are spinning at a high speed which is what makes the machine cut the zucchini so thinly. The speed also creates a stroboscopic effect, which makes the blades appear to be moving slower than they actually are.",https://www.youtube.com/shorts/1SiTuYb506o
0036-3,1SiTuYb506o,Wrongly-led Open-ended Question,Objective Causality (Videography Phenomenon & Illusion),"Is the machine able to cut the zucchini thinly because of the sharpness of the blade, even at a slower speed?",18.01,Please state your answer with a brief explanation.,"No, the machine's blades are moving at a very high speed which is why the zucchini is sliced so thinly. The camera's frame rate is synced with the speed of the blade, making it look like it is moving slower than it is.",https://www.youtube.com/shorts/1SiTuYb506o
0036-7,1SiTuYb506o,Multiple-choice Question with a Single Correct Answer,Objective Causality (Videography Phenomenon & Illusion),"Why can the machine cut the zucchini so thinly?
A. The blades spin at high speed, and the stroboscopic effect makes it appear slow.
B. The machine uses a laser to cut.
C. The zucchini is fed consistently and controlled.
D. The blade is sharp enough to cut at a slower speed.",18.01,"E. None of the above
Select one best answer to the above multiple-choice question based on the video. Respond with only the letter (A, B, C, D or E) of the correct option.",A,https://www.youtube.com/shorts/1SiTuYb506o
0037-0,KyyDh9NP_lc,Primary Open-ended Question,Element Attributes (Optical Illusion),How many parts of the video have been artificially edited?,19.55,Please state your answer with a brief explanation.,"Multiple parts of the video are artificially edited to show video game glitches. For example, the cup levitating, the person's transformation into a low-resolution model, duplication of the person, and more, are all artificially edited.",https://www.youtube.com/shorts/KyyDh9NP_lc
0037-1,KyyDh9NP_lc,Paraphrased Open-ended Question,Element Attributes (Optical Illusion),In how many sections does the video show signs of artificial editing?,19.55,Please state your answer with a brief explanation.,"The video shows signs of artificial editing in 5 sections: The cup falling off the table, the character going into T-pose, the character turning into an error, the character making a clone, and the character dissolving into balls.",https://www.youtube.com/shorts/KyyDh9NP_lc
0037-2,KyyDh9NP_lc,Correctly-led Open-ended Question,Element Attributes (Optical Illusion),Is the video edited in multiple parts to create the effect of video game glitches?,19.55,Please state your answer with a brief explanation.,"Yes, the video is heavily edited. Many comments refer to the high quality of the video's editing and its purpose in creating a glitch effect.",https://www.youtube.com/shorts/KyyDh9NP_lc
0037-3,KyyDh9NP_lc,Wrongly-led Open-ended Question,Element Attributes (Optical Illusion),Is the video edited only in one part to create the effect of video game glitches?,19.55,Please state your answer with a brief explanation.,"No, the video uses a variety of editing techniques to create the effect of video game glitches. These include rapid object movements, texture glitches, T-posing, and clipping into other objects.",https://www.youtube.com/shorts/KyyDh9NP_lc
0037-7,KyyDh9NP_lc,Multiple-choice Question with a Single Correct Answer,Element Attributes (Optical Illusion),"How many parts of the video have been artificially edited?
A. Five
B. One
C. None
D. Two",19.55,"E. None of the above
Select one best answer to the above multiple-choice question based on the video. Respond with only the letter (A, B, C, D or E) of the correct option.",A,https://www.youtube.com/shorts/KyyDh9NP_lc
0038-0,sj81PWrerDk,Primary Open-ended Question,Professional Knowledge,Why was the last person able to snap off the cap so easily?,8.85,Please state your answer with a brief explanation.,"The comments suggest the person has superhuman strength. Many comments reference the anime character Yujiro Hanma, implying the person in the video has similar strength. Some also suggest the bottle was already broken or cut.",https://www.youtube.com/shorts/sj81PWrerDk
0038-1,sj81PWrerDk,Paraphrased Open-ended Question,Professional Knowledge,What was the reason that the last person was able to break off the bottle cap so easily?,8.85,Please state your answer with a brief explanation.,"The top comment said, ""I saw the broken cok from the start."" Thus, the bottle was probably already broken before he opened it.",https://www.youtube.com/shorts/sj81PWrerDk
0038-2,sj81PWrerDk,Correctly-led Open-ended Question,Professional Knowledge,Did the last person successfully break the bottle?,8.85,Please state your answer with a brief explanation.,"Yes, the last person successfully broke the bottle. The video ends with them cleanly breaking the top of a Coca-Cola bottle off with a flick.",https://www.youtube.com/shorts/sj81PWrerDk
0038-3,sj81PWrerDk,Wrongly-led Open-ended Question,Professional Knowledge,Did the last person use a lighter as a lever to snap off the cap easily?,8.85,Please state your answer with a brief explanation.,"No, the last person in the video does not use a lighter as a lever. They use what appears to be a chopstick or small piece of wood to try and knock the top of the bottle off, but it breaks the top of the bottle off instead.",https://www.youtube.com/shorts/sj81PWrerDk
0038-7,sj81PWrerDk,Multiple-choice Question with a Single Correct Answer,Professional Knowledge,"How did the last person snap off the cap so easily?
A. They used a knife to create leverage.
B. They had a knife hidden in their sleeve, which they used to cut the cap off.
C. They made a shallow cut around the bottle's mouth.
D. They were using a knife to twist and break the cap.",8.85,"E. None of the above
Select one best answer to the above multiple-choice question based on the video. Respond with only the letter (A, B, C, D or E) of the correct option.",C,https://www.youtube.com/shorts/sj81PWrerDk
0064-0,sE-KTqE9Dek,Primary Open-ended Question,Objective Causality,Why did the room go dark after the stick figure character closed the door?,12.61,Please state your answer with a brief explanation.,"The room went dark because the stick figure character accidentally hit the lamp, causing it to break.",https://www.youtube.com/shorts/sE-KTqE9Dek
0064-1,sE-KTqE9Dek,Paraphrased Open-ended Question,Objective Causality,What caused the room to become dark after the stick figure character shut the door?,12.61,Please state your answer with a brief explanation.,"The room became dark because after the stick figure character shut the door, the lamp on the table broke, causing the light in the room to go out.",https://www.youtube.com/shorts/sE-KTqE9Dek
0064-2,sE-KTqE9Dek,Correctly-led Open-ended Question,Objective Causality,"Did the room go dark because the stick figure character closed the door, causing the lamp to fall?",12.61,Please state your answer with a brief explanation.,"No, the room went dark because the stick figure character runs into the bedroom, slams the door shut, and then the lamp falls.",https://www.youtube.com/shorts/sE-KTqE9Dek
0064-3,sE-KTqE9Dek,Wrongly-led Open-ended Question,Objective Causality,Did the room go dark because the stick figure character accidentally hit the light switch when closing the door?,12.61,Please state your answer with a brief explanation.,"No, the character was in the room, and then the light went out. It was a lamp, not a light switch being hit by the door.",https://www.youtube.com/shorts/sE-KTqE9Dek
0064-7,sE-KTqE9Dek,Multiple-choice Question with a Single Correct Answer,Objective Causality,"Why did the room go dark after the stick figure character closed the door?
A. The lamp fell due to force.
B. The light switch was hit.
C. The stick figure character closed the door.
D. The stick figure character turned off the light switch.",12.61,"E. None of the above
Select one best answer to the above multiple-choice question based on the video. Respond with only the letter (A, B, C, D or E) of the correct option.",A,https://www.youtube.com/shorts/sE-KTqE9Dek
0070-0,MSkL7A2yyOY,Primary Open-ended Question,Event Counting,How many times did the person in the video pour the water?,12.97,Please state your answer with a brief explanation.,"The person in the video poured the water two times: the first time, the water ran down the side of the mug, and the second time, it poured correctly.",https://www.youtube.com/shorts/MSkL7A2yyOY
0070-1,MSkL7A2yyOY,Paraphrased Open-ended Question,Event Counting,How many times does the person pour water in the video?,12.97,Please state your answer with a brief explanation.,The person pours water two times in the video. The first time is at [00:00:00-00:00:02] and the second time is at [00:00:08-00:00:10]. Both pours have interesting outcomes that the person is reacting to.,https://www.youtube.com/shorts/MSkL7A2yyOY
0070-2,MSkL7A2yyOY,Correctly-led Open-ended Question,Event Counting,Did the person in the video pour the water twice?,12.97,Please state your answer with a brief explanation.,"Yes, the person in the video pours the water twice. This is shown at [00:00:00] and [00:00:07].",https://www.youtube.com/shorts/MSkL7A2yyOY
0070-3,MSkL7A2yyOY,Wrongly-led Open-ended Question,Event Counting,Did the person in the video pour the water once?,12.97,Please state your answer with a brief explanation.,"No, the person poured the water twice, as shown at 0:00 and 0:08 in the video.",https://www.youtube.com/shorts/MSkL7A2yyOY
0070-7,MSkL7A2yyOY,Multiple-choice Question with a Single Correct Answer,Event Counting,"How many times did the person in the video pour the water?
A. Once
B. Three times
C. Four times
D. Twice",12.97,"E. None of the above
Select one best answer to the above multiple-choice question based on the video. Respond with only the letter (A, B, C, D or E) of the correct option.",D,https://www.youtube.com/shorts/MSkL7A2yyOY
0080-0,_MXxJT8Mk4k,Primary Open-ended Question,Professional Knowledge,What is the purpose of beating the balloon?,13.18,Please state your answer with a brief explanation.,"The purpose of beating the balloon is to help mix the baking soda and vinegar. This reaction produces carbon dioxide, which inflates the balloon.",https://www.youtube.com/shorts/_MXxJT8Mk4k
0080-1,_MXxJT8Mk4k,Paraphrased Open-ended Question,Professional Knowledge,Why do you need to hit the balloon in this activity?,13.18,Please state your answer with a brief explanation.,You need to hit the balloon to mix the baking soda and vinegar to cause a reaction that inflates the balloon.,https://www.youtube.com/shorts/_MXxJT8Mk4k
0080-2,_MXxJT8Mk4k,Correctly-led Open-ended Question,Professional Knowledge,Is the purpose of hitting the balloon to create a fun and interactive toy?,13.18,Please state your answer with a brief explanation.,"Based on the video and comments, hitting the balloon is likely intended to showcase the reaction between baking soda and vinegar and demonstrate how the mixture inflates the balloon. However, the intensity of the hitting, as noted in the comments, appears exaggerated, possibly for comedic effect.",https://www.youtube.com/shorts/_MXxJT8Mk4k
0080-3,_MXxJT8Mk4k,Wrongly-led Open-ended Question,Professional Knowledge,Is the purpose of hitting the balloon to make it pop loudly?,13.18,Please state your answer with a brief explanation.,"The purpose of hitting the balloon isn't necessarily to pop it loudly, but to encourage the chemical reaction between the baking soda and vinegar, which in turn creates carbon dioxide, causing the balloon to inflate.",https://www.youtube.com/shorts/_MXxJT8Mk4k
0080-7,_MXxJT8Mk4k,Multiple-choice Question with a Single Correct Answer,Professional Knowledge,"What is the purpose of beating the balloon?
A. To inflate the balloon
B. To pop it
C. To deflate it
D. To change its color",13.18,"E. None of the above
Select one best answer to the above multiple-choice question based on the video. Respond with only the letter (A, B, C, D or E) of the correct option.",A,https://www.youtube.com/shorts/_MXxJT8Mk4k
0081-0,crJZF1-5ryE,Primary Open-ended Question,Character Motivation Causality,Why does the man put his hand on his face?,11.86,Please state your answer with a brief explanation.,He puts his hand on his face to wipe the heart filter that's on his nose.,https://www.youtube.com/shorts/crJZF1-5ryE
0081-1,crJZF1-5ryE,Paraphrased Open-ended Question,Character Motivation Causality,What is the reason the man covers his face with his hand?,11.86,Please state your answer with a brief explanation.,"He initially covers his face to show a serious expression, as the top comment mentions ""The way he always got the face"". At [00:00:09] his serious face turns to a smile.",https://www.youtube.com/shorts/crJZF1-5ryE
0081-2,crJZF1-5ryE,Correctly-led Open-ended Question,Character Motivation Causality,Did the man cover his face to transfer the cat face filter to the girl next to him?,11.86,Please state your answer with a brief explanation.,"Yes, at [00:00:00] he covers his face with his hand and the filter transfers over to the girl next to him.",https://www.youtube.com/shorts/crJZF1-5ryE
0081-3,crJZF1-5ryE,Wrongly-led Open-ended Question,Character Motivation Causality,Did the man put his hand on his face as part of a synchronized dance move?,11.86,Please state your answer with a brief explanation.,"Yes, at [00:00:00] the man puts his hand on his face for a brief moment to synchronize with the dance.",https://www.youtube.com/shorts/crJZF1-5ryE
0081-7,crJZF1-5ryE,Multiple-choice Question with a Single Correct Answer,Character Motivation Causality,"Why does the man put his hand on his face?
A. To adjust his glasses.
B. To hide from the camera.
C. As part of a synchronized dance move.
D. To transfer the cat face filter to the girl next to him.",11.86,"E. None of the above
Select one best answer to the above multiple-choice question based on the video. Respond with only the letter (A, B, C, D or E) of the correct option.",D,https://www.youtube.com/shorts/crJZF1-5ryE
0083-0,Z-x3kXiyOFc,Primary Open-ended Question,Plot Attribute,What does the video want to tell as the daughter enters the room several times?,43.97,Please state your answer with a brief explanation.,"The daughter is checking if her mom is starting to like the dog behind her back, which is a common behavior among Asian moms.",https://www.youtube.com/shorts/Z-x3kXiyOFc
0083-1,Z-x3kXiyOFc,Paraphrased Open-ended Question,Plot Attribute,What is the message conveyed by the daughter's repeated entries into the room?,43.97,Please state your answer with a brief explanation.,"The daughter repeatedly enters the room to emphasize the mother's contradicting actions and words regarding the dog. Initially, the mother is against the dog, but eventually grows fond of it.",https://www.youtube.com/shorts/Z-x3kXiyOFc
0083-2,Z-x3kXiyOFc,Correctly-led Open-ended Question,Plot Attribute,Is the daughter trying to uncover her mother's true feelings about the pet dog by entering the room multiple times?,43.97,Please state your answer with a brief explanation.,"Yes, the daughter is trying to figure out her mother's real feelings about the dog by repeatedly entering the room and listening to what she says and does when she thinks she is alone.",https://www.youtube.com/shorts/Z-x3kXiyOFc
0083-3,Z-x3kXiyOFc,Wrongly-led Open-ended Question,Plot Attribute,"Does the video show the daughter repeatedly entering the room to announce the pet dog, highlighting cultural differences?",43.97,Please state your answer with a brief explanation.,"Yes, the daughter in the video repeatedly enters the room. First to announce she got a dog, and later to react to her mom's behavior and comments.",https://www.youtube.com/shorts/Z-x3kXiyOFc
0083-7,Z-x3kXiyOFc,Multiple-choice Question with a Single Correct Answer,Plot Attribute,"Why does the daughter enter the room several times?
A. To announce the pet dog.
B. To show excitement about the pet.
C. To emphasize cultural differences.
D. To check if her mother is two-faced about the dog.",43.97,"E. None of the above
Select one best answer to the above multiple-choice question based on the video. Respond with only the letter (A, B, C, D or E) of the correct option.",D,https://www.youtube.com/shorts/Z-x3kXiyOFc
0099-0,aUDYWYqtAR4,Primary Open-ended Question,Event Counting,How many zoomed-in close-ups are there throughout the video?,59.97,Please state your answer with a brief explanation.,"There are four zoomed-in close-ups throughout the video. They occur at [00:00:09], [00:00:11], [00:00:55], and [00:00:56].",https://www.youtube.com/shorts/aUDYWYqtAR4
0099-1,aUDYWYqtAR4,Paraphrased Open-ended Question,Event Counting,What is the total number of zoomed-in close-ups in the video?,59.97,Please state your answer with a brief explanation.,"There are two zoomed-in close-ups in the video. The first is at [00:00:09], and the second is at [00:00:55].",https://www.youtube.com/shorts/aUDYWYqtAR4
0099-2,aUDYWYqtAR4,Correctly-led Open-ended Question,Event Counting,"Are there two zoomed-in close-ups in the video, focusing on the geometric pattern?",59.97,Please state your answer with a brief explanation.,"Yes, there are two zoomed-in close-ups in the video that focus on the geometric pattern. The first one occurs at [00:00:09-00:00:16], and the second one occurs at [00:00:55-00:00:59].",https://www.youtube.com/shorts/aUDYWYqtAR4
0099-3,aUDYWYqtAR4,Wrongly-led Open-ended Question,Event Counting,Does the video contain 10 zoomed-in close-ups of the geometric pattern?,59.97,Please state your answer with a brief explanation.,"No, the video contains 5 close-up views, not 10. These close-ups occur at the following timestamps: 0:09, 0:11, 0:13, 0:56, and 0:58.",https://www.youtube.com/shorts/aUDYWYqtAR4
0099-7,aUDYWYqtAR4,Multiple-choice Question with a Single Correct Answer,Event Counting,"How many zoomed-in close-ups are there in the video?
A. 2
B. 4
C. 3
D. 1",59.97,"E. None of the above
Select one best answer to the above multiple-choice question based on the video. Respond with only the letter (A, B, C, D or E) of the correct option.",B,https://www.youtube.com/shorts/aUDYWYqtAR4
0101-0,FdkXmy42Qv8,Primary Open-ended Question,Event Localization,In which sequence of location does the man teleport in the video?,24.04,Please state your answer with a brief explanation.,"The man teleported to the following locations in this order: 
1. In the bookshelf
2. Inside the sofa
3. Inside the cardboard box
4. Back to the original location in the doorway.",https://www.youtube.com/shorts/FdkXmy42Qv8
0101-1,FdkXmy42Qv8,Paraphrased Open-ended Question,Event Localization,What is the order of locations where the man appears after teleporting in the video?,24.04,Please state your answer with a brief explanation.,"The order of locations where the man appears after teleporting is the bookshelf, inside the couch, and in the cardboard box.",https://www.youtube.com/shorts/FdkXmy42Qv8
0101-2,FdkXmy42Qv8,Correctly-led Open-ended Question,Event Localization,"Does the man teleport to the bookshelf, couch, cardboard box, and then back under the blanket in the video?",24.04,Please state your answer with a brief explanation.,"No, the man does not teleport in the video. Through special effects, the video shows the man appearing in different locations to make it seem as if he teleported.",https://www.youtube.com/shorts/FdkXmy42Qv8
0101-3,FdkXmy42Qv8,Wrongly-led Open-ended Question,Event Localization,"In the video, does the man first teleport to the bookshelf, then to the cardboard box, then to the couch, and finally return to under the blanket?",24.04,Please state your answer with a brief explanation.,"No, that is incorrect. The man first teleported to the bookshelf, then to the couch, then to the cardboard box, and finally returned to under the blanket.",https://www.youtube.com/shorts/FdkXmy42Qv8
0101-7,FdkXmy42Qv8,Multiple-choice Question with a Single Correct Answer,Event Localization,"In which sequence of location does the man teleport in the video?
A. Bookshelf, Couch, Blanket, Cardboard Box
B. Bookshelf, Couch, Cardboard Box, Blanket
C. Bookshelf, Couch, Cardboard Box, Door
D. Couch, Bookshelf, Cardboard Box, Blanket",24.04,"E. None of the above
Select one best answer to the above multiple-choice question based on the video. Respond with only the letter (A, B, C, D or E) of the correct option.",B,https://www.youtube.com/shorts/FdkXmy42Qv8
0113-0,2uuLeoxlZOo,Primary Open-ended Question,Event Counting,How many buildings are demolished throughout the video?,59.54,Please state your answer with a brief explanation.,"Three buildings are demolished. One is a tall high-rise, another is a partially demolished building and the third is a water tower.",https://www.youtube.com/shorts/2uuLeoxlZOo
0113-1,2uuLeoxlZOo,Paraphrased Open-ended Question,Event Counting,What is the total number of buildings that are taken down in the video?,59.54,Please state your answer with a brief explanation.,There are three buildings that are taken down in the video. The first one comes down in an implosion and the second is taken down using a wrecking ball. The last building taken down is a water tower which is taken down with an excavator.,https://www.youtube.com/shorts/2uuLeoxlZOo
0113-2,2uuLeoxlZOo,Correctly-led Open-ended Question,Event Counting,Are two buildings demolished in the video?,59.54,Please state your answer with a brief explanation.,"Yes, two buildings are demolished in the video. One is a high-rise building that collapses in a controlled demolition and the other is a smaller, brick water tower brought down by an excavator.",https://www.youtube.com/shorts/2uuLeoxlZOo
0113-3,2uuLeoxlZOo,Wrongly-led Open-ended Question,Event Counting,Is only one building demolished in the video?,59.54,Please state your answer with a brief explanation.,"No, multiple buildings are demolished in the video. There is a high-rise building, a concrete tower, and a water tower that are all shown being demolished.",https://www.youtube.com/shorts/2uuLeoxlZOo
0113-7,2uuLeoxlZOo,Multiple-choice Question with a Single Correct Answer,Event Counting,"How many buildings are demolished in the video?
A. Two
B. Three
C. Four
D. One",59.54,"E. None of the above
Select one best answer to the above multiple-choice question based on the video. Respond with only the letter (A, B, C, D or E) of the correct option.",C,https://www.youtube.com/shorts/2uuLeoxlZOo
0117-0,uupXcgeP0-w,Primary Open-ended Question,Element Counting,How many toy cars are shown in the video?,22.04,Please state your answer with a brief explanation.,There are two toy cars shown in the video. This is seen between [00:00:06-00:00:12].,https://www.youtube.com/shorts/uupXcgeP0-w
0117-1,uupXcgeP0-w,Paraphrased Open-ended Question,Element Counting,What is the number of toy cars visible in the video?,22.04,Please state your answer with a brief explanation.,"Two toy cars are visible in the video. They appear during the 'boys driving' section of the video, when they are shown drifting around a course.",https://www.youtube.com/shorts/uupXcgeP0-w
0117-2,uupXcgeP0-w,Correctly-led Open-ended Question,Element Counting,Are there two toy cars shown in the video clip?,22.04,Please state your answer with a brief explanation.,"No, the video clip does not show two toy cars, but it does show one toy car and an additional vehicle during the section titled, ""Boys Driving"".",https://www.youtube.com/shorts/uupXcgeP0-w
0117-3,uupXcgeP0-w,Wrongly-led Open-ended Question,Element Counting,Are there three toy cars shown in the video clip?,22.04,Please state your answer with a brief explanation.,"No. While there are several cars in the video, only one toy car is shown. The others are full-sized automobiles.",https://www.youtube.com/shorts/uupXcgeP0-w
0117-7,uupXcgeP0-w,Multiple-choice Question with a Single Correct Answer,Element Counting,"How many toy cars are shown in the video?
A. Three
B. Four
C. Two
D. One",22.04,"E. None of the above
Select one best answer to the above multiple-choice question based on the video. Respond with only the letter (A, B, C, D or E) of the correct option.",C,https://www.youtube.com/shorts/uupXcgeP0-w
0118-0,XlROzogZpVM,Primary Open-ended Question,Local Event Attribute,"At the beginning of the video, what action did the person do to make the bottle fall down to the ground?",9.15,Please state your answer with a brief explanation.,"The person lightly taps the stacked bottles with his hand, causing them to fall to the ground.",https://www.youtube.com/shorts/XlROzogZpVM
0118-1,XlROzogZpVM,Paraphrased Open-ended Question,Local Event Attribute,What did the person do at the start of the video that caused the bottle to fall?,9.15,Please state your answer with a brief explanation.,"The person pushed the bottles off the ledge, causing them to fall.",https://www.youtube.com/shorts/XlROzogZpVM
0118-2,XlROzogZpVM,Correctly-led Open-ended Question,Local Event Attribute,"Did the person let go of the bottles on a slope, causing them to slide and fall?",9.15,Please state your answer with a brief explanation.,"Yes, the bottles were placed on a ledge next to a set of stairs, and gravity made them fall.",https://www.youtube.com/shorts/XlROzogZpVM
0118-3,XlROzogZpVM,Wrongly-led Open-ended Question,Local Event Attribute,Did the person push the bottle with their hand to make it fall?,9.15,Please state your answer with a brief explanation.,"Yes, the person pushes the bottles with their hand to make them fall. You can see their hand pushing the bottles over the ledge at the beginning of the clip.",https://www.youtube.com/shorts/XlROzogZpVM
0118-7,XlROzogZpVM,Multiple-choice Question with a Single Correct Answer,Local Event Attribute,"What action did the person take to make the bottle fall?
A. Pushed it with their hand.
B. Threw it down.
C. Kicked it.
D. Placed it on a slope and let go.",9.15,"E. None of the above
Select one best answer to the above multiple-choice question based on the video. Respond with only the letter (A, B, C, D or E) of the correct option.",A,https://www.youtube.com/shorts/XlROzogZpVM
0127-0,NmqIqJsdIuk,Primary Open-ended Question,Element Counting,How many watches are shown in the video?,11.56,Please state your answer with a brief explanation.,The video shows 6 watches. Each watch has a unique design.,https://www.youtube.com/shorts/NmqIqJsdIuk
0127-1,NmqIqJsdIuk,Paraphrased Open-ended Question,Element Counting,What is the total number of watches displayed in the video?,11.56,Please state your answer with a brief explanation.,"Six watches are displayed in the video, each featuring a different car-themed design.",https://www.youtube.com/shorts/NmqIqJsdIuk
0127-2,NmqIqJsdIuk,Correctly-led Open-ended Question,Element Counting,Are there four watches shown in the video?,11.56,Please state your answer with a brief explanation.,"Yes, four watches are shown. The video showcases multiple watches designed with a car wheel aesthetic.",https://www.youtube.com/shorts/NmqIqJsdIuk
0127-3,NmqIqJsdIuk,Wrongly-led Open-ended Question,Element Counting,Are there five watches shown in the video?,11.56,Please state your answer with a brief explanation.,"No, there are six watches shown in the video. The watch faces are red, gold, red, green, green, and gold.",https://www.youtube.com/shorts/NmqIqJsdIuk
0127-7,NmqIqJsdIuk,Multiple-choice Question with a Single Correct Answer,Element Counting,"How many watches are shown in the video?
A. Six
B. Four
C. Three
D. Five",11.56,"E. None of the above
Select one best answer to the above multiple-choice question based on the video. Respond with only the letter (A, B, C, D or E) of the correct option.",B,https://www.youtube.com/shorts/NmqIqJsdIuk
0129-0,7t4cNOpTuCY,Primary Open-ended Question,Element Counting,How many men appear in the video?,30.81,Please state your answer with a brief explanation.,"Two men appear in the video. One is shown pulling the balloon string in front of the pink balloon, and the other is shown taking a photo for the avocado hat setup.",https://www.youtube.com/shorts/7t4cNOpTuCY
0129-1,7t4cNOpTuCY,Paraphrased Open-ended Question,Element Counting,What is the number of male figures shown in the video?,30.81,Please state your answer with a brief explanation.,There are two male figures in the video. One is seen holding the balloon string and the other is seen taking a picture.,https://www.youtube.com/shorts/7t4cNOpTuCY
0129-2,7t4cNOpTuCY,Correctly-led Open-ended Question,Element Counting,Is there only one man in the video?,30.81,Please state your answer with a brief explanation.,"Yes, there is only one man in the video. He assists the artist during the balloon and avocado scenes.",https://www.youtube.com/shorts/7t4cNOpTuCY
0129-3,7t4cNOpTuCY,Wrongly-led Open-ended Question,Element Counting,Are there two men in the video?,30.81,Please state your answer with a brief explanation.,"Yes, there are two men in the video. One holds a balloon string [00:00:20] and the other takes a photo [00:00:27].",https://www.youtube.com/shorts/7t4cNOpTuCY
0129-7,7t4cNOpTuCY,Multiple-choice Question with a Single Correct Answer,Element Counting,"How many men appear in the video?
A. Three
B. One
C. Two
D. None",30.81,"E. None of the above
Select one best answer to the above multiple-choice question based on the video. Respond with only the letter (A, B, C, D or E) of the correct option.",C,https://www.youtube.com/shorts/7t4cNOpTuCY
0133-0,u2HvKEGq3Ik,Primary Open-ended Question,Event Localization,What does the final scene depicts?,60.05,Please state your answer with a brief explanation.,,https://youtube.com/shorts/u2HvKEGq3Ik
0133-1,u2HvKEGq3Ik,Paraphrased Open-ended Question,Event Localization,What is shown in the final scene of the video?,60.05,Please state your answer with a brief explanation.,,https://youtube.com/shorts/u2HvKEGq3Ik
0133-2,u2HvKEGq3Ik,Correctly-led Open-ended Question,Event Localization,Does the final scene depict three men performing a stunt by jumping through a hula hoop?,60.05,Please state your answer with a brief explanation.,,https://youtube.com/shorts/u2HvKEGq3Ik
0133-3,u2HvKEGq3Ik,Wrongly-led Open-ended Question,Event Localization,Is the final scene a demonstration of a spinning wheel's gyroscopic effect?,60.05,Please state your answer with a brief explanation.,,https://youtube.com/shorts/u2HvKEGq3Ik
0133-7,u2HvKEGq3Ik,Multiple-choice Question with a Single Correct Answer,Event Localization,"What does the final scene depict?
A. A dance performance.
B. A juggling act.
C. A physics demonstration.
D. Three men jumping through a hula hoop.",60.05,"E. None of the above
Select one best answer to the above multiple-choice question based on the video. Respond with only the letter (A, B, C, D or E) of the correct option.",,https://youtube.com/shorts/u2HvKEGq3Ik
0142-0,rCW1aGpFrJg,Primary Open-ended Question,Character Motivation Causality,What is the purpose for the character in costume to put a small piece of white tape on the handrail?,58.82,Please state your answer with a brief explanation.,The character put the small piece of white tape on the handrail to test if the cleaning would last through the full rotation of the escalator.,https://youtube.com/shorts/rCW1aGpFrJg
0142-1,rCW1aGpFrJg,Paraphrased Open-ended Question,Character Motivation Causality,Why does the character in costume place a small piece of white tape on the handrail?,58.82,Please state your answer with a brief explanation.,The character in the video places a small piece of white tape on the handrail to track how long it will take for the handrail to make a full rotation and meet the tape again.,https://youtube.com/shorts/rCW1aGpFrJg
0142-2,rCW1aGpFrJg,Correctly-led Open-ended Question,Character Motivation Causality,Waht is the purpose for the character in costume to put a small piece of white tape on the handrail?,58.82,Please state your answer with a brief explanation.,The piece of white tape that is used on the handrail is a marker so that the man in the costume will be able to know where he started cleaning and where he needs to end.,https://youtube.com/shorts/rCW1aGpFrJg
0142-3,rCW1aGpFrJg,Wrongly-led Open-ended Question,Character Motivation Causality,Is a small piece of white tape attached to the armrest to attract dust?,58.82,Please state your answer with a brief explanation.,"The video displays a man dressed in a Spiderman costume cleaning an escalator armrest with a wet wipe. There is already what appears to be yellow tape attached to the armrest. Therefore, a small piece of white tape is not attached to the armrest to attract dust.",https://youtube.com/shorts/rCW1aGpFrJg
0142-7,rCW1aGpFrJg,Multiple-choice Question with a Single Correct Answer,Character Motivation Causality,"What is the purpose of placing a small piece of white tape on the handrail?
A. To decorate the handrail.
B. To repair a crack.
C. To mark a point for tracking movement.
D. To attract dust on the armrests.",58.82,"E. None of the above
Select one best answer to the above multiple-choice question based on the video. Respond with only the letter (A, B, C, D or E) of the correct option.",C,https://youtube.com/shorts/rCW1aGpFrJg
0146-0,eU5I-p1HcUs,Primary Open-ended Question,Event Counting,"How many times does the color of the car in the video change?
",24.45,Please state your answer with a brief explanation.,"The car changes colors three times in the video, first from a light blue color to gray. Then it changes to a lavender/purple color, and finally to a dark green color.",https://youtube.com/shorts/eU5I-p1HcUs
0146-1,eU5I-p1HcUs,Paraphrased Open-ended Question,Event Counting,How many times does the car's color shift in the video?,24.45,Please state your answer with a brief explanation.,"The car changes color 3 times in the video. It shifts from light blue to gray, then to purple, and finally to green.",https://youtube.com/shorts/eU5I-p1HcUs
0146-2,eU5I-p1HcUs,Correctly-led Open-ended Question,Event Counting,"Does the car in the video change color four times, starting with black?",24.45,Please state your answer with a brief explanation.,"No, the car changes color more than four times, starting with a light blue, then black, then purple, then green, then red.",https://youtube.com/shorts/eU5I-p1HcUs
0146-3,eU5I-p1HcUs,Wrongly-led Open-ended Question,Event Counting,"Does the car in the video change color three times, starting with blue?",24.45,Please state your answer with a brief explanation.,"Yes, the car changes color three times, starting with blue, then grey, and finally green.",https://youtube.com/shorts/eU5I-p1HcUs
0146-7,eU5I-p1HcUs,Multiple-choice Question with a Single Correct Answer,Event Counting,"How many times does the car's color change in the video?
A. Three times
B. Four times
C. Five times
D. Two times",24.45,"E. None of the above
Select one best answer to the above multiple-choice question based on the video. Respond with only the letter (A, B, C, D or E) of the correct option.",A,https://youtube.com/shorts/eU5I-p1HcUs
0151-0,lfitOyblkDQ,Primary Open-ended Question,Element Localization,What are the characteristics of the clothing of the person holding a potato in the video?,59.71,Please state your answer with a brief explanation.,The person poking a straw through a potato at [00:00:33-00:00:41] is wearing a long-sleeved red shirt.,https://youtube.com/shorts/lfitOyblkDQ
0151-1,lfitOyblkDQ,Paraphrased Open-ended Question,Element Localization,What are the features of the person holding a potato in the video?,59.71,Please state your answer with a brief explanation.,The person holding the potato in the video at [00:00:33-00:00:41] has brown hair and is wearing a red long-sleeved shirt.,https://youtube.com/shorts/lfitOyblkDQ
0151-2,lfitOyblkDQ,Correctly-led Open-ended Question,Element Localization,Is the person holding a potato wearing a red coat and having long brown hair?,59.71,Please state your answer with a brief explanation.,"No, at [00:00:32] the person is wearing a red coat and has long brown hair.",https://youtube.com/shorts/lfitOyblkDQ
0151-3,lfitOyblkDQ,Wrongly-led Open-ended Question,Element Localization,Is the person holding a potato wearing a light pink hoodie and a black cap?,59.71,Please state your answer with a brief explanation.,"[Response]
Yes, the person poking the potato at [00:00:00:36] is wearing a light pink hoodie and a black cap.",https://youtube.com/shorts/lfitOyblkDQ
0151-7,lfitOyblkDQ,Multiple-choice Question with a Single Correct Answer,Element Localization,"What is the person in the video wearing while holding a potato?
A. Blue shirt
B. Red shirt
C. Light pink hoodie and blue jeans
D. Black cap",59.71,"E. None of the above
Select one best answer to the above multiple-choice question based on the video. Respond with only the letter (A, B, C, D or E) of the correct option.",C,https://youtube.com/shorts/lfitOyblkDQ
0152-0,4ocqfNvvI_w,Primary Open-ended Question,Element Attributes,"In the video, what is the tools for fixing the position of the pages?",32.81,Please state your answer with a brief explanation.,The tools for fixing the position of the pages are rubber bands. They're used to hold the pages in place while folding.,https://youtube.com/shorts/4ocqfNvvI_w
0152-1,4ocqfNvvI_w,Paraphrased Open-ended Question,Element Attributes,What tool is used in the video to secure the pages in place?,32.81,Please state your answer with a brief explanation.,The tool used in the video to secure the pages in place are blue rubber bands. They help keep the folded pages together and maintain the shape of the design.,https://youtube.com/shorts/4ocqfNvvI_w
0152-2,4ocqfNvvI_w,Correctly-led Open-ended Question,Element Attributes,Is the tool used to fix the pages in the video a blue retainer?,32.81,Please state your answer with a brief explanation.,"No, the tool used is a blue elastic band. You can see it holding the pages of the book in place.",https://youtube.com/shorts/4ocqfNvvI_w
0152-3,4ocqfNvvI_w,Wrongly-led Open-ended Question,Element Attributes,Is the tool used to fix the pages in the video a rubber band?,32.81,Please state your answer with a brief explanation.,"Yes, the tool used to fix the pages in the video appears to be a rubber band, as it is seen holding the folded pages in place while the artist works on the book.",https://youtube.com/shorts/4ocqfNvvI_w
0152-7,4ocqfNvvI_w,Multiple-choice Question with a Single Correct Answer,Element Attributes,"What tool is used to fix the pages in the video?
A. Clamp
B. Elastic bands
C. Rubber band
D. Bendable retainer",32.81,"E. None of the above
Select one best answer to the above multiple-choice question based on the video. Respond with only the letter (A, B, C, D or E) of the correct option.",B,https://youtube.com/shorts/4ocqfNvvI_w
0154-0,PH3yeSEgiGE,Primary Open-ended Question,Positional Relationship,"In the video, with which hand does the adult man hand the white cutting board to the child?",30.12,Please state your answer with a brief explanation.,,https://youtube.com/shorts/PH3yeSEgiGE
0154-1,PH3yeSEgiGE,Paraphrased Open-ended Question,Positional Relationship,Which hand does the man use to pass the white cutting board to the child in the video?,30.12,Please state your answer with a brief explanation.,,https://youtube.com/shorts/PH3yeSEgiGE
0154-2,PH3yeSEgiGE,Correctly-led Open-ended Question,Positional Relationship,Does the man hand the white cutting board to the child using his left hand?,30.12,Please state your answer with a brief explanation.,,https://youtube.com/shorts/PH3yeSEgiGE
0154-3,PH3yeSEgiGE,Wrongly-led Open-ended Question,Positional Relationship,Does the man hand the white cutting board to the child using his right hand?,30.12,Please state your answer with a brief explanation.,,https://youtube.com/shorts/PH3yeSEgiGE
0154-7,PH3yeSEgiGE,Multiple-choice Question with a Single Correct Answer,Positional Relationship,"With which hand does the man hand the white cutting board to the child?
A. Neither hand
B. Left hand
C. Right hand
D. Both hands",30.12,"E. None of the above
Select one best answer to the above multiple-choice question based on the video. Respond with only the letter (A, B, C, D or E) of the correct option.",,https://youtube.com/shorts/PH3yeSEgiGE
0162-0,mLbuK7IU7_Y,Primary Open-ended Question,Event Counting,"How many times does the golfer in the video successfully hit the target?
",17.15,Please state your answer with a brief explanation.,The golfer successfully hits the target 2 times: once the bell and once the balloon.,https://www.youtube.com/shorts/mLbuK7IU7_Y
0162-1,mLbuK7IU7_Y,Paraphrased Open-ended Question,Event Counting,How many successful target hits does the golfer achieve in the video?,17.15,Please state your answer with a brief explanation.,The golfer successfully hits two targets in the video: the bell and the balloon.,https://www.youtube.com/shorts/mLbuK7IU7_Y
0162-2,mLbuK7IU7_Y,Correctly-led Open-ended Question,Event Counting,Does the golfer hit the target only once in the video?,17.15,Please state your answer with a brief explanation.,"Yes, the golfer successfully hits the target once when he hits the copper-colored metal bell.",https://www.youtube.com/shorts/mLbuK7IU7_Y
0162-3,mLbuK7IU7_Y,Wrongly-led Open-ended Question,Event Counting,Does the golfer manage to hit the target 10 times in the video?,17.15,Please state your answer with a brief explanation.,"No, the golfer does not manage to hit the target 10 times. He hits the bell, one egg, the candle, a water balloon, the golf ball on the tee, and another egg. That's only six objects hit.",https://www.youtube.com/shorts/mLbuK7IU7_Y
0162-7,mLbuK7IU7_Y,Multiple-choice Question with a Single Correct Answer,Event Counting,"How many times does the golfer successfully hit the target in the video?
A. 0
B. 1
C. 10
D. 5",17.15,"E. None of the above
Select one best answer to the above multiple-choice question based on the video. Respond with only the letter (A, B, C, D or E) of the correct option.",A,https://www.youtube.com/shorts/mLbuK7IU7_Y
0167-0,C2JNR1EVPyM,Primary Open-ended Question,Character Reaction Causality,"Why is the woman in the video surprised?
",9.64,Please state your answer with a brief explanation.,"The woman in the video is surprised because the pencil she was holding between her hands, which appeared broken, is suddenly whole again after the magician moves his hands.",https://www.youtube.com/shorts/C2JNR1EVPyM
0167-1,C2JNR1EVPyM,Paraphrased Open-ended Question,Character Reaction Causality,What causes the woman in the video to feel astonished?,9.64,Please state your answer with a brief explanation.,"The woman is astonished that the pencil, which appeared to break when pressed between the knuckles, is actually still whole.",https://www.youtube.com/shorts/C2JNR1EVPyM
0167-2,C2JNR1EVPyM,Correctly-led Open-ended Question,Character Reaction Causality,Is the woman surprised because the pencil remains unbroken despite the man's grip?,9.64,Please state your answer with a brief explanation.,"Yes, she is surprised. You can clearly see her surprised expression when the pencil remains unbroken.",https://www.youtube.com/shorts/C2JNR1EVPyM
0167-3,C2JNR1EVPyM,Wrongly-led Open-ended Question,Character Reaction Causality,Is a woman surprised that a man has managed to break a pencil with his hand?,9.64,Please state your answer with a brief explanation.,"Yes, the woman is surprised. In the video, after the man appears to break the pencil, the woman is visibly shocked and impressed, her eyes wide and mouth open in surprise.",https://www.youtube.com/shorts/C2JNR1EVPyM
0167-7,C2JNR1EVPyM,Multiple-choice Question with a Single Correct Answer,Character Reaction Causality,"Why is the woman surprised in the video?
A. The pencil was bent.
B. The pencil remains unbroken.
C. The pencil is broken.
D. The man performs a magic trick.",9.64,"E. None of the above
Select one best answer to the above multiple-choice question based on the video. Respond with only the letter (A, B, C, D or E) of the correct option.",D,https://www.youtube.com/shorts/C2JNR1EVPyM
0169-0,fk5kAJj5io0,Primary Open-ended Question,Event Counting,"How many times does the woman pour juice into the mold in the video?
",33.44,Please state your answer with a brief explanation.,The woman pours juice into the mold two times in the video.,https://www.youtube.com/shorts/fk5kAJj5io0
0169-1,fk5kAJj5io0,Paraphrased Open-ended Question,Event Counting,How many times does the woman fill the mold with juice in the video?,33.44,Please state your answer with a brief explanation.,The woman fills the molds with juice twice in the video. You can see this at [00:00:09] and [00:00:13].,https://www.youtube.com/shorts/fk5kAJj5io0
0169-2,fk5kAJj5io0,Correctly-led Open-ended Question,Event Counting,Does the woman pour juice into the mold twice in the video?,33.44,Please state your answer with a brief explanation.,"No, the woman pours juice into the mold only once in the video. After she pours the juice, she places the popsicles into a bucket of water to easily remove them from the metal mold.",https://www.youtube.com/shorts/fk5kAJj5io0
0169-3,fk5kAJj5io0,Wrongly-led Open-ended Question,Event Counting,Does the woman pour juice into the mold three times in the video?,33.44,Please state your answer with a brief explanation.,The woman only pours juice into the mold once per ice cream. I can tell this from watching her make several ice creams in the video from [00:00:08-00:00:32].,https://www.youtube.com/shorts/fk5kAJj5io0
0169-7,fk5kAJj5io0,Multiple-choice Question with a Single Correct Answer,Event Counting,"How many times does the woman pour juice into the mold in the video?
A. Twice
B. Once
C. Three times
D. Four times",33.44,"E. None of the above
Select one best answer to the above multiple-choice question based on the video. Respond with only the letter (A, B, C, D or E) of the correct option.",A,https://www.youtube.com/shorts/fk5kAJj5io0
0179-0,boEKlG35qHM,Primary Open-ended Question,Event Counting,How many times does the person cut the stem?,15.62,Please state your answer with a brief explanation.,,https://youtube.com/shorts/boEKlG35qHM
0179-1,boEKlG35qHM,Paraphrased Open-ended Question,Event Counting,How many times have the stems been cut?,15.62,Please state your answer with a brief explanation.,,https://youtube.com/shorts/boEKlG35qHM
0179-2,boEKlG35qHM,Correctly-led Open-ended Question,Event Counting,Does the person cut the stem with just one swing?,15.62,Please state your answer with a brief explanation.,,https://youtube.com/shorts/boEKlG35qHM
0179-3,boEKlG35qHM,Wrongly-led Open-ended Question,Event Counting,Does the person cut the stem a total of 10 times?,15.62,Please state your answer with a brief explanation.,,https://youtube.com/shorts/boEKlG35qHM
0179-7,boEKlG35qHM,Multiple-choice Question with a Single Correct Answer,Event Counting,"How many times does the person cut the stem?
A. Twice
B. 5 times
C. Once
D. 10 times",15.62,"E. None of the above
Select one best answer to the above multiple-choice question based on the video. Respond with only the letter (A, B, C, D or E) of the correct option.",,https://youtube.com/shorts/boEKlG35qHM
0198-0,j3cE7hoF5aI,Primary Open-ended Question,Element Counting,How many photos about “old me” are played in the video in total?,20.99,Please state your answer with a brief explanation.,"There are a total of 12 photos about ""old me"" that are played in the video. These photos are interspersed with those of ""now me"" to illustrate the changes.",https://www.youtube.com/shorts/j3cE7hoF5aI
0198-1,j3cE7hoF5aI,Paraphrased Open-ended Question,Element Counting,What is the total number of photos labeled 'old me' shown in the video?,20.99,Please state your answer with a brief explanation.,"There are a total of 12 photos labeled ""old me"" in the video. Each of the 12 photos shows the text ""old me:"".",https://www.youtube.com/shorts/j3cE7hoF5aI
0198-2,j3cE7hoF5aI,Correctly-led Open-ended Question,Element Counting,Are there 12 photos labeled 'old me' in the video?,20.99,Please state your answer with a brief explanation.,"No, there are 11 photos labeled ""old me"" in the video, followed by a few labeled ""now me"".",https://www.youtube.com/shorts/j3cE7hoF5aI
0198-3,j3cE7hoF5aI,Wrongly-led Open-ended Question,Element Counting,Does the video include a photo of 'old me' reading a book at a desk twice?,20.99,Please state your answer with a brief explanation.,"Yes, the video includes a photo of 'old me' reading a book at a desk twice. This can be seen at timestamps [00:00:00] and [00:00:01].",https://www.youtube.com/shorts/j3cE7hoF5aI
0198-7,j3cE7hoF5aI,Multiple-choice Question with a Single Correct Answer,Element Counting,"How many photos labeled 'old me' are in the video?
A. 12
B. 11
C. 10
D. 13",20.99,"E. None of the above
Select one best answer to the above multiple-choice question based on the video. Respond with only the letter (A, B, C, D or E) of the correct option.",B,https://www.youtube.com/shorts/j3cE7hoF5aI
0217-0,C9yerI1NK7M,Primary Open-ended Question,Event Duration & Speed Attribute,How long did the time lapse of the demonstration of capillary action last precisely in physical time of the video?,15.0,Please state your answer with a brief explanation.,"The time lapse demonstration of capillary action starts at [00:00:08] and ends at [00:00:15], so that's precisely 7 seconds.",https://www.youtube.com/shorts/C9yerI1NK7M
0217-1,C9yerI1NK7M,Paraphrased Open-ended Question,Event Duration & Speed Attribute,What was the exact duration of the capillary action demonstration in real time as shown in the video?,15.0,Please state your answer with a brief explanation.,"The capillary action demonstration occurs from 0:03 to 0:14, but is sped up. The video displays the text ""x8 Speed,"" indicating the demonstration is fast-forwarded by a factor of 8. Therefore, the demonstration's duration is 11 seconds * 8 = 88 seconds, or approximately 01:28.",https://www.youtube.com/shorts/C9yerI1NK7M
0217-2,C9yerI1NK7M,Correctly-led Open-ended Question,Event Duration & Speed Attribute,Did the time lapse of the capillary action demonstration last one hour and fifteen minutes according to the clock in the video?,15.0,Please state your answer with a brief explanation.,"No, the clock shown in the video starts at 11:57 and ends at 12:00. This represents a time lapse of three minutes.",https://www.youtube.com/shorts/C9yerI1NK7M
0217-3,C9yerI1NK7M,Wrongly-led Open-ended Question,Event Duration & Speed Attribute,Did the time lapse of the capillary action demonstration last precisely 2 hours as indicated by the clock in the video?,15.0,Please state your answer with a brief explanation.,"No, the time-lapse did not last for 2 hours as indicated by the clock. The clock went from 11:00 to 1:00, but the video also indicates that the time-lapse was 8 times faster than real time.",https://www.youtube.com/shorts/C9yerI1NK7M
0217-7,C9yerI1NK7M,Multiple-choice Question with a Single Correct Answer,Event Duration & Speed Attribute,"How long did the time lapse of the capillary action demonstration last in the video?
A. 2 hours
B. 1 hour and 15 minutes
C. 3 hours
D. 45 minutes",15.0,"E. None of the above
Select one best answer to the above multiple-choice question based on the video. Respond with only the letter (A, B, C, D or E) of the correct option.",E,https://www.youtube.com/shorts/C9yerI1NK7M
0242-0,tyz-WC0YVco,Primary Open-ended Question,Character Reaction Causality,"According to the video, what is the exact reason the two orange cats jumped away in the scene with a kitchen countertop and a person in a red hat?",60.05,Please state your answer with a brief explanation.,The two orange cats jump away because the person in the red hat made a loud noise.,https://www.youtube.com/shorts/tyz-WC0YVco
0242-1,tyz-WC0YVco,Paraphrased Open-ended Question,Character Reaction Causality,What caused the two orange cats to leap away in the kitchen scene with the person wearing a red hat?,60.05,Please state your answer with a brief explanation.,"The two orange cats on the counter leap away because a cat toy makes a sound, causing them to be startled.",https://www.youtube.com/shorts/tyz-WC0YVco
0242-2,tyz-WC0YVco,Correctly-led Open-ended Question,Character Reaction Causality,Did the two orange cats jump away because the person in the red hat used a party blower?,60.05,Please state your answer with a brief explanation.,"Yes, the two orange cats jumped away after a person wearing a red hat used a party blower on them at [00:00:17-00:00:19].",https://www.youtube.com/shorts/tyz-WC0YVco
0242-3,tyz-WC0YVco,Wrongly-led Open-ended Question,Character Reaction Causality,Did the two orange cats jump away because they were frightened by a toy snake?,60.05,Please state your answer with a brief explanation.,"Yes, at [00:00:16] a toy snake is used to scare the two orange cats which resulted in them jumping away due to fear.",https://www.youtube.com/shorts/tyz-WC0YVco
0242-7,tyz-WC0YVco,Multiple-choice Question with a Single Correct Answer,Character Reaction Causality,"What made the two orange cats jump away in the kitchen scene?
A. A toy snake
B. A loud noise
C. A sudden light
D. A party blower",60.05,"E. None of the above
Select one best answer to the above multiple-choice question based on the video. Respond with only the letter (A, B, C, D or E) of the correct option.",D,https://www.youtube.com/shorts/tyz-WC0YVco
0248-0,jfE_el65Sv0,Primary Open-ended Question,Local Event Attribute,What is the person in the foreground doing in the video?,12.16,Please state your answer with a brief explanation.,"The person in the foreground is an artist drawing a hyperrealistic portrait using a pencil or paintbrush. You can tell because the person is working on a very detailed portrait of a woman's face with water droplets, likely aiming for a high level of realism.",https://youtube.com/shorts/jfE_el65Sv0
0248-1,jfE_el65Sv0,Paraphrased Open-ended Question,Local Event Attribute,What activity is the person in the foreground engaged in during the video?,12.16,Please state your answer with a brief explanation.,The person in the foreground is painting. This is shown by the paintbrush they are holding and the way they are applying paint to the artwork.,https://youtube.com/shorts/jfE_el65Sv0
0248-2,jfE_el65Sv0,Correctly-led Open-ended Question,Local Event Attribute,Is the person in the foreground painting a hyperrealistic image of a wet-haired woman?,12.16,Please state your answer with a brief explanation.,"Yes, the person is painting a hyperrealistic image of a woman with wet hair and water droplets on her face.",https://youtube.com/shorts/jfE_el65Sv0
0248-3,jfE_el65Sv0,Wrongly-led Open-ended Question,Local Event Attribute,"Is the person in the foreground under running water, as suggested by the water droplets on their face?",12.16,Please state your answer with a brief explanation.,"No, it's a drawing. The video description and visual show that the water droplets are being painted onto the portrait.",https://youtube.com/shorts/jfE_el65Sv0
0248-7,jfE_el65Sv0,Multiple-choice Question with a Single Correct Answer,Local Event Attribute,"What is the person in the foreground doing?
A. Applying makeup
B. Painting a image
C. Taking a shower
D. Sleeping",12.16,"E. None of the above
Select one best answer to the above multiple-choice question based on the video. Respond with only the letter (A, B, C, D or E) of the correct option.",B,https://youtube.com/shorts/jfE_el65Sv0
0251-0,-HAFFvsDCr4,Primary Open-ended Question,Objective Causality,"At the end of the video, why does the ball fall off the disc?",,Please state your answer with a brief explanation.,"The ball falls off the disc because whenever one of the straw figures lift itself up to try to claim the ball, the table tilts. This causes the ball to roll further away, and eventually, off the table.",https://youtube.com/shorts/-HAFFvsDCr4
0251-1,-HAFFvsDCr4,Paraphrased Open-ended Question,Objective Causality,What causes the ball to fall off the disc at the end of the video?,,Please state your answer with a brief explanation.,"The ball falls off the disc because one of the figures supporting the table lifts itself up to try to claim the head, causing the table to tilt.",https://youtube.com/shorts/-HAFFvsDCr4
0251-2,-HAFFvsDCr4,Correctly-led Open-ended Question,Objective Causality,Did the ball fall off the disc because it was thrown and inertia carried it to the edge?,,Please state your answer with a brief explanation.,"No. The video explains that the table tilts when the straw figures try to claim the head, causing it to roll away.",https://youtube.com/shorts/-HAFFvsDCr4
0251-3,-HAFFvsDCr4,Wrongly-led Open-ended Question,Objective Causality,"Did the ball fall off the disc because the disc was tilted, causing it to roll off due to gravity?",,Please state your answer with a brief explanation.,"Yes. When one of the figures attempts to claim the head, it causes the table to tilt. This results in the head rolling away from the figures due to gravity.",https://youtube.com/shorts/-HAFFvsDCr4
0251-7,-HAFFvsDCr4,Multiple-choice Question with a Single Correct Answer,Objective Causality,"Why does the ball fall off the disc at the end of the video?
A. The disc stops spinning.
B. A girl throws the ball, and inertia carries it to the edge.
C. The straw figures have moved and pushed it off.
D. The disc is tilted.",,"E. None of the above
Select one best answer to the above multiple-choice question based on the video. Respond with only the letter (A, B, C, D or E) of the correct option.",D,https://youtube.com/shorts/-HAFFvsDCr4
0256-0,uPIpFgh_DPU,Primary Open-ended Question,Event Counting,How many times does the ping-pong ball bounce on the ground in total?,15.35,Please state your answer with a brief explanation.,The ping-pong ball bounces 13 times on the stairs.,https://www.youtube.com/shorts/uPIpFgh_DPU
0256-1,uPIpFgh_DPU,Paraphrased Open-ended Question,Event Counting,What is the total number of times the ping-pong ball hits the ground?,15.35,Please state your answer with a brief explanation.,The ping-pong ball hits the ground 14 times. You can count the number of bounces shown in the video.,https://www.youtube.com/shorts/uPIpFgh_DPU
0256-2,uPIpFgh_DPU,Correctly-led Open-ended Question,Event Counting,Does the ping-pong ball bounce 17 times on the ground before entering the cup?,15.35,Please state your answer with a brief explanation.,"No, the ping-pong ball bounces 13 times before going into the cup.",https://www.youtube.com/shorts/uPIpFgh_DPU
0256-3,uPIpFgh_DPU,Wrongly-led Open-ended Question,Event Counting,Does the ping-pong ball bounce 15 times on the ground as it descends the stairs?,15.35,Please state your answer with a brief explanation.,"No, the ping-pong ball does not appear to bounce 15 times on the ground as it descends the stairs. It is not possible to accurately count the bounces from the video but the number of bounces looks to be around 12.",https://www.youtube.com/shorts/uPIpFgh_DPU
0256-7,uPIpFgh_DPU,Multiple-choice Question with a Single Correct Answer,Event Counting,"How many times does the ping-pong ball bounce on the ground before entering the cup?
A. 13
B. 10
C. 19
D. 17",15.35,"E. None of the above
Select one best answer to the above multiple-choice question based on the video. Respond with only the letter (A, B, C, D or E) of the correct option.",B,https://www.youtube.com/shorts/uPIpFgh_DPU
0259-0,rVfKtPLVaLw,Primary Open-ended Question,Positional Relationship,Which hand did the man use to throw away his hat?,12.52,Please state your answer with a brief explanation.,The man used his right hand to throw away his hat. You can see him throw the hat away with his right hand at [00:00:11].,https://www.youtube.com/shorts/rVfKtPLVaLw
0259-1,rVfKtPLVaLw,Paraphrased Open-ended Question,Positional Relationship,With which hand did the man discard his hat?,12.52,Please state your answer with a brief explanation.,The man discarded his hat with his right hand at [00:00:11] of the video.,https://www.youtube.com/shorts/rVfKtPLVaLw
0259-2,rVfKtPLVaLw,Correctly-led Open-ended Question,Positional Relationship,Did the man use his left hand to throw away his hat after failing to score?,12.52,Please state your answer with a brief explanation.,"Yes, the man in the video threw his hat using his left hand after failing to score.",https://www.youtube.com/shorts/rVfKtPLVaLw
0259-3,rVfKtPLVaLw,Wrongly-led Open-ended Question,Positional Relationship,Did the man use his right hand to throw away his hat?,12.52,Please state your answer with a brief explanation.,"Yes, the man uses his right hand to throw away his hat at timestamp 0:11.",https://www.youtube.com/shorts/rVfKtPLVaLw
0259-7,rVfKtPLVaLw,Multiple-choice Question with a Single Correct Answer,Positional Relationship,"Which hand did the man use to throw away his hat?
A. Both hands
B. Neither hand
C. Left hand
D. Right hand",12.52,"E. None of the above
Select one best answer to the above multiple-choice question based on the video. Respond with only the letter (A, B, C, D or E) of the correct option.",D,https://www.youtube.com/shorts/rVfKtPLVaLw
0266-0,9yC-paTJvkE,Primary Open-ended Question,Positional Relationship,Which thumb is the yellow rubber band fully looped around?,19.03,Please state your answer with a brief explanation.,The yellow rubber band is fully looped around the right thumb. This can be seen from the beginning of the video until [00:00:07].,https://www.youtube.com/shorts/9yC-paTJvkE
0266-1,9yC-paTJvkE,Paraphrased Open-ended Question,Positional Relationship,Around which thumb is the yellow rubber band completely wrapped?,19.03,Please state your answer with a brief explanation.,The yellow rubber band is completely wrapped around the right thumb at the beginning of the video.,https://www.youtube.com/shorts/9yC-paTJvkE
0266-2,9yC-paTJvkE,Correctly-led Open-ended Question,Positional Relationship,Is the yellow rubber band fully looped around the left thumb?,19.03,Please state your answer with a brief explanation.,"Yes, the yellow rubber band is fully looped around the left thumb at [00:00:02].",https://www.youtube.com/shorts/9yC-paTJvkE
0266-3,9yC-paTJvkE,Wrongly-led Open-ended Question,Positional Relationship,Is the yellow rubber band fully looped around the right thumb?,19.03,Please state your answer with a brief explanation.,"No, the yellow rubber band is not fully looped around the right thumb at [00:00:01]. It goes around the base of the thumb, not the entire thumb.",https://www.youtube.com/shorts/9yC-paTJvkE
0266-7,9yC-paTJvkE,Multiple-choice Question with a Single Correct Answer,Positional Relationship,"Which thumb is the yellow rubber band fully looped around?
A. Neither thumb
B. Both thumbs
C. Right thumb
D. Left thumb",19.03,"E. None of the above
Select one best answer to the above multiple-choice question based on the video. Respond with only the letter (A, B, C, D or E) of the correct option.",B,https://www.youtube.com/shorts/9yC-paTJvkE
0267-0,Drp2PBktp7U,Primary Open-ended Question,Element Attributes (Optical Illusion),What is the first person in the video doing?,16.04,Please state your answer with a brief explanation.,"The first person in the video is hanging from a white bar, suspended above the ground, likely on some sort of playground or sports court.",https://www.youtube.com/shorts/Drp2PBktp7U
0267-1,Drp2PBktp7U,Paraphrased Open-ended Question,Element Attributes (Optical Illusion),What action is the first person in the video performing?,16.04,Please state your answer with a brief explanation.,"The first person in the video appears to be jumping in the air. He has one arm raised upward as if to grab on to something that is out of frame, and he seems to be mid-jump.",https://www.youtube.com/shorts/Drp2PBktp7U
0267-2,Drp2PBktp7U,Correctly-led Open-ended Question,Element Attributes (Optical Illusion),Is the person in the video creating an illusion by laying on the basketball court?,16.04,Please state your answer with a brief explanation.,"Yes, the person is creating an illusion. The shadow suggests that the person is lying on the ground, with the camera angle making it appear as if they are suspended in the air.",https://www.youtube.com/shorts/Drp2PBktp7U
0267-3,Drp2PBktp7U,Wrongly-led Open-ended Question,Element Attributes (Optical Illusion),Is the person in the video jumping or leaping in the air?,16.04,Please state your answer with a brief explanation.,"The person in the video appears to be jumping in the air. Their feet are off the ground, indicating a jump.",https://www.youtube.com/shorts/Drp2PBktp7U
0267-7,Drp2PBktp7U,Multiple-choice Question with a Single Correct Answer,Element Attributes (Optical Illusion),"What is the first person in the video doing?
A. Laying down on a basketball court.
B. Sitting on the ground.
C. Jumping in the air.
D. Running across the court.",16.04,"E. None of the above
Select one best answer to the above multiple-choice question based on the video. Respond with only the letter (A, B, C, D or E) of the correct option.",C,https://www.youtube.com/shorts/Drp2PBktp7U
0273-0,zn3MNXMIdDk,Primary Open-ended Question,Element Attributes,"After solving the Rubik's Cube, which color is facing up?",11.82,Please state your answer with a brief explanation.,"White is the color facing up after he solves the Rubik's Cube. You can see him briefly display the solved cube, and the white side is facing upwards.",https://www.youtube.com/shorts/zn3MNXMIdDk
0273-1,zn3MNXMIdDk,Paraphrased Open-ended Question,Element Attributes,What color is on the top face of the Rubik's Cube after it is solved?,11.82,Please state your answer with a brief explanation.,The color on the top face of the Rubik's Cube after it is solved is white. You can see this clearly at the end of the video when the crowd cheers for the solved Rubik's Cube.,https://www.youtube.com/shorts/zn3MNXMIdDk
0273-2,zn3MNXMIdDk,Correctly-led Open-ended Question,Element Attributes,Is the top color of the solved Rubik's Cube white?,11.82,Please state your answer with a brief explanation.,"Yes, the top color of the solved Rubik's Cube is white. This is briefly shown at [00:00:07].",https://www.youtube.com/shorts/zn3MNXMIdDk
0273-3,zn3MNXMIdDk,Wrongly-led Open-ended Question,Element Attributes,Is the top color of the solved Rubik's Cube yellow?,11.82,Please state your answer with a brief explanation.,"Yes, the top color of the solved Rubik's Cube is yellow. You can see it clearly at [00:00:08].",https://www.youtube.com/shorts/zn3MNXMIdDk
0273-7,zn3MNXMIdDk,Multiple-choice Question with a Single Correct Answer,Element Attributes,"What color is facing up on the solved Rubik's Cube?
A. Yellow
B. White
C. Blue
D. Green",11.82,"E. None of the above
Select one best answer to the above multiple-choice question based on the video. Respond with only the letter (A, B, C, D or E) of the correct option.",A,https://www.youtube.com/shorts/zn3MNXMIdDk
0274-0,GYTGrhKbo0g,Primary Open-ended Question,Element Counting,How many people appear in the video in total?,22.04,Please state your answer with a brief explanation.,There are a total of 6 people in the video. This is because there is Baekhyun dancing with 5 backup dancers.,https://www.youtube.com/shorts/GYTGrhKbo0g
0274-1,GYTGrhKbo0g,Paraphrased Open-ended Question,Element Counting,What is the total number of individuals visible in the video?,22.04,Please state your answer with a brief explanation.,"There are six individuals visible in the video. This is because there is one main dancer, Baekhyun, and five backup dancers.",https://www.youtube.com/shorts/GYTGrhKbo0g
0274-2,GYTGrhKbo0g,Correctly-led Open-ended Question,Element Counting,"Is the total number of people in the video seven, considering the changes in camera angles and dance movements?",22.04,Please state your answer with a brief explanation.,"No, there are six people in the video. One main dancer and five backup dancers.",https://www.youtube.com/shorts/GYTGrhKbo0g
0274-3,GYTGrhKbo0g,Wrongly-led Open-ended Question,Element Counting,"Is the total number of people in the video six, based on the visible individuals in the frames?",22.04,Please state your answer with a brief explanation.,"No, the total number of people in the video is seven. As seen in the provided screenshots, six backup dancers can be seen in addition to Baekhyun.",https://www.youtube.com/shorts/GYTGrhKbo0g
0274-7,GYTGrhKbo0g,Multiple-choice Question with a Single Correct Answer,Element Counting,"How many people are in the video?
A. Six
B. Eight
C. Seven
D. Five",22.04,"E. None of the above
Select one best answer to the above multiple-choice question based on the video. Respond with only the letter (A, B, C, D or E) of the correct option.",D,https://www.youtube.com/shorts/GYTGrhKbo0g
0276-0,PZad6gF_4Kk,Primary Open-ended Question,Objective Causality (Videography Phenomenon & Illusion),Is there any video editing effects used to help make the illusion believable?,14.98,Please state your answer with a brief explanation.,"Yes, there is editing used in the video. The pencil appears to go under the cube, but it is actually edited to appear that way.",https://www.youtube.com/shorts/PZad6gF_4Kk
0276-1,PZad6gF_4Kk,Paraphrased Open-ended Question,Objective Causality (Videography Phenomenon & Illusion),What techniques are used to create the illusion of the pen passing under the cube?,14.98,Please state your answer with a brief explanation.,"Smart editing is used to create the illusion of the pencil passing under the cube. The pencil goes off screen and is not visible, so the paper is swapped out. This process is repeated multiple times.",https://www.youtube.com/shorts/PZad6gF_4Kk
0276-2,PZad6gF_4Kk,Correctly-led Open-ended Question,Objective Causality (Videography Phenomenon & Illusion),Does the illusion rely on video editing effects like masking to make the pen appear to pass under the cube?,14.98,Please state your answer with a brief explanation.,"Yes, the illusion most likely relies on video editing effects. Several commenters point out the impossibility of the pencil passing under the cube without editing.",https://www.youtube.com/shorts/PZad6gF_4Kk
0276-3,PZad6gF_4Kk,Wrongly-led Open-ended Question,Objective Causality (Videography Phenomenon & Illusion),Is the illusion created solely through skillful drawing and perspective without any video editing?,14.98,Please state your answer with a brief explanation.,"No, the illusion is not solely created through skillful drawing. Several commenters point out the use of video editing to achieve the effect of the pencil going under the box. Additionally, the final reveal shows the drawing is on a mounted frame, not a flat piece of paper.",https://www.youtube.com/shorts/PZad6gF_4Kk
0276-7,PZad6gF_4Kk,Multiple-choice Question with a Single Correct Answer,Objective Causality (Videography Phenomenon & Illusion),"What techniques are used to create the illusion of the pen passing under the cube?
A. Only skillful drawing and perspective
B. Video editing effects and skillful drawing
C. None of the above
D. Only video editing effects",14.98,"E. None of the above
Select one best answer to the above multiple-choice question based on the video. Respond with only the letter (A, B, C, D or E) of the correct option.",B,https://www.youtube.com/shorts/PZad6gF_4Kk
0278-0,JsAcQsidyIA,Primary Open-ended Question,Element Attributes,What color is the writing on the paper in the video?,46.23,Please state your answer with a brief explanation.,"The writing on the paper in the video is red. At [00:00:07], the video presenter uses a red Sharpie pen to write on the paper.",https://www.youtube.com/shorts/JsAcQsidyIA
0278-1,JsAcQsidyIA,Paraphrased Open-ended Question,Element Attributes,What is the color of the text written on the paper in the video?,46.23,Please state your answer with a brief explanation.,"The color of the text written on the paper is red. At [00:00:12], the video shows a hand writing on the paper with a red marker.",https://www.youtube.com/shorts/JsAcQsidyIA
0278-2,JsAcQsidyIA,Correctly-led Open-ended Question,Element Attributes,Is the writing on the paper in the video orange?,46.23,Please state your answer with a brief explanation.,"The writing on the paper is red. The person in the video is using an orange marker, but the ink comes out red.",https://www.youtube.com/shorts/JsAcQsidyIA
0278-3,JsAcQsidyIA,Wrongly-led Open-ended Question,Element Attributes,Is the writing on the paper in the video red?,46.23,Please state your answer with a brief explanation.,"The writing on the paper in the video is red, as shown in the video.",https://www.youtube.com/shorts/JsAcQsidyIA
0278-7,JsAcQsidyIA,Multiple-choice Question with a Single Correct Answer,Element Attributes,"What color is the writing on the paper in the video?
A. Orange
B. Blue
C. Red
D. Green",46.23,"E. None of the above
Select one best answer to the above multiple-choice question based on the video. Respond with only the letter (A, B, C, D or E) of the correct option.",C,https://www.youtube.com/shorts/JsAcQsidyIA
0288-0,CiUsdzLLbuE,Primary Open-ended Question,Plot Attribute,Which knife in the video is not easy to use?,60.05,Please state your answer with a brief explanation.,"The initial small knife appeared to be difficult to use, as the person using it was unable to chop the bone at [00:00:07] and appeared to be struggling with it.",https://www.youtube.com/shorts/CiUsdzLLbuE
0288-1,CiUsdzLLbuE,Paraphrased Open-ended Question,Plot Attribute,Which knife in the video is difficult to use?,60.05,Please state your answer with a brief explanation.,"At [00:00:57-00:00:58] the knife shown is difficult to use on meat, and is therefore is not a good knife.",https://www.youtube.com/shorts/CiUsdzLLbuE
0288-2,CiUsdzLLbuE,Correctly-led Open-ended Question,Plot Attribute,Is the knife with the darker black steel part in the video the one that is not easy to use?,60.05,Please state your answer with a brief explanation.,"Yes, at [00:00:54-00:00:58], the woman uses both hands to try and cut the meat, and the man says ""we have a problem.""",https://www.youtube.com/shorts/CiUsdzLLbuE
0288-3,CiUsdzLLbuE,Wrongly-led Open-ended Question,Plot Attribute,Is the lighter silver steel knife the one that is not easy to use?,60.05,Please state your answer with a brief explanation.,"Yes, the lighter silver steel knife is not easy to use. The video shows a person struggling to chop through a bone with the lighter, silver knife, needing assistance to use it.",https://www.youtube.com/shorts/CiUsdzLLbuE
0288-7,CiUsdzLLbuE,Multiple-choice Question with a Single Correct Answer,Plot Attribute,"Which knife is not easy to use in the video?
A. The one with a wooden handle.
B. The one with the darker black part.
C. The one used at the end.
D. The one used to cut through the large bone.",60.05,"E. None of the above
Select one best answer to the above multiple-choice question based on the video. Respond with only the letter (A, B, C, D or E) of the correct option.",D,https://www.youtube.com/shorts/CiUsdzLLbuE
0291-0,-M7VdrQpWps,Primary Open-ended Question,Professional Knowledge,What caused the rotational movement of the metal rod?,,Please state your answer with a brief explanation.,"The rotational movement is caused by the electromagnetic field, which emanates from the device.",https://www.youtube.com/shorts/-M7VdrQpWps
0291-1,-M7VdrQpWps,Paraphrased Open-ended Question,Professional Knowledge,What initiated the rotational movement of the metal rod and how did it continue?,,Please state your answer with a brief explanation.,The initial rotational movement of the metal rod was initiated by the person using their hand to spin it. The continued rotation is caused by the static electricity that is created with the electric current in the device.,https://www.youtube.com/shorts/-M7VdrQpWps
0291-2,-M7VdrQpWps,Correctly-led Open-ended Question,Professional Knowledge,Did the initial rotation of the metal rod start because a human plucked it?,,Please state your answer with a brief explanation.,"Yes, the metal rod's initial rotation began when it was plucked by a human hand.",https://www.youtube.com/shorts/-M7VdrQpWps
0291-3,-M7VdrQpWps,Wrongly-led Open-ended Question,Professional Knowledge,Was the rotational movement of the metal rod caused solely by the interaction between the electric field and the metal rod?,,Please state your answer with a brief explanation.,"Likely yes, the rotational movement is caused by the electric field interaction with the metal rod, as the video title is ""Spin Lightning"".",https://www.youtube.com/shorts/-M7VdrQpWps
0291-7,-M7VdrQpWps,Multiple-choice Question with a Single Correct Answer,Professional Knowledge,"What caused the rotational movement of the metal rod?
A. The interaction between the electric field and the metal rod.
B. The electromagnetic force generated by the Tesla coil.
C. A human plucking it and electric field forces.
D. The electric current flowing through it",,"E. None of the above
Select one best answer to the above multiple-choice question based on the video. Respond with only the letter (A, B, C, D or E) of the correct option.",B,https://www.youtube.com/shorts/-M7VdrQpWps
0292-0,Kv7s88uX0ek,Primary Open-ended Question,Element Counting,How many vehicles are behind the bus?,10.65,Please state your answer with a brief explanation.,There is one vehicle behind the bus. This is seen in the beginning and middle of the video.,https://www.youtube.com/shorts/Kv7s88uX0ek
0292-1,Kv7s88uX0ek,Paraphrased Open-ended Question,Element Counting,What is the number of vehicles following the bus?,10.65,Please state your answer with a brief explanation.,"There are 2 vehicles following the bus, one is a red car and one is a white car. Both can be seen in the video at [00:00:05].",https://www.youtube.com/shorts/Kv7s88uX0ek
0292-2,Kv7s88uX0ek,Correctly-led Open-ended Question,Element Counting,Is there only one vehicle behind the bus after it passes?,10.65,Please state your answer with a brief explanation.,"No, there are two vehicles. A bus and a red car are behind the bus after it passes.",https://www.youtube.com/shorts/Kv7s88uX0ek
0292-3,Kv7s88uX0ek,Wrongly-led Open-ended Question,Element Counting,"Are there two vehicles following the bus, as seen by two sets of headlights?",10.65,Please state your answer with a brief explanation.,"Based on the final photograph at [00:00:07], there appear to be multiple vehicles following the bus, as can be seen by multiple distinct light streaks.",https://www.youtube.com/shorts/Kv7s88uX0ek
0292-7,Kv7s88uX0ek,Multiple-choice Question with a Single Correct Answer,Element Counting,"How many vehicles are behind the bus?
A. One
B. None
C. Three
D. Two",10.65,"E. None of the above
Select one best answer to the above multiple-choice question based on the video. Respond with only the letter (A, B, C, D or E) of the correct option.",A,https://www.youtube.com/shorts/Kv7s88uX0ek
0295-0,uXbIuOImCmM,Primary Open-ended Question,Event Counting,How many methods did the person holding the yellow bag try?,26.01,Please state your answer with a brief explanation.,The person holding the yellow bag tried one method. They attempted to directly pour the contents into the mustard bottle.,https://www.youtube.com/shorts/uXbIuOImCmM
0295-1,uXbIuOImCmM,Paraphrased Open-ended Question,Event Counting,How many techniques did the person with the yellow bag attempt?,26.01,Please state your answer with a brief explanation.,"The person with the yellow bag attempted two techniques. First, they tried pouring the contents of the bag into the bottle, which didn't work. Then, they tried removing the bottle's lid and pouring the contents in.",https://www.youtube.com/shorts/uXbIuOImCmM
0295-2,uXbIuOImCmM,Correctly-led Open-ended Question,Event Counting,Did the person with the yellow bag try two methods to pour the contents?,26.01,Please state your answer with a brief explanation.,"Yes, the person with the yellow bag tries two methods. First, they attempt to pour the contents directly into the bottle. After that doesn't work, they take off the cap and try pouring it again.",https://www.youtube.com/shorts/uXbIuOImCmM
0295-3,uXbIuOImCmM,Wrongly-led Open-ended Question,Event Counting,Did the person with the yellow bag try three methods to pour the contents?,26.01,Please state your answer with a brief explanation.,"No, the person with the yellow bag initially tried pouring the contents straight in but was unsuccessful. They then removed the cap of the empty container and tried pouring again. After, the person helping her turned the container around to pour it in. This means the person with the yellow bag tried pouring it in twice but had no luck.",https://www.youtube.com/shorts/uXbIuOImCmM
0295-7,uXbIuOImCmM,Multiple-choice Question with a Single Correct Answer,Event Counting,"How many methods did the person with the yellow bag try?
A. Three
B. Two
C. Four
D. One",26.01,"E. None of the above
Select one best answer to the above multiple-choice question based on the video. Respond with only the letter (A, B, C, D or E) of the correct option.",B,https://www.youtube.com/shorts/uXbIuOImCmM
0296-0,uAzw77AjDyc,Primary Open-ended Question,Objective Causality,Why doesn't the man catch the blue pants on his first attempt?,15.06,Please state your answer with a brief explanation.,He doesn't catch the pants on the first try because they shrunk in the wash. He says this at [00:00:09-00:00:12].,https://www.youtube.com/shorts/uAzw77AjDyc
0296-1,uAzw77AjDyc,Paraphrased Open-ended Question,Objective Causality,What causes the man to miss catching the blue pants on his first try?,15.06,Please state your answer with a brief explanation.,"The man misses catching the blue pants due to the forced perspective. The pants look like they are right in front of him, but the actual pants are much further away from him and closer to the camera.",https://www.youtube.com/shorts/uAzw77AjDyc
0296-2,uAzw77AjDyc,Correctly-led Open-ended Question,Objective Causality,Is the reason the man misses the blue pants on his first attempt due to a visual illusion?,15.06,Please state your answer with a brief explanation.,"Yes, it is an optical illusion. The man seems to miss the pants because they are very large and close to the camera, while he is further away. This forced perspective makes it appear as if he should have been able to reach them when he could not.",https://www.youtube.com/shorts/uAzw77AjDyc
0296-3,uAzw77AjDyc,Wrongly-led Open-ended Question,Objective Causality,Is the reason the man doesn't catch the blue pants on his first attempt because they are a painted object?,15.06,Please state your answer with a brief explanation.,"The reason the man does not catch the blue pants on his first attempt is that the object is a flat painted item. This is visually confirmed by the objects' unrealistic proportions, and the setting showing both the filming point of view and an outside point of view.",https://www.youtube.com/shorts/uAzw77AjDyc
0296-7,uAzw77AjDyc,Multiple-choice Question with a Single Correct Answer,Objective Causality,"Why doesn't the man catch the blue pants on his first attempt?
A. He is not paying attention.
B. He is distracted by the children playing and loses focus.
C. They are not real pants.
D. They are hanging diagonally.",15.06,"E. None of the above
Select one best answer to the above multiple-choice question based on the video. Respond with only the letter (A, B, C, D or E) of the correct option.",D,https://www.youtube.com/shorts/uAzw77AjDyc
0303-0,c1gl0Qahgdw,Primary Open-ended Question,Local Event Attribute,How does the man finally stop cycling?,14.76,Please state your answer with a brief explanation.,The man stops cycling by performing a dismount after landing the jump.,https://www.youtube.com/shorts/c1gl0Qahgdw
0303-1,c1gl0Qahgdw,Paraphrased Open-ended Question,Local Event Attribute,What does the man do to bring his cycling to a halt?,14.76,Please state your answer with a brief explanation.,"The man brings his cycling to a halt by dismounting, throwing the bike to the side, and then running away.",https://www.youtube.com/shorts/c1gl0Qahgdw
0303-2,c1gl0Qahgdw,Correctly-led Open-ended Question,Local Event Attribute,Does the man stop cycling by jumping off his bike and crashing into a cushion?,14.76,Please state your answer with a brief explanation.,"No, the man successfully performs a stunt, lands on the platform, dismounts the bike, and walks away unharmed.",https://www.youtube.com/shorts/c1gl0Qahgdw
0303-3,c1gl0Qahgdw,Wrongly-led Open-ended Question,Local Event Attribute,Does the man stop cycling by dismounting and walking away?,14.76,Please state your answer with a brief explanation.,"Yes, after landing the jump, he dismounts and walks away, celebrating.",https://www.youtube.com/shorts/c1gl0Qahgdw
0303-7,c1gl0Qahgdw,Multiple-choice Question with a Single Correct Answer,Local Event Attribute,"How does the man finally stop cycling?
A. By riding into a wall.
B. By dismounting and walking away.
C. By jumping off his bike and crashing into a cushion.
D. By slowing down and stepping off.",14.76,"E. None of the above
Select one best answer to the above multiple-choice question based on the video. Respond with only the letter (A, B, C, D or E) of the correct option.",B,https://www.youtube.com/shorts/c1gl0Qahgdw
0304-0,bc-OoJrrMuk,Primary Open-ended Question,Element Counting,How many layer of paper does the person initially write on?,15.72,Please state your answer with a brief explanation.,The person writes on two layers of paper. You can see this at [00:00:03-00:00:04].,https://www.youtube.com/shorts/bc-OoJrrMuk
0304-1,bc-OoJrrMuk,Paraphrased Open-ended Question,Element Counting,On how many sheets of paper does the person start writing?,15.72,Please state your answer with a brief explanation.,"One. The person writes ""12"" on the top sheet of paper, while the rest of the equation is on the sheet underneath it.",https://www.youtube.com/shorts/bc-OoJrrMuk
0304-2,bc-OoJrrMuk,Correctly-led Open-ended Question,Element Counting,Does the person initially write on two layers of paper?,15.72,Please state your answer with a brief explanation.,"Yes, according to the person in the video at [00:00:03], he initially observes that the creator is writing on two different pieces of paper.",https://www.youtube.com/shorts/bc-OoJrrMuk
0304-3,bc-OoJrrMuk,Wrongly-led Open-ended Question,Element Counting,Does the person initially write on just one layer of paper?,15.72,Please state your answer with a brief explanation.,"No, the person initially writes on two different pieces of paper.",https://www.youtube.com/shorts/bc-OoJrrMuk
0304-7,bc-OoJrrMuk,Multiple-choice Question with a Single Correct Answer,Element Counting,"How many layers of paper does the person initially write on?
A. Two
B. Three
C. Four
D. One",15.72,"E. None of the above
Select one best answer to the above multiple-choice question based on the video. Respond with only the letter (A, B, C, D or E) of the correct option.",A.,https://www.youtube.com/shorts/bc-OoJrrMuk
0308-0,R0f1qMFBemA,Primary Open-ended Question,Local Event Attribute,What's the first military aircraft doing?,60.08,Please state your answer with a brief explanation.,"The first military aircraft is landing on a carrier, as can be seen between [00:00:00-00:00:05].",https://www.youtube.com/shorts/R0f1qMFBemA
0308-1,R0f1qMFBemA,Paraphrased Open-ended Question,Local Event Attribute,What is the initial military aircraft attempting to do?,60.08,Please state your answer with a brief explanation.,"The initial military aircraft is attempting to land vertically on an aircraft carrier, which is an extremely challenging maneuver.",https://www.youtube.com/shorts/R0f1qMFBemA
0308-2,R0f1qMFBemA,Correctly-led Open-ended Question,Local Event Attribute,Is the first military aircraft trying to land on an aircraft carrier but initially failing?,60.08,Please state your answer with a brief explanation.,"Yes, the first aircraft attempting to land on the aircraft carrier around 0:00 does not land, it increases its altitude and flies away.",https://www.youtube.com/shorts/R0f1qMFBemA
0308-3,R0f1qMFBemA,Wrongly-led Open-ended Question,Local Event Attribute,Is the first military aircraft taking off from the aircraft carrier?,60.08,Please state your answer with a brief explanation.,"Yes, the first aircraft shown is taking off from an aircraft carrier, as seen at the beginning of the video.",https://www.youtube.com/shorts/R0f1qMFBemA
0308-7,R0f1qMFBemA,Multiple-choice Question with a Single Correct Answer,Local Event Attribute,"What is the first military aircraft doing?
A. Taking off from the aircraft carrier.
B. Performing aerial maneuvers.
C. Attempting to land on the aircraft carrier.
D. Refueling mid-air.",60.08,"E. None of the above
Select one best answer to the above multiple-choice question based on the video. Respond with only the letter (A, B, C, D or E) of the correct option.",A,https://www.youtube.com/shorts/R0f1qMFBemA
0313-0,0pWDMjpDKKQ,Primary Open-ended Question,Element Counting,How many compartments do these products occupy on the shelf at the end of the video?,19.04,Please state your answer with a brief explanation.,"Nine compartments are occupied on the shelf. As shown at the end of the video, each compartment contains various products.",https://www.youtube.com/shorts/0pWDMjpDKKQ
0313-1,0pWDMjpDKKQ,Paraphrased Open-ended Question,Element Counting,How many sections on the shelf are filled with products by the end of the video?,19.04,Please state your answer with a brief explanation.,"By the end of the video, 9 sections are filled with products.",https://www.youtube.com/shorts/0pWDMjpDKKQ
0313-2,0pWDMjpDKKQ,Correctly-led Open-ended Question,Element Counting,Do the products occupy 9 compartments on the shelf at the end of the video?,19.04,Please state your answer with a brief explanation.,"No, the products occupy 8 compartments on the shelf at the end of the video.",https://www.youtube.com/shorts/0pWDMjpDKKQ
0313-3,0pWDMjpDKKQ,Wrongly-led Open-ended Question,Element Counting,Do the products occupy 10 compartments on the shelf at the end of the video?,19.04,Please state your answer with a brief explanation.,"No, the products at the end of the video occupy 9 compartments on the shelf.",https://www.youtube.com/shorts/0pWDMjpDKKQ
0313-7,0pWDMjpDKKQ,Multiple-choice Question with a Single Correct Answer,Element Counting,"How many compartments do the products occupy on the shelf at the end of the video?
A. 8
B. 9
C. 11
D. 10",19.04,"E. None of the above
Select one best answer to the above multiple-choice question based on the video. Respond with only the letter (A, B, C, D or E) of the correct option.",B.,https://www.youtube.com/shorts/0pWDMjpDKKQ
0319-0,NqMmfmsclrE,Primary Open-ended Question,Positional Relationship,Where is the ball at the end of the video?,8.75,Please state your answer with a brief explanation.,"The ball is located at position C after being released from the circular track. The ball travels in a straight line, tangent to the point where it left the circle, as indicated by option C.",https://www.youtube.com/shorts/NqMmfmsclrE
0319-1,NqMmfmsclrE,Paraphrased Open-ended Question,Positional Relationship,What is the final position of the ball in the video?,8.75,Please state your answer with a brief explanation.,"The ball's final position is along path C, moving in a straight line tangentially to the circle. This happens because, without the centripetal force provided by the circular track, the ball continues in a straight line due to inertia, as described by Newton's first law of motion.",https://www.youtube.com/shorts/NqMmfmsclrE
0319-2,NqMmfmsclrE,Correctly-led Open-ended Question,Positional Relationship,Does the ball end its motion at position C and then be put back into the circular wooden piece by the person at the end of the video?,8.75,Please state your answer with a brief explanation.,"Yes, the ball travels to position C and is picked up by the person in the video before being placed back into the circular track.",https://www.youtube.com/shorts/NqMmfmsclrE
0319-3,NqMmfmsclrE,Wrongly-led Open-ended Question,Positional Relationship,Does the ball end up at position A at the end of the video?,8.75,Please state your answer with a brief explanation.,"No, the ball does not end up at position A. It follows the path indicated by C, which is tangent to the circle when the restraining force is removed.",https://www.youtube.com/shorts/NqMmfmsclrE
0319-7,NqMmfmsclrE,Multiple-choice Question with a Single Correct Answer,Positional Relationship,"Where does the ball exit at the end of the video?
A. Path A
B. Path B
C. Path D
D. Path C",8.75,"E. None of the above
Select one best answer to the above multiple-choice question based on the video. Respond with only the letter (A, B, C, D or E) of the correct option.",D,https://www.youtube.com/shorts/NqMmfmsclrE
0320-0,1edFyMQdMHA,Primary Open-ended Question,Event Localization,How does the last person jump?,18.07,Please state your answer with a brief explanation.,"At timestamp [00:00:15], he executes a backflip over the barrier.",https://www.youtube.com/shorts/1edFyMQdMHA
0320-1,1edFyMQdMHA,Paraphrased Open-ended Question,Event Localization,What action does the last person use to jump?,18.07,Please state your answer with a brief explanation.,The action the last person uses to jump is a backflip. This involves rotating the body backward and performing a flip to land on their feet.,https://www.youtube.com/shorts/1edFyMQdMHA
0320-2,1edFyMQdMHA,Correctly-led Open-ended Question,Event Localization,Does the last person in the video stand on a pole to jump onto the tire？,18.07,Please state your answer with a brief explanation.,"No, the last person in the video jumps directly from the bar and does not stand on a pole to jump on the tire.",https://www.youtube.com/shorts/1edFyMQdMHA
0320-3,1edFyMQdMHA,Wrongly-led Open-ended Question,Event Localization,Does the last person perform a parkour move to jump over a fence?,18.07,Please state your answer with a brief explanation.,"Yes, the last person performs a parkour move. Specifically, they do a backflip over the fence.",https://www.youtube.com/shorts/1edFyMQdMHA
0320-7,1edFyMQdMHA,Multiple-choice Question with a Single Correct Answer,Event Localization,"How does the last person jump?
A. Onto a tire
B. Fly over the railing
C. Over a low wall
D. Over a fence using parkour",18.07,"E. None of the above
Select one best answer to the above multiple-choice question based on the video. Respond with only the letter (A, B, C, D or E) of the correct option.",D,https://www.youtube.com/shorts/1edFyMQdMHA
0321-0,shh15L-O8KE,Primary Open-ended Question,Plot Attribute,What are the group of people engaging in?,15.14,Please state your answer with a brief explanation.,The group of people are participating in a TikTok trend/challenge with a song. At the start of the video their hands are in a circle making a fist. Then on the beat of the song they switch between a fist and a peace sign.,https://www.youtube.com/shorts/shh15L-O8KE
0321-1,shh15L-O8KE,Paraphrased Open-ended Question,Plot Attribute,What activity are the people in the group performing?,15.14,Please state your answer with a brief explanation.,They are participating in a TikTok trend that involves putting their hands in a circle with their fists closed and then revealing their faces to the camera as the beat drops.,https://www.youtube.com/shorts/shh15L-O8KE
0321-2,shh15L-O8KE,Correctly-led Open-ended Question,Plot Attribute,Are the people in the group filming a video with a hand gesture choreography?,15.14,Please state your answer with a brief explanation.,"Yes, the people in the video are performing a hand gesture choreography. The video shows several hands making different shapes in sync with music.",https://www.youtube.com/shorts/shh15L-O8KE
0321-3,shh15L-O8KE,Wrongly-led Open-ended Question,Plot Attribute,"Are the people in the group playing a game of rock, paper, scissors?",15.14,Please state your answer with a brief explanation.,"No, they are not playing rock, paper, scissors. They are playing a game in which they initially put their hands in fists, then on the count of three, they put out a number of fingers; either a fist (zero fingers), one, or two.",https://www.youtube.com/shorts/shh15L-O8KE
0321-7,shh15L-O8KE,Multiple-choice Question with a Single Correct Answer,Plot Attribute,"What are the people in the group doing?
A. Filming a video with hand gestures
B. Playing a game
C. Taking a picture together
D. Dancing",15.14,"E. None of the above
Select one best answer to the above multiple-choice question based on the video. Respond with only the letter (A, B, C, D or E) of the correct option.",A.,https://www.youtube.com/shorts/shh15L-O8KE
0325-0,gmMnqrmYNFU,Primary Open-ended Question,Event Counting,How many times does the rider flip and jump in the air while crossing obstacles?,36.41,Please state your answer with a brief explanation.,"The rider flips and jumps in the air 5 times while crossing obstacles. The first time occurs at [00:00:05], the second time occurs at [00:00:15], the third time occurs at [00:00:19], the fourth time occurs at [00:00:23] and the fifth time occurs at [00:00:27].",https://www.youtube.com/shorts/gmMnqrmYNFU
0325-1,gmMnqrmYNFU,Paraphrased Open-ended Question,Event Counting,How many flips and jumps does the rider perform in the air while navigating the obstacles?,36.41,Please state your answer with a brief explanation.,"The rider performs 4 flips and jumps in the air. This includes a double tail whip, a 360, a backflip, and a tail whip.",https://www.youtube.com/shorts/gmMnqrmYNFU
0325-2,gmMnqrmYNFU,Correctly-led Open-ended Question,Event Counting,Is it true that the rider flipped and jumped eight times while crossing the obstacles?,36.41,Please state your answer with a brief explanation.,"The rider did not flip and jump eight times while crossing the obstacles. He performed a variety of tricks, but not eight flips. He did two backflips and a 360 degree turn. Therefore, the answer is no.",https://www.youtube.com/shorts/gmMnqrmYNFU
0325-3,gmMnqrmYNFU,Wrongly-led Open-ended Question,Event Counting,Did the rider flip and jump only three times while crossing the obstacles?,36.41,Please state your answer with a brief explanation.,"No, the rider flipped and jumped more than three times. At [00:00:04], [00:00:14], [00:00:18] and [00:00:26] the rider is seen flipping and jumping.",https://www.youtube.com/shorts/gmMnqrmYNFU
0325-7,gmMnqrmYNFU,Multiple-choice Question with a Single Correct Answer,Event Counting,"How many times did the rider flip and jump in the air while crossing obstacles?
A. Seven times
B. Eight times
C. Ten times
D. Three times",36.41,"E. None of the above
Select one best answer to the above multiple-choice question based on the video. Respond with only the letter (A, B, C, D or E) of the correct option.",D,https://www.youtube.com/shorts/gmMnqrmYNFU
0334-0,VoyvvpcrUgo,Primary Open-ended Question,Event Localization,Which scenes in the video is NOT taken in real life?,14.98,Please state your answer with a brief explanation.,The scene at [00:00:11] is not taken in real life. It appears to be a digital illustration because a man is walking through a maze of roads which are being erased by a giant pencil.,https://www.youtube.com/shorts/VoyvvpcrUgo
0334-1,VoyvvpcrUgo,Paraphrased Open-ended Question,Event Localization,Which parts of the video are not depicting real-life scenes?,14.98,Please state your answer with a brief explanation.,The parts of the video from 0:11 to 0:14 are not depicting real-life scenes. These are animated images.,https://www.youtube.com/shorts/VoyvvpcrUgo
0334-2,VoyvvpcrUgo,Correctly-led Open-ended Question,Event Localization,Is the scene with the pencil erasing the road a digitally created image?,14.98,Please state your answer with a brief explanation.,"Yes, the scene with the pencil erasing the road is digitally created. It's an animation or digitally manipulated image, not a real-life scene.",https://www.youtube.com/shorts/VoyvvpcrUgo
0334-3,VoyvvpcrUgo,Wrongly-led Open-ended Question,Event Localization,Is the scene in the seventh part of the video not real?,14.98,Please state your answer with a brief explanation.,"Yes, the scene in the seventh part of the video, is a forced perspective, since it shows a person using a water bottle to ""pour"" water onto a waterfall from a distance.",https://www.youtube.com/shorts/VoyvvpcrUgo
0334-7,VoyvvpcrUgo,Multiple-choice Question with a Single Correct Answer,Event Localization,"Which scene in the video is not real?
A. Water bottle pouring a waterfall
B. Key fitting into the archway
C. Hanger holding up the bridge
D. Pencil erasing the road",14.98,"E. None of the above
Select one best answer to the above multiple-choice question based on the video. Respond with only the letter (A, B, C, D or E) of the correct option.",D,https://www.youtube.com/shorts/VoyvvpcrUgo
0340-0,XK7kH7pxTcE,Primary Open-ended Question,Element Counting,How many drainage channels are there in the video?,59.37,Please state your answer with a brief explanation.,"There are 4 drainage channels, which are shown as the square holes at [00:00:16] in the video.",https://www.youtube.com/shorts/XK7kH7pxTcE
0340-1,XK7kH7pxTcE,Paraphrased Open-ended Question,Element Counting,What is the total number of drainage channels shown in the video?,59.37,Please state your answer with a brief explanation.,"There are four drainage channels in the video. This is seen when the narrator says ""中間用三塊空心磚隔出4個出水的孔洞"" which translates to ""Three hollow bricks are used in the middle to separate 4 water outlets"".",https://www.youtube.com/shorts/XK7kH7pxTcE
0340-2,XK7kH7pxTcE,Correctly-led Open-ended Question,Element Counting,Is it true that there are four drainage channels visible in the video?,59.37,Please state your answer with a brief explanation.,"Yes, that is correct. At [00:00:15-00:00:18], there is a part of the dam that has four visible holes for drainage.",https://www.youtube.com/shorts/XK7kH7pxTcE
0340-3,XK7kH7pxTcE,Wrongly-led Open-ended Question,Element Counting,Are there five drainage channels shown in the video?,59.37,Please state your answer with a brief explanation.,"No, there are four drainage channels shown in the video. At [00:00:15] through [00:00:17], the man builds four exit holes, with three supporting blocks of concrete to hold them in place.",https://www.youtube.com/shorts/XK7kH7pxTcE
0340-7,XK7kH7pxTcE,Multiple-choice Question with a Single Correct Answer,Element Counting,"How many drainage channels are visible in the video?
A. Four
B. Two
C. Three
D. Five",59.37,"E. None of the above
Select one best answer to the above multiple-choice question based on the video. Respond with only the letter (A, B, C, D or E) of the correct option.",C,https://www.youtube.com/shorts/XK7kH7pxTcE
0357-0,ZQQ6XGuLtyU,Primary Open-ended Question,Character Emotion Attribute,How does the man in the white T-shirt feel about what he has taken out?,44.44,Please state your answer with a brief explanation.,"He appears to be disappointed as the cotton candy dissolves in the water, and he gets nothing out, as shown in the video at [00:00:39-00:00:44].",https://www.youtube.com/shorts/ZQQ6XGuLtyU
0357-1,ZQQ6XGuLtyU,Paraphrased Open-ended Question,Character Emotion Attribute,What does the man in the white T-shirt feel when he takes out the item?,44.44,Please state your answer with a brief explanation.,"The man in the white T-shirt seems shocked and disappointed because he received nothing, as shown at [00:00:41-00:00:44].",https://www.youtube.com/shorts/ZQQ6XGuLtyU
0357-2,ZQQ6XGuLtyU,Correctly-led Open-ended Question,Character Emotion Attribute,Did the man in the white T-shirt smile wryly and look disappointed as he took out his things?,44.44,Please state your answer with a brief explanation.,"No, the man in the white T-shirt smiles and laughs as he takes out the cucumber (0:17).",https://www.youtube.com/shorts/ZQQ6XGuLtyU
0357-3,ZQQ6XGuLtyU,Wrongly-led Open-ended Question,Character Emotion Attribute,Did the man in the white T-shirt feel satisfied and happy when he took out his things?,44.44,Please state your answer with a brief explanation.,"No, when the man in the gray T-shirt took out his stuff (two coins), he seemed disappointed.",https://www.youtube.com/shorts/ZQQ6XGuLtyU
0357-7,ZQQ6XGuLtyU,Multiple-choice Question with a Single Correct Answer,Character Emotion Attribute,"What is the person who opens the third hidden item wearing?
A. A black jacket
B. A white texuture T-shirt
C. A white T-shirt
D. A pink t-shirt with green text",44.44,"E. None of the above
Select one best answer to the above multiple-choice question based on the video. Respond with only the letter (A, B, C, D or E) of the correct option.",B,https://www.youtube.com/shorts/ZQQ6XGuLtyU
0358-0,vln9tIS2yWg,Primary Open-ended Question,Objective Causality,Why didn't the woman in white fall on the trampoline?,19.97,Please state your answer with a brief explanation.,,https://www.youtube.com/shorts/vln9tIS2yWg
0358-1,vln9tIS2yWg,Paraphrased Open-ended Question,Objective Causality,What prevented the woman in white from falling onto the trampoline?,19.97,Please state your answer with a brief explanation.,,https://www.youtube.com/shorts/vln9tIS2yWg
0358-2,vln9tIS2yWg,Correctly-led Open-ended Question,Objective Causality,Did the woman in white avoid falling on the trampoline because the man behind her didn't push her?,19.97,Please state your answer with a brief explanation.,,https://www.youtube.com/shorts/vln9tIS2yWg
0358-3,vln9tIS2yWg,Wrongly-led Open-ended Question,Objective Causality,Did the woman in white avoid falling on the trampoline because she jumped off herself?,19.97,Please state your answer with a brief explanation.,,https://www.youtube.com/shorts/vln9tIS2yWg
0358-7,vln9tIS2yWg,Multiple-choice Question with a Single Correct Answer,Objective Causality,"Why didn't the woman in white fall on the trampoline?
A. The man behind her didn't push her.
B. She jumped off herself.
C. She was scared of the trampoline.
D. She was too far from the edge.",19.97,"E. None of the above
Select one best answer to the above multiple-choice question based on the video. Respond with only the letter (A, B, C, D or E) of the correct option.",,https://www.youtube.com/shorts/vln9tIS2yWg
0368-0,XeUbzTntoW0,Primary Open-ended Question,Event Counting,How many scenarios did the man show between the adult and the toddler?,59.01,Please state your answer with a brief explanation.,"There are 9 scenarios displayed throughout the video. These include eating a snack, being asked to do something, napping, showering, eating breakfast, watching a show, cleaning up, putting baby to sleep, and playing with toys.",https://www.youtube.com/shorts/XeUbzTntoW0
0368-1,XeUbzTntoW0,Paraphrased Open-ended Question,Event Counting,How many different scenarios did the man demonstrate between the adult and the toddler?,59.01,Please state your answer with a brief explanation.,"The man demonstrated 8 different scenarios between an adult and a toddler, which include: eating a snack, being asked to do something, napping, when someone is showering, eating breakfast, watching a show, cleaning up, and playing with toys.",https://www.youtube.com/shorts/XeUbzTntoW0
0368-2,XeUbzTntoW0,Correctly-led Open-ended Question,Event Counting,Did the man show ten scenarios between the adult and the toddler?,59.01,Please state your answer with a brief explanation.,"No, the man showed 11 scenarios between the adult and the toddler in the video.",https://www.youtube.com/shorts/XeUbzTntoW0
0368-3,XeUbzTntoW0,Wrongly-led Open-ended Question,Event Counting,Did the man show six scenarios between the adult and the toddler?,59.01,Please state your answer with a brief explanation.,"No, the man showed seven scenarios between the adult and toddler including eating a snack, being asked to do something, napping, showering, eating breakfast, watching a show, cleaning up, right after the baby falls asleep, playing with toys.",https://www.youtube.com/shorts/XeUbzTntoW0
0368-7,XeUbzTntoW0,Multiple-choice Question with a Single Correct Answer,Event Counting,"How many scenarios did the man show between the adult and the toddler?
A. Ten
B. Twelve
C. Six
D. Eight",59.01,"E. None of the above
Select one best answer to the above multiple-choice question based on the video. Respond with only the letter (A, B, C, D or E) of the correct option.",C,https://www.youtube.com/shorts/XeUbzTntoW0
0370-0,IuGYdIRjKlI,Primary Open-ended Question,Element Counting,How many girls are holding swords at the beginning of the video?,16.88,Please state your answer with a brief explanation.,"Three girls are holding swords at the beginning of the video, as can be observed from the video at timestamp 0:00.",https://www.youtube.com/shorts/IuGYdIRjKlI
0370-1,IuGYdIRjKlI,Paraphrased Open-ended Question,Element Counting,How many girls are seen with swords at the start of the video?,16.88,Please state your answer with a brief explanation.,"Three girls are seen with swords at the start of the video, as they're the first three people visible performing with swords.",https://www.youtube.com/shorts/IuGYdIRjKlI
0370-2,IuGYdIRjKlI,Correctly-led Open-ended Question,Element Counting,Are there four girls holding swords at the beginning of the video?,16.88,Please state your answer with a brief explanation.,"No, there are three girls holding swords at the beginning of the video.",https://www.youtube.com/shorts/IuGYdIRjKlI
0370-3,IuGYdIRjKlI,Wrongly-led Open-ended Question,Element Counting,Are there only three girls holding swords at the beginning of the video?,16.88,Please state your answer with a brief explanation.,"No, there are more than three girls holding swords. From [00:00:00 to 00:00:16], it is evident that multiple girls are holding swords.",https://www.youtube.com/shorts/IuGYdIRjKlI
0370-7,IuGYdIRjKlI,Multiple-choice Question with a Single Correct Answer,Element Counting,"How many girls are holding swords at the beginning of the video?
A. Three
B. Two
C. Five
D. Four",16.88,"E. None of the above
Select one best answer to the above multiple-choice question based on the video. Respond with only the letter (A, B, C, D or E) of the correct option.",A,https://www.youtube.com/shorts/IuGYdIRjKlI
0372-0,kFAs3nZoKps,Primary Open-ended Question,Local Event Attribute,What action does the girl take at the end of the video?,18.09,Please state your answer with a brief explanation.,"At the end of the video, the girl hangs on the basketball net with one arm. The boy then poses behind her while holding a basketball.",https://www.youtube.com/shorts/kFAs3nZoKps
0372-1,kFAs3nZoKps,Paraphrased Open-ended Question,Local Event Attribute,What does the girl do at the conclusion of the video?,18.09,Please state your answer with a brief explanation.,"At the end of the video, the girl hangs from the basketball net. The video cuts to a photo of the girl hanging from the net while the boy makes a funny pose.",https://www.youtube.com/shorts/kFAs3nZoKps
0372-2,kFAs3nZoKps,Correctly-led Open-ended Question,Local Event Attribute,Does the girl pretend to dunk the basketball by hanging on the basket at the end of the video?,18.09,Please state your answer with a brief explanation.,"Yes, the girl pretends to dunk the basketball by hanging on the basket, because she is helped to reach it by another person.",https://www.youtube.com/shorts/kFAs3nZoKps
0372-3,kFAs3nZoKps,Wrongly-led Open-ended Question,Local Event Attribute,Does the girl actually dunk the basketball into the hoop at the end of the video?,18.09,Please state your answer with a brief explanation.,"No, the girl does not dunk the basketball into the hoop. Instead, she hangs from the basketball net and Asher throws the basketball at her while acting surprised.",https://www.youtube.com/shorts/kFAs3nZoKps
0372-7,kFAs3nZoKps,Multiple-choice Question with a Single Correct Answer,Local Event Attribute,"What happens at the end of the video?
A. The girl misses the basket entirely.
B. The girl throws the ball from a distance.
C. The girl successfully dunks the basketball.
D. The girl pretends to dunk by hanging on the basket.",18.09,"E. None of the above
Select one best answer to the above multiple-choice question based on the video. Respond with only the letter (A, B, C, D or E) of the correct option.",D,https://www.youtube.com/shorts/kFAs3nZoKps
0374-0,DdJG14Fc4Tw,Primary Open-ended Question,Element Attributes (Optical Illusion),What was used to perform the magic trick in the first part of the video?,48.45,Please state your answer with a brief explanation.,"In the first part of the video, the creator used a balloon and various small objects (coins, straws, earbuds, and pens) to perform magic tricks. The performer puts these small objects into the balloon by swallowing them and spitting them into the balloon.",https://www.youtube.com/shorts/DdJG14Fc4Tw
0374-1,DdJG14Fc4Tw,Paraphrased Open-ended Question,Element Attributes (Optical Illusion),How was the magic trick executed in the initial segment of the video?,48.45,Please state your answer with a brief explanation.,"Here is the answer to your question:

For the first trick, the magician discreetly places small candies or similar objects into his mouth. Next, he acts as though he is blowing up the balloon, but instead he discretely deposits the candies into the balloon before sealing it.

The liquid trick is executed using a cup within a cup and/or a straw that has a hole to prevent drinking. For the headphone trick, there is another set of headphones already in the box to start, which are then secretly revealed. The final trick involves hiding a pen, most likely using the nasal cavity.",https://www.youtube.com/shorts/DdJG14Fc4Tw
0374-2,DdJG14Fc4Tw,Correctly-led Open-ended Question,Element Attributes (Optical Illusion),Did the magic trick in the first part of the video involve using a balloon and an extra knot?,48.45,Please state your answer with a brief explanation.,"Yes, the first trick used a balloon. You can see him blowing up the balloon at [00:00:05] and then putting a coin into it. He later ties the balloon at [00:00:08].",https://www.youtube.com/shorts/DdJG14Fc4Tw
0374-3,DdJG14Fc4Tw,Wrongly-led Open-ended Question,Element Attributes (Optical Illusion),Was the magic trick in the first part of the video performed by inserting or removing an object from the balloon?,48.45,Please state your answer with a brief explanation.,"The magic trick involves inserting objects into the balloon, not removing them. This is seen with both the coin and the other object.",https://www.youtube.com/shorts/DdJG14Fc4Tw
0374-7,DdJG14Fc4Tw,Multiple-choice Question with a Single Correct Answer,Element Attributes (Optical Illusion),"What was used to perform the magic trick in the first part of the video?
A. A balloon and a string
B. A balloon and a coin
C. A red balloon only
D. A balloon and an extra knot",48.45,"E. None of the above
Select one best answer to the above multiple-choice question based on the video. Respond with only the letter (A, B, C, D or E) of the correct option.",B,https://www.youtube.com/shorts/DdJG14Fc4Tw
0377-0,Jh-E3fZYRJ4,Primary Open-ended Question,Element Attributes (Optical Illusion),Whose hand is on the woman's shoulder in the second part of the video?,33.34,Please state your answer with a brief explanation.,The hand on the woman's shoulder in the second part of the video belongs to the man sitting next to her on the bench. You can see his arm extended around her.,https://www.youtube.com/shorts/Jh-E3fZYRJ4
0377-1,Jh-E3fZYRJ4,Paraphrased Open-ended Question,Element Attributes (Optical Illusion),Who is the owner of the hand on the woman's shoulder in the second segment of the video?,33.34,Please state your answer with a brief explanation.,The hand on the woman's shoulder belongs to the man sitting beside her. You can tell by his body orientation and arm placement.,https://www.youtube.com/shorts/Jh-E3fZYRJ4
0377-2,Jh-E3fZYRJ4,Correctly-led Open-ended Question,Element Attributes (Optical Illusion),Is the hand on the woman's shoulder in the second part of the video from the man behind her?,33.34,Please state your answer with a brief explanation.,"Yes, the hand on the woman's shoulder in the second part of the video is from the man who is sitting next to her on the bench.",https://www.youtube.com/shorts/Jh-E3fZYRJ4
0377-3,Jh-E3fZYRJ4,Wrongly-led Open-ended Question,Element Attributes (Optical Illusion),Is the hand on the woman's shoulder in the second part of the video from the person sitting next to her?,33.34,Please state your answer with a brief explanation.,"Yes, the hand appears to be from the person sitting next to her. You can tell by the angle and position of his arm.",https://www.youtube.com/shorts/Jh-E3fZYRJ4
0377-7,Jh-E3fZYRJ4,Multiple-choice Question with a Single Correct Answer,Element Attributes (Optical Illusion),"Whose hand is on the woman's shoulder in the second part of the video?
A. The woman herself.
B. The person sitting next to her.
C. A person standing far away.
D. The man behind her.",33.34,"E. None of the above
Select one best answer to the above multiple-choice question based on the video. Respond with only the letter (A, B, C, D or E) of the correct option.",B,https://www.youtube.com/shorts/Jh-E3fZYRJ4
0410-0,ZQQ6XGuLtyU,Primary Open-ended Question,Event Localization,What happened after the sixth cotton candy is dissolved?,44.44,Please state your answer with a brief explanation.,"After the sixth cotton candy is dissolved, a broken card is revealed.",https://youtube.com/shorts/ZQQ6XGuLtyU
0410-1,ZQQ6XGuLtyU,Paraphrased Open-ended Question,Event Localization,What is the outcome after the sixth cotton candy dissolves in the water?,44.44,Please state your answer with a brief explanation.,"The last cotton candy dissolves, and inside is revealed broken glass and shards.",https://youtube.com/shorts/ZQQ6XGuLtyU
0410-2,ZQQ6XGuLtyU,Correctly-led Open-ended Question,Event Localization,"After the sixth cotton candy dissolves, does the man find nothing in the bowl?",44.44,Please state your answer with a brief explanation.,The man does not find nothing in the bowl. At [00:00:42] he finds small silver pieces in the bowl.,https://youtube.com/shorts/ZQQ6XGuLtyU
0410-3,ZQQ6XGuLtyU,Wrongly-led Open-ended Question,Event Localization,"After the sixth cotton candy dissolves, is a phone revealed in the bowl?",44.44,Please state your answer with a brief explanation.,"No, a phone is not revealed after the sixth cotton candy dissolves. A banana is revealed instead.",https://youtube.com/shorts/ZQQ6XGuLtyU
0410-7,ZQQ6XGuLtyU,Multiple-choice Question with a Single Correct Answer,Event Localization,"What happens after the sixth cotton candy dissolves?
A. A banana appears.
B. A stack of money appears.
C. A phone is revealed.
D. Nothing is found.",44.44,"E. None of the above
Select one best answer to the above multiple-choice question based on the video. Respond with only the letter (A, B, C, D or E) of the correct option.",C,https://youtube.com/shorts/ZQQ6XGuLtyU
0416-0,b7h58LOBMcE,Primary Open-ended Question,Character Reaction Causality,Why was the man performing the trick surprised？,26.77,Please state your answer with a brief explanation.,The man performing the trick was surprised because the other man took the egg when the cup was placed over it; neither man knew the other was going to trick them.,https://youtube.com/shorts/b7h58LOBMcE
0416-1,b7h58LOBMcE,Paraphrased Open-ended Question,Character Reaction Causality,What caused the man performing the trick to be taken aback?,26.77,Please state your answer with a brief explanation.,"The man was taken aback because the egg vanished from his hand, and wasn't under the cup as he expected. This suggests the other man performed a trick on him.",https://youtube.com/shorts/b7h58LOBMcE
0416-2,b7h58LOBMcE,Correctly-led Open-ended Question,Character Reaction Causality,Was the man surprised because the ball he placed under the cup disappeared?,26.77,Please state your answer with a brief explanation.,"Yes, the man was surprised because the egg/ball disappeared after he placed it under the cup. This is evident from his expression and questioning where it went.",https://youtube.com/shorts/b7h58LOBMcE
0416-3,b7h58LOBMcE,Wrongly-led Open-ended Question,Character Reaction Causality,Was the man surprised because the egg he showed under the cup disappeared and reappeared in unexpected places?,26.77,Please state your answer with a brief explanation.,"Yes, the man was surprised. The magician made the egg disappear from his hand, and then the magician showed that the egg was also not under the cup, surprising the other man.",https://youtube.com/shorts/b7h58LOBMcE
0416-7,b7h58LOBMcE,Multiple-choice Question with a Single Correct Answer,Character Reaction Causality,"Why was the man performing the trick surprised?
A. The egg reappeared in unexpected places.
B. The table moved.
C. The cup changed color.
D. The ball he placed under the cup disappeared.",26.77,"E. None of the above
Select one best answer to the above multiple-choice question based on the video. Respond with only the letter (A, B, C, D or E) of the correct option.",D,https://youtube.com/shorts/b7h58LOBMcE
0417-0,KwKJ6gtOGpQ,Primary Open-ended Question,Character Reaction Causality,Why is the person on the left trying hard not to laugh？,6.62,Please state your answer with a brief explanation.,"The person on the left is trying hard not to laugh because the flag bearer on the right is having trouble holding the flag, causing it to slip and cover his head, which looks comical.",https://youtube.com/shorts/KwKJ6gtOGpQ
0417-1,KwKJ6gtOGpQ,Paraphrased Open-ended Question,Character Reaction Causality,Why is the person on the left trying hard not to laugh？,6.62,Please state your answer with a brief explanation.,"The person on the left is trying hard not to laugh because the person on the right holding the flag is struggling to keep his balance, and his movements look humorous.",https://youtube.com/shorts/KwKJ6gtOGpQ
0417-2,KwKJ6gtOGpQ,Correctly-led Open-ended Question,Character Reaction Causality,Is the person on the left trying not to laugh because of the seriousness of the occasion?,6.62,Please state your answer with a brief explanation.,"No, the person on the left is trying not to laugh because of the flag bearer's leg movement, as the leg lifts up high into the air when saluting.",https://youtube.com/shorts/KwKJ6gtOGpQ
0417-3,KwKJ6gtOGpQ,Wrongly-led Open-ended Question,Character Reaction Causality,Is the person on the left trying not to laugh because their problem is unresolved?,6.62,Please state your answer with a brief explanation.,"No, the person on the left is trying not to laugh because of the awkward/funny way the other person is carrying the flag, as shown in the video.",https://youtube.com/shorts/KwKJ6gtOGpQ
0417-7,KwKJ6gtOGpQ,Multiple-choice Question with a Single Correct Answer,Character Reaction Causality,"Why is the person on the left trying hard not to laugh?
A. It's not funny
B. His discontent
C. The seriousness of the occasion
D. He's scared.",6.62,"E. None of the above
Select one best answer to the above multiple-choice question based on the video. Respond with only the letter (A, B, C, D or E) of the correct option.",C,https://youtube.com/shorts/KwKJ6gtOGpQ
0420-0,CsIEwEA0fQs,Primary Open-ended Question,Plot Attribute,"Did the cat win the ""which hand"" guessing game? Why?",15.04,Please state your answer with a brief explanation.,"Yes, the cat did appear to win the ""which hand"" guessing game. The top comments mentioned how the cat was analyzing the situation with a look of deep thought and intelligence. The cat ultimately chose the correct hand.",https://youtube.com/shorts/CsIEwEA0fQs
0420-1,CsIEwEA0fQs,Paraphrased Open-ended Question,Plot Attribute,"Did the cat succeed in the 'which hand' game, and what was the reason?",15.04,Please state your answer with a brief explanation.,"Yes, the cat succeeded. According to the comments, the cat carefully analyzed the movements and replayed them in its mind before making its decision.",https://youtube.com/shorts/CsIEwEA0fQs
0420-2,CsIEwEA0fQs,Correctly-led Open-ended Question,Plot Attribute,Did the cat win the game by choosing the hand that held the object?,15.04,Please state your answer with a brief explanation.,"Yes, based on the video, the cat appears to have chosen the correct hand. The comments also support this, noting the cat's intelligence and focus.",https://youtube.com/shorts/CsIEwEA0fQs
0420-3,CsIEwEA0fQs,Wrongly-led Open-ended Question,Plot Attribute,Did the cat lose the game because it chose the wrong hand?,15.04,Please state your answer with a brief explanation.,"No, the cat did not lose. The cat chose the correct hand.",https://youtube.com/shorts/CsIEwEA0fQs
0420-7,CsIEwEA0fQs,Multiple-choice Question with a Single Correct Answer,Plot Attribute,"Why did the cat win the 'which hand' game?
A. It chose the right hand.
B. It chose both hands.
C. It didn't choose any hand.
D. It chose the left hand.",15.04,"E. None of the above
Select one best answer to the above multiple-choice question based on the video. Respond with only the letter (A, B, C, D or E) of the correct option.",A,https://youtube.com/shorts/CsIEwEA0fQs
0427-0,c0YNnrHBARc,Primary Open-ended Question,Objective Causality (Videography Phenomenon & Illusion),How did the man achieve taking out a whole watermelon and cutting it?,28.99,Please state your answer with a brief explanation.,"Zach used editing and special effects to make it appear as though the whole watermelon came out of the mirror and was sliced, which is seen in the reflection of the mirror holding nothing (0:00:06 - 0:00:08).",https://youtube.com/shorts/c0YNnrHBARc
0427-1,c0YNnrHBARc,Paraphrased Open-ended Question,Objective Causality (Videography Phenomenon & Illusion),What method did the man use to make it appear as though he took out and cut a whole watermelon?,28.99,Please state your answer with a brief explanation.,"The man used CG (Computer Graphics) to make it appear as though he took out and cut a whole watermelon. One of the top comments references this, stating, ""Man, like... I know it's CG. But also, how does it look so clean?! Dude's compositing skills are on point!""",https://youtube.com/shorts/c0YNnrHBARc
0427-2,c0YNnrHBARc,Correctly-led Open-ended Question,Objective Causality (Videography Phenomenon & Illusion),Did the man use video editing to create the illusion of taking out a whole watermelon?,28.99,Please state your answer with a brief explanation.,"Yes, based on the top comments, video editing was used to create the illusion of taking out a whole watermelon from the mirror.",https://youtube.com/shorts/c0YNnrHBARc
0427-3,c0YNnrHBARc,Wrongly-led Open-ended Question,Objective Causality (Videography Phenomenon & Illusion),Did the man achieve the trick by hollowing out a watermelon rind and placing a peeled watermelon inside?,28.99,Please state your answer with a brief explanation.,"No, the trick wasn't achieved by hollowing out a watermelon. Based on top comments, this is a seamless video loop that uses visual effects like green screen and compositing, with the mirror reflection being a key part of the illusion.",https://youtube.com/shorts/c0YNnrHBARc
0427-7,c0YNnrHBARc,Multiple-choice Question with a Single Correct Answer,Objective Causality (Videography Phenomenon & Illusion),"How did the man create the illusion of taking out a whole watermelon?
A. By using a mirror to reflect the whole watermelon.
B. By using a clever trick with a hollowed rind.
C. By using a special knife to cut seamlessly.
D. Use mirror reflection and video editing techniques.",28.99,"E. None of the above
Select one best answer to the above multiple-choice question based on the video. Respond with only the letter (A, B, C, D or E) of the correct option.",D,https://youtube.com/shorts/c0YNnrHBARc
0430-0,ZGcot5Kgock,Primary Open-ended Question,Objective Causality (Videography Phenomenon & Illusion),What causes the damage of the phone？,42.26,Please state your answer with a brief explanation.,The phone gets damaged because the hand crank charger provides an unstable electric voltage.,https://youtube.com/shorts/ZGcot5Kgock
0430-1,ZGcot5Kgock,Paraphrased Open-ended Question,Objective Causality (Videography Phenomenon & Illusion),What led to the phone appearing damaged in the video?,42.26,Please state your answer with a brief explanation.,The phone appeared damaged after the device that the video creator was using as a charger caused it to explode.,https://youtube.com/shorts/ZGcot5Kgock
0430-2,ZGcot5Kgock,Correctly-led Open-ended Question,Objective Causality (Videography Phenomenon & Illusion),Was the phone's damage just a result of video editing effects?,42.26,Please state your answer with a brief explanation.,"No, the phone's damage isn't just video editing. The video shows the phone getting physically damaged while charging.",https://youtube.com/shorts/ZGcot5Kgock
0430-3,ZGcot5Kgock,Wrongly-led Open-ended Question,Objective Causality (Videography Phenomenon & Illusion),Did the phone get damaged because it was overcharged with a hand-crank charger?,42.26,Please state your answer with a brief explanation.,"Yes, the phone was damaged because the video shows the phone exploding as the hand-crank charger rapidly increases the phone's charge percentage to an unstable level.",https://youtube.com/shorts/ZGcot5Kgock
0430-7,ZGcot5Kgock,Multiple-choice Question with a Single Correct Answer,Objective Causality (Videography Phenomenon & Illusion),"What was the actual cause of the phone's damage in the video?
A. Dropping the phone.
B. Overcharging with a hand-crank charger.
C. Video editing effects.
D. Water damage.",42.26,"E. None of the above
Select one best answer to the above multiple-choice question based on the video. Respond with only the letter (A, B, C, D or E) of the correct option.",B,https://youtube.com/shorts/ZGcot5Kgock
0432-0,YRgXg-FY49o,Primary Open-ended Question,Event Localization,Where are the last few targets come from？,16.6,Please state your answer with a brief explanation.,The targets come from a clay pigeon thrower operated by the woman.,https://www.youtube.com/shorts/YRgXg-FY49o
0432-1,YRgXg-FY49o,Paraphrased Open-ended Question,Event Localization,What are the last few targets in the video?,16.6,Please state your answer with a brief explanation.,The last few targets are a clay target and a shell casing. The man in the video kicks up the shell casing and shoots it.,https://www.youtube.com/shorts/YRgXg-FY49o
0432-2,YRgXg-FY49o,Correctly-led Open-ended Question,Event Localization,Are the last few targets in the video bullet casings thrown by the man?,16.6,Please state your answer with a brief explanation.,"Yes, the last few targets in the video are bullet casings thrown by the man. This is shown between [00:00:02-00:00:12].",https://www.youtube.com/shorts/YRgXg-FY49o
0432-3,YRgXg-FY49o,Wrongly-led Open-ended Question,Event Localization,Were the last targets in the video thrown by someone next to the shooter?,16.6,Please state your answer with a brief explanation.,"Yes, as shown in the video between [00:00:00-00:00:02], the targets were thrown by a person standing next to the shooter.",https://www.youtube.com/shorts/YRgXg-FY49o
0432-7,YRgXg-FY49o,Multiple-choice Question with a Single Correct Answer,Event Localization,"Where do the last few targets come from?
A. The person next to the shooter throwing orange clay targets.
B. The shell that flew out of the ejection hatch of the gun
C. Random objects thrown by the woman.
D. Black object coming from the sky.",16.6,"E. None of the above
Select one best answer to the above multiple-choice question based on the video. Respond with only the letter (A, B, C, D or E) of the correct option.",A.,https://www.youtube.com/shorts/YRgXg-FY49o
0435-0,niZZ5bP5Zvs,Primary Open-ended Question,Event Localization,Which swings of the man's sword cut the target made of bundled straw mats?,10.97,Please state your answer with a brief explanation.,"At [00:00:02-00:00:03], the man swings the katana upward, cutting the target made of bundled straw mats.",https://www.youtube.com/shorts/niZZ5bP5Zvs
0435-1,niZZ5bP5Zvs,Paraphrased Open-ended Question,Event Localization,Which of the man's sword swings successfully hit the straw mat target?,10.97,Please state your answer with a brief explanation.,The man's sword swing at [00:00:02] successfully hits the straw mat target. He then taps the top of the mat at [00:00:07] causing it to fall off.,https://www.youtube.com/shorts/niZZ5bP5Zvs
0435-2,niZZ5bP5Zvs,Correctly-led Open-ended Question,Event Localization,Did the man's first sword swing hit the target made of bundled straw mats?,10.97,Please state your answer with a brief explanation.,"Yes, the man's first sword swing successfully cuts the target made of bundled straw mats. The straw mats remain standing after the cut, emphasizing how clean and precise the cut was.",https://www.youtube.com/shorts/niZZ5bP5Zvs
0435-3,niZZ5bP5Zvs,Wrongly-led Open-ended Question,Event Localization,Did the man's sword cut through each section of the straw mat target with every swing?,10.97,Please state your answer with a brief explanation.,"Yes, the man's sword cut through each section of the straw mat target with every swing. You can see that the entire upper half of the target cleanly separates from the lower half after the swing.",https://www.youtube.com/shorts/niZZ5bP5Zvs
0435-7,niZZ5bP5Zvs,Multiple-choice Question with a Single Correct Answer,Event Localization,"Which swing of the man's sword hit the target made of bundled straw mats?
A. Fourth swing
B. Third swing
C. First swing
D. Second swing",10.97,"E. None of the above
Select one best answer to the above multiple-choice question based on the video. Respond with only the letter (A, B, C, D or E) of the correct option.",C,https://www.youtube.com/shorts/niZZ5bP5Zvs
0439-0,L4pEorJZ1a0,Primary Open-ended Question,Element Attributes,What does the man light in the video？,29.53,Please state your answer with a brief explanation.,The man lights the candles that are sitting in a tray of water.,https://www.youtube.com/shorts/L4pEorJZ1a0
0439-1,L4pEorJZ1a0,Paraphrased Open-ended Question,Element Attributes,What item does the man ignite in the video?,29.53,Please state your answer with a brief explanation.,"The man ignites candles. At [00:00:01], the man in the video ignites candles to perform an experiment to demonstrate atmospheric pressure.",https://www.youtube.com/shorts/L4pEorJZ1a0
0439-2,L4pEorJZ1a0,Correctly-led Open-ended Question,Element Attributes,Does the man light a pile of thin candles in the video?,29.53,Please state your answer with a brief explanation.,"Yes, the man lights a pile of thin candles in the video. At [00:00:03], the candles are lit.",https://www.youtube.com/shorts/L4pEorJZ1a0
0439-3,L4pEorJZ1a0,Wrongly-led Open-ended Question,Element Attributes,Does the man light a small object that looks like a stack of matches?,29.53,Please state your answer with a brief explanation.,"Yes, at [00:00:00] the man lights an object that looks like a stack of matches. He then places a glass vase over them.",https://www.youtube.com/shorts/L4pEorJZ1a0
0439-7,L4pEorJZ1a0,Multiple-choice Question with a Single Correct Answer,Element Attributes,"What does the man light in the video?
A. A small torch
B. A pile of thin candles
C. A piece of paper
D. A stack of matches",29.53,"E. None of the above
Select one best answer to the above multiple-choice question based on the video. Respond with only the letter (A, B, C, D or E) of the correct option.",B,https://www.youtube.com/shorts/L4pEorJZ1a0
0441-0,3Ts9BX6AKuU,Primary Open-ended Question,Local Event Attribute,What is the state of action of muscular man's left and right leg throughout the run?,12.2,Please state your answer with a brief explanation.,The man's legs are stationary. He is faking the run on the spot by using a combination of muscle control and skillful balancing on his ankles.,https://www.youtube.com/shorts/3Ts9BX6AKuU
0441-1,3Ts9BX6AKuU,Paraphrased Open-ended Question,Local Event Attribute,What is the condition of the man's legs during running?,12.2,Please state your answer with a brief explanation.,The man's legs are imitating a running motion on one leg.,https://www.youtube.com/shorts/3Ts9BX6AKuU
0441-2,3Ts9BX6AKuU,Correctly-led Open-ended Question,Local Event Attribute,Is the muscular man actually running or is he staying in the same spot?,12.2,Please state your answer with a brief explanation.,"He is staying in the same spot. The video shows what the ""run"" looks like in his perspective and what it looks like to onlookers, who see him staying in place.",https://www.youtube.com/shorts/3Ts9BX6AKuU
0441-3,3Ts9BX6AKuU,Wrongly-led Open-ended Question,Local Event Attribute,Does the muscular man's running style involve high knee lifts and a pronounced forward thrust?,12.2,Please state your answer with a brief explanation.,"No. He is mainly running in place, with subtle movements.",https://www.youtube.com/shorts/3Ts9BX6AKuU
0441-7,3Ts9BX6AKuU,Multiple-choice Question with a Single Correct Answer,Local Event Attribute,"What is the state of the muscular man's legs during the run?
A. Both legs moving in a straight line
B. Left leg in spot jogging, right calf bent back
C. Left and right legs alternate in their movement
D. High knee lifts with a forward thrust",12.2,"E. None of the above
Select one best answer to the above multiple-choice question based on the video. Respond with only the letter (A, B, C, D or E) of the correct option.",B,https://www.youtube.com/shorts/3Ts9BX6AKuU
0452-0,BglTrmS3UfI,Primary Open-ended Question,Element Attributes,What are the characteristics of the left and right legs of a dancing man?,11.82,Please state your answer with a brief explanation.,"The dancing man has one full right leg that he uses for standing and some dance moves. His left leg is significantly shorter, stopping above the knee. He uses this to his advantage in dance moves like spins and as an element of surprise.",https://www.youtube.com/shorts/BglTrmS3UfI
0452-1,BglTrmS3UfI,Paraphrased Open-ended Question,Element Attributes,Can you describe the condition of the dancer's left and right legs?,11.82,Please state your answer with a brief explanation.,The dancer's left leg is significantly shorter than his right leg. This difference in length is apparent in the video as he moves and dances.,https://www.youtube.com/shorts/BglTrmS3UfI
0452-2,BglTrmS3UfI,Correctly-led Open-ended Question,Element Attributes,Is the dancer's left leg disabled while the right leg is healthy?,11.82,Please state your answer with a brief explanation.,"Yes, the dancer's left leg is shorter and appears less developed than his right leg, suggesting a disability.",https://www.youtube.com/shorts/BglTrmS3UfI
0452-3,BglTrmS3UfI,Wrongly-led Open-ended Question,Element Attributes,"Does the dancer's left leg show agility and quick movements, while the right leg shows power and strength?",11.82,Please state your answer with a brief explanation.,"Yes. The dancer's left leg demonstrates incredibly agile and quick movements, while his right leg provides power and stability, especially when he uses it to push off the ground.",https://www.youtube.com/shorts/BglTrmS3UfI
0452-7,BglTrmS3UfI,Multiple-choice Question with a Single Correct Answer,Element Attributes,"What are the characteristics of the dancer's legs?
A. Both legs are powerful and strong.
B. Both legs are agile and quick.
C. The left leg is disabled, and the right leg is healthy.
D. The right leg is disabled, and the left leg is healthy.",11.82,"E. None of the above
Select one best answer to the above multiple-choice question based on the video. Respond with only the letter (A, B, C, D or E) of the correct option.",D,https://www.youtube.com/shorts/BglTrmS3UfI
0456-0,-Tf9VMl4krk,Primary Open-ended Question,Element Counting,How many nails did the man use in the experiment?,,Please state your answer with a brief explanation.,The man used six nails in the experiment. He used three nails for the vinegar and three for the monster drink.,https://www.youtube.com/shorts/-Tf9VMl4krk
0456-1,-Tf9VMl4krk,Paraphrased Open-ended Question,Element Counting,What was the total number of nails the man used in his experiment?,,Please state your answer with a brief explanation.,"The man used 6 nails for the experiment. He split them evenly, with 3 nails going into one glass and 3 in the other.",https://www.youtube.com/shorts/-Tf9VMl4krk
0456-2,-Tf9VMl4krk,Correctly-led Open-ended Question,Element Counting,"Did the man use six nails in the experiment, placing three in each cup?",,Please state your answer with a brief explanation.,"Yes, the man used six nails, placing three in each cup, as seen at [00:00:00].",https://www.youtube.com/shorts/-Tf9VMl4krk
0456-3,-Tf9VMl4krk,Wrongly-led Open-ended Question,Element Counting,"Did the man use 14 nails in the experiment, with seven in each mug?",,Please state your answer with a brief explanation.,"No, the man used six nails in each mug. The video shows him putting six nails into each of the two mugs before covering them with either Monster or vinegar.",https://www.youtube.com/shorts/-Tf9VMl4krk
0456-7,-Tf9VMl4krk,Multiple-choice Question with a Single Correct Answer,Element Counting,"How many nails did the man use in the experiment?
A. 2.
B. 10
C. 14
D. 6",,"E. None of the above
Select one best answer to the above multiple-choice question based on the video. Respond with only the letter (A, B, C, D or E) of the correct option.",D,https://www.youtube.com/shorts/-Tf9VMl4krk
0463-0,aoE98e_FlYQ,Primary Open-ended Question,Event Localization,Which throw conducted by the person did the counter starts counting from?,33.07,Please state your answer with a brief explanation.,"The counter starts counting from the third throw, the first two throws didn't go in the basket.",https://youtube.com/shorts/aoE98e_FlYQ
0463-1,aoE98e_FlYQ,Paraphrased Open-ended Question,Event Localization,From which throw does the counter begin to count in the video?,33.07,Please state your answer with a brief explanation.,The counter begins at 00:00:06 with the first throw of the basketball.,https://youtube.com/shorts/aoE98e_FlYQ
0463-2,aoE98e_FlYQ,Correctly-led Open-ended Question,Event Localization,Does the counter start counting from the second throw made by the man?,33.07,Please state your answer with a brief explanation.,The counter does not start counting from the second throw. It starts counting from the third throw.,https://youtube.com/shorts/aoE98e_FlYQ
0463-3,aoE98e_FlYQ,Wrongly-led Open-ended Question,Event Localization,Does the counter start counting from the throw where the first successful basket is made?,33.07,Please state your answer with a brief explanation.,"No, the counter starts at the beginning, marking the first two missed shots with a red X.",https://youtube.com/shorts/aoE98e_FlYQ
0463-7,aoE98e_FlYQ,Multiple-choice Question with a Single Correct Answer,Event Localization,"When does the counter start counting?
A. The third throw
B. The second throw .
C. The fourth throw
D. The first throw",33.07,"E. None of the above
Select one best answer to the above multiple-choice question based on the video. Respond with only the letter (A, B, C, D or E) of the correct option.",D,https://youtube.com/shorts/aoE98e_FlYQ
0466-0,_TrCxTyakH0,Primary Open-ended Question,Event Counting,How many optical illusion imagery of clever perspective and time freezing are shown in the video in total?,20.52,Please state your answer with a brief explanation.,There are a total of 7 optical illusion imagery shown in the video.,https://www.youtube.com/shorts/_TrCxTyakH0
0466-1,_TrCxTyakH0,Paraphrased Open-ended Question,Event Counting,What is the total number of images featuring optical illusions in the video?,20.52,Please state your answer with a brief explanation.,There are 8 images featuring optical illusions in the video. They consist of photos where the subject appears to interact with the background in a coincidental and humorous way.,https://www.youtube.com/shorts/_TrCxTyakH0
0466-2,_TrCxTyakH0,Correctly-led Open-ended Question,Event Counting,Does the video contain 6 images that are related to optical illusions?,20.52,Please state your answer with a brief explanation.,"Yes, the video contains 7 images that appear to be related to forced perspective and optical illusions.",https://www.youtube.com/shorts/_TrCxTyakH0
0466-3,_TrCxTyakH0,Wrongly-led Open-ended Question,Event Counting,Are there 5 optical illusion images shown in the video?,20.52,Please state your answer with a brief explanation.,"Yes, the video shows more than 5 optical illusion images. The images include examples such as a person on a broom appearing to fly, an airplane appearing to be launched from the sun, and a man appearing to feed the sun to another person.",https://www.youtube.com/shorts/_TrCxTyakH0
0466-7,_TrCxTyakH0,Multiple-choice Question with a Single Correct Answer,Event Counting,"How many optical illusion images are shown in the video?
A. 5
B. 6
C. 4
D. 7",20.52,"E. None of the above
Select one best answer to the above multiple-choice question based on the video. Respond with only the letter (A, B, C, D or E) of the correct option.",B,https://www.youtube.com/shorts/_TrCxTyakH0
0468-0,Se8JkJUt7YE,Primary Open-ended Question,Element Localization,Which person in the video successfully walked down the stairs?,24.98,Please state your answer with a brief explanation.,"Only the second person in the video successfully walked down the stairs, as the first person fell almost immediately after starting.",https://www.youtube.com/shorts/Se8JkJUt7YE
0468-1,Se8JkJUt7YE,Paraphrased Open-ended Question,Element Localization,"Who was able to walk down the stairs successfully in the video?
",24.98,Please state your answer with a brief explanation.,"Based on the video, the second person walking down the stairs was able to successfully navigate the stairs with the filter on.",https://www.youtube.com/shorts/Se8JkJUt7YE
0468-2,Se8JkJUt7YE,Correctly-led Open-ended Question,Element Localization,"Did the second person manage to successfully walk down the stairs despite the whirlpool effect?
",24.98,Please state your answer with a brief explanation.,"Yes, the second person successfully navigated the stairs with the whirlpool effect, making it to the bottom safely.",https://www.youtube.com/shorts/Se8JkJUt7YE
0468-3,Se8JkJUt7YE,Wrongly-led Open-ended Question,Element Localization,"Was the first person able to successfully walk down the stairs despite almost falling?
",24.98,Please state your answer with a brief explanation.,"No, the first person did not successfully walk down the stairs. He fell after only taking one step.",https://www.youtube.com/shorts/Se8JkJUt7YE
0468-7,Se8JkJUt7YE,Multiple-choice Question with a Single Correct Answer,Element Localization,"Which person in the video successfully walked down the stairs?
A. The first person
B. The second person
C. None of them
D. Both persons",24.98,"E. None of the above
Select one best answer to the above multiple-choice question based on the video. Respond with only the letter (A, B, C, D or E) of the correct option.",C,https://www.youtube.com/shorts/Se8JkJUt7YE
0494-0,RBz8pTO0ySw,Primary Open-ended Question,Element Counting,How many kinds of scissors were used in the video?,15.85,Please state your answer with a brief explanation.,,https://www.youtube.com/shorts/RBz8pTO0ySw
0494-1,RBz8pTO0ySw,Paraphrased Open-ended Question,Element Counting,What is the number of different types of scissors used in the video?,15.85,Please state your answer with a brief explanation.,,https://www.youtube.com/shorts/RBz8pTO0ySw
0494-2,RBz8pTO0ySw,Correctly-led Open-ended Question,Element Counting,Were two kinds of scissors used in the video?,15.85,Please state your answer with a brief explanation.,,https://www.youtube.com/shorts/RBz8pTO0ySw
0494-3,RBz8pTO0ySw,Wrongly-led Open-ended Question,Element Counting,Were three kinds of scissors used throughout the video?,15.85,Please state your answer with a brief explanation.,,https://www.youtube.com/shorts/RBz8pTO0ySw
0494-7,RBz8pTO0ySw,Multiple-choice Question with a Single Correct Answer,Element Counting,"How many kinds of scissors were used in the video?
A. Three
B. Four
C. One
D. Two",15.85,"E. None of the above
Select one best answer to the above multiple-choice question based on the video. Respond with only the letter (A, B, C, D or E) of the correct option.",,https://www.youtube.com/shorts/RBz8pTO0ySw
0500-0,nBaWVmaLh1A,Primary Open-ended Question,Element Counting,How many ping-pong balls are in the video?,33.11,Please state your answer with a brief explanation.,"There are two ping-pong balls in the video. One is shown at [00:00:11-00:00:13] in front of two candles, and another orange ping-pong ball is used in the trick shot at [00:00:14-00:00:16] and another orange ping-pong ball is also used in the trick shot at [00:00:21-00:00:23].",https://www.youtube.com/shorts/nBaWVmaLh1A
0500-1,nBaWVmaLh1A,Paraphrased Open-ended Question,Element Counting,What is the total number of ping-pong balls shown in the video?,33.11,Please state your answer with a brief explanation.,There are 2 orange ping-pong balls in the video. One can be seen at [00:00:13] and the other one at [00:00:21].,https://www.youtube.com/shorts/nBaWVmaLh1A
0500-2,nBaWVmaLh1A,Correctly-led Open-ended Question,Element Counting,Are there three ping-pong balls featured in the video?,33.11,Please state your answer with a brief explanation.,"No, there are not three ping-pong balls featured in this video. However, there are two ping-pong balls used in the candle shot.",https://www.youtube.com/shorts/nBaWVmaLh1A
0500-3,nBaWVmaLh1A,Wrongly-led Open-ended Question,Element Counting,Are there four ping-pong balls in the video?,33.11,Please state your answer with a brief explanation.,"No, there is one ping-pong ball in the video. You can see the person batting the ball with the ping-pong paddle at [00:00:11].",https://www.youtube.com/shorts/nBaWVmaLh1A
0500-7,nBaWVmaLh1A,Multiple-choice Question with a Single Correct Answer,Element Counting,"How many ping-pong balls are in the video?
A. Two
B. Three
C. Four
D. One",33.11,"E. None of the above
Select one best answer to the above multiple-choice question based on the video. Respond with only the letter (A, B, C, D or E) of the correct option.",D,https://www.youtube.com/shorts/nBaWVmaLh1A
0501-0,fyq0pd_pFvE,Primary Open-ended Question,Element Counting,How many dumplings does the man in purple have on his plate?,46.87,Please state your answer with a brief explanation.,The man in the purple shirt has 7 dumplings on his plate. This is based on what can be seen on the tray when the man is carrying it to his table.,https://www.youtube.com/shorts/fyq0pd_pFvE
0501-1,fyq0pd_pFvE,Paraphrased Open-ended Question,Element Counting,What is the number of dumplings on the plate of the man wearing purple?,46.87,Please state your answer with a brief explanation.,There are 7 dumplings on the tray of the man wearing purple.,https://www.youtube.com/shorts/fyq0pd_pFvE
0501-2,fyq0pd_pFvE,Correctly-led Open-ended Question,Element Counting,Does the man in purple have 5 soup dumplings on his plate?,46.87,Please state your answer with a brief explanation.,"No, the man in purple does not have 5 soup dumplings on his plate. He has 6 dumplings on his plate.",https://www.youtube.com/shorts/fyq0pd_pFvE
0501-3,fyq0pd_pFvE,Wrongly-led Open-ended Question,Element Counting,Does the man in purple have 6 dumplings on his plate?,46.87,Please state your answer with a brief explanation.,"Yes, the man in purple has 6 dumplings on his plate, as seen at [00:00:00].",https://www.youtube.com/shorts/fyq0pd_pFvE
0501-7,fyq0pd_pFvE,Multiple-choice Question with a Single Correct Answer,Element Counting,"How many dumplings does the man in purple have on his plate?
A. 6
B. 2
C. 5
D. 10",46.87,"E. None of the above
Select one best answer to the above multiple-choice question based on the video. Respond with only the letter (A, B, C, D or E) of the correct option.",A.,https://www.youtube.com/shorts/fyq0pd_pFvE
0512-0,FkNdEfxYYc4,Primary Open-ended Question,Element Counting,How many POTS did the ping-pong balls hit at the beginning of the video?,48.09,Please state your answer with a brief explanation.,The ping pong ball hits four POTS at the beginning of the video. The video shows the ball hitting four pots with a distinct sound.,https://www.youtube.com/shorts/FkNdEfxYYc4
0512-1,FkNdEfxYYc4,Paraphrased Open-ended Question,Element Counting,How many pots did the ping-pong ball bounce off at the start of the video?,48.09,Please state your answer with a brief explanation.,The ping-pong ball bounces off of 4 pots at the start of the video. You can see them at [00:00:00-00:00:03].,https://www.youtube.com/shorts/FkNdEfxYYc4
0512-2,FkNdEfxYYc4,Correctly-led Open-ended Question,Element Counting,Did the ping-pong ball hit seven pots at the beginning of the video?,48.09,Please state your answer with a brief explanation.,"Yes, the ping-pong ball hits seven pots at the beginning of the video.",https://www.youtube.com/shorts/FkNdEfxYYc4
0512-3,FkNdEfxYYc4,Wrongly-led Open-ended Question,Element Counting,Did the ping-pong ball hit only two pots at the beginning of the video?,48.09,Please state your answer with a brief explanation.,"No, the ping-pong ball hit four pots at the beginning of the video.",https://www.youtube.com/shorts/FkNdEfxYYc4
0512-7,FkNdEfxYYc4,Multiple-choice Question with a Single Correct Answer,Element Counting,"How many pots did the ping-pong ball hit at the beginning of the video?
A. Seven
B. Five
C. Two
D. Ten",48.09,"E. None of the above
Select one best answer to the above multiple-choice question based on the video. Respond with only the letter (A, B, C, D or E) of the correct option.",B,https://www.youtube.com/shorts/FkNdEfxYYc4
0520-0,SdvMPe6XF7w,Primary Open-ended Question,Plot Attribute,Which letters need the minimum number of people in the video to make up?,57.89,Please state your answer with a brief explanation.,"The letters I, V and W need the minimum number of people as it only requires one person to create them.",https://www.youtube.com/shorts/SdvMPe6XF7w
0520-1,SdvMPe6XF7w,Paraphrased Open-ended Question,Plot Attribute,Which letters in the video require the fewest people to form?,57.89,Please state your answer with a brief explanation.,"The letters I, V, and W require the fewest people (one) to form.",https://www.youtube.com/shorts/SdvMPe6XF7w
0520-2,SdvMPe6XF7w,Correctly-led Open-ended Question,Plot Attribute,"Do the letters 'I,' 'V,' and 'W' need only one person each to form in the video?",57.89,Please state your answer with a brief explanation.,"Yes, each of the letters 'I,' 'V,' and 'W' needs only one person to form.",https://www.youtube.com/shorts/SdvMPe6XF7w
0520-3,SdvMPe6XF7w,Wrongly-led Open-ended Question,Plot Attribute,Is the letter 'i' the only one that needs the minimum number of people to form?,57.89,Please state your answer with a brief explanation.,"No, the letter 'V' also only needs one person.",https://www.youtube.com/shorts/SdvMPe6XF7w
0520-7,SdvMPe6XF7w,Multiple-choice Question with a Single Correct Answer,Plot Attribute,"Which letters require the minimum number of people to form?
A. W
B. I
C. I', 'L', 'O', and 'V'
D. All of the above",57.89,"E. None of the above
Select one best answer to the above multiple-choice question based on the video. Respond with only the letter (A, B, C, D or E) of the correct option.",C,https://www.youtube.com/shorts/SdvMPe6XF7w
0522-0,rujdEa3MVYo,Primary Open-ended Question,Element Counting,How many men in hats are seen in the video?,60.08,Please state your answer with a brief explanation.,"There are two men who wear hats in this video. At [00:00:20], there is a man wearing a pink unicorn hat and at [00:00:32], there is a man wearing a baseball cap.",https://www.youtube.com/shorts/rujdEa3MVYo
0522-1,rujdEa3MVYo,Paraphrased Open-ended Question,Element Counting,What is the number of men wearing hats in the video?,60.08,Please state your answer with a brief explanation.,Two men wear hats in the video. At [00:00:20] a man wears a novelty helmet shaped like a unicorn. At [00:00:31] a man is lying down wearing a baseball cap.,https://www.youtube.com/shorts/rujdEa3MVYo
0522-2,rujdEa3MVYo,Correctly-led Open-ended Question,Element Counting,Are there two men in hats shown in the video?,60.08,Please state your answer with a brief explanation.,"Yes, there are two men in hats: one wearing a grey baseball cap, and the other wearing a pink unicorn helmet.",https://www.youtube.com/shorts/rujdEa3MVYo
0522-3,rujdEa3MVYo,Wrongly-led Open-ended Question,Element Counting,Are there three men in hats shown in the video?,60.08,Please state your answer with a brief explanation.,"No. There are two men who wear baseball caps at [00:00:32] and [00:00:41], and one man wearing a unicorn hat at [00:00:21].",https://www.youtube.com/shorts/rujdEa3MVYo
0522-7,rujdEa3MVYo,Multiple-choice Question with a Single Correct Answer,Element Counting,"How many men in hats are seen in the video?
A. Three
B. Four
C. One
D. Two",60.08,"E. None of the above
Select one best answer to the above multiple-choice question based on the video. Respond with only the letter (A, B, C, D or E) of the correct option.",D,https://www.youtube.com/shorts/rujdEa3MVYo
0525-0,Ai4fCLMGL9Y,Primary Open-ended Question,Element Counting,How many legs does the person not in the wheelchair have in the video?,28.5,Please state your answer with a brief explanation.,"The person not in the wheelchair has one leg. At [00:00:06], the person helps the man in the wheelchair. It can be observed that the helper hops on one leg.",https://www.youtube.com/shorts/Ai4fCLMGL9Y
0525-1,Ai4fCLMGL9Y,Paraphrased Open-ended Question,Element Counting,What is the number of legs the person not in the wheelchair has in the video?,28.5,Please state your answer with a brief explanation.,The person not in the wheelchair has one leg. This can be seen throughout the video as he uses it to walk towards the man who is fallen out of the wheelchair.,https://www.youtube.com/shorts/Ai4fCLMGL9Y
0525-2,Ai4fCLMGL9Y,Correctly-led Open-ended Question,Element Counting,Does the person not in the wheelchair have only one leg?,28.5,Please state your answer with a brief explanation.,"Yes, based on the video at [00:00:06], the person helping the individual in the wheelchair only has one leg.",https://www.youtube.com/shorts/Ai4fCLMGL9Y
0525-3,Ai4fCLMGL9Y,Wrongly-led Open-ended Question,Element Counting,Is it true that the person not in the wheelchair has two legs?,28.5,Please state your answer with a brief explanation.,"No, the person not in the wheelchair has one leg. At [00:00:07] the man helping the person in the wheelchair has only one leg.",https://www.youtube.com/shorts/Ai4fCLMGL9Y
0525-7,Ai4fCLMGL9Y,Multiple-choice Question with a Single Correct Answer,Element Counting,"How many legs does the person not in the wheelchair have?
A. One leg
B. Two legs
C. Three legs
D. No legs",28.5,"E. None of the above
Select one best answer to the above multiple-choice question based on the video. Respond with only the letter (A, B, C, D or E) of the correct option.",A.,https://www.youtube.com/shorts/Ai4fCLMGL9Y
0526-0,Z5jKO_Qql30,Primary Open-ended Question,Element Counting,"In the second video, how many lighters is the man holding in his hand?",34.6,Please state your answer with a brief explanation.,"In the second video, the man is holding one lighter, as highlighted by the red circle in the video at [00:00:13].",https://www.youtube.com/shorts/Z5jKO_Qql30
0526-1,Z5jKO_Qql30,Paraphrased Open-ended Question,Element Counting,"In the second video, what is the number of lighters the man is holding?",34.6,Please state your answer with a brief explanation.,"In the second video, the man is holding a single lighter. This is shown at timestamp 0:10.",https://www.youtube.com/shorts/Z5jKO_Qql30
0526-2,Z5jKO_Qql30,Correctly-led Open-ended Question,Element Counting,Is the man holding two lighters in his hands in the second video?,34.6,Please state your answer with a brief explanation.,"Yes, the man is holding two lighters in his hands in the second video, which can be seen at [00:00:12-00:00:16].",https://www.youtube.com/shorts/Z5jKO_Qql30
0526-3,Z5jKO_Qql30,Wrongly-led Open-ended Question,Element Counting,Is the man holding three lighters in his hands in the second video?,34.6,Please state your answer with a brief explanation.,The man is holding two lighters at [00:00:13].,https://www.youtube.com/shorts/Z5jKO_Qql30
0526-7,Z5jKO_Qql30,Multiple-choice Question with a Single Correct Answer,Element Counting,"How many lighters is the man holding in the second video?
A. Three
B. Two
C. Four
D. One",34.6,"E. None of the above
Select one best answer to the above multiple-choice question based on the video. Respond with only the letter (A, B, C, D or E) of the correct option.",B.,https://www.youtube.com/shorts/Z5jKO_Qql30
0530-0,yzlFm0LpRpM,Primary Open-ended Question,Positional Relationship,Which ball did the man in blue kick in the fifth scene?,33.56,Please state your answer with a brief explanation.,The man in blue kicks soccer balls in the fifth scene of the video.,https://www.youtube.com/shorts/yzlFm0LpRpM
0530-1,yzlFm0LpRpM,Paraphrased Open-ended Question,Positional Relationship,Which ball did the man in blue choose to kick in the fifth scene?,33.56,Please state your answer with a brief explanation.,The man in blue in the fifth scene chose the white soccer ball in the middle to kick.,https://www.youtube.com/shorts/yzlFm0LpRpM
0530-2,yzlFm0LpRpM,Correctly-led Open-ended Question,Positional Relationship,Did the man in blue kick the middle ball in the fifth scene?,33.56,Please state your answer with a brief explanation.,"Yes, the man in blue kicked the middle ball. You can see this at [00:00:10].",https://www.youtube.com/shorts/yzlFm0LpRpM
0530-3,yzlFm0LpRpM,Wrongly-led Open-ended Question,Positional Relationship,Did the man in blue kick the top ball in the fifth scene?,33.56,Please state your answer with a brief explanation.,"No, the man in blue kicked the bottom two balls, not the top ball.",https://www.youtube.com/shorts/yzlFm0LpRpM
0530-7,yzlFm0LpRpM,Multiple-choice Question with a Single Correct Answer,Positional Relationship,"Which ball did the man in blue kick in the fifth scene?
A. Bottom ball
B. Top ball
C. Middle ball",33.56,"E. None of the above
Select one best answer to the above multiple-choice question based on the video. Respond with only the letter (A, B, C, D or E) of the correct option.",B,https://www.youtube.com/shorts/yzlFm0LpRpM
0539-0,HXeyvC8MeBU,Primary Open-ended Question,Element Counting,How many people in the video that aren't in a car are scared by the masked person?,60.08,Please state your answer with a brief explanation.,"In the video, there is one person who isn't in a car and is scared by the masked person. This is seen when the masked person scares the mail lady.",https://www.youtube.com/shorts/HXeyvC8MeBU
0539-1,HXeyvC8MeBU,Paraphrased Open-ended Question,Element Counting,How many individuals outside of a car are frightened by the masked person in the video?,60.08,Please state your answer with a brief explanation.,"Four individuals outside of a vehicle are frightened by the masked person. This includes a group of children walking along the sidewalk, a mail carrier, and a person walking along the sidewalk at night.",https://www.youtube.com/shorts/HXeyvC8MeBU
0539-2,HXeyvC8MeBU,Correctly-led Open-ended Question,Element Counting,Is it true that six people not in a car are scared by the masked person in the video?,60.08,Please state your answer with a brief explanation.,"No, that is incorrect. The masked person scares 11 people not in a car. There are 5 pedestrians on the sidewalk that are scared and there are 6 postal workers.",https://www.youtube.com/shorts/HXeyvC8MeBU
0539-3,HXeyvC8MeBU,Wrongly-led Open-ended Question,Element Counting,Is it true that only four people not in a car are scared by the masked person in the video?,60.08,Please state your answer with a brief explanation.,"No, that is not correct. There are at least six people not in a car who are scared by the masked person in the video, including the group of kids walking, the mail lady, and the woman at the end.",https://www.youtube.com/shorts/HXeyvC8MeBU
0539-7,HXeyvC8MeBU,Multiple-choice Question with a Single Correct Answer,Element Counting,"How many people not in a car are scared by the masked person in the video?
A. Four
B. Six
C. Five
D. Seven",60.08,"E. None of the above
Select one best answer to the above multiple-choice question based on the video. Respond with only the letter (A, B, C, D or E) of the correct option.",B,https://www.youtube.com/shorts/HXeyvC8MeBU
0541-0,zb6Bnsm3_zo,Primary Open-ended Question,Element Counting,How many teeth are there in the video?,11.17,Please state your answer with a brief explanation.,There are 13 teeth drawn on the paper. This is based on counting the visible teeth in the image at the beginning of the video.,https://www.youtube.com/shorts/zb6Bnsm3_zo
0541-1,zb6Bnsm3_zo,Paraphrased Open-ended Question,Element Counting,What is the total number of teeth shown throughout the video?,11.17,Please state your answer with a brief explanation.,There are 14 teeth shown throughout the video. The screen recording at 0:00 shows a graphic of 14 teeth.,https://www.youtube.com/shorts/zb6Bnsm3_zo
0541-2,zb6Bnsm3_zo,Correctly-led Open-ended Question,Element Counting,Are there consistently 10 teeth visible in the video from start to finish?,11.17,Please state your answer with a brief explanation.,No. The video contains a drawing of a mouth with the number of teeth changing due to refraction.,https://www.youtube.com/shorts/zb6Bnsm3_zo
0541-3,zb6Bnsm3_zo,Wrongly-led Open-ended Question,Element Counting,Does the number of visible teeth decrease to none as the water level rises in the video?,11.17,Please state your answer with a brief explanation.,"Yes, the number of visible teeth decreases to none as the water level rises in the video. The teeth drawn on a paper disappear as the water level rises.",https://www.youtube.com/shorts/zb6Bnsm3_zo
0541-7,zb6Bnsm3_zo,Multiple-choice Question with a Single Correct Answer,Element Counting,"How many teeth are visible throughout the video?
A. 12
B. 8
C. 9
D. 10",11.17,"E. None of the above
Select one best answer to the above multiple-choice question based on the video. Respond with only the letter (A, B, C, D or E) of the correct option.",A,https://www.youtube.com/shorts/zb6Bnsm3_zo
0542-0,5mFcSiUxAus,Primary Open-ended Question,Plot Attribute (Montage),What scene is shown as a metaphor of time passage in between the cooking of the bread?,59.99,Please state your answer with a brief explanation.,The scene of the individual sitting under a waterfall (0:00:48-0:00:50) shows time passage as the Stromboli roll pizza is baking.,https://www.youtube.com/shorts/5mFcSiUxAus
0542-1,5mFcSiUxAus,Paraphrased Open-ended Question,Plot Attribute (Montage),What scene in the video symbolizes the passage of time during the bread's cooking process?,59.99,Please state your answer with a brief explanation.,"The scene between [00:00:48-00:00:49] while the person sits under a waterfall, symbolizes the time the bread is cooking.",https://www.youtube.com/shorts/5mFcSiUxAus
0542-2,5mFcSiUxAus,Correctly-led Open-ended Question,Plot Attribute (Montage),"Is the scene where the person is sitting under a waterfall, appearing to meditate, used as a metaphor for time passing while the bread cooks?",59.99,Please state your answer with a brief explanation.,"Yes, it appears the scene with the person under the waterfall is used as a visual representation of the passage of time while the bread is cooking.",https://www.youtube.com/shorts/5mFcSiUxAus
0542-3,5mFcSiUxAus,Wrongly-led Open-ended Question,Plot Attribute (Montage),Is the scene where the person is bathing under a waterfall used as a metaphor for the passage of time during the bread's cooking?,59.99,Please state your answer with a brief explanation.,"Yes, the scene where the person is bathing under the waterfall, at [00:00:48], is used as a metaphor for the passage of time while the bread is cooking over the fire.",https://www.youtube.com/shorts/5mFcSiUxAus
0542-7,5mFcSiUxAus,Multiple-choice Question with a Single Correct Answer,Plot Attribute (Montage),"Which scene in the video serves as a metaphor for the passage of time during the bread's cooking?
A. The person cooking over a fire.
B. The person walking through a forest.
C. The person bathing under a waterfall.
D. The person sitting under a waterfall, appearing to meditate.",59.99,"E. None of the above
Select one best answer to the above multiple-choice question based on the video. Respond with only the letter (A, B, C, D or E) of the correct option.",D,https://www.youtube.com/shorts/5mFcSiUxAus
0548-0,m8tfdmm3g2A,Primary Open-ended Question,Element Localization,What's the second thing in the video that a man clips with a car window?,58.58,Please state your answer with a brief explanation.,"The second item clipped by the car window is a carrot, visible at timestamp [00:00:09-00:00:10].",https://www.youtube.com/shorts/m8tfdmm3g2A
0548-1,m8tfdmm3g2A,Paraphrased Open-ended Question,Element Localization,What is the second item the man clips with the car window in the video?,58.58,Please state your answer with a brief explanation.,The second item clipped with the car window at [00:00:09] is a carrot.,https://www.youtube.com/shorts/m8tfdmm3g2A
0548-2,m8tfdmm3g2A,Correctly-led Open-ended Question,Element Localization,Did the man clip cucumber with the car window after the sausage?,58.58,Please state your answer with a brief explanation.,"No, the man doesn't clip a cucumber with the car window after the sausage. He clips a carrot with the car window after the cucumber.",https://www.youtube.com/shorts/m8tfdmm3g2A
0548-3,m8tfdmm3g2A,Wrongly-led Open-ended Question,Element Localization,Does the man clip a carrot as the second item with the car window?,58.58,Please state your answer with a brief explanation.,"No, the second item clipped is a carrot, which can be seen at timestamp [00:00:09].",https://www.youtube.com/shorts/m8tfdmm3g2A
0548-7,m8tfdmm3g2A,Multiple-choice Question with a Single Correct Answer,Element Localization,"What is the second thing the man clips with a car window?
A. Sausage
B. Cucumber
C. Apple
D. Carrot",58.58,"E. None of the above
Select one best answer to the above multiple-choice question based on the video. Respond with only the letter (A, B, C, D or E) of the correct option.",D,https://www.youtube.com/shorts/m8tfdmm3g2A
0551-0,HsXS1Qt11cU,Primary Open-ended Question,Element Attributes,What is the state of on-and-off of the switches on the wall in the scene with the woman kneeling?,17.62,Please state your answer with a brief explanation.,The switches next to the faucet are both in the off position. This can be deduced by looking at the position of the switches in the video at [00:00:04] - [00:00:05].,https://www.youtube.com/shorts/HsXS1Qt11cU
0551-1,HsXS1Qt11cU,Paraphrased Open-ended Question,Element Attributes,How are the switches positioned on the wall in the scene with the woman kneeling?,17.62,Please state your answer with a brief explanation.,"In the scene with the kneeling woman (00:00:12), the light switches on the wall are in the ""up"" position. This means the lights are on.",https://www.youtube.com/shorts/HsXS1Qt11cU
0551-2,HsXS1Qt11cU,Correctly-led Open-ended Question,Element Attributes,"In the scene with the kneeling woman, is the switch in two different positions?",17.62,Please state your answer with a brief explanation.,"Yes, the water tap switch is in the off position at [00:00:03] and then in the on position at [00:00:04].",https://www.youtube.com/shorts/HsXS1Qt11cU
0551-3,HsXS1Qt11cU,Wrongly-led Open-ended Question,Element Attributes,Are both switches on the wall in the scene with the woman kneeling in the same position?,17.62,Please state your answer with a brief explanation.,"No, the switches are not in the same position. One is up and the other is down.",https://www.youtube.com/shorts/HsXS1Qt11cU
0551-7,HsXS1Qt11cU,Multiple-choice Question with a Single Correct Answer,Element Attributes,"What is the state of the switches on the wall in the scene with the woman kneeling?
A. Both are on.
B. Both are off.
C. Both are in the middle position.
D. One is on, and one is off.",17.62,"E. None of the above
Select one best answer to the above multiple-choice question based on the video. Respond with only the letter (A, B, C, D or E) of the correct option.",B.,https://www.youtube.com/shorts/HsXS1Qt11cU
0552-0,lAmfy5J8iEA,Primary Open-ended Question,Element Counting,How many slices of bread are in the plate that the guy in the kitchen is carrying?,59.76,Please state your answer with a brief explanation.,There are four slices of bread on the plate. This can be seen at timestamp [00:00:47].,https://www.youtube.com/shorts/lAmfy5J8iEA
0552-1,lAmfy5J8iEA,Paraphrased Open-ended Question,Element Counting,What is the number of bread slices on the plate held by the person in the kitchen?,59.76,Please state your answer with a brief explanation.,There are 4 slices of bread. At [00:00:46-00:00:49] a person is holding a plate with 4 slices of bread.,https://www.youtube.com/shorts/lAmfy5J8iEA
0552-2,lAmfy5J8iEA,Correctly-led Open-ended Question,Element Counting,Is the person in the kitchen carrying three pairs of sliced bread on the plate?,59.76,Please state your answer with a brief explanation.,"No. Based on the video at [00:00:47], the person is carrying two pairs of sliced bread on the plate.",https://www.youtube.com/shorts/lAmfy5J8iEA
0552-3,lAmfy5J8iEA,Wrongly-led Open-ended Question,Element Counting,Is the person in the kitchen carrying four slices of bread on the plate?,59.76,Please state your answer with a brief explanation.,The person is carrying four slices of toast on a plate.,https://www.youtube.com/shorts/lAmfy5J8iEA
0552-7,lAmfy5J8iEA,Multiple-choice Question with a Single Correct Answer,Element Counting,"How many slices of bread are on the plate that the person in the kitchen is carrying?
A. Four slices
B. Five slices
C. Two slices
D. Three pairs of slices",59.76,"E. None of the above
Select one best answer to the above multiple-choice question based on the video. Respond with only the letter (A, B, C, D or E) of the correct option.",A,https://www.youtube.com/shorts/lAmfy5J8iEA
0561-0,PPLTAZ2pBK0,Primary Open-ended Question,Event Counting,How many times does the watch the man is wearing appear in the video?,21.48,Please state your answer with a brief explanation.,"The man's watch is visible in every frame, therefore it appears many times.",https://www.youtube.com/shorts/PPLTAZ2pBK0
0561-1,PPLTAZ2pBK0,Paraphrased Open-ended Question,Event Counting,How often does the man's watch appear throughout the video?,21.48,Please state your answer with a brief explanation.,"The man's watch appears in every single frame of the video, as he is holding the camera.",https://www.youtube.com/shorts/PPLTAZ2pBK0
0561-2,PPLTAZ2pBK0,Correctly-led Open-ended Question,Event Counting,Does the man's watch appear 7 times in the video?,21.48,Please state your answer with a brief explanation.,"Yes, the man's watch appears in all 7 shots of the video.",https://www.youtube.com/shorts/PPLTAZ2pBK0
0561-3,PPLTAZ2pBK0,Wrongly-led Open-ended Question,Event Counting,Does the man's watch appear 10 times in the video?,21.48,Please state your answer with a brief explanation.,"Yes, the man's watch appears to be visible in all 10 photos displayed in the video.",https://www.youtube.com/shorts/PPLTAZ2pBK0
0561-7,PPLTAZ2pBK0,Multiple-choice Question with a Single Correct Answer,Event Counting,"How many times does the man's watch appear in the video?
A. 3
B. 2
C. 7
D. 10",21.48,"E. None of the above
Select one best answer to the above multiple-choice question based on the video. Respond with only the letter (A, B, C, D or E) of the correct option.",A,https://www.youtube.com/shorts/PPLTAZ2pBK0
0566-0,jyXFmTycx_k,Primary Open-ended Question,Plot Attribute (Montage),"Based on narration, what is the reason for the inclusion of the scenes with a broken pot of plant?",60.65,Please state your answer with a brief explanation.,There are no captions for the video. The inclusion of scenes with a broken pot of plant can be explained through the visuals where cleaning up the mess caused by the plant is directly linked to cleaning up messes in other situations. This connection aims to showcase the product's effectiveness in tidying various kinds of messes.,https://www.youtube.com/watch?v=jyXFmTycx_k
0566-1,jyXFmTycx_k,Paraphrased Open-ended Question,Plot Attribute (Montage),What is the purpose of showing the broken pot of plant in the scenes?,60.65,Please state your answer with a brief explanation.,"The broken pot of plant represents the mess or ""stuff"" that the Neve product is intended to clean up. The ad uses this to draw a parallel between everyday messes and cleaning needs.",https://www.youtube.com/watch?v=jyXFmTycx_k
0566-2,jyXFmTycx_k,Correctly-led Open-ended Question,Plot Attribute (Montage),Do the scenes with the broken pot of plant symbolize the mess and the ineffective cleaning process of using rolled toilet paper?,60.65,Please state your answer with a brief explanation.,"Yes, based on the visuals and the ad's overall theme, the broken pot of plant and the mess it creates likely symbolize the mess and the ineffective cleaning process when using only dry toilet paper. This is implied through the contrast with the cleaner results shown later using the advertised wet wipes.",https://www.youtube.com/watch?v=jyXFmTycx_k
0566-3,jyXFmTycx_k,Wrongly-led Open-ended Question,Plot Attribute (Montage),Do the scenes with the broken pot of plant highlight the effectiveness of Neve toilet paper and wipes in cleaning up messes?,60.65,Please state your answer with a brief explanation.,"Yes, the video shows cleaning up the broken pot and soil with a brush and a wipe at [00:00:21] and [00:00:32], respectively, which implies the effectiveness of cleaning messes with similar spills that need to be cleaned, therefore highlighting the cleaning effectiveness of Neve toilet paper and wipes.",https://www.youtube.com/watch?v=jyXFmTycx_k
0566-7,jyXFmTycx_k,Multiple-choice Question with a Single Correct Answer,Plot Attribute (Montage),"What do the scenes with the broken pot of plant symbolize?
A. The beauty of nature.
B. The mess and unsatisfactory cleaning process of using rolled toilet paper.
C. The durability of the pot.
D. The effectiveness of Neve toilet paper and wipes.",60.65,"E. None of the above
Select one best answer to the above multiple-choice question based on the video. Respond with only the letter (A, B, C, D or E) of the correct option.",B,https://www.youtube.com/watch?v=jyXFmTycx_k
0567-0,trYIAMCLeOs,Primary Open-ended Question,Element Localization,What color is the hair of the third person in the video?,56.94,Please state your answer with a brief explanation.,"The third person in the video, who is seen starting at 0:08, has black hair.",https://www.youtube.com/shorts/trYIAMCLeOs
0567-1,trYIAMCLeOs,Paraphrased Open-ended Question,Element Localization,What is the hair color of the third individual shown in the video?,56.94,Please state your answer with a brief explanation.,The third individual shown in the video has black hair. This can be seen when she is cutting a mango and making cereal.,https://www.youtube.com/shorts/trYIAMCLeOs
0567-2,trYIAMCLeOs,Correctly-led Open-ended Question,Element Localization,Is the third person in the video the one with long black hair?,56.94,Please state your answer with a brief explanation.,"No, the third person in the video is not the one with long black hair. At [00:00:00] the first person is shown pouring cereal into a bowl; then at [00:00:06] another person is shown pouring cereal into a bowl and then finally, at [00:00:08] a woman with long black hair is shown.",https://www.youtube.com/shorts/trYIAMCLeOs
0567-3,trYIAMCLeOs,Wrongly-led Open-ended Question,Element Localization,Is the third person in the video the one with blonde hair and dark roots?,56.94,Please state your answer with a brief explanation.,"No, the third person in the video has long black hair. The person with blonde hair and dark roots appears at the very beginning of the video.",https://www.youtube.com/shorts/trYIAMCLeOs
0567-7,trYIAMCLeOs,Multiple-choice Question with a Single Correct Answer,Element Localization,"What is the hair color of the third person in the video?
A. Black
B. Blonde with dark roots
C. Red
D. Brown",56.94,"E. None of the above
Select one best answer to the above multiple-choice question based on the video. Respond with only the letter (A, B, C, D or E) of the correct option.",A,https://www.youtube.com/shorts/trYIAMCLeOs
0571-0,ragJEXeqcbE,Primary Open-ended Question,Positional Relationship,Where is the ring worn by the man in the video?,50.11,Please state your answer with a brief explanation.,"The man in the video wears a ring on his left ring finger, as can be seen at [00:00:16].",https://www.youtube.com/shorts/ragJEXeqcbE
0571-1,ragJEXeqcbE,Paraphrased Open-ended Question,Positional Relationship,On which finger is the man's ring in the video?,50.11,Please state your answer with a brief explanation.,The man in the video wears a ring on his left ring finger. He can be seen wearing the ring in the shot at [00:00:03].,https://www.youtube.com/shorts/ragJEXeqcbE
0571-2,ragJEXeqcbE,Correctly-led Open-ended Question,Positional Relationship,Is the man's ring worn on the middle finger of his left hand in the video?,50.11,Please state your answer with a brief explanation.,"Yes, the man is wearing a ring on the middle finger of his left hand throughout the video.",https://www.youtube.com/shorts/ragJEXeqcbE
0571-3,ragJEXeqcbE,Wrongly-led Open-ended Question,Positional Relationship,Is the man's ring worn on the ring finger of his right hand in the video?,50.11,Please state your answer with a brief explanation.,"Yes, the man wears a ring on the ring finger of his right hand. You can see it at 0:00, 0:03 and 0:34 in the video.",https://www.youtube.com/shorts/ragJEXeqcbE
0571-7,ragJEXeqcbE,Multiple-choice Question with a Single Correct Answer,Positional Relationship,"Where is the man's ring worn in the video?
A. Ring finger of his right hand
B. Index finger of his right hand
C. Thumb of his left hand
D. Middle finger of his left hand",50.11,"E. None of the above
Select one best answer to the above multiple-choice question based on the video. Respond with only the letter (A, B, C, D or E) of the correct option.",A,https://www.youtube.com/shorts/ragJEXeqcbE
0575-0,xW8pfZ5WpNQ,Primary Open-ended Question,Element Attributes (Optical Illusion),What is the two item the little girl in the video is wearing on her feet?,15.57,Please state your answer with a brief explanation.,"The little girl is wearing pink slippers and phone cases, which her dad secretly put on her feet instead of her regular shoes.",https://www.youtube.com/shorts/xW8pfZ5WpNQ
0575-1,xW8pfZ5WpNQ,Paraphrased Open-ended Question,Element Attributes (Optical Illusion),What are the two things the little girl is wearing on her feet in the video?,15.57,Please state your answer with a brief explanation.,"The little girl is wearing two things on her feet in the video. She is wearing a pair of pink flip flops. The phone belonging to her mom is attached to the bottom of the flip flops, acting as soles.",https://www.youtube.com/shorts/xW8pfZ5WpNQ
0575-2,xW8pfZ5WpNQ,Correctly-led Open-ended Question,Element Attributes (Optical Illusion),Is one of the items on the little girl's feet a phone with a pink slipper case?,15.57,Please state your answer with a brief explanation.,"Yes, one of the items on the little girl's feet is a phone with a pink slipper case, as can be seen when the dad picks it up.",https://www.youtube.com/shorts/xW8pfZ5WpNQ
0575-3,xW8pfZ5WpNQ,Wrongly-led Open-ended Question,Element Attributes (Optical Illusion),Are both items on the little girl's feet pink flip-flops?,15.57,Please state your answer with a brief explanation.,"No, only one item on the little girl's feet is a pink flip-flop. The other is a phone case shaped like a flip-flop.",https://www.youtube.com/shorts/xW8pfZ5WpNQ
0575-7,xW8pfZ5WpNQ,Multiple-choice Question with a Single Correct Answer,Element Attributes (Optical Illusion),"What is the little girl wearing on her feet?
A. Two pink flip-flops
B. Barefoot
C. Two phones with pink cases
D. One pink flip flop and a phone with a pink slipper case",15.57,"E. None of the above
Select one best answer to the above multiple-choice question based on the video. Respond with only the letter (A, B, C, D or E) of the correct option.",D,https://www.youtube.com/shorts/xW8pfZ5WpNQ
0576-0,3bisVkxCA0c,Primary Open-ended Question,Element Localization,Which girl in the video uses a belt?,13.25,Please state your answer with a brief explanation.,"The girl on the right, representing Gen-Z, uses a belt over her sweater.",https://www.youtube.com/shorts/3bisVkxCA0c
0576-1,3bisVkxCA0c,Paraphrased Open-ended Question,Element Localization,Who in the video is wearing a belt?,13.25,Please state your answer with a brief explanation.,The Gen-Z-styled person wears a belt with a large buckle at [00:00:06].,https://www.youtube.com/shorts/3bisVkxCA0c
0576-2,3bisVkxCA0c,Correctly-led Open-ended Question,Element Localization,Is the GEN-Z girl the one using a belt in the video?,13.25,Please state your answer with a brief explanation.,"Yes, the GEN-Z girl in the video is using a belt in the video. You can see the GEN-Z girl using a belt at [00:00:06-00:00:07].",https://www.youtube.com/shorts/3bisVkxCA0c
0576-3,3bisVkxCA0c,Wrongly-led Open-ended Question,Element Localization,Is the millennial girl the one using a belt in the video?,13.25,Please state your answer with a brief explanation.,"Yes, the millennial girl is the one using a belt in the video. You can see her putting the belt on in the millennial-style portion of the video.",https://www.youtube.com/shorts/3bisVkxCA0c
0576-7,3bisVkxCA0c,Multiple-choice Question with a Single Correct Answer,Element Localization,"Which individual uses a belt in the video?
A. Neither
B. Both
C. Millennial
D. GEN-Z",13.25,"E. None of the above
Select one best answer to the above multiple-choice question based on the video. Respond with only the letter (A, B, C, D or E) of the correct option.",D,https://www.youtube.com/shorts/3bisVkxCA0c
0578-0,_hkdNurB1Fk,Primary Open-ended Question,Element Counting,How many people are in the video?,58.09,Please state your answer with a brief explanation.,"There are three people in the video. There is one guy being chased, one guy who is chasing him, and a construction worker.",https://www.youtube.com/shorts/_hkdNurB1Fk
0578-1,_hkdNurB1Fk,Paraphrased Open-ended Question,Element Counting,What is the total number of individuals shown in the video?,58.09,Please state your answer with a brief explanation.,"There are at least four people shown in the video. These include Mr. Bean, the construction worker who operates the crane, and two other individuals who appear briefly during the chase scene.",https://www.youtube.com/shorts/_hkdNurB1Fk
0578-2,_hkdNurB1Fk,Correctly-led Open-ended Question,Element Counting,Are there eight people visible in the video?,58.09,Please state your answer with a brief explanation.,"No. While it is difficult to determine the exact number of people due to some being in the background or partially obscured, it appears that there are more than eight people visible in the video, including the construction workers on the rooftop, the man being chased, and Mr. Bean.",https://www.youtube.com/shorts/_hkdNurB1Fk
0578-3,_hkdNurB1Fk,Wrongly-led Open-ended Question,Element Counting,Could there be at least ten people in the video?,58.09,Please state your answer with a brief explanation.,"Yes, there could be at least ten people in the video because there are two construction workers on the roof and multiple people that can be seen in the alleyway scene.",https://www.youtube.com/shorts/_hkdNurB1Fk
0578-7,_hkdNurB1Fk,Multiple-choice Question with a Single Correct Answer,Element Counting,"How many people are in the video?
A. 10
B. 8
C. 12
D. 6",58.09,"E. None of the above
Select one best answer to the above multiple-choice question based on the video. Respond with only the letter (A, B, C, D or E) of the correct option.",D,https://www.youtube.com/shorts/_hkdNurB1Fk
0580-0,85l_AvYt-XE,Primary Open-ended Question,Event Counting,How many steps did the girl run before she reached the top?,10.97,Please state your answer with a brief explanation.,The girl ran for approximately 4 steps before she reached the top. This is determined through observing the video and counting the steps taken before she grabs the top.,https://www.youtube.com/shorts/85l_AvYt-XE
0580-1,85l_AvYt-XE,Paraphrased Open-ended Question,Event Counting,How many steps did the girl take before reaching the top of the wall?,10.97,Please state your answer with a brief explanation.,"She took approximately 2-3 steps. She starts with one step to jump, then another step and pulls herself up and over the wall.",https://www.youtube.com/shorts/85l_AvYt-XE
0580-2,85l_AvYt-XE,Correctly-led Open-ended Question,Event Counting,Did the girl run four steps before she reached the top?,10.97,Please state your answer with a brief explanation.,"No, the girl ran approximately 2 steps before she reached the top.",https://www.youtube.com/shorts/85l_AvYt-XE
0580-3,85l_AvYt-XE,Wrongly-led Open-ended Question,Event Counting,Did the girl run five steps before she reached the top?,10.97,Please state your answer with a brief explanation.,"No, she runs 3 steps up the wall before she flips to the top.",https://www.youtube.com/shorts/85l_AvYt-XE
0580-7,85l_AvYt-XE,Multiple-choice Question with a Single Correct Answer,Event Counting,"How many steps did the girl run before reaching the top?
A. Three
B. Four
C. Five
D. Six",10.97,"E. None of the above
Select one best answer to the above multiple-choice question based on the video. Respond with only the letter (A, B, C, D or E) of the correct option.",A,https://www.youtube.com/shorts/85l_AvYt-XE
0588-0,y5lL-l01ujA,Primary Open-ended Question,Element Counting,How many drawers are there on the table with the globe?,18.71,Please state your answer with a brief explanation.,There are 5 drawers on the table with the globe. From [00:00:07–00:00:10] you can see 5 drawers directly below the globe.,https://www.youtube.com/shorts/y5lL-l01ujA
0588-1,y5lL-l01ujA,Paraphrased Open-ended Question,Element Counting,What is the total number of drawers on the desk with the globe on top?,18.71,Please state your answer with a brief explanation.,The desk with the globe on top has 5 drawers. The desk is white and displayed in the Toy Story themed room.,https://www.youtube.com/shorts/y5lL-l01ujA
0588-2,y5lL-l01ujA,Correctly-led Open-ended Question,Element Counting,Can you confirm that the desk with the globe has five drawers?,18.71,Please state your answer with a brief explanation.,"Yes, the desk with the globe has five drawers. You can see the desk with the globe at [00:00:06-00:00:08].",https://www.youtube.com/shorts/y5lL-l01ujA
0588-3,y5lL-l01ujA,Wrongly-led Open-ended Question,Element Counting,Is it true that the desk with the globe has four drawers?,18.71,Please state your answer with a brief explanation.,"Yes, it is. The white desk with the globe on it clearly has four drawers in the video.",https://www.youtube.com/shorts/y5lL-l01ujA
0588-7,y5lL-l01ujA,Multiple-choice Question with a Single Correct Answer,Element Counting,"How many drawers are on the desk with the globe?
A. Four
B. Five
C. Three
D. Six",18.71,"E. None of the above
Select one best answer to the above multiple-choice question based on the video. Respond with only the letter (A, B, C, D or E) of the correct option.",B,https://www.youtube.com/shorts/y5lL-l01ujA
0589-0,CltBandLYjM,Primary Open-ended Question,Event Localization,Did the person in the video eat all the chocolate in six hours?,40.15,Please state your answer with a brief explanation.,"No, the person in the video did not eat all the chocolate in six hours. According to the video, he attempted a similar challenge before which many viewers thought he was only eating chocolate from the side. In the video, the narrator states that the man drinks coconut water using a fork to alleviate viewer doubt, but it takes him 12 hours to finish it.",https://www.youtube.com/shorts/CltBandLYjM
0589-1,CltBandLYjM,Paraphrased Open-ended Question,Event Localization,Did the individual consume all the chocolate within a six-hour period?,40.15,Please state your answer with a brief explanation.,"No, the individual did not consume all the chocolate in a six-hour period. Although the individual made multiple attempts at challenges, in the first chocolate attempt, the individual met criticism with claims that he was only eating chocolate at the edge of the glass. He later took on the challenge to consume a large tank of coconut water in four hours, and although he failed to meet that deadline, he finished consuming it in twelve hours.",https://www.youtube.com/shorts/CltBandLYjM
0589-2,CltBandLYjM,Correctly-led Open-ended Question,Event Localization,Was half of the chocolate still uneaten at the six-hour mark in the video?,40.15,Please state your answer with a brief explanation.,"No. At the six-hour mark, more than half of the coconut water still remained in the container. The narrator says it took eight hours to drink half of the water.",https://www.youtube.com/shorts/CltBandLYjM
0589-3,CltBandLYjM,Wrongly-led Open-ended Question,Event Localization,Did the video show that it took 12 hours for the person to finish the chocolate?,40.15,Please state your answer with a brief explanation.,"Yes, the video showed it took 12 hours for the person to finish the coconut water.",https://www.youtube.com/shorts/CltBandLYjM
0589-7,CltBandLYjM,Multiple-choice Question with a Single Correct Answer,Event Localization,"How much chocolate was left uneaten at the six-hour mark?
A. Half
B. A quarter
C. None
D. All",40.15,"E. None of the above
Select one best answer to the above multiple-choice question based on the video. Respond with only the letter (A, B, C, D or E) of the correct option.",C.,https://www.youtube.com/shorts/CltBandLYjM
0590-0,bbiCkBWaOL8,Primary Open-ended Question,Character Reaction Causality,"At the end of the video, what made the man in the black jacket scream?",59.3,Please state your answer with a brief explanation.,"At the end of the video, the man in the black jacket screamed because there was a big spider on his face.",https://www.youtube.com/shorts/bbiCkBWaOL8
0590-1,bbiCkBWaOL8,Paraphrased Open-ended Question,Character Reaction Causality,What caused the man in the black jacket to scream at the end of the video?,59.3,Please state your answer with a brief explanation.,The man screamed because a spider was dropped onto his face at the end of the video.,https://www.youtube.com/shorts/bbiCkBWaOL8
0590-2,bbiCkBWaOL8,Correctly-led Open-ended Question,Character Reaction Causality,Did the man in the black jacket scream because someone put a spider toy in his face?,59.3,Please state your answer with a brief explanation.,"Yes, the man in the black jacket screams after a spider toy is put on his face.",https://www.youtube.com/shorts/bbiCkBWaOL8
0590-3,bbiCkBWaOL8,Wrongly-led Open-ended Question,Character Reaction Causality,Did the man in the black jacket scream because he stepped on a spider?,59.3,Please state your answer with a brief explanation.,"Yes, the man in the black jacket screams because a spider lands on his face.",https://www.youtube.com/shorts/bbiCkBWaOL8
0590-7,bbiCkBWaOL8,Multiple-choice Question with a Single Correct Answer,Character Reaction Causality,"What made the man in the black jacket scream at the end of the video?
A. He saw a scary movie scene.
B. A spider toy was put in his face.
C. He stepped on sharp objects.
D. He heard a loud noise.",59.3,"E. None of the above
Select one best answer to the above multiple-choice question based on the video. Respond with only the letter (A, B, C, D or E) of the correct option.",B,https://www.youtube.com/shorts/bbiCkBWaOL8
0595-0,7tVlEGngX0s,Primary Open-ended Question,Element Localization,What items did the boy in the video scores with?,28.84,Please state your answer with a brief explanation.,"The boy in the video scores with a blue exercise ball, a soccer ball, and a tennis ball.",https://www.youtube.com/shorts/7tVlEGngX0s
0595-1,7tVlEGngX0s,Paraphrased Open-ended Question,Element Localization,What types of balls did the boy use to score in the video?,28.84,Please state your answer with a brief explanation.,"The boy, Michiel, used a soccer ball and a tennis ball to score in the video. This is indicated by the green check marks next to the ball icons under his name.",https://www.youtube.com/shorts/7tVlEGngX0s
0595-2,7tVlEGngX0s,Correctly-led Open-ended Question,Element Localization,"Did the boy score with a blue exercise ball, a soccer ball, and a tennis ball in the video?",28.84,Please state your answer with a brief explanation.,"Yes, Michiel successfully scored with the blue exercise ball, the soccer ball, and the tennis ball.",https://www.youtube.com/shorts/7tVlEGngX0s
0595-3,7tVlEGngX0s,Wrongly-led Open-ended Question,Element Localization,"Did the boy score with a basketball, a volleyball, and a baseball in the video?",28.84,Please state your answer with a brief explanation.,"The boy did not score with a basketball, a volleyball, and a baseball in the video. He scored with a soccer ball, a beach ball, and a tennis ball.",https://www.youtube.com/shorts/7tVlEGngX0s
0595-7,7tVlEGngX0s,Multiple-choice Question with a Single Correct Answer,Element Localization,"What kinds of items did the boy score with in the video?
A. Soccer ball, Rugby ball, Tennis ball
B. Baseball, Volleyball, Tennis ball
C. Blue exercise ball, Volleyball, Baseball
D. Blue exercise ball, Soccer ball, Tennis ball",28.84,"E. None of the above
Select one best answer to the above multiple-choice question based on the video. Respond with only the letter (A, B, C, D or E) of the correct option.",D,https://www.youtube.com/shorts/7tVlEGngX0s
0597-0,c4LTFnR3F0w,Primary Open-ended Question,Element Localization,What are the characteristics of the person holding the camera in the video?,59.93,Please state your answer with a brief explanation.,The person holding the camera is also an actor in the video. This can be confirmed by the fact that in some skits they are running with the actor portraying all sorts of careers while holding on to a camera at the same time.,https://www.youtube.com/shorts/c4LTFnR3F0w
0597-1,c4LTFnR3F0w,Paraphrased Open-ended Question,Element Localization,Can you describe the person who is operating the camera in the video?,59.93,Please state your answer with a brief explanation.,"The person operating the camera is Caleb, another content creator, who appears alongside Daniel LaBelle in the video. This is suggested by the top comments mentioning Caleb as Daniel's sidekick who also deserves respect as an entertainer.",https://www.youtube.com/shorts/c4LTFnR3F0w
0597-2,c4LTFnR3F0w,Correctly-led Open-ended Question,Element Localization,Is the person holding the camera in the video wearing a light gray jacket and white sneakers?,59.93,Please state your answer with a brief explanation.,"Yes, in the last scene, the ""Hunter"" that is holding the camera is wearing a light gray jacket and white sneakers.",https://www.youtube.com/shorts/c4LTFnR3F0w
0597-3,c4LTFnR3F0w,Wrongly-led Open-ended Question,Element Localization,Is the person holding the camera in the video wearing a white t-shirt and black sneakers?,59.93,Please state your answer with a brief explanation.,"No, the person holding the camera is not wearing a white t-shirt and black sneakers. Most of the time he is wearing various colored sneakers with no plain white t-shirt in sight. He is wearing black sneakers in one skit: Prison Guard (00:00:28), and the Hunter skit (00:00:59).",https://www.youtube.com/shorts/c4LTFnR3F0w
0597-7,c4LTFnR3F0w,Multiple-choice Question with a Single Correct Answer,Element Localization,"What is the person holding the camera in the video wearing?
A. A blue t-shirt
B. A light gray t-shirt
C. A red jacket
D. A light gray jacket",59.93,"E. None of the above
Select one best answer to the above multiple-choice question based on the video. Respond with only the letter (A, B, C, D or E) of the correct option.",B,https://www.youtube.com/shorts/c4LTFnR3F0w
0600-0,UuJQx4Z8zG4,Primary Open-ended Question,Positional Relationship,Which part of the boy did the orange ball hit in the video?,28.97,Please state your answer with a brief explanation.,"The orange ball hit the boy in the head at [00:00:26]. This is when Celine kicked the orange ball, and it connected with the back of Michiel's head.",https://www.youtube.com/shorts/UuJQx4Z8zG4
0600-1,UuJQx4Z8zG4,Paraphrased Open-ended Question,Positional Relationship,Where did the orange ball make contact with the boy in the video?,28.97,Please state your answer with a brief explanation.,"The orange ball makes contact with the back of the boy's head, resulting in the loss of balance. This can be seen at [00:00:25-00:00:27].",https://www.youtube.com/shorts/UuJQx4Z8zG4
0600-2,UuJQx4Z8zG4,Correctly-led Open-ended Question,Positional Relationship,Did the orange ball hit the boy on his head?,28.97,Please state your answer with a brief explanation.,"Yes, the orange ball did hit the boy on the head. At [00:00:25] in the video, the girl kicks the orange ball and hits the boy standing opposite her.",https://www.youtube.com/shorts/UuJQx4Z8zG4
0600-3,UuJQx4Z8zG4,Wrongly-led Open-ended Question,Positional Relationship,Did the orange ball hit the boy on his back?,28.97,Please state your answer with a brief explanation.,"Yes, the orange ball hit the boy on his back. At timestamp [00:00:25] the girl kicks the orange ball which makes contact with the boy's upper back at timestamp [00:00:26].",https://www.youtube.com/shorts/UuJQx4Z8zG4
0600-7,UuJQx4Z8zG4,Multiple-choice Question with a Single Correct Answer,Positional Relationship,"Where did the orange ball hit the boy?
A. On his back
B. On his arm
C. On his head
D. On his leg",28.97,"E. None of the above
Select one best answer to the above multiple-choice question based on the video. Respond with only the letter (A, B, C, D or E) of the correct option.",C,https://www.youtube.com/shorts/UuJQx4Z8zG4
0603-0,mgULlk8dagE,Primary Open-ended Question,Element Localization,"According to the video, what are the characteristics of the person who failed twice in a row and lost the heart-shaped pattern?",46.36,Please state your answer with a brief explanation.,The person who failed twice in a row and lost the heart-shaped pattern is wearing a blue shirt and pants. (00:00:05-00:00:44),https://www.youtube.com/shorts/mgULlk8dagE
0603-1,mgULlk8dagE,Paraphrased Open-ended Question,Element Localization,What are the features of the person who failed twice in a row and lost the heart-shaped pattern in the video?,46.36,Please state your answer with a brief explanation.,"The person who failed twice in a row and lost the heart-shaped pattern in the video is wearing a blue t-shirt with track pants. This is evident as he attempts the parkour challenge, fails repeatedly, and ultimately gets drenched, as seen at the end of the clip.",https://www.youtube.com/shorts/mgULlk8dagE
0603-2,mgULlk8dagE,Correctly-led Open-ended Question,Element Localization,Is the person who failed twice in a row and lost the heart-shaped pattern wearing a blue shirt and dark blue pants?,46.36,Please state your answer with a brief explanation.,"Yes, the person who failed twice in a row and lost the heart-shaped pattern is wearing a blue shirt and dark blue pants, as can be seen at [00:00:00-00:00:46].",https://www.youtube.com/shorts/mgULlk8dagE
0603-3,mgULlk8dagE,Wrongly-led Open-ended Question,Element Localization,Is the person who failed twice in a row and lost the heart-shaped pattern wearing a red shirt with a white 'm' logo and standing in a pink hula hoop?,46.36,Please state your answer with a brief explanation.,"Yes, at [00:00:17] the person who failed twice in a row and lost the heart-shaped pattern is wearing a red shirt with a white 'M' logo and standing in a pink hula hoop.",https://www.youtube.com/shorts/mgULlk8dagE
0603-7,mgULlk8dagE,Multiple-choice Question with a Single Correct Answer,Element Localization,"What is the person who failed twice and lost the heart-shaped pattern wearing?
A. A blue shirt and dark blue pants
B. A blue shirt and white pants
C. A red shirt with a white 'm' logo and black pants
D. A blue shirt with a white 'm' logo and black pants",46.36,"E. None of the above
Select one best answer to the above multiple-choice question based on the video. Respond with only the letter (A, B, C, D or E) of the correct option.",A,https://www.youtube.com/shorts/mgULlk8dagE
0607-0,7pTwqG9VM7o,Primary Open-ended Question,Event Localization,"At the end of the video, what is the man doing?",26.94,Please state your answer with a brief explanation.,"At the end of the video, the man releases his left foot from the ceiling, then performs a flip downwards.",https://www.youtube.com/shorts/7pTwqG9VM7o
0607-1,7pTwqG9VM7o,Paraphrased Open-ended Question,Event Localization,What is the actual position of the man in the video?,26.94,Please state your answer with a brief explanation.,"The man is right-side up with the camera flipped over. Multiple clues in the video give this away. For example, the balloons are stuck to the floor, the ceiling fan is also on the floor, and the basketball net is in an unnatural position.",https://www.youtube.com/shorts/7pTwqG9VM7o
0607-2,7pTwqG9VM7o,Correctly-led Open-ended Question,Event Localization,"Is the man in the video standing on the ground, which is made to look like a ceiling?",26.94,Please state your answer with a brief explanation.,"Yes, the man in the video is standing on the ground which is designed to look like a ceiling. This is supported by comments pointing out the ceiling fan on the floor and the balloons floating ""downwards"".",https://www.youtube.com/shorts/7pTwqG9VM7o
0607-3,7pTwqG9VM7o,Wrongly-led Open-ended Question,Event Localization,Is the man in the video standing on the ceiling using equipment attached to his feet?,26.94,Please state your answer with a brief explanation.,"No, he is standing on the floor and they have glued decorations to the ceiling to give the illusion that he is on the ceiling.",https://www.youtube.com/shorts/7pTwqG9VM7o
0607-7,7pTwqG9VM7o,Multiple-choice Question with a Single Correct Answer,Event Localization,"Where is the man in the video standing?
A. hanging upside down from the ceiling
B. On the ground made to look like a ceiling
C. On the ceiling using equipment
D. On a wall using suction cups",26.94,"E. None of the above
Select one best answer to the above multiple-choice question based on the video. Respond with only the letter (A, B, C, D or E) of the correct option.",B,https://www.youtube.com/shorts/7pTwqG9VM7o
0609-0,MlPYPW1_a0U,Primary Open-ended Question,Plot Attribute,What is used to determine who should be eliminated in the video?,17.47,Please state your answer with a brief explanation.,The red ball is used to determine who is eliminated. Whoever's hand the ball is touching when the music stops has to take their hand off the table.,https://www.youtube.com/shorts/MlPYPW1_a0U
0609-1,MlPYPW1_a0U,Paraphrased Open-ended Question,Plot Attribute,How is the elimination decided in the video game?,17.47,Please state your answer with a brief explanation.,Elimination is decided by whoever fails to keep their fingers on the red ball.,https://www.youtube.com/shorts/MlPYPW1_a0U
0609-2,MlPYPW1_a0U,Correctly-led Open-ended Question,Plot Attribute,Is the elimination based on whether participants move their hands while the ball is still held?,17.47,Please state your answer with a brief explanation.,"Yes, it appears the elimination is based on whether participants move their hands while the ball is still being held. When the person moves their hands and the ball falls to their side, they are eliminated.",https://www.youtube.com/shorts/MlPYPW1_a0U
0609-3,MlPYPW1_a0U,Wrongly-led Open-ended Question,Plot Attribute,Is the elimination determined by who is holding the ball when it stops?,17.47,Please state your answer with a brief explanation.,"Yes, the elimination is determined by who is holding the ball when the music stops. As seen at [00:00:14], when the music stops, the ball is in the girl's hands and she is then eliminated.",https://www.youtube.com/shorts/MlPYPW1_a0U
0609-7,MlPYPW1_a0U,Multiple-choice Question with a Single Correct Answer,Plot Attribute,"How is the elimination process determined in the video?
A. Participants are eliminated if they keep hands still while the ball is still held by the carrier.
B. The person holding the ball when it stops is eliminated.
C. Participants are eliminated if they move their hands while the ball is still held by the carrier.
D. The person who is hitted by the ball is eliminated .",17.47,"E. None of the above
Select one best answer to the above multiple-choice question based on the video. Respond with only the letter (A, B, C, D or E) of the correct option.",B,https://www.youtube.com/shorts/MlPYPW1_a0U
0610-0,Ldcs4Venq1Q,Primary Open-ended Question,Character Motivation Causality,Why did the woman throw the package out of the window after writing the information on it in the video?,57.24,Please state your answer with a brief explanation.,"In the video, the woman throws the package out the window after writing on it to test the speed and efficiency of the butlers, who are expected to catch the mail mid-air as part of their duties.",https://www.youtube.com/shorts/Ldcs4Venq1Q
0610-1,Ldcs4Venq1Q,Paraphrased Open-ended Question,Character Motivation Causality,What was the reason the woman tossed the package out of the window after writing on it?,57.24,Please state your answer with a brief explanation.,"The woman throws the package out the window to test her instant butlers. The expectation is that they will catch them, which they do.",https://www.youtube.com/shorts/Ldcs4Venq1Q
0610-2,Ldcs4Venq1Q,Correctly-led Open-ended Question,Character Motivation Causality,Did the woman throw the package out of the window so the two men could help her put it in the mailbox?,57.24,Please state your answer with a brief explanation.,"No, the woman throws the packages out the window (0:31-0:32), and then the two men catch them on the lawn. They do not put them in a mailbox.",https://www.youtube.com/shorts/Ldcs4Venq1Q
0610-3,Ldcs4Venq1Q,Wrongly-led Open-ended Question,Character Motivation Causality,Was the woman trying to quickly get rid of the package by throwing it out of the window?,57.24,Please state your answer with a brief explanation.,"No, the woman was not trying to quickly get rid of the package. She deliberately threw the envelopes out the window for the butlers to catch.",https://www.youtube.com/shorts/Ldcs4Venq1Q
0610-7,Ldcs4Venq1Q,Multiple-choice Question with a Single Correct Answer,Character Motivation Causality,"Why did the woman throw the package out of the window?
A. She was preventing the men from getting it.
B. She wanted the two men to help her put it in the mailbox.
C. She was trying to get rid of it quickly.
D. She was frustrated with it.",57.24,"E. None of the above
Select one best answer to the above multiple-choice question based on the video. Respond with only the letter (A, B, C, D or E) of the correct option.",B,https://www.youtube.com/shorts/Ldcs4Venq1Q
0612-0,qUCG8W5hMdw,Primary Open-ended Question,Character Motivation Causality,"According to the video, why does this person divide the paper into two parts when painting?",58.56,Please state your answer with a brief explanation.,"The paper is divided into two parts to compare artwork made with ""$0 pencils"" vs. artwork made with ""$300 pencils.""",https://www.youtube.com/shorts/qUCG8W5hMdw
0612-1,qUCG8W5hMdw,Paraphrased Open-ended Question,Character Motivation Causality,What is the reason for dividing the paper into two sections in the painting video?,58.56,Please state your answer with a brief explanation.,The paper is divided into two sections to compare the drawing results using $0 pencils (natural materials) on one side and $300 pencils on the other side.,https://www.youtube.com/shorts/qUCG8W5hMdw
0612-2,qUCG8W5hMdw,Correctly-led Open-ended Question,Character Motivation Causality,Is the purpose of dividing the paper to compare $0 pencils using non-traditional tools with $300 pencils?,58.56,Please state your answer with a brief explanation.,"Yes, the paper is divided to show a comparison between drawing with $0 pencils and drawing with $300 pencils.",https://www.youtube.com/shorts/qUCG8W5hMdw
0612-3,qUCG8W5hMdw,Wrongly-led Open-ended Question,Character Motivation Causality,Is the reason for dividing the paper simply to compare $0 pencils with $300 pencils without any specific drawing tools?,58.56,Please state your answer with a brief explanation.,"Yes, the paper is divided to demonstrate a comparison between art created with $0 materials versus $300 pencils. The video highlights the artist's skill by showing how a drawing can be made with everyday materials.",https://www.youtube.com/shorts/qUCG8W5hMdw
0612-7,qUCG8W5hMdw,Multiple-choice Question with a Single Correct Answer,Character Motivation Causality,"Why does the person divide the paper into two parts?
A. To prove $300 pencils can draw better than $0 pencils.
B. To compare $0 pencils with $300 pencils without any specific tools.
C. To prove $0 pencils can draw better than $300 pencils.
D. To compare $0 pencils with $300 pencils using non-drawing tools.",58.56,"E. None of the above
Select one best answer to the above multiple-choice question based on the video. Respond with only the letter (A, B, C, D or E) of the correct option.",D,https://www.youtube.com/shorts/qUCG8W5hMdw
0614-0,JOd2FBcirwk,Primary Open-ended Question,Character Motivation Causality,Why is the men trembling in their hands while eating at the beginning of the video?,60.08,Please state your answer with a brief explanation.,"Based on the video and the top comments, the man is trembling due to having Parkinson's disease. Parkinson's disease can cause tremors and make it difficult to control movements.",https://www.youtube.com/shorts/JOd2FBcirwk
0614-1,JOd2FBcirwk,Paraphrased Open-ended Question,Character Motivation Causality,What causes the man's hands to tremble while he is eating at the start of the video?,60.08,Please state your answer with a brief explanation.,"At [00:00:00], the man's hands tremble because he has Parkinson's disease. This is stated in one of the top comments.",https://www.youtube.com/shorts/JOd2FBcirwk
0614-2,JOd2FBcirwk,Correctly-led Open-ended Question,Character Motivation Causality,"Is the man pretending to have a disability to see if anyone will help him, causing his hands to tremble?",60.08,Please state your answer with a brief explanation.,"Based on the video, the man is seemingly conducting a social experiment to test the kindness of strangers, rather than suffering from an actual disability. It appears that he is pretending to have difficulty eating, causing his hands to tremble, to observe if anyone will offer assistance.",https://www.youtube.com/shorts/JOd2FBcirwk
0614-3,JOd2FBcirwk,Wrongly-led Open-ended Question,Character Motivation Causality,Could the man's trembling hands be due to nervousness or excitement?,60.08,Please state your answer with a brief explanation.,"Based on the video and comments, it is most likely that the man's trembling hands are not due to nervousness or excitement. The comments suggest that he may have a condition like Parkinson's, which causes tremors.",https://www.youtube.com/shorts/JOd2FBcirwk
0614-7,JOd2FBcirwk,Multiple-choice Question with a Single Correct Answer,Character Motivation Causality,"Why are the man's hands trembling while he is eating?
A. Essential tremor
B. Pretending to have a disability
C. Nervousness
D. Excitement",60.08,"E. None of the above
Select one best answer to the above multiple-choice question based on the video. Respond with only the letter (A, B, C, D or E) of the correct option.","Based on the video, A. Essential tremor.",https://www.youtube.com/shorts/JOd2FBcirwk
0616-0,PN2XQBfWV2M,Primary Open-ended Question,Local Event Attribute,Which colored ball in the video reaches the finish line first?,29.68,Please state your answer with a brief explanation.,"The white ball reaches the finish line first, despite starting last.",https://www.youtube.com/shorts/PN2XQBfWV2M
0616-1,PN2XQBfWV2M,Paraphrased Open-ended Question,Local Event Attribute,Which ball crosses the finish line first in the video?,29.68,Please state your answer with a brief explanation.,"The white ball crosses the finish line first. It starts last, but ends up winning the race due to the track's design and a bit of luck.",https://www.youtube.com/shorts/PN2XQBfWV2M
0616-2,PN2XQBfWV2M,Correctly-led Open-ended Question,Local Event Attribute,Is the white ball the first to reach the finish line in the video?,29.68,Please state your answer with a brief explanation.,"Yes, the white ball is the first to reach the finish line despite starting last.",https://www.youtube.com/shorts/PN2XQBfWV2M
0616-3,PN2XQBfWV2M,Wrongly-led Open-ended Question,Local Event Attribute,Does the blue ball reach the finish line first in the video?,29.68,Please state your answer with a brief explanation.,"No, the white ball reaches the finish line first.",https://www.youtube.com/shorts/PN2XQBfWV2M
0616-7,PN2XQBfWV2M,Multiple-choice Question with a Single Correct Answer,Local Event Attribute,"Which ball reaches the finish line first?
A. White
B. Red
C. Black
D. Blue",29.68,"E. None of the above
Select one best answer to the above multiple-choice question based on the video. Respond with only the letter (A, B, C, D or E) of the correct option.",A,https://www.youtube.com/shorts/PN2XQBfWV2M
0620-0,7pTwqG9VM7o,Primary Open-ended Question,Element Attributes (Optical Illusion),Where is the man in the video standing?,26.94,Please state your answer with a brief explanation.,"The man is standing on the ceiling, which has been decorated and filmed upside down to appear as though he is standing on the floor.",https://www.youtube.com/shorts/7pTwqG9VM7o
0620-1,7pTwqG9VM7o,Paraphrased Open-ended Question,Element Attributes (Optical Illusion),What is the actual position of the man in the video?,26.94,Please state your answer with a brief explanation.,"The man is standing on the floor, but the room has been prepared to appear as if the floor is the ceiling. This is done by gluing furniture to the ceiling and using a helium basketball.",https://www.youtube.com/shorts/7pTwqG9VM7o
0620-2,7pTwqG9VM7o,Correctly-led Open-ended Question,Element Attributes (Optical Illusion),"Is the man in the video standing on the ground, which is made to look like a ceiling?",26.94,Please state your answer with a brief explanation.,"Yes, the man is standing on the ground that has been painted to look like the ceiling. Many comments in the video observe that the floor is painted like a ceiling and that the room is upside down.",https://www.youtube.com/shorts/7pTwqG9VM7o
0620-3,7pTwqG9VM7o,Wrongly-led Open-ended Question,Element Attributes (Optical Illusion),Is the man in the video standing on the ceiling using equipment attached to his feet?,26.94,Please state your answer with a brief explanation.,"No, the man is not standing on the ceiling using equipment attached to his feet. The room is upside down, and he is standing on the floor. He does have equipment attached to his hands to help sell the illusion.",https://www.youtube.com/shorts/7pTwqG9VM7o
0620-7,7pTwqG9VM7o,Multiple-choice Question with a Single Correct Answer,Element Attributes (Optical Illusion),"Where is the man in the video standing?
A. On the ground made to look like a ceiling
B. On the ceiling using equipment
C. Floating in mid-air
D. On a wall using suction cups",26.94,"E. None of the above
Select one best answer to the above multiple-choice question based on the video. Respond with only the letter (A, B, C, D or E) of the correct option.",A,https://www.youtube.com/shorts/7pTwqG9VM7o
0621-0,9SzIZz1CDcc,Primary Open-ended Question,Positional Relationship,Which foot of the person in the video is leaning against the wall first?,7.96,Please state your answer with a brief explanation.,"Based on the video, the left foot is the first foot against the wall for all participants.",https://www.youtube.com/shorts/9SzIZz1CDcc
0621-1,9SzIZz1CDcc,Paraphrased Open-ended Question,Positional Relationship,Which foot does the person place against the wall first in the video?,7.96,Please state your answer with a brief explanation.,The person places their left foot against the wall first. This is determined by the video timestamp.,https://www.youtube.com/shorts/9SzIZz1CDcc
0621-2,9SzIZz1CDcc,Correctly-led Open-ended Question,Positional Relationship,Is the left foot the first one to lean against the wall in the video?,7.96,Please state your answer with a brief explanation.,"No, the right foot is the first one to lean against the wall in the video. From the video, it shows Michiel and Mini Michiel both leaning their right foot against the wall first.",https://www.youtube.com/shorts/9SzIZz1CDcc
0621-3,9SzIZz1CDcc,Wrongly-led Open-ended Question,Positional Relationship,Is the right foot the first one to lean against the wall in the video?,7.96,Please state your answer with a brief explanation.,"No, the left foot is the first to lean against the wall. At the beginning of the video, they are all standing with their left sides against the wall.",https://www.youtube.com/shorts/9SzIZz1CDcc
0621-7,9SzIZz1CDcc,Multiple-choice Question with a Single Correct Answer,Positional Relationship,"Which foot is placed against the wall first in the video?
A. Right foot
B. Neither foot
C. Left foot
D. Both feet simultaneously",7.96,"E. None of the above
Select one best answer to the above multiple-choice question based on the video. Respond with only the letter (A, B, C, D or E) of the correct option.",D,https://www.youtube.com/shorts/9SzIZz1CDcc
0625-0,yQ2YZQhvc2c,Primary Open-ended Question,Displacement Attribute,What is the direction of displacement of the second ball?,24.03,Please state your answer with a brief explanation.,The second ball moves horizontally in a straight line from one end to the other. This can be seen at [00:00:03] in the video.,https://www.youtube.com/shorts/yQ2YZQhvc2c
0625-1,yQ2YZQhvc2c,Paraphrased Open-ended Question,Displacement Attribute,In which direction does the second ball move?,24.03,Please state your answer with a brief explanation.,"The second ball moves in a straight, horizontal line. This is because the animation is demonstrating simple harmonic motion, and in the second example, the balls are constrained to move horizontally.",https://www.youtube.com/shorts/yQ2YZQhvc2c
0625-2,yQ2YZQhvc2c,Correctly-led Open-ended Question,Displacement Attribute,Does the second ball move back and forth along a horizontal groove?,24.03,Please state your answer with a brief explanation.,"Yes, the second ball moves back and forth along a horizontal groove. As shown at [00:00:03] in the video, the path of this ball is a horizontal line.",https://www.youtube.com/shorts/yQ2YZQhvc2c
0625-3,yQ2YZQhvc2c,Wrongly-led Open-ended Question,Displacement Attribute,"Does the second ball follow a circular path, moving in a loop?",24.03,Please state your answer with a brief explanation.,"No, the second ball does not follow a circular path. All balls move in a straight line from one end to the other.",https://www.youtube.com/shorts/yQ2YZQhvc2c
0625-7,yQ2YZQhvc2c,Multiple-choice Question with a Single Correct Answer,Displacement Attribute,"What is the path of the second ball's displacement?
A. Horizontal groove
B. Zigzag path
C. Circular track
D. Vertical groove",24.03,"E. None of the above
Select one best answer to the above multiple-choice question based on the video. Respond with only the letter (A, B, C, D or E) of the correct option.",A,https://www.youtube.com/shorts/yQ2YZQhvc2c
0627-0,pUIkzB8KebU,Primary Open-ended Question,Displacement Attribute,Who is changing their position in the video?,15.15,Please state your answer with a brief explanation.,The person in the video is changing their position. She moves around the illusion to show how it is broken when viewed from certain angles.,https://www.youtube.com/shorts/pUIkzB8KebU
0627-1,pUIkzB8KebU,Paraphrased Open-ended Question,Displacement Attribute,Who changed the position in the video？,15.15,Please state your answer with a brief explanation.,The woman who is standing behind the illusion changed the position in the video. She is proving that the illusion is broken when one knows the secret.,https://www.youtube.com/shorts/pUIkzB8KebU
0627-2,pUIkzB8KebU,Correctly-led Open-ended Question,Displacement Attribute,Is it this photographer moving in the video to change the position of the other person?,15.15,Please state your answer with a brief explanation.,"No, it is not the photographer moving. The speaker in the video states that the illusion works because it is an inside-out cardboard box.",https://www.youtube.com/shorts/pUIkzB8KebU
0627-3,pUIkzB8KebU,Wrongly-led Open-ended Question,Displacement Attribute,Is it the woman in the video who moves to change the position of the other person?,15.15,Please state your answer with a brief explanation.,"No, the woman is moving the cardboard box, revealing the illusion to be broken.",https://www.youtube.com/shorts/pUIkzB8KebU
0627-7,pUIkzB8KebU,Multiple-choice Question with a Single Correct Answer,Displacement Attribute,"Who changed position in the video?
A. The woman.
B. The little boy.
C. The photographer.
D. The dinosaur.",15.15,"E. None of the above
Select one best answer to the above multiple-choice question based on the video. Respond with only the letter (A, B, C, D or E) of the correct option.",A.,https://www.youtube.com/shorts/pUIkzB8KebU
0633-0,jI5XO3aa5_g,Primary Open-ended Question,Displacement Attribute,What is the direction in which the wheels of the black car turn at the end of the video?,20.03,Please state your answer with a brief explanation.,The wheels turn in a clockwise direction. The video demonstrates how chains can be used to give tires more traction on slippery roads.,https://www.youtube.com/shorts/jI5XO3aa5_g
0633-1,jI5XO3aa5_g,Paraphrased Open-ended Question,Displacement Attribute,In which direction do the wheels of the black car rotate at the conclusion of the video?,20.03,Please state your answer with a brief explanation.,"At the end of the video, the black car's wheels rotate clockwise. This can be inferred from the vehicle moving forward in the video, and the wheels' rotation direction.",https://www.youtube.com/shorts/jI5XO3aa5_g
0633-2,jI5XO3aa5_g,Correctly-led Open-ended Question,Displacement Attribute,Do the wheels of the black car turn forward at the end of the video?,20.03,Please state your answer with a brief explanation.,"Yes, at the end of the video the wheels turn forward. This can be seen at [00:00:17].",https://www.youtube.com/shorts/jI5XO3aa5_g
0633-3,jI5XO3aa5_g,Wrongly-led Open-ended Question,Displacement Attribute,Are the wheels of the black car turning in reverse at the end of the video?,20.03,Please state your answer with a brief explanation.,"No, the wheels are turning in a forward direction at the end of the video.",https://www.youtube.com/shorts/jI5XO3aa5_g
0633-7,jI5XO3aa5_g,Multiple-choice Question with a Single Correct Answer,Displacement Attribute,"What is the direction of the wheels of the black car at the end of the video?
A. Not moving
B. Forward
C. Sideways
D. In reverse",20.03,"E. None of the above
Select one best answer to the above multiple-choice question based on the video. Respond with only the letter (A, B, C, D or E) of the correct option.",B,https://www.youtube.com/shorts/jI5XO3aa5_g
0643-0,KwKJ6gtOGpQ,Primary Open-ended Question,Displacement Attribute,What is the wind direction on that day based on the video?,6.62,Please state your answer with a brief explanation.,"The wind is blowing from the right to the left, as indicated by the direction the flag is being blown.",https://www.youtube.com/shorts/KwKJ6gtOGpQ
0643-1,KwKJ6gtOGpQ,Paraphrased Open-ended Question,Displacement Attribute,How can you determine the wind direction on that day from the video?,6.62,Please state your answer with a brief explanation.,"The wind direction can be determined by observing the flag's movement; it appears the wind is blowing from right to left, causing the flag to billow in that direction.",https://www.youtube.com/shorts/KwKJ6gtOGpQ
0643-2,KwKJ6gtOGpQ,Correctly-led Open-ended Question,Displacement Attribute,Is the wind blowing from the left to the right side of the screen in the video?,6.62,Please state your answer with a brief explanation.,"Yes, the wind appears to be blowing from the left to the right side of the screen, based on the direction the flag is moving.",https://www.youtube.com/shorts/KwKJ6gtOGpQ
0643-3,KwKJ6gtOGpQ,Wrongly-led Open-ended Question,Displacement Attribute,Does the video show the wind blowing from the right side of the screen to the left?,6.62,Please state your answer with a brief explanation.,"Yes, the video does show the flag blowing from the right side of the screen to the left. The flag is held on the right and is blowing towards the left side of the screen.",https://www.youtube.com/shorts/KwKJ6gtOGpQ
0643-7,KwKJ6gtOGpQ,Multiple-choice Question with a Single Correct Answer,Displacement Attribute,"What is the wind direction on that day based on the video?
A. From top to bottom
B. From bottom to top
C. From the left to the right
D. From the right to the left",6.62,"E. None of the above
Select one best answer to the above multiple-choice question based on the video. Respond with only the letter (A, B, C, D or E) of the correct option.",E,https://www.youtube.com/shorts/KwKJ6gtOGpQ
0645-0,7mm85XogfLw,Primary Open-ended Question,Positional Relationship,"Relative to the camera perspective, where is the left end of the scarf worn by the student character at the beginning of the video located at the end of the video?",12.78,Please state your answer with a brief explanation.,"The left end of the student's scarf, as seen from the camera's perspective, is on the student's right side at the end of the video.",https://www.youtube.com/shorts/7mm85XogfLw
0645-1,7mm85XogfLw,Paraphrased Open-ended Question,Positional Relationship,"Where does the left end of the scarf end up on the student character by the end of the video, from the camera's perspective?",12.78,Please state your answer with a brief explanation.,"The left end of the scarf ends up wrapped around the student's neck, from the perspective of the camera.",https://www.youtube.com/shorts/7mm85XogfLw
0645-2,7mm85XogfLw,Correctly-led Open-ended Question,Positional Relationship,Does the left end of the scarf remain on the left side of the student character's body at the end of the video?,12.78,Please state your answer with a brief explanation.,"No, it does not. As can be seen at timestamp 0:10-0:11, the student ends up with the scarf ends on opposite sides.",https://www.youtube.com/shorts/7mm85XogfLw
0645-3,7mm85XogfLw,Wrongly-led Open-ended Question,Positional Relationship,Is the left end of the scarf on the right side of the student character's body at the end of the video?,12.78,Please state your answer with a brief explanation.,"No, the left end of the scarf is on the left side of the student's body at the end of the video.",https://www.youtube.com/shorts/7mm85XogfLw
0645-7,7mm85XogfLw,Multiple-choice Question with a Single Correct Answer,Positional Relationship,"Where is the left end of the scarf located at the end of the video?
A. Center
B. Left side
C. Not visible
D. Right side",12.78,"E. None of the above
Select one best answer to the above multiple-choice question based on the video. Respond with only the letter (A, B, C, D or E) of the correct option.",A,https://www.youtube.com/shorts/7mm85XogfLw
0652-0,o77rfiYxaz8,Primary Open-ended Question,Displacement Attribute,What happened to the position of the car after the spin?,12.5,Please state your answer with a brief explanation.,"After the 360 spin, the car is back in its original lane, but facing the opposite direction.",https://www.youtube.com/shorts/o77rfiYxaz8
0652-1,o77rfiYxaz8,Paraphrased Open-ended Question,Displacement Attribute,Where did the car end up after completing the spin?,12.5,Please state your answer with a brief explanation.,The car ended up facing the correct direction in the same lane it was originally in after completing the 360-degree spin.,https://www.youtube.com/shorts/o77rfiYxaz8
0652-2,o77rfiYxaz8,Correctly-led Open-ended Question,Displacement Attribute,Did the car end up in the innermost lane facing the correct direction after the spin?,12.5,Please state your answer with a brief explanation.,"Yes, the car ends up in the innermost lane facing the correct direction after the spin.",https://www.youtube.com/shorts/o77rfiYxaz8
0652-3,o77rfiYxaz8,Wrongly-led Open-ended Question,Displacement Attribute,Did the car end up facing the opposite direction on the highway after the spin?,12.5,Please state your answer with a brief explanation.,"No, the car did not end up facing the opposite direction. It spun around 360 degrees and continued traveling in the original direction.",https://www.youtube.com/shorts/o77rfiYxaz8
0652-7,o77rfiYxaz8,Multiple-choice Question with a Single Correct Answer,Displacement Attribute,"What happened to the car after the spin?
A. It ended up in the innermost lane facing the correct direction.
B. It returned to its original lane and continued driving.
C. It is in the same position it started in.
D. It moved from the left lane to the right lane.",12.5,"E. None of the above
Select one best answer to the above multiple-choice question based on the video. Respond with only the letter (A, B, C, D or E) of the correct option.",A,https://www.youtube.com/shorts/o77rfiYxaz8
0655-0,tc_u7WlfrfU,Primary Open-ended Question,Event Duration & Speed Attribute,Which is faster between the truck and the camera?,10.33,Please state your answer with a brief explanation.,The truck is faster. You can see that from the scenery passing by in the video.,https://www.youtube.com/shorts/tc_u7WlfrfU
0655-1,tc_u7WlfrfU,Paraphrased Open-ended Question,Event Duration & Speed Attribute,"Which moves faster, the camera or the truck?",10.33,Please state your answer with a brief explanation.,The truck moves faster than the camera. You can see the background blurring and passing by quickly relative to the position of the truck.,https://www.youtube.com/shorts/tc_u7WlfrfU
0655-2,tc_u7WlfrfU,Correctly-led Open-ended Question,Event Duration & Speed Attribute,Is the camera moving faster than the truck in the video?,10.33,Please state your answer with a brief explanation.,"The camera is moving at approximately the same speed as the truck. They appear to be side-by-side, so neither is moving faster than the other.",https://www.youtube.com/shorts/tc_u7WlfrfU
0655-3,tc_u7WlfrfU,Wrongly-led Open-ended Question,Event Duration & Speed Attribute,Is the truck moving faster than the camera in the video?,10.33,Please state your answer with a brief explanation.,"No, the truck is not moving faster than the camera in the video. This is because the camera appears to be moving at the same speed as the truck, as it is able to consistently film the Batmobile on the truck.",https://www.youtube.com/shorts/tc_u7WlfrfU
0655-7,tc_u7WlfrfU,Multiple-choice Question with a Single Correct Answer,Event Duration & Speed Attribute,"Which is faster in the video?
A. The camera
B. Neither is moving
C. The truck
D. Both are the same speed",10.33,"E. None of the above
Select one best answer to the above multiple-choice question based on the video. Respond with only the letter (A, B, C, D or E) of the correct option.",C,https://www.youtube.com/shorts/tc_u7WlfrfU
0658-0,i1ki36EMLp8,Primary Open-ended Question,Event Duration & Speed Attribute,Who is faster during the race?,19.8,Please state your answer with a brief explanation.,The first racer is faster because the video shows the first racer way ahead of the second racer by the time the video ends.,https://www.youtube.com/shorts/i1ki36EMLp8
0658-1,i1ki36EMLp8,Paraphrased Open-ended Question,Event Duration & Speed Attribute,Which rider is quicker in the race?,19.8,Please state your answer with a brief explanation.,"The first rider is quicker. They accelerate rapidly off the start and clear every hill with ease, quickly establishing a significant lead over the second rider.",https://www.youtube.com/shorts/i1ki36EMLp8
0658-2,i1ki36EMLp8,Correctly-led Open-ended Question,Event Duration & Speed Attribute,Is the rider in the black outfit the faster one during the race?,19.8,Please state your answer with a brief explanation.,"Yes, the rider in the black outfit is clearly faster than the other rider in the video, gaining a significant lead early on.",https://www.youtube.com/shorts/i1ki36EMLp8
0658-3,i1ki36EMLp8,Wrongly-led Open-ended Question,Event Duration & Speed Attribute,Is the rider in the white outfit the faster one during the race?,19.8,Please state your answer with a brief explanation.,"Yes, the rider in the white outfit is much faster. The rider in white quickly gains a significant lead over the other racer after the starting gate drops.",https://www.youtube.com/shorts/i1ki36EMLp8
0658-7,i1ki36EMLp8,Multiple-choice Question with a Single Correct Answer,Event Duration & Speed Attribute,"Who is faster during the race?
A. The rider in the black outfit
B. Neither is fast
C. Both are equally fast
D. The rider in the white outfit",19.8,"E. None of the above
Select one best answer to the above multiple-choice question based on the video. Respond with only the letter (A, B, C, D or E) of the correct option.",A,https://www.youtube.com/shorts/i1ki36EMLp8
0664-0,v02xe4_I5uY,Primary Open-ended Question,Event Counting,How many times did the woman roll the dice?,56.26,Please state your answer with a brief explanation.,She rolled the dice 6 times. This is based on the number of times dice are thrown during her turn.,https://www.youtube.com/shorts/v02xe4_I5uY
0664-1,v02xe4_I5uY,Paraphrased Open-ended Question,Event Counting,How many times did the woman throw the dice?,56.26,Please state your answer with a brief explanation.,The woman threw the dice 8 times. Each dice roll is separated by a camera cut as pointed out by many of the commenters.,https://www.youtube.com/shorts/v02xe4_I5uY
0664-2,v02xe4_I5uY,Correctly-led Open-ended Question,Event Counting,Did the woman roll the dice 9 times during the game?,56.26,Please state your answer with a brief explanation.,"Based on the video, it is highly unlikely the woman rolled the dice 9 times during the game, as many comments noted cuts between each roll.",https://www.youtube.com/shorts/v02xe4_I5uY
0664-3,v02xe4_I5uY,Wrongly-led Open-ended Question,Event Counting,Did the woman roll the dice 11 times as shown in the sequence?,56.26,Please state your answer with a brief explanation.,"No, many top comments point out the convenient camera cuts between each roll of the dice. This indicates that there were multiple takes for each roll, so we didn't see the dice roll every time.",https://www.youtube.com/shorts/v02xe4_I5uY
0664-7,v02xe4_I5uY,Multiple-choice Question with a Single Correct Answer,Event Counting,"How many times did the woman roll the dice?
A. 3
B. 10
C. 12
D. 9",56.26,"E. None of the above
Select one best answer to the above multiple-choice question based on the video. Respond with only the letter (A, B, C, D or E) of the correct option.",D,https://www.youtube.com/shorts/v02xe4_I5uY
0667-0,oI--S1dz9EM,Primary Open-ended Question,Event Counting,How many people participated in the challenge in the video?,45.42,Please state your answer with a brief explanation.,Six people participated in the challenge. This is based on the number of people seen at the starting point and taking turns descending. The person sitting on the stairs was not an active participant.,https://www.youtube.com/shorts/oI--S1dz9EM
0667-1,oI--S1dz9EM,Paraphrased Open-ended Question,Event Counting,What is the total number of participants in the challenge shown in the video?,45.42,Please state your answer with a brief explanation.,There are 7 participants. They take turns jumping from an upper floor to hit a balloon before sprinting to the end. One person sits on the stairs and does not participate in the challenge.,https://www.youtube.com/shorts/oI--S1dz9EM
0667-2,oI--S1dz9EM,Correctly-led Open-ended Question,Event Counting,Are there six people participating in the challenge in the video?,45.42,Please state your answer with a brief explanation.,"No. Based on the video at 0:00:00, Celine, Bram, Laura, Ise, and Michiel participated in the challenge. Additionally, Anna participated and won. The video features six people participating.",https://www.youtube.com/shorts/oI--S1dz9EM
0667-3,oI--S1dz9EM,Wrongly-led Open-ended Question,Event Counting,Are there seven people participating in the challenge in the video?,45.42,Please state your answer with a brief explanation.,"No, there are eight people participating in the challenge: Celine, Bram, Laura, Michiel, Ise, and Anna. There is also one person sitting on the stairs, not participating.",https://www.youtube.com/shorts/oI--S1dz9EM
0667-7,oI--S1dz9EM,Multiple-choice Question with a Single Correct Answer,Event Counting,"How many people participated in the challenge in the video?
A. Eight
B. Seven
C. Six
D. Five",45.42,"E. None of the above
Select one best answer to the above multiple-choice question based on the video. Respond with only the letter (A, B, C, D or E) of the correct option.",C.,https://www.youtube.com/shorts/oI--S1dz9EM
0670-0,CCmVxAlwuo0,Primary Open-ended Question,Event Counting,How many children jumped into the water in the video?,43.07,Please state your answer with a brief explanation.,Five children jumped into the water in the video from the pier.,https://www.youtube.com/shorts/CCmVxAlwuo0
0670-1,CCmVxAlwuo0,Paraphrased Open-ended Question,Event Counting,What is the number of children who jumped into the water in the video?,43.07,Please state your answer with a brief explanation.,Five children jumped into the water from the dock.,https://www.youtube.com/shorts/CCmVxAlwuo0
0670-2,CCmVxAlwuo0,Correctly-led Open-ended Question,Event Counting,Is it true that only two children jumped into the water in the video?,43.07,Please state your answer with a brief explanation.,"No, it is not true that only two children jumped into the water in the video. At [00:00:12] multiple children are jumping into the water from a platform.",https://www.youtube.com/shorts/CCmVxAlwuo0
0670-3,CCmVxAlwuo0,Wrongly-led Open-ended Question,Event Counting,Did four children jump into the water in the video?,43.07,Please state your answer with a brief explanation.,"In the video at [00:00:11-00:00:30], there are more than four children jumping into the water.",https://www.youtube.com/shorts/CCmVxAlwuo0
0670-7,CCmVxAlwuo0,Multiple-choice Question with a Single Correct Answer,Event Counting,"How many children jumped into the water in the video?
A. Four
B. Three
C. One
D. Two",43.07,"E. None of the above
Select one best answer to the above multiple-choice question based on the video. Respond with only the letter (A, B, C, D or E) of the correct option.",D.,https://www.youtube.com/shorts/CCmVxAlwuo0
0673-0,nfCZqSebCuE,Primary Open-ended Question,Element Counting,"In the video, how many buckets of real popcorn are shown?",13.51,Please state your answer with a brief explanation.,There are four buckets of what appears to be real popcorn shown in the video at timestamp 0:00.,https://www.youtube.com/shorts/nfCZqSebCuE
0673-1,nfCZqSebCuE,Paraphrased Open-ended Question,Element Counting,How many buckets of actual popcorn are visible in the video?,13.51,Please state your answer with a brief explanation.,"There are 4 buckets of actual popcorn visible. There is one bucket with the person with green hair, one to their left, one with the girl in the right, and one behind her.",https://www.youtube.com/shorts/nfCZqSebCuE
0673-2,nfCZqSebCuE,Correctly-led Open-ended Question,Element Counting,Are there two buckets of real popcorn shown in the video?,13.51,Please state your answer with a brief explanation.,"Yes, there are two buckets of real popcorn shown in the video. The person in the video shows a fake cardboard circle with popcorn glued to it, then swaps it out for real popcorn in the bucket.",https://www.youtube.com/shorts/nfCZqSebCuE
0673-3,nfCZqSebCuE,Wrongly-led Open-ended Question,Element Counting,Are there four buckets of real popcorn shown in the video?,13.51,Please state your answer with a brief explanation.,"No, there are not four buckets of real popcorn shown in the video. The person in the front has a cardboard cutout of popcorn in a bucket.",https://www.youtube.com/shorts/nfCZqSebCuE
0673-7,nfCZqSebCuE,Multiple-choice Question with a Single Correct Answer,Element Counting,"How many buckets of real popcorn are shown in the video?
A. Two
B. One
C. Three
D. Four",13.51,"E. None of the above
Select one best answer to the above multiple-choice question based on the video. Respond with only the letter (A, B, C, D or E) of the correct option.",E.,https://www.youtube.com/shorts/nfCZqSebCuE
0675-0,wsPyV3igUG4,Primary Open-ended Question,Character Reaction Causality,"After the man on the right revealed how the magic tricks were performed, how did the man on the left feel and why?",43.35,Please state your answer with a brief explanation.,The man on the left felt embarrassed after the man on the right revealed he had been wearing Airpods the entire time. This is evident by the man on the left's shocked facial expression and open mouth.,https://www.youtube.com/shorts/wsPyV3igUG4
0675-1,wsPyV3igUG4,Paraphrased Open-ended Question,Character Reaction Causality,"What was the reaction of the man on the left when the man on the right exposed the magic tricks, and why?",43.35,Please state your answer with a brief explanation.,"When the man on the right exposed the magic tricks, the man on the left looked annoyed or unimpressed. This is likely because the reveal ruined the illusion and made the tricks seem less magical.",https://www.youtube.com/shorts/wsPyV3igUG4
0675-2,wsPyV3igUG4,Correctly-led Open-ended Question,Character Reaction Causality,Did the man on the left feel displeased because he was exposed after the magic tricks were revealed?,43.35,Please state your answer with a brief explanation.,"No, the man on the left does not feel displeased after his magic tricks are revealed. He smiles and winks.",https://www.youtube.com/shorts/wsPyV3igUG4
0675-3,wsPyV3igUG4,Wrongly-led Open-ended Question,Character Reaction Causality,Did the man on the left feel impressed and intrigued after the magic tricks were explained?,43.35,Please state your answer with a brief explanation.,"Yes, it seems the man on the left (Milaad) was indeed impressed and intrigued after the magic tricks. This is evident from his facial expressions and reactions, where he looks surprised and then smiles.",https://www.youtube.com/shorts/wsPyV3igUG4
0675-7,wsPyV3igUG4,Multiple-choice Question with a Single Correct Answer,Character Reaction Causality,"How did the man on the left feel after the magic tricks were revealed?
A. A sense of satisfaction
B. Amused and impressed
C. Displeased because he was exposed
D. Amused",43.35,"E. None of the above
Select one best answer to the above multiple-choice question based on the video. Respond with only the letter (A, B, C, D or E) of the correct option.",B,https://www.youtube.com/shorts/wsPyV3igUG4
0679-0,K7T7JYxlcPo,Primary Open-ended Question,Character Emotion Attribute,"At the end of the video, how does the lady in the white tank top vest feel?",10.22,Please state your answer with a brief explanation.,"The lady appears shocked and surprised, indicated by her exaggerated facial expressions and hand gestures after the bar stool is pranked.",https://www.youtube.com/shorts/K7T7JYxlcPo
0679-1,K7T7JYxlcPo,Paraphrased Open-ended Question,Character Emotion Attribute,What is the reaction of the woman in the white tank top at the video's conclusion?,10.22,Please state your answer with a brief explanation.,"At the video's conclusion, the woman reacts with shock as the seat support gives way beneath the man. Her eyes widen and she gasps. Immediately afterwards, she measures the support with her fingers as if to determine how far it went down.",https://www.youtube.com/shorts/K7T7JYxlcPo
0679-2,K7T7JYxlcPo,Correctly-led Open-ended Question,Character Emotion Attribute,Does the woman in the white tank top feel surprised at the end of the video?,10.22,Please state your answer with a brief explanation.,"Yes, the woman in the white tank top looks very surprised. She opens her eyes wide and gasps, she seems shocked at the bar stool prank.",https://www.youtube.com/shorts/K7T7JYxlcPo
0679-3,K7T7JYxlcPo,Wrongly-led Open-ended Question,Character Emotion Attribute,Does the woman in the white tank top feel upset or frustrated at the end of the video?,10.22,Please state your answer with a brief explanation.,"No, she does not. She seems very surprised at what happened to the chair, and then measures the pole that came out.",https://www.youtube.com/shorts/K7T7JYxlcPo
0679-7,K7T7JYxlcPo,Multiple-choice Question with a Single Correct Answer,Character Emotion Attribute,"How does the woman in the white tank top feel at the end of the video?
A. Indifferent
B. Surprised
C. Upset
D. Annoyed",10.22,"E. None of the above
Select one best answer to the above multiple-choice question based on the video. Respond with only the letter (A, B, C, D or E) of the correct option.",B.,https://www.youtube.com/shorts/K7T7JYxlcPo
0689-0,vwajGCpsoJ0,Primary Open-ended Question,Character Motivation Causality,Why did the man in the purple T-shirt change the other man's lock screen wallpaper to his own photo?,19.01,Please state your answer with a brief explanation.,The video shows the man in the purple T-shirt changing the other man's lock screen wallpaper to his own photo as a prank.,https://www.youtube.com/shorts/vwajGCpsoJ0
0689-1,vwajGCpsoJ0,Paraphrased Open-ended Question,Character Motivation Causality,What was the reason the man in the purple T-shirt altered the lock screen wallpaper on the other man's phone to his own picture?,19.01,Please state your answer with a brief explanation.,"There is no explicit reason stated in the description, top comments, or transcript of the provided video. The video is of a practical joke in which the man in the purple T-shirt changes the wallpaper to his own picture while the other man isn't paying attention.",https://www.youtube.com/shorts/vwajGCpsoJ0
0689-2,vwajGCpsoJ0,Correctly-led Open-ended Question,Character Motivation Causality,Did the man in the purple T-shirt change the lock screen wallpaper to his own photo to make the other man think the phone was his?,19.01,Please state your answer with a brief explanation.,"Yes, the man in the purple T-shirt did change the wallpaper to his own photo. You can see at [00:00:06] that he is changing the wallpaper on the phone to a photo of himself.",https://www.youtube.com/shorts/vwajGCpsoJ0
0689-3,vwajGCpsoJ0,Wrongly-led Open-ended Question,Character Motivation Causality,Did the man in the purple T-shirt change the lock screen wallpaper to his own photo just as a prank?,19.01,Please state your answer with a brief explanation.,"Yes, the man in the purple shirt changed the lock screen wallpaper to his own photo as a prank. You can see him changing the lock screen and then showing the phone with his own photo on it to the phone's owner.",https://www.youtube.com/shorts/vwajGCpsoJ0
0689-7,vwajGCpsoJ0,Multiple-choice Question with a Single Correct Answer,Character Motivation Causality,"Why did the man in the purple T-shirt change the lock screen wallpaper to his own photo?
A. As a prank.
B. To make the other man think the phone was his.
C. To record a funny video.
D. To surprise the other man.",19.01,"E. None of the above
Select one best answer to the above multiple-choice question based on the video. Respond with only the letter (A, B, C, D or E) of the correct option.",A,https://www.youtube.com/shorts/vwajGCpsoJ0
0690-0,l2erI86JxzE,Primary Open-ended Question,Character Motivation Causality,Why is the child lying on the ground?,27.76,Please state your answer with a brief explanation.,,https://www.youtube.com/shorts/l2erI86JxzE
0690-1,l2erI86JxzE,Paraphrased Open-ended Question,Character Motivation Causality,What is the reason the child is on the floor?,27.76,Please state your answer with a brief explanation.,,https://www.youtube.com/shorts/l2erI86JxzE
0690-2,l2erI86JxzE,Correctly-led Open-ended Question,Character Motivation Causality,Is the child lying on the ground to secretly take the money during the trick?,27.76,Please state your answer with a brief explanation.,,https://www.youtube.com/shorts/l2erI86JxzE
0690-3,l2erI86JxzE,Wrongly-led Open-ended Question,Character Motivation Causality,Is the child lying on the ground because they are playing or relaxing?,27.76,Please state your answer with a brief explanation.,,https://www.youtube.com/shorts/l2erI86JxzE
0690-7,l2erI86JxzE,Multiple-choice Question with a Single Correct Answer,Character Motivation Causality,"Why is the child lying on the ground?
A. To sleep.
B. To play with toys.
C. To secretly get money.
D. To relax.",27.76,"E. None of the above
Select one best answer to the above multiple-choice question based on the video. Respond with only the letter (A, B, C, D or E) of the correct option.",,https://www.youtube.com/shorts/l2erI86JxzE
0695-0,DN-gN9LaFGg,Primary Open-ended Question,Plot Attribute,Who won the game?,42.45,Please state your answer with a brief explanation.,The girl won the game because she had a strategy and remembered the colors.,https://www.youtube.com/shorts/DN-gN9LaFGg
0695-1,DN-gN9LaFGg,Paraphrased Open-ended Question,Plot Attribute,Who emerged as the winner of the competition?,42.45,Please state your answer with a brief explanation.,The woman won. She correctly matched all of her cups first.,https://www.youtube.com/shorts/DN-gN9LaFGg
0695-2,DN-gN9LaFGg,Correctly-led Open-ended Question,Plot Attribute,Did the woman win the game because she arranged her cups in the correct order?,42.45,Please state your answer with a brief explanation.,"Yes, the woman won the game because she arranged all of her cups in the correct order.",https://www.youtube.com/shorts/DN-gN9LaFGg
0695-3,DN-gN9LaFGg,Wrongly-led Open-ended Question,Plot Attribute,Did the man win the game because he was faster at arranging the cups?,42.45,Please state your answer with a brief explanation.,"No, the woman won the game because she used a strategy. The man was just guessing at the end.",https://www.youtube.com/shorts/DN-gN9LaFGg
0695-7,DN-gN9LaFGg,Multiple-choice Question with a Single Correct Answer,Plot Attribute,"Who won the cup matching game?
A. The woman
B. The man
C. It was a tie
D. Neither of them",42.45,"E. None of the above
Select one best answer to the above multiple-choice question based on the video. Respond with only the letter (A, B, C, D or E) of the correct option.",A,https://www.youtube.com/shorts/DN-gN9LaFGg
0706-0,zLAwp0V1vng,Primary Open-ended Question,Character Motivation Causality,What is the purpose of the actions of the man in the first half of the video?,16.95,Please state your answer with a brief explanation.,The man is recording footage of himself performing different actions for VFX editing later. He is trying to create a video that looks like he has superpowers and is fighting a clone of himself.,https://www.youtube.com/shorts/zLAwp0V1vng
0706-1,zLAwp0V1vng,Paraphrased Open-ended Question,Character Motivation Causality,What is the man trying to achieve with his actions in the first part of the video?,16.95,Please state your answer with a brief explanation.,He is trying to capture various actions and movements by recording himself in different poses. This is later edited to create a scene where he appears to teleport and fight with a digital version of himself.,https://www.youtube.com/shorts/zLAwp0V1vng
0706-2,zLAwp0V1vng,Correctly-led Open-ended Question,Character Motivation Causality,Is the man in the first half of the video shooting footage for a video with special effects?,16.95,Please state your answer with a brief explanation.,"Yes, the first half of the video shows the man filming footage that will be used for a video with special effects. The captions in the video also mention editing.",https://www.youtube.com/shorts/zLAwp0V1vng
0706-3,zLAwp0V1vng,Wrongly-led Open-ended Question,Character Motivation Causality,Is the man in the first half of the video setting up a camera on a tripod to record himself practicing martial arts?,16.95,Please state your answer with a brief explanation.,"Yes, the man in the first half of the video is setting up a camera on a tripod and then proceeding to record himself doing martial arts-type moves.",https://www.youtube.com/shorts/zLAwp0V1vng
0706-7,zLAwp0V1vng,Multiple-choice Question with a Single Correct Answer,Character Motivation Causality,"What is the purpose of the man's actions in the first half of the video?
A. Setting up a camera on a tripod
B. Shooting video material for the second half
C. Demonstrating moves for social media
D. Practicing martial arts",16.95,"E. None of the above
Select one best answer to the above multiple-choice question based on the video. Respond with only the letter (A, B, C, D or E) of the correct option.",B,https://www.youtube.com/shorts/zLAwp0V1vng
0707-0,VGmKsn6gx50,Primary Open-ended Question,Character Motivation Causality,What is the purpose of the person in the video running towards the camera?,18.24,Please state your answer with a brief explanation.,He is trying to give the illusion that a small drink in his hand suddenly increases in size. This is accomplished through video editing.,https://www.youtube.com/shorts/VGmKsn6gx50
0707-1,VGmKsn6gx50,Paraphrased Open-ended Question,Character Motivation Causality,Why does the person run towards the camera in the video?,18.24,Please state your answer with a brief explanation.,"The person runs toward the camera at [00:00:09] for a dramatic effect, likely to emphasize the giant drink idea being showcased in the video.",https://www.youtube.com/shorts/VGmKsn6gx50
0707-2,VGmKsn6gx50,Correctly-led Open-ended Question,Character Motivation Causality,Is the person running towards the camera to show the drink up close for post-production?,18.24,Please state your answer with a brief explanation.,"Yes, it appears the person is running towards the camera to show the drink up close for post-production, evident in the video where the person goes from dancing with the drink at a distance to approaching the camera for a close-up shot around the [00:00:14] timestamp.",https://www.youtube.com/shorts/VGmKsn6gx50
0707-3,VGmKsn6gx50,Wrongly-led Open-ended Question,Character Motivation Causality,Is the person running towards the camera to engage the audience with a dynamic introduction and What is his specific action?,18.24,Please state your answer with a brief explanation.,"Yes, the person runs towards the camera. He holds up a drink.",https://www.youtube.com/shorts/VGmKsn6gx50
0707-7,VGmKsn6gx50,Multiple-choice Question with a Single Correct Answer,Character Motivation Causality,"What is the purpose of the person running towards the camera?
A. To show the drink up close for post-production
B. To review the beverage
C. To engage the audience
D. To create a dynamic introduction",18.24,"E. None of the above
Select one best answer to the above multiple-choice question based on the video. Respond with only the letter (A, B, C, D or E) of the correct option.",C,https://www.youtube.com/shorts/VGmKsn6gx50
0708-0,dIKw3x7iLUo,Primary Open-ended Question,Character Reaction Causality,What is the reason for the cat screaming in the last shot?,18.9,Please state your answer with a brief explanation.,"The cat is screaming in the last shot because its owner came back with a bag full of beauty products from Ozon, implying the cat's ""mess"" was covered up by the purchase of new products.",https://www.youtube.com/shorts/dIKw3x7iLUo
0708-1,dIKw3x7iLUo,Paraphrased Open-ended Question,Character Reaction Causality,Why is the cat yelling in the final scene?,18.9,Please state your answer with a brief explanation.,The cat yells in the final scene because her owner bought even more products and she is shocked.,https://www.youtube.com/shorts/dIKw3x7iLUo
0708-2,dIKw3x7iLUo,Correctly-led Open-ended Question,Character Reaction Causality,Did the cat scream because it saw more bath products being brought in after it thought it had destroyed them all?,18.9,Please state your answer with a brief explanation.,"Yes, the cat screams after the owner brings in a large bag filled with more bath products. It thought it had destroyed them all, as it is shown destroying them prior to this scene.",https://www.youtube.com/shorts/dIKw3x7iLUo
0708-3,dIKw3x7iLUo,Wrongly-led Open-ended Question,Character Reaction Causality,Is the cat screaming in the last shot because it is upset about the mess in the bathtub?,18.9,Please state your answer with a brief explanation.,"No, it is screaming because its owner has brought more products into the house. The cat makes a mess with the first set of products and then is shocked when the owner brings in additional products.",https://www.youtube.com/shorts/dIKw3x7iLUo
0708-7,dIKw3x7iLUo,Multiple-choice Question with a Single Correct Answer,Character Reaction Causality,"Why did the cat scream in the last shot?
A. It was scared of the water.
B. It was upset about the mess in the bathtub.
C. It thought it had destroyed all the bath products, but more were brought out.
D. It was hungry.",18.9,"E. None of the above
Select one best answer to the above multiple-choice question based on the video. Respond with only the letter (A, B, C, D or E) of the correct option.",C,https://www.youtube.com/shorts/dIKw3x7iLUo
0721-0,ir89-1OXw5U,Primary Open-ended Question,Element Attributes (Optical Illusion),What is the man in sunglasses holding in his hand?,32.97,Please state your answer with a brief explanation.,The man in sunglasses is holding a potato chip in his hand. The potato chip is positioned to look like a sail on a small boat.,https://www.youtube.com/shorts/ir89-1OXw5U
0721-1,ir89-1OXw5U,Paraphrased Open-ended Question,Element Attributes (Optical Illusion),What is the man wearing sunglasses doing with his hands?,32.97,Please state your answer with a brief explanation.,The man wearing sunglasses is holding his hand out to make the plane look like it is landing or being held in his hand.,https://www.youtube.com/shorts/ir89-1OXw5U
0721-2,ir89-1OXw5U,Correctly-led Open-ended Question,Element Attributes (Optical Illusion),Is the man in sunglasses actually holding anything in his hand?,32.97,Please state your answer with a brief explanation.,"Yes, at [00:00:24], the man in sunglasses is holding his hand up to make it look like he is holding the airplane.",https://www.youtube.com/shorts/ir89-1OXw5U
0721-3,ir89-1OXw5U,Wrongly-led Open-ended Question,Element Attributes (Optical Illusion),Is the man in sunglasses holding a toy airplane in his hand?,32.97,Please state your answer with a brief explanation.,"No, the man in sunglasses is not holding a toy airplane in his hand, he is standing under a real airplane.",https://www.youtube.com/shorts/ir89-1OXw5U
0721-7,ir89-1OXw5U,Multiple-choice Question with a Single Correct Answer,Element Attributes (Optical Illusion),"What is the man in sunglasses holding in his hand?
A. A potato chip
B. Nothing
C. A plane
D. A sail",32.97,"E. None of the above
Select one best answer to the above multiple-choice question based on the video. Respond with only the letter (A, B, C, D or E) of the correct option.",A,https://www.youtube.com/shorts/ir89-1OXw5U
0723-0,pUIkzB8KebU,Primary Open-ended Question,Objective Causality,Why does the little monster in the video look like it's active?,15.15,Please state your answer with a brief explanation.,"The monster looks like it's active because of a depth perception illusion. The brain assumes the snout is pointing toward you, and not receding away, until proved otherwise.",https://www.youtube.com/shorts/pUIkzB8KebU
0723-1,pUIkzB8KebU,Paraphrased Open-ended Question,Objective Causality,What makes the little monster in the video seem like it's moving?,15.15,Please state your answer with a brief explanation.,The illusion works because it's an inside-out cardboard box that tricks your depth perception.,https://www.youtube.com/shorts/pUIkzB8KebU
0723-2,pUIkzB8KebU,Correctly-led Open-ended Question,Objective Causality,Is the little monster in the video appearing to move due to an optical illusion involving a concave surface?,15.15,Please state your answer with a brief explanation.,"Yes, the illusion works through the fact that it is an inside-out cardboard box (concave), which makes it hard to see it again once the secret is revealed.",https://www.youtube.com/shorts/pUIkzB8KebU
0723-3,pUIkzB8KebU,Wrongly-led Open-ended Question,Objective Causality,Is the little monster in the video appearing to move because someone is manipulating it?,15.15,Please state your answer with a brief explanation.,"No, the little monster in the video appears to move due to a depth perception illusion. It is actually an inside-out cardboard box.",https://www.youtube.com/shorts/pUIkzB8KebU
0723-7,pUIkzB8KebU,Multiple-choice Question with a Single Correct Answer,Objective Causality,"Why does the little monster in the video appear to be active?
A. It is a robotic creature.
B. It is being manipulated by a person.
C. It is animated using CGI.
D. It is painted on a concave surface creating an optical illusion.",15.15,"E. None of the above
Select one best answer to the above multiple-choice question based on the video. Respond with only the letter (A, B, C, D or E) of the correct option.",D,https://www.youtube.com/shorts/pUIkzB8KebU
0724-0,9Iof4qwbrwQ,Primary Open-ended Question,Objective Causality,"Why does the pen pass through the banknote, but the note is not broken?Please explain how a banknote is folded.",43.99,Please state your answer with a brief explanation.,"The banknote is folded in half, then folded in half again the other way.",https://www.youtube.com/shorts/9Iof4qwbrwQ
0724-1,9Iof4qwbrwQ,Paraphrased Open-ended Question,Objective Causality,"How does the pen manage to go through the banknote without tearing it?Please explain how a banknote is folded,",43.99,Please state your answer with a brief explanation.,"The banknote is folded in a way that creates a space for the pen to pass through without tearing the bill. At 0:16, the bill is folded in half and then folded up like a V. This creates a space in the corner for the pen. The pen then passes through the gap in the folds so the bill is not torn.",https://www.youtube.com/shorts/9Iof4qwbrwQ
0724-2,9Iof4qwbrwQ,Correctly-led Open-ended Question,Objective Causality,Is the reason the banknote remains intact because the pen goes through a folded opening rather than the middle?,43.99,Please state your answer with a brief explanation.,"Yes, the bill remains intact because the pen goes through a folded opening rather than the middle.",https://www.youtube.com/shorts/9Iof4qwbrwQ
0724-3,9Iof4qwbrwQ,Wrongly-led Open-ended Question,Objective Causality,Is the banknote not broken because the pen has a hidden mechanism that creates the illusion of penetration?,43.99,Please state your answer with a brief explanation.,"Yes, the pen likely has a hidden mechanism, which creates the illusion that the banknote is not broken.",https://www.youtube.com/shorts/9Iof4qwbrwQ
0724-7,9Iof4qwbrwQ,Multiple-choice Question with a Single Correct Answer,Objective Causality,"Why does the pen pass through the banknote without breaking it?
A. The pen is very sharp.
B. The pen has a hidden mechanism.
C. The bill is specially folded.
D. The banknote is made of special material.",43.99,"E. None of the above
Select one best answer to the above multiple-choice question based on the video. Respond with only the letter (A, B, C, D or E) of the correct option.",C,https://www.youtube.com/shorts/9Iof4qwbrwQ
0725-0,PVMqxKAXDQo,Primary Open-ended Question,Objective Causality,Why has the drink in the bottle in the video decreased?,58.11,Please state your answer with a brief explanation.,The drink in the bottle has decreased because the magician pours the drink into a cup and puts a balloon on the side of the bottle with an opening so that the liquid can go through.,https://www.youtube.com/shorts/PVMqxKAXDQo
0725-1,PVMqxKAXDQo,Paraphrased Open-ended Question,Objective Causality,What causes the liquid level in the bottle to drop in the video?,58.11,Please state your answer with a brief explanation.,"The liquid level drops due to a hidden balloon inside the bottle (glued to the bottom). When the presenter squeezes the bottle, the balloon inflates, displacing the liquid and causing the visible level to drop.",https://www.youtube.com/shorts/PVMqxKAXDQo
0725-2,PVMqxKAXDQo,Correctly-led Open-ended Question,Objective Causality,Is the drink level decreasing because the balloon inside the bottle is deflating?,58.11,Please state your answer with a brief explanation.,"Yes, the drink level decreases because the balloon inside the bottle is deflating. You can see the tutorial of the trick where a balloon is inserted, blown up, and then glued into the bottle with a hole in it. The balloon is deflated to make the drink disappear.",https://www.youtube.com/shorts/PVMqxKAXDQo
0725-3,PVMqxKAXDQo,Wrongly-led Open-ended Question,Objective Causality,Is the drink level decreasing because it is being consumed through a straw?,58.11,Please state your answer with a brief explanation.,"No, the drink level is not decreasing because it is being consumed through a straw. It appears that the drink is entering an enclosed balloon which is fixed into a hole in the back of the bottle. As the balloon inflates, the liquid in the bottle appears to decrease.",https://www.youtube.com/shorts/PVMqxKAXDQo
0725-7,PVMqxKAXDQo,Multiple-choice Question with a Single Correct Answer,Objective Causality,"Why does the drink level in the bottle decrease?
A. The balloon inside the bottle is deflating.
B. The drink is evaporating.
C. It is being consumed through a straw.
D. The bottle has a leak.",58.11,"E. None of the above
Select one best answer to the above multiple-choice question based on the video. Respond with only the letter (A, B, C, D or E) of the correct option.",C,https://www.youtube.com/shorts/PVMqxKAXDQo
0729-0,fj2WYT0qBWA,Primary Open-ended Question,Element Attributes (Optical Illusion),Which color of the long strips is the shortest in the video?,10.45,Please state your answer with a brief explanation.,"The black strip is the longest in the video. The presenter placed a dark blue strip on top of the red strip, and on top of that is the black strip, which is the longest of the three.",https://www.youtube.com/shorts/fj2WYT0qBWA
0729-1,fj2WYT0qBWA,Paraphrased Open-ended Question,Element Attributes (Optical Illusion),What is the longest color of the long strips shown in the video?,10.45,Please state your answer with a brief explanation.,"The longest color of the long strips is black. At [00:00:00], the video indicates that the black strip is longer than the red strip.",https://www.youtube.com/shorts/fj2WYT0qBWA
0729-2,fj2WYT0qBWA,Correctly-led Open-ended Question,Element Attributes (Optical Illusion),Is the black strip the longest among the long strips in the video?,10.45,Please state your answer with a brief explanation.,"Yes, the black strip is the longest, as confirmed by the video at [00:00:08].",https://www.youtube.com/shorts/fj2WYT0qBWA
0729-3,fj2WYT0qBWA,Wrongly-led Open-ended Question,Element Attributes (Optical Illusion),Is the black strip the shortest among the long strips in the video?,10.45,Please state your answer with a brief explanation.,"No, the video tests which of the two strips, black or red, is longer, and it ends up being the black strip that is the longest.",https://www.youtube.com/shorts/fj2WYT0qBWA
0729-7,fj2WYT0qBWA,Multiple-choice Question with a Single Correct Answer,Element Attributes (Optical Illusion),"Which color of the long strips is the longest in the video?
A. Black
B. Red
C. Green
D. Blue",10.45,"E. None of the above
Select one best answer to the above multiple-choice question based on the video. Respond with only the letter (A, B, C, D or E) of the correct option.",A,https://www.youtube.com/shorts/fj2WYT0qBWA
0731-0,oSyWpIh4vF8,Primary Open-ended Question,Element Attributes (Optical Illusion),"Based on dual perception, what else can the old man's nose look like in the video?",9.98,Please state your answer with a brief explanation.,The nose of the old man also looks like a mermaid sitting on a rock.,https://www.youtube.com/shorts/oSyWpIh4vF8
0731-1,oSyWpIh4vF8,Paraphrased Open-ended Question,Element Attributes (Optical Illusion),What alternative image can the old man's nose represent in the video?,9.98,Please state your answer with a brief explanation.,The old man's nose can be seen as a mermaid in the illusion.,https://www.youtube.com/shorts/oSyWpIh4vF8
0731-2,oSyWpIh4vF8,Correctly-led Open-ended Question,Element Attributes (Optical Illusion),Could the old man's nose be seen as a mermaid sitting on a reef?,9.98,Please state your answer with a brief explanation.,"Yes, the nose of the old man in the image does form the shape of a mermaid sitting on a rock.",https://www.youtube.com/shorts/oSyWpIh4vF8
0731-3,oSyWpIh4vF8,Wrongly-led Open-ended Question,Element Attributes (Optical Illusion),Could the old man's nose be perceived as the head and beak of a bird?,9.98,Please state your answer with a brief explanation.,"Yes, the old man's nose is depicted as the head and beak of a bird.",https://www.youtube.com/shorts/oSyWpIh4vF8
0731-7,oSyWpIh4vF8,Multiple-choice Question with a Single Correct Answer,Element Attributes (Optical Illusion),"What does the old man's nose resemble in the image?
A. A mermaid sitting on a reef
B. A tree branch
C. A bird's head and beak
D. A mountain peak",9.98,"E. None of the above
Select one best answer to the above multiple-choice question based on the video. Respond with only the letter (A, B, C, D or E) of the correct option.",C,https://www.youtube.com/shorts/oSyWpIh4vF8
0735-0,fBExhFE2-ew,Primary Open-ended Question,Objective Causality (Videography Phenomenon & Illusion),"In the second segment in the video, how did the scenery on the artboard come about?",51.05,Please state your answer with a brief explanation.,,https://www.youtube.com/shorts/fBExhFE2-ew
0735-1,fBExhFE2-ew,Paraphrased Open-ended Question,Objective Causality (Videography Phenomenon & Illusion),What is the method by which the scenery appears on the artboard in the second part of the video?,51.05,Please state your answer with a brief explanation.,,https://www.youtube.com/shorts/fBExhFE2-ew
0735-2,fBExhFE2-ew,Correctly-led Open-ended Question,Objective Causality (Videography Phenomenon & Illusion),Is the scenery on the artboard in the second segment a reflection of the environment?,51.05,Please state your answer with a brief explanation.,,https://www.youtube.com/shorts/fBExhFE2-ew
0735-3,fBExhFE2-ew,Wrongly-led Open-ended Question,Objective Causality (Videography Phenomenon & Illusion),Was the scenery on the artboard in the second segment painted by someone capturing a sunset over water?,51.05,Please state your answer with a brief explanation.,,https://www.youtube.com/shorts/fBExhFE2-ew
0735-7,fBExhFE2-ew,Multiple-choice Question with a Single Correct Answer,Objective Causality (Videography Phenomenon & Illusion),"How was the scenery on the artboard created in the second segment?
A. Printed on the canvas
B. Reflected by a mirror
C. Projected with a light
D. Painted by an artist",51.05,"E. None of the above
Select one best answer to the above multiple-choice question based on the video. Respond with only the letter (A, B, C, D or E) of the correct option.",,https://www.youtube.com/shorts/fBExhFE2-ew
0738-0,YpwGoqs1zjA,Primary Open-ended Question,Objective Causality (Videography Phenomenon & Illusion),How did the man in the video film the sky change from black to bright?,13.28,Please state your answer with a brief explanation.,"The man in the video filmed the sky change from black to bright by locking in the focus and exposure of the camera, then dragging the exposure down until the sky was dark. After locking the exposure and focus, he started filming, letting the sky gradually brighten.",https://www.youtube.com/shorts/YpwGoqs1zjA
0738-1,YpwGoqs1zjA,Paraphrased Open-ended Question,Objective Causality (Videography Phenomenon & Illusion),What method did the man use to make the sky appear to change from dark to light in the video?,13.28,Please state your answer with a brief explanation.,"The man changed the exposure level on the camera. By touching the screen while recording, he was able to adjust the focus of the light, which in turn caused the darkness in the image to brighten up.",https://www.youtube.com/shorts/YpwGoqs1zjA
0738-2,YpwGoqs1zjA,Correctly-led Open-ended Question,Objective Causality (Videography Phenomenon & Illusion),Did the man in the video change the sky from black to bright by adjusting the camera's brightness settings?,13.28,Please state your answer with a brief explanation.,"Yes, the man in the video adjusted the camera's brightness settings from dark to light. In the video, he tapped and dragged his finger on the screen to change the brightness.",https://www.youtube.com/shorts/YpwGoqs1zjA
0738-3,YpwGoqs1zjA,Wrongly-led Open-ended Question,Objective Causality (Videography Phenomenon & Illusion),Did the man in the video use a time-lapse feature to show the sky changing from black to bright?,13.28,Please state your answer with a brief explanation.,"No, the video doesn't mention or show the use of a time-lapse feature. It shows the man using a trick to adjust the exposure while recording a regular video, allowing the camera to gradually adapt to the changing light as the sky brightens.",https://www.youtube.com/shorts/YpwGoqs1zjA
0738-7,YpwGoqs1zjA,Multiple-choice Question with a Single Correct Answer,Objective Causality (Videography Phenomenon & Illusion),"How did the man in the video film the sky changing from black to bright?
A. By adjusting the brightness or exposure settings.
B. By using a time-lapse feature.
C. By changing the camera angle.
D. By using a filter.",13.28,"E. None of the above
Select one best answer to the above multiple-choice question based on the video. Respond with only the letter (A, B, C, D or E) of the correct option.",A,https://www.youtube.com/shorts/YpwGoqs1zjA
0740-0,AoUnw7jcHhg,Primary Open-ended Question,Professional Knowledge,"For the first math problem shown in the video, what is the third step of the calculation process performed by the person in the explaination?",28.58,Please state your answer with a brief explanation.,"After first solving the parentheses by adding 2 + 2 to get 4, the second step is to state the new expression as eight divided by two times four. In the third step of the calculation process, according to the video, the division of eight by two is performed, which equals four.",https://www.youtube.com/shorts/AoUnw7jcHhg
0740-1,AoUnw7jcHhg,Paraphrased Open-ended Question,Professional Knowledge,What is the third step in the calculation process for the first math problem in the video?,28.58,Please state your answer with a brief explanation.,"The third step is 8 divided by 2, which equals 4 (00:00:21). According to PEMDAS, multiplication and division have the same precedence, so we must go from left to right.",https://www.youtube.com/shorts/AoUnw7jcHhg
0740-2,AoUnw7jcHhg,Correctly-led Open-ended Question,Professional Knowledge,"In the first math problem shown, is the third step performing the multiplication of 4 × 4?",28.58,Please state your answer with a brief explanation.,"Yes, the third step is performing the multiplication of 4 × 4 which equals 16. This is because, as the video states, multiplication and division have the same precedence, so you perform the operations from left to right.",https://www.youtube.com/shorts/AoUnw7jcHhg
0740-3,AoUnw7jcHhg,Wrongly-led Open-ended Question,Professional Knowledge,"In the first math problem shown, is the third step performing the division of 8 ÷ 2?",28.58,Please state your answer with a brief explanation.,"Yes, at [00:00:21] in the video, the division of 8 ÷ 2 is performed, resulting in 4.",https://www.youtube.com/shorts/AoUnw7jcHhg
0740-7,AoUnw7jcHhg,Multiple-choice Question with a Single Correct Answer,Professional Knowledge,"What is the third step in the calculation process for the first math problem?
A. Performing the division of 8 ÷ 2
B. Performing the subtraction of 8 - 4
C. Performing the addition of 2 + 2
D. Performing the multiplication of 4 × 4",28.58,"E. None of the above
Select one best answer to the above multiple-choice question based on the video. Respond with only the letter (A, B, C, D or E) of the correct option.",A,https://www.youtube.com/shorts/AoUnw7jcHhg
0742-0,LiP7IkD0-fk,Primary Open-ended Question,Professional Knowledge,What is the value of x?,36.71,Please state your answer with a brief explanation.,"The value of 5x is 90 degrees. This is because the angles x, 2x, and 2x add up to 90 degrees based on the geometry of the diagram in the video, specifically because a straight line creates a 180 degree angle, so the 90 degree angle shown plus the x, 2x, and 2x must add up to 180, meaning the angles x, 2x, and 2x must equal 90.
x + 2x + 2x = 90
5x = 90",https://www.youtube.com/shorts/LiP7IkD0-fk
0742-1,LiP7IkD0-fk,Paraphrased Open-ended Question,Professional Knowledge,How do you determine the value of x in the given diagram?,36.71,Please state your answer with a brief explanation.,"Because the angles x, 2x and 2x are complementary to the 90 degree angle on the other side of the straight line, x+2x+2x=90. Therefore 5x=90 degrees.",https://www.youtube.com/shorts/LiP7IkD0-fk
0742-2,LiP7IkD0-fk,Correctly-led Open-ended Question,Professional Knowledge,Is the value of x 18?,36.71,Please state your answer with a brief explanation.,"No, the value of 5x is 90, and to find that, you would add the angles to equal 90 degrees: x + 2x + 2x = 90.",https://www.youtube.com/shorts/LiP7IkD0-fk
0742-3,LiP7IkD0-fk,Wrongly-led Open-ended Question,Professional Knowledge,Is the value of x 25?,36.71,Please state your answer with a brief explanation.,"No, the value of 5x is not 25. As shown in the video, x + 2x + 2x = 90 degrees, thus 5x = 90 degrees.",https://www.youtube.com/shorts/LiP7IkD0-fk
0742-7,LiP7IkD0-fk,Multiple-choice Question with a Single Correct Answer,Professional Knowledge,"What is the value of x in the diagram?
A. 45
B. 18
C. 25
D. 90",36.71,"E. None of the above
Select one best answer to the above multiple-choice question based on the video. Respond with only the letter (A, B, C, D or E) of the correct option.",E,https://www.youtube.com/shorts/LiP7IkD0-fk
0743-0,Db26nmr_95c,Primary Open-ended Question,Professional Knowledge,What is the answer to the third math question in the video?,37.15,Please state your answer with a brief explanation.,"The answer to the third math question is 30. The question is 20 + 10, and the choices are 40 and 30. The video shows the individual choosing 30.",https://www.youtube.com/shorts/Db26nmr_95c
0743-1,Db26nmr_95c,Paraphrased Open-ended Question,Professional Knowledge,What is the solution to the third math problem in the video?,37.15,Please state your answer with a brief explanation.,"The solution to the third math problem, ""20 + 10,"" is 30.",https://www.youtube.com/shorts/Db26nmr_95c
0743-2,Db26nmr_95c,Correctly-led Open-ended Question,Professional Knowledge,Is the answer to the third math question in the video 26?,37.15,Please state your answer with a brief explanation.,"Yes, the answer to the third math question, 13+13, is 26.",https://www.youtube.com/shorts/Db26nmr_95c
0743-3,Db26nmr_95c,Wrongly-led Open-ended Question,Professional Knowledge,Is the answer to the third math question in the video 25?,37.15,Please state your answer with a brief explanation.,"The answer to the third math question (13 + 13) is 26, not 25. The content creator selects 26.",https://www.youtube.com/shorts/Db26nmr_95c
0743-7,Db26nmr_95c,Multiple-choice Question with a Single Correct Answer,Professional Knowledge,"What is the answer to the third math question in the video?
A. 25
B. 28
C. 26
D. 27",37.15,"E. None of the above
Select one best answer to the above multiple-choice question based on the video. Respond with only the letter (A, B, C, D or E) of the correct option.",C,https://www.youtube.com/shorts/Db26nmr_95c
0749-0,FBXl4t_t0aM,Primary Open-ended Question,Element Attributes,"In the first physics experiment in the video, what substances can pass through the sieve?",59.95,Please state your answer with a brief explanation.,"Rice can pass through the sieve, while flour cannot because flour is more condensed and builds up, creating friction, which prevents it from passing through.",https://www.youtube.com/shorts/FBXl4t_t0aM
0749-1,FBXl4t_t0aM,Paraphrased Open-ended Question,Element Attributes,Which materials are able to pass through the sieve in the first physics experiment shown in the video?,59.95,Please state your answer with a brief explanation.,"In the first experiment, rice passes through the sieve while the flour does not. This is likely because flour has more friction and is more compact compared to rice.",https://www.youtube.com/shorts/FBXl4t_t0aM
0749-2,FBXl4t_t0aM,Correctly-led Open-ended Question,Element Attributes,"In the first physics experiment, do rice and a yellow coarse grain pass through the sieve?",59.95,Please state your answer with a brief explanation.,"No, rice passes through the sieve, but a yellow coarse grain does not. The flour is more condensed and has higher friction which is why it does not pass through.",https://www.youtube.com/shorts/FBXl4t_t0aM
0749-3,FBXl4t_t0aM,Wrongly-led Open-ended Question,Element Attributes,"In the first physics experiment, does flour pass through the sieve?",59.95,Please state your answer with a brief explanation.,"No, flour does not pass through the sieve. This is because flour has more friction than other powders because of it compacting.",https://www.youtube.com/shorts/FBXl4t_t0aM
0749-7,FBXl4t_t0aM,Multiple-choice Question with a Single Correct Answer,Element Attributes,"In the first physics experiment, what substances can pass through the sieve?
A. Smaller particles like liquid
B. None of the above
C. Only the white powder
D. Rice and a yellow coarse grain",59.95,"E. None of the above
Select one best answer to the above multiple-choice question based on the video. Respond with only the letter (A, B, C, D or E) of the correct option.",D,https://www.youtube.com/shorts/FBXl4t_t0aM
0755-0,HsXS1Qt11cU,Primary Open-ended Question,Element Attributes (Optical Illusion),What is the material of the sponge used for cleaning?,17.62,Please state your answer with a brief explanation.,"The sponge is made of cake, as demonstrated when the woman bites into it in the video at [00:00:01].",https://www.youtube.com/shorts/HsXS1Qt11cU
0755-1,HsXS1Qt11cU,Paraphrased Open-ended Question,Element Attributes (Optical Illusion),What is the composition of the sponge shown in the video?,17.62,Please state your answer with a brief explanation.,"The sponge shown in the video is made of cake, as are the other household objects. This is explicitly shown at [00:00:00-00:00:03]. Other examples are at [00:00:08-00:00:09] and [00:00:16-00:00:17].",https://www.youtube.com/shorts/HsXS1Qt11cU
0755-2,HsXS1Qt11cU,Correctly-led Open-ended Question,Element Attributes (Optical Illusion),Is the sponge in the video made of an edible material like cake?,17.62,Please state your answer with a brief explanation.,"Yes, the sponge is made of cake. This is shown at [00:00:01] when the woman takes a bite out of it.",https://www.youtube.com/shorts/HsXS1Qt11cU
0755-3,HsXS1Qt11cU,Wrongly-led Open-ended Question,Element Attributes (Optical Illusion),Is the sponge in the video made of synthetic materials like polyurethane foam?,17.62,Please state your answer with a brief explanation.,"No, the sponge in the video is not made of synthetic materials. As seen at [00:00:02], the creator of the video eats the sponge indicating that it is made of cake.",https://www.youtube.com/shorts/HsXS1Qt11cU
0755-7,HsXS1Qt11cU,Multiple-choice Question with a Single Correct Answer,Element Attributes (Optical Illusion),"What is the material of the sponge in the video?
A. Synthetic materials
B. Edible material like cake
C. Plastic
D. Metal",17.62,"E. None of the above
Select one best answer to the above multiple-choice question based on the video. Respond with only the letter (A, B, C, D or E) of the correct option.",B,https://www.youtube.com/shorts/HsXS1Qt11cU
0757-0,as--BPL2gRQ,Primary Open-ended Question,Positional Relationship,Which foot of the boy in red is in the pit?,5.97,Please state your answer with a brief explanation.,The boy in red has his left foot in the pit. As shown at [00:00:03].,https://www.youtube.com/shorts/as--BPL2gRQ
0757-1,as--BPL2gRQ,Paraphrased Open-ended Question,Positional Relationship,Which foot of the boy wearing red is inside the pit?,5.97,Please state your answer with a brief explanation.,The boy wearing red has his left foot inside the pit.,https://www.youtube.com/shorts/as--BPL2gRQ
0757-2,as--BPL2gRQ,Correctly-led Open-ended Question,Positional Relationship,Is the boy in red's left foot the one in the pit?,5.97,Please state your answer with a brief explanation.,"Yes, the boy in red's left foot is the one in the pit as he is stomping the ball into the ground with his left foot.",https://www.youtube.com/shorts/as--BPL2gRQ
0757-3,as--BPL2gRQ,Wrongly-led Open-ended Question,Positional Relationship,Is the boy in red's right foot the one in the pit?,5.97,Please state your answer with a brief explanation.,"No, the left foot of the boy in red makes the pit.",https://www.youtube.com/shorts/as--BPL2gRQ
0757-7,as--BPL2gRQ,Multiple-choice Question with a Single Correct Answer,Positional Relationship,"Which foot of the boy in red is in the pit?
A. Left foot
B. Right foot
C. Both feet
D. Neither foot",5.97,"E. None of the above
Select one best answer to the above multiple-choice question based on the video. Respond with only the letter (A, B, C, D or E) of the correct option.",B,https://www.youtube.com/shorts/as--BPL2gRQ
0762-0,Jo7sfpeWqwE,Primary Open-ended Question,Element Attributes,What was the second boat made of?,19.69,Please state your answer with a brief explanation.,"The second boat was made of suitcases, as shown from [00:00:00-00:00:00:02].",https://www.youtube.com/shorts/Jo7sfpeWqwE
0762-1,Jo7sfpeWqwE,Paraphrased Open-ended Question,Element Attributes,What material was used to make the second boat?,19.69,Please state your answer with a brief explanation.,"The second boat was made out of sheets of paper, though it quickly sunk.",https://www.youtube.com/shorts/Jo7sfpeWqwE
0762-2,Jo7sfpeWqwE,Correctly-led Open-ended Question,Element Attributes,"Is the second boat made of paper, as indicated by its immediate sinking when stepped on?",19.69,Please state your answer with a brief explanation.,"No, the second boat is not made of paper. It is a boat made of what looks like cardboard, since it immediately collapses when stepped on.",https://www.youtube.com/shorts/Jo7sfpeWqwE
0762-3,Jo7sfpeWqwE,Wrongly-led Open-ended Question,Element Attributes,"Is the second boat made of a mattress, as suggested by the highlighted emoji?",19.69,Please state your answer with a brief explanation.,"No, the second boat is made of suitcases, not a mattress.",https://www.youtube.com/shorts/Jo7sfpeWqwE
0762-7,Jo7sfpeWqwE,Multiple-choice Question with a Single Correct Answer,Element Attributes,"What is the second boat made of?
A. Wood
B. Mattress
C. Paper
D. Plastic",19.69,"E. None of the above
Select one best answer to the above multiple-choice question based on the video. Respond with only the letter (A, B, C, D or E) of the correct option.",C,https://www.youtube.com/shorts/Jo7sfpeWqwE
0763-0,XNYK4k7hq3Y,Primary Open-ended Question,Element Attributes (Optical Illusion),"Which one is real, the canned coke that was taken away or the canned Coke that is still in the picture?",58.84,Please state your answer with a brief explanation.,The canned Coke that was taken away is real because the video explains that the eye perceives the object as a 3D figure.,https://www.youtube.com/shorts/XNYK4k7hq3Y
0763-1,XNYK4k7hq3Y,Paraphrased Open-ended Question,Element Attributes (Optical Illusion),"Which canned Coke is genuine, the one removed or the one left in the image?",58.84,Please state your answer with a brief explanation.,"The video explains that in some situations our eyes can deceive us into thinking that we see an actual 3D object when it is in fact an illusion or a drawing; therefore, neither can of Coke shown is a genuine canned Coke.",https://www.youtube.com/shorts/XNYK4k7hq3Y
0763-2,XNYK4k7hq3Y,Correctly-led Open-ended Question,Element Attributes (Optical Illusion),Is the real canned Coke the one that was taken away?,58.84,Please state your answer with a brief explanation.,"The video mentions that in the eyes, the Coke can will be viewed as a real 3D object. However, this is a visual illusion.",https://www.youtube.com/shorts/XNYK4k7hq3Y
0763-3,XNYK4k7hq3Y,Wrongly-led Open-ended Question,Element Attributes (Optical Illusion),Is the real canned Coke the one that is still in the picture?,58.84,Please state your answer with a brief explanation.,"No, the canned Coke is a drawing. The video explains how different drawing and perspective techniques can cause visual illusions (0:22).",https://www.youtube.com/shorts/XNYK4k7hq3Y
0763-7,XNYK4k7hq3Y,Multiple-choice Question with a Single Correct Answer,Element Attributes (Optical Illusion),"Which canned Coke is real?
A. The one taken away.
B. Neither is real.
C. Both are real.
D. The one still in the picture.",58.84,"E. None of the above
Select one best answer to the above multiple-choice question based on the video. Respond with only the letter (A, B, C, D or E) of the correct option.",B,https://www.youtube.com/shorts/XNYK4k7hq3Y
0766-0,eoeIl02oH90,Primary Open-ended Question,Positional Relationship,Which shoulder did the archer use to release the bow?,19.04,Please state your answer with a brief explanation.,"Sheetal Devi draws the bow using her right shoulder to pull and release the arrow, as demonstrated between [00:00:00-00:00:16].",https://www.youtube.com/shorts/eoeIl02oH90
0766-1,eoeIl02oH90,Paraphrased Open-ended Question,Positional Relationship,From which shoulder did the archer release the bow?,19.04,Please state your answer with a brief explanation.,"The archer released the bow using her left shoulder. This is evident as the video shows the archer using their feet to draw back the arrow on the bow. When the archer releases the bow and the arrow is sent, the left side of her shoulder pulls back to release the arrow towards the target.",https://www.youtube.com/shorts/eoeIl02oH90
0766-2,eoeIl02oH90,Correctly-led Open-ended Question,Positional Relationship,Did the archer release the bow using their right shoulder?,19.04,Please state your answer with a brief explanation.,"No, the archer does not use their right shoulder to release the bow. Looking at 0:02 from the video, the archer uses their right foot to pull the bow and release the arrow.",https://www.youtube.com/shorts/eoeIl02oH90
0766-3,eoeIl02oH90,Wrongly-led Open-ended Question,Positional Relationship,Did the archer release the bow using their left shoulder?,19.04,Please state your answer with a brief explanation.,"No. The archer draws the bowstring using their foot, so the shoulders are not relevant to the action of releasing the bow.",https://www.youtube.com/shorts/eoeIl02oH90
0766-7,eoeIl02oH90,Multiple-choice Question with a Single Correct Answer,Positional Relationship,"Which shoulder did the archer use to release the bow?
A. Both shoulders
B. Neither shoulder
C. Left shoulder
D. Right shoulder",19.04,"E. None of the above
Select one best answer to the above multiple-choice question based on the video. Respond with only the letter (A, B, C, D or E) of the correct option.",D,https://www.youtube.com/shorts/eoeIl02oH90
0777-0,LLo9u8GYUU0,Primary Open-ended Question,Event Counting,How many trick shots are shown totally?,59.28,Please state your answer with a brief explanation.,There are 13 trick shots shown in the video. This can be determined by the captions indicating how long it took to film each trick shot. The video counts upwards by half years.,https://www.youtube.com/shorts/LLo9u8GYUU0
0777-1,LLo9u8GYUU0,Paraphrased Open-ended Question,Event Counting,What is the total number of trick shots displayed in the images?,59.28,Please state your answer with a brief explanation.,There are 12 successful trick shots displayed. The trick shots are from different time periods of practicing and the length of practice time is shown at the top of each sequence of successful trick shots.,https://www.youtube.com/shorts/LLo9u8GYUU0
0777-2,LLo9u8GYUU0,Correctly-led Open-ended Question,Event Counting,Is the total number of trick shots shown in the images 14?,59.28,Please state your answer with a brief explanation.,"No, the total number of trick shots shown is 12.",https://www.youtube.com/shorts/LLo9u8GYUU0
0777-3,LLo9u8GYUU0,Wrongly-led Open-ended Question,Event Counting,Is the total number of trick shots shown in the images 12?,59.28,Please state your answer with a brief explanation.,"No, the total number of trick shots shown in the images is 14.",https://www.youtube.com/shorts/LLo9u8GYUU0
0777-7,LLo9u8GYUU0,Multiple-choice Question with a Single Correct Answer,Event Counting,"How many trick shots are shown in the images?
A. 10
B. 12
C. 14
D. 8",59.28,"E. None of the above
Select one best answer to the above multiple-choice question based on the video. Respond with only the letter (A, B, C, D or E) of the correct option.",B,https://www.youtube.com/shorts/LLo9u8GYUU0
0779-0,jt3v-FRTbrY,Primary Open-ended Question,Objective Causality,"What illusion is achieved in the video, and how?",19.62,Please state your answer with a brief explanation.,"The video shows the Penrose triangle illusion, which makes a shape made of blocks appear to be three-dimensional when viewed from a certain angle. However, once the angle is changed, it becomes clear that the blocks are flat and arranged in a way that creates the illusion.",https://www.youtube.com/shorts/jt3v-FRTbrY
0779-1,jt3v-FRTbrY,Paraphrased Open-ended Question,Objective Causality,"How is the illusion in the video created, and what is it?",19.62,Please state your answer with a brief explanation.,"The illusion is a Penrose triangle, also known as the impossible triangle. It appears as a three-dimensional object made of blocks, but when viewed from a different angle, it becomes clear that the blocks are not fully connected in a way that would allow it to exist in three dimensions.",https://www.youtube.com/shorts/jt3v-FRTbrY
0779-2,jt3v-FRTbrY,Correctly-led Open-ended Question,Objective Causality,Does the video show a Penrose Triangle illusion created by arranging concave structures to appear as floating cubes?,19.62,Please state your answer with a brief explanation.,"Yes, the video presents a Penrose Triangle illusion using orange, concave shapes to create the appearance of floating cubes.",https://www.youtube.com/shorts/jt3v-FRTbrY
0779-3,jt3v-FRTbrY,Wrongly-led Open-ended Question,Objective Causality,Is the illusion in the video achieved by aligning blocks to form a continuous triangle from a specific angle?,19.62,Please state your answer with a brief explanation.,"Yes, the illusion is achieved by aligning blocks in a specific way that, from a particular viewpoint, creates the appearance of a continuous, impossible triangle, known as the Penrose triangle.",https://www.youtube.com/shorts/jt3v-FRTbrY
0779-7,jt3v-FRTbrY,Multiple-choice Question with a Single Correct Answer,Objective Causality,"How is the Penrose Triangle illusion achieved in the video?
A. By constructing a 3D convex object that appears as floating cubes.
B. By painting a triangle on a flat surface.
C. By aligning blocks to form a continuous triangle.
D. By using mirrors to reflect the shape.",19.62,"E. None of the above
Select one best answer to the above multiple-choice question based on the video. Respond with only the letter (A, B, C, D or E) of the correct option.",C,https://www.youtube.com/shorts/jt3v-FRTbrY
0790-0,HPoyer1Ix-o,Primary Open-ended Question,Professional Knowledge,How to adjust the transparent sheet to see the blue tube?,35.78,Please state your answer with a brief explanation.,Place the transparent sheet horizontally to make the blue tube disappear. Turn the transparent sheet vertically to see the blue tube.,https://www.youtube.com/shorts/HPoyer1Ix-o
0790-1,HPoyer1Ix-o,Paraphrased Open-ended Question,Professional Knowledge,What adjustment is needed to make the blue tube visible through the transparent sheet?,35.78,Please state your answer with a brief explanation.,"Rotate the transparent sheet to be perpendicular to the blue tube. The transparent sheet is a polarizing lens, and rotating the lens will make the blue tube visible while the other tubes are not.",https://www.youtube.com/shorts/HPoyer1Ix-o
0790-2,HPoyer1Ix-o,Correctly-led Open-ended Question,Professional Knowledge,"To see the blue tube, should the transparent sheet be rotated by 90 degrees?",35.78,Please state your answer with a brief explanation.,"Yes, if the transparent sheet is rotated 90 degrees, the blue tube can be seen (0:18).",https://www.youtube.com/shorts/HPoyer1Ix-o
0790-3,HPoyer1Ix-o,Wrongly-led Open-ended Question,Professional Knowledge,"To see the blue tube, should the transparent sheet be rotated by 45 degrees?",35.78,Please state your answer with a brief explanation.,"Yes, according to the video at [00:00:26], when the transparent sheet is rotated by 45 degrees, the blue tube can be seen.",https://www.youtube.com/shorts/HPoyer1Ix-o
0790-7,HPoyer1Ix-o,Multiple-choice Question with a Single Correct Answer,Professional Knowledge,"How should the transparent sheet be adjusted to see the blue tube?
A. Rotate by 180 degrees.
B. Rotate by 45 degrees.
C. Do not rotate.
D. Rotate by 90 degrees.",35.78,"E. None of the above
Select one best answer to the above multiple-choice question based on the video. Respond with only the letter (A, B, C, D or E) of the correct option.",D,https://www.youtube.com/shorts/HPoyer1Ix-o
0794-0,pxtbNUqh3Sc,Primary Open-ended Question,Plot Attribute,"Who in the video is the caption referring to as ""friend"" in the video?",17.14,Please state your answer with a brief explanation.,"The caption ""Never trust your friend"" is referring to the cat that abandons its friend, the cat that's stuck hanging off the ledge.",https://www.youtube.com/shorts/pxtbNUqh3Sc
0794-1,pxtbNUqh3Sc,Paraphrased Open-ended Question,Plot Attribute,Which character in the video is described as the 'friend' in the caption?,17.14,Please state your answer with a brief explanation.,"The ""friend"" in the caption refers to the cat that runs away, leaving the other cat hanging and in danger.",https://www.youtube.com/shorts/pxtbNUqh3Sc
0794-2,pxtbNUqh3Sc,Correctly-led Open-ended Question,Plot Attribute,Is the 'friend' in the caption the white cat that leaves quickly at the start of the video?,17.14,Please state your answer with a brief explanation.,"Yes, the 'friend' mentioned in the caption is the white cat that runs away quickly at the beginning of the video, leaving the other cat to fend for itself.",https://www.youtube.com/shorts/pxtbNUqh3Sc
0794-3,pxtbNUqh3Sc,Wrongly-led Open-ended Question,Plot Attribute,Is the 'friend' in the caption the black dog?,17.14,Please state your answer with a brief explanation.,"No, the 'friend' in the caption refers to the other cat who abandons the cat in distress. The dogs arrive later in the video.",https://www.youtube.com/shorts/pxtbNUqh3Sc
0794-7,pxtbNUqh3Sc,Multiple-choice Question with a Single Correct Answer,Plot Attribute,"Who is the 'friend' mentioned in the caption?
A. The white cat leaving quickly at the beginning of the video.
B. The white cat leading another along a narrow ledge.
C. The cat with a black spot on its ear.
D. The balck dog.",17.14,"E. None of the above
Select one best answer to the above multiple-choice question based on the video. Respond with only the letter (A, B, C, D or E) of the correct option.",A.,https://www.youtube.com/shorts/pxtbNUqh3Sc
0803-0,L4pEorJZ1a0,Primary Open-ended Question,Element Attributes,What was burning in the video?,29.53,Please state your answer with a brief explanation.,"Candles were burning in the video. The demonstrator put a glass vase over the candles, which were sitting in a tray of water.",https://www.youtube.com/shorts/L4pEorJZ1a0
0803-1,L4pEorJZ1a0,Paraphrased Open-ended Question,Element Attributes,What is the object that is on fire in the video?,29.53,Please state your answer with a brief explanation.,"The object that is on fire in the video are candles. They are sitting in a tray of water, and the demonstrator puts a glass vase over them to show how atmospheric pressure works.",https://www.youtube.com/shorts/L4pEorJZ1a0
0803-2,L4pEorJZ1a0,Correctly-led Open-ended Question,Element Attributes,Is it true that a bunch of candles is burning in the video?,29.53,Please state your answer with a brief explanation.,"Yes, it is true. At [00:00:03] of the video, the presenter does state that he is putting a glass vase over several candles in a tray of water.",https://www.youtube.com/shorts/L4pEorJZ1a0
0803-3,L4pEorJZ1a0,Wrongly-led Open-ended Question,Element Attributes,Is the burning object in the video a small blue sponge-like object?,29.53,Please state your answer with a brief explanation.,"No, it is not a blue sponge-like object. It is several blue candles assembled to appear as one sponge-like object.",https://www.youtube.com/shorts/L4pEorJZ1a0
0803-7,L4pEorJZ1a0,Multiple-choice Question with a Single Correct Answer,Element Attributes,"What is burning in the video?
A. A bunch of candles
B. A small blue sponge-like object
C. A blue cylindrical object
D. A blue flame was burning on a blue wick",29.53,"E. None of the above
Select one best answer to the above multiple-choice question based on the video. Respond with only the letter (A, B, C, D or E) of the correct option.",A,https://www.youtube.com/shorts/L4pEorJZ1a0
0806-0,1dEijri97Qc,Primary Open-ended Question,Element Counting,How many cables were bundled?,19.9,Please state your answer with a brief explanation.,Four cables were bundled together. This is evident at [00:00:14] in the video.,https://www.youtube.com/shorts/1dEijri97Qc
0806-1,1dEijri97Qc,Paraphrased Open-ended Question,Element Counting,What is the total number of cables that were bundled together in the video?,19.9,Please state your answer with a brief explanation.,"Four cables were bundled together. They were black, white, red, and gray.",https://www.youtube.com/shorts/1dEijri97Qc
0806-2,1dEijri97Qc,Correctly-led Open-ended Question,Element Counting,Can you confirm that the video shows four cables being bundled together?,19.9,Please state your answer with a brief explanation.,"Yes, the video shows four cables being bundled together. You can see the four separate cables at [00:00:14], and then they are bundled together at [00:00:15].",https://www.youtube.com/shorts/1dEijri97Qc
0806-3,1dEijri97Qc,Wrongly-led Open-ended Question,Element Counting,Is it true that the video shows five cables being bundled together?,19.9,Please state your answer with a brief explanation.,"Yes, that is correct. At [00:00:14] of the video, you can see five separate cables laid out on a wooden surface. Later in the video, these five cables are shown bundled together using the homemade cord wrapping.",https://www.youtube.com/shorts/1dEijri97Qc
0806-7,1dEijri97Qc,Multiple-choice Question with a Single Correct Answer,Element Counting,"How many cables were bundled together in the video?
A. Four
B. Six
C. Three
D. Five",19.9,"E. None of the above
Select one best answer to the above multiple-choice question based on the video. Respond with only the letter (A, B, C, D or E) of the correct option.",D,https://www.youtube.com/shorts/1dEijri97Qc
0810-0,A-PdkbPZs6I,Primary Open-ended Question,Event Counting,How many times did the sausage pop up from the holes?,17.74,Please state your answer with a brief explanation.,The sausage popped up a total of 4 times. I counted each time the sausage appeared above the board for the dog to try and catch it.,https://www.youtube.com/shorts/A-PdkbPZs6I
0810-1,A-PdkbPZs6I,Paraphrased Open-ended Question,Event Counting,How many times did the sausage appear from the holes?,17.74,Please state your answer with a brief explanation.,The sausage appears from the holes 4 times.,https://www.youtube.com/shorts/A-PdkbPZs6I
0810-2,A-PdkbPZs6I,Correctly-led Open-ended Question,Event Counting,Did the sausage emerge from the holes five times?,17.74,Please state your answer with a brief explanation.,"No, the sausage emerged from the holes four times before the dog became angry.",https://www.youtube.com/shorts/A-PdkbPZs6I
0810-3,A-PdkbPZs6I,Wrongly-led Open-ended Question,Event Counting,Did the sausage pop up from the holes only three times?,17.74,Please state your answer with a brief explanation.,"No, the sausage popped up four times. The dog successfully caught it on the third attempt.",https://www.youtube.com/shorts/A-PdkbPZs6I
0810-7,A-PdkbPZs6I,Multiple-choice Question with a Single Correct Answer,Event Counting,"How many times did the sausage pop up from the holes?
A. Three times
B. Six times
C. Four times
D. Five times",17.74,"E. None of the above
Select one best answer to the above multiple-choice question based on the video. Respond with only the letter (A, B, C, D or E) of the correct option.",D,https://www.youtube.com/shorts/A-PdkbPZs6I
0812-0,5NgU4w_qPBg,Primary Open-ended Question,Event Counting,How many times did the person try to place the toy into the drawer?,14.76,Please state your answer with a brief explanation.,The person tried placing the toy into the drawer 3 times. You can see at [00:00:07-00:00:14] they attempted to place it in the drawer three times.,https://www.youtube.com/shorts/5NgU4w_qPBg
0812-1,5NgU4w_qPBg,Paraphrased Open-ended Question,Event Counting,How many attempts did the person make to put the toy into the drawer?,14.76,Please state your answer with a brief explanation.,The person attempted to put the toy in the drawer twice. You can see at [00:00:07-00:00:15].,https://www.youtube.com/shorts/5NgU4w_qPBg
0812-2,5NgU4w_qPBg,Correctly-led Open-ended Question,Event Counting,Did the person try to place the toy into the drawer three times?,14.76,Please state your answer with a brief explanation.,The person tried to place the toy into the drawer twice.,https://www.youtube.com/shorts/5NgU4w_qPBg
0812-3,5NgU4w_qPBg,Wrongly-led Open-ended Question,Event Counting,Did the person try to place the toy into the drawer 10 times?,14.76,Please state your answer with a brief explanation.,"No, the person attempts to put the toy into the drawer approximately 5 times.",https://www.youtube.com/shorts/5NgU4w_qPBg
0812-7,5NgU4w_qPBg,Multiple-choice Question with a Single Correct Answer,Event Counting,"How many times did the person try to place the toy into the drawer?
A. 2
B. 3
C. 5
D. 10",14.76,"E. None of the above
Select one best answer to the above multiple-choice question based on the video. Respond with only the letter (A, B, C, D or E) of the correct option.",A,https://www.youtube.com/shorts/5NgU4w_qPBg
0816-0,nqyt42Hj00Y,Primary Open-ended Question,Event Localization,What did the person do at the second experiment?,20.86,Please state your answer with a brief explanation.,"At the second experiment, the person inserted a straw into the bottle while pouring, allowing air to enter the bottle through the straw. This reduces negative pressure, allowing the liquid to flow more freely due to gravity.",https://www.youtube.com/shorts/nqyt42Hj00Y
0816-1,nqyt42Hj00Y,Paraphrased Open-ended Question,Event Localization,What actions did the person take during the second experiment?,20.86,Please state your answer with a brief explanation.,"During the second experiment, the person swirled the bottle of water, creating a vortex. Then, the person inserted a straw into the bottle. This allowed the water to drain more quickly.",https://www.youtube.com/shorts/nqyt42Hj00Y
0816-2,nqyt42Hj00Y,Correctly-led Open-ended Question,Event Localization,Did the person spin the bottle to create a vortex in the second experiment?,20.86,Please state your answer with a brief explanation.,"Yes, in the second experiment, the person spun the bottle to create a vortex. You can see them manually rotate the bottle when the timer is at the 0:10 mark in the video.",https://www.youtube.com/shorts/nqyt42Hj00Y
0816-3,nqyt42Hj00Y,Wrongly-led Open-ended Question,Event Localization,Did the person insert a straw into the bottle during the second experiment?,20.86,Please state your answer with a brief explanation.,"Yes, during the second experiment, a straw was inserted into the bottle to allow air to enter, balancing the pressure and allowing the water to flow out more quickly.",https://www.youtube.com/shorts/nqyt42Hj00Y
0816-7,nqyt42Hj00Y,Multiple-choice Question with a Single Correct Answer,Event Localization,"What did the person do in the second experiment?
A. Added more water
B. Sealed the bottle
C. Spun the bottle to create a vortex
D. Inserted a straw",20.86,"E. None of the above
Select one best answer to the above multiple-choice question based on the video. Respond with only the letter (A, B, C, D or E) of the correct option.",D,https://www.youtube.com/shorts/nqyt42Hj00Y
0818-0,1_OTyluZCcg,Primary Open-ended Question,Element Attributes,What was the little girl watching nearby holding in her hand?,19.48,Please state your answer with a brief explanation.,The little girl appears to be holding a dollar bill. This can be seen around [00:00:02].,https://www.youtube.com/shorts/1_OTyluZCcg
0818-1,1_OTyluZCcg,Paraphrased Open-ended Question,Element Attributes,What is the little girl holding in her hand while watching nearby?,19.48,Please state your answer with a brief explanation.,The little girl is holding a stack of money in her hand while watching the claw machine activity. You can see the bills at [00:00:09].,https://www.youtube.com/shorts/1_OTyluZCcg
0818-2,1_OTyluZCcg,Correctly-led Open-ended Question,Element Attributes,Is the little girl holding a piece of cash in her hand?,19.48,Please state your answer with a brief explanation.,"No, the little boy hands a bill to his father, not the little girl.",https://www.youtube.com/shorts/1_OTyluZCcg
0818-3,1_OTyluZCcg,Wrongly-led Open-ended Question,Element Attributes,Is the little girl holding a small bottle in her hand?,19.48,Please state your answer with a brief explanation.,"No, the little girl does not appear to be holding a bottle in her hand in the video.",https://www.youtube.com/shorts/1_OTyluZCcg
0818-7,1_OTyluZCcg,Multiple-choice Question with a Single Correct Answer,Element Attributes,"What is the little girl holding in her hand?
A. A book
B. A toy car
C. A small bottle
D. A piece of cash",19.48,"E. None of the above
Select one best answer to the above multiple-choice question based on the video. Respond with only the letter (A, B, C, D or E) of the correct option.",D,https://www.youtube.com/shorts/1_OTyluZCcg
0827-0,yFHKF8TjT5o,Primary Open-ended Question,Element Counting,How many pandas are there in the video?,9.73,Please state your answer with a brief explanation.,"There are two pandas in the video. At [00:00:04 to 00:00:09], you can see one adult panda and one baby panda.",https://www.youtube.com/shorts/yFHKF8TjT5o
0827-1,yFHKF8TjT5o,Paraphrased Open-ended Question,Element Counting,What is the number of pandas shown in the video?,9.73,Please state your answer with a brief explanation.,There are two pandas shown in the video. At [00:00:04] two pandas are seen together.,https://www.youtube.com/shorts/yFHKF8TjT5o
0827-2,yFHKF8TjT5o,Correctly-led Open-ended Question,Element Counting,Is there only one real panda in the video?,9.73,Please state your answer with a brief explanation.,"Yes, there is only one real panda in the video. The ""panda"" that startles the horse is a human wearing a panda mask.",https://www.youtube.com/shorts/yFHKF8TjT5o
0827-3,yFHKF8TjT5o,Wrongly-led Open-ended Question,Element Counting,"Are there two pandas in the video, including a baby panda?",9.73,Please state your answer with a brief explanation.,"Yes, there is a panda and a baby panda in the video. You can see them together in the enclosure.",https://www.youtube.com/shorts/yFHKF8TjT5o
0827-7,yFHKF8TjT5o,Multiple-choice Question with a Single Correct Answer,Element Counting,"How many real pandas are in the video?
A. Two
B. None
C. One
D. Three",9.73,"E. None of the above
Select one best answer to the above multiple-choice question based on the video. Respond with only the letter (A, B, C, D or E) of the correct option.",C,https://www.youtube.com/shorts/yFHKF8TjT5o
0833-0,E2ILLN8TiPA,Primary Open-ended Question,Event Localization,What does the photo want to show in the fourth segment?,48.0,Please state your answer with a brief explanation.,,https://www.youtube.com/shorts/E2ILLN8TiPA
0833-1,E2ILLN8TiPA,Paraphrased Open-ended Question,Event Localization,What is depicted in the fourth segment of the photo series?,48.0,Please state your answer with a brief explanation.,,https://www.youtube.com/shorts/E2ILLN8TiPA
0833-2,E2ILLN8TiPA,Correctly-led Open-ended Question,Event Localization,Does the fourth segment show a man lying on the sand with his soul flying above him?,48.0,Please state your answer with a brief explanation.,,https://www.youtube.com/shorts/E2ILLN8TiPA
0833-3,E2ILLN8TiPA,Wrongly-led Open-ended Question,Event Localization,Does the fourth segment show a person holding a glass jar with a drink?,48.0,Please state your answer with a brief explanation.,,https://www.youtube.com/shorts/E2ILLN8TiPA
0833-7,E2ILLN8TiPA,Multiple-choice Question with a Single Correct Answer,Event Localization,"What does the fourth segment of the photo series show?
A. A person holding a glass jar with a drink.
B. A person painting on a canvas.
C. A sunset over the ocean.
D. A man lying on the sand with his soul flying above him.",48.0,"E. None of the above
Select one best answer to the above multiple-choice question based on the video. Respond with only the letter (A, B, C, D or E) of the correct option.",,https://www.youtube.com/shorts/E2ILLN8TiPA
0835-0,_tVCT7lNvM4,Primary Open-ended Question,Element Localization,What is visible in the woman's mouth?,60.0,Please state your answer with a brief explanation.,The woman has a tongue piercing. This is visible when her mouth is open for the adjustment.,https://www.youtube.com/shorts/_tVCT7lNvM4
0835-1,_tVCT7lNvM4,Paraphrased Open-ended Question,Element Localization,What can be seen inside the woman's mouth?,60.0,Please state your answer with a brief explanation.,A tongue piercing can be seen inside the woman's mouth. This is visible at [00:00:10] when she opens her mouth wide for the TMJ jaw adjustment.,https://www.youtube.com/shorts/_tVCT7lNvM4
0835-2,_tVCT7lNvM4,Correctly-led Open-ended Question,Element Localization,Is there a blue tongue stud visible in the woman's mouth?,60.0,Please state your answer with a brief explanation.,"Yes. In the video at [00:00:09], the woman opens her mouth and a blue stud on her tongue is clearly visible.",https://www.youtube.com/shorts/_tVCT7lNvM4
0835-3,_tVCT7lNvM4,Wrongly-led Open-ended Question,Element Localization,Is there a dental appliance or mouth guard visible in the woman's mouth?,60.0,Please state your answer with a brief explanation.,No. It is not possible to see any dental appliances or a mouth guard while Dr. Rahim is treating her TMJ.,https://www.youtube.com/shorts/_tVCT7lNvM4
0835-7,_tVCT7lNvM4,Multiple-choice Question with a Single Correct Answer,Element Localization,"What is visible in the woman's mouth?
A. A dental appliance
B. A mouth guard
C. A silver tooth
D. A blue tongue stud",60.0,"E. None of the above
Select one best answer to the above multiple-choice question based on the video. Respond with only the letter (A, B, C, D or E) of the correct option.",D,https://www.youtube.com/shorts/_tVCT7lNvM4
0841-0,wfszvTxxLkk,Primary Open-ended Question,Positional Relationship,Which eye did the woman wipe with the parrot first in the video?,10.75,Please state your answer with a brief explanation.,"The woman wipes her right eye first with the parrot, which is visible at [00:00:03].",https://www.youtube.com/shorts/wfszvTxxLkk
0841-1,wfszvTxxLkk,Paraphrased Open-ended Question,Positional Relationship,Which eye did the woman use the parrot to wipe first in the video?,10.75,Please state your answer with a brief explanation.,"The woman uses the parrot to wipe her left eye first, as can be seen in the video at [00:00:03].",https://www.youtube.com/shorts/wfszvTxxLkk
0841-2,wfszvTxxLkk,Correctly-led Open-ended Question,Positional Relationship,Did the woman first wipe her right eye with the parrot in the video?,10.75,Please state your answer with a brief explanation.,"Yes, at [00:00:02] in the video, the woman first wipes her right eye with the parrot.",https://www.youtube.com/shorts/wfszvTxxLkk
0841-3,wfszvTxxLkk,Wrongly-led Open-ended Question,Positional Relationship,Did the woman first wipe her left eye with the parrot in the video?,10.75,Please state your answer with a brief explanation.,"Yes, the woman first wipes her left eye with the parrot in the video. This can be seen at [00:00:02-00:00:04].",https://www.youtube.com/shorts/wfszvTxxLkk
0841-7,wfszvTxxLkk,Multiple-choice Question with a Single Correct Answer,Positional Relationship,"Which eye did the woman wipe first with the parrot?
A. Left
B. Right",10.75,"E. None of the above
Select one best answer to the above multiple-choice question based on the video. Respond with only the letter (A, B, C, D or E) of the correct option.",A,https://www.youtube.com/shorts/wfszvTxxLkk
0848-0,wzf8uN_7hNc,Primary Open-ended Question,Element Attributes (Optical Illusion),Which one is a real cat in the video?,7.83,Please state your answer with a brief explanation.,The bottom one is the real cat because you can see the light reflecting off its fur.,https://www.youtube.com/shorts/wzf8uN_7hNc
0848-1,wzf8uN_7hNc,Paraphrased Open-ended Question,Element Attributes (Optical Illusion),Which cat in the video is the actual one?,7.83,Please state your answer with a brief explanation.,The bottom cat is the real one. You can tell because of the light reflecting off its fur.,https://www.youtube.com/shorts/wzf8uN_7hNc
0848-2,wzf8uN_7hNc,Correctly-led Open-ended Question,Element Attributes (Optical Illusion),Is the real cat in the video the one at the top of the frame?,7.83,Please state your answer with a brief explanation.,"No, the real cat is the one at the bottom. You can tell by the light reflecting off of its fur.",https://www.youtube.com/shorts/wzf8uN_7hNc
0848-3,wzf8uN_7hNc,Wrongly-led Open-ended Question,Element Attributes (Optical Illusion),"Is the real cat in the video the one on top, casting a shadow below?",7.83,Please state your answer with a brief explanation.,"No, the real cat is the one on the bottom; you can see light reflecting off its fur. The shadow is on top.",https://www.youtube.com/shorts/wzf8uN_7hNc
0848-7,wzf8uN_7hNc,Multiple-choice Question with a Single Correct Answer,Element Attributes (Optical Illusion),"Which one is the real cat in the video?
A. The one that becomes bigger at the end of the video.
B. The one that appears darker.
C. The one at the bottom with a glossy shine.
D. The one on top casting a shadow.",7.83,"E. None of the above
Select one best answer to the above multiple-choice question based on the video. Respond with only the letter (A, B, C, D or E) of the correct option.",C,https://www.youtube.com/shorts/wzf8uN_7hNc
0854-0,Rjq4L_aIBh0,Primary Open-ended Question,Character Motivation Causality,Why does the operator of the drop tower ride engage in conversation with the visitors?,36.4,Please state your answer with a brief explanation.,"The operator engages in conversation to distract the visitors before suddenly initiating the ride, creating a more startling and memorable experience. Sometimes the operator will tell the visitors that the ride is not working properly.",https://www.youtube.com/shorts/Rjq4L_aIBh0
0854-1,Rjq4L_aIBh0,Paraphrased Open-ended Question,Character Motivation Causality,What is the reason the drop tower operator talks to the visitors?,36.4,Please state your answer with a brief explanation.,"The drop tower operator talks to the visitors to distract them and catch them by surprise when he starts the ride, giving them a more thrilling experience.",https://www.youtube.com/shorts/Rjq4L_aIBh0
0854-2,Rjq4L_aIBh0,Correctly-led Open-ended Question,Character Motivation Causality,Does the operator of the drop tower ride talk to visitors to make them more nervous and scared?,36.4,Please state your answer with a brief explanation.,"Yes, the operator talks to the riders and may even joke about the machine being broken to make them more nervous before starting the ride.",https://www.youtube.com/shorts/Rjq4L_aIBh0
0854-3,Rjq4L_aIBh0,Wrongly-led Open-ended Question,Character Motivation Causality,Is the operator's conversation with visitors meant to help them feel more at ease and prepared?,36.4,Please state your answer with a brief explanation.,"No, it doesn't sound like it. According to the video's narrator, the ride operator typically chats with visitors, and then abruptly starts the ride to make it a more memorable, and likely scary, experience.",https://www.youtube.com/shorts/Rjq4L_aIBh0
0854-7,Rjq4L_aIBh0,Multiple-choice Question with a Single Correct Answer,Character Motivation Causality,"Why does the operator of the drop tower ride engage in conversation with the visitors?
A. To provide safety instructions.
B. To make them pay more
C. To make them feel more at ease.
D. To make them more nervous and scared.",36.4,"E. None of the above
Select one best answer to the above multiple-choice question based on the video. Respond with only the letter (A, B, C, D or E) of the correct option.",D.,https://www.youtube.com/shorts/Rjq4L_aIBh0
0857-0,POwncb1HzPQ,Primary Open-ended Question,Plot Attribute,What scenario is the woman in the video imitating with her actions?,10.22,Please state your answer with a brief explanation.,She is imitating getting shot and falling over like a ragdoll. This is based on the top comments which mention her actions appearing as though she is getting shot and falling over.,https://www.youtube.com/shorts/POwncb1HzPQ
0857-1,POwncb1HzPQ,Paraphrased Open-ended Question,Plot Attribute,What is the woman in the video trying to depict with her movements?,10.22,Please state your answer with a brief explanation.,The woman in the video is practicing stunt work. This is evidenced by the deliberate falls and movements she is making to simulate actions such as getting shot or falling like a ragdoll.,https://www.youtube.com/shorts/POwncb1HzPQ
0857-2,POwncb1HzPQ,Correctly-led Open-ended Question,Plot Attribute,Is the man in the video imitating the experience of being shot?,10.22,Please state your answer with a brief explanation.,"No, the person in the video is a woman, not a man. She is demonstrating stunts such as falling and rolling.",https://www.youtube.com/shorts/POwncb1HzPQ
0857-3,POwncb1HzPQ,Wrongly-led Open-ended Question,Plot Attribute,Is the woman in the video imitating the act of fainting?,10.22,Please state your answer with a brief explanation.,"No, the woman is not imitating the act of fainting. She is doing stunts, which involve various falls and movements.",https://www.youtube.com/shorts/POwncb1HzPQ
0857-7,POwncb1HzPQ,Multiple-choice Question with a Single Correct Answer,Plot Attribute,"What scenario is the woman in the video imitating?
A. Being shot
B. Sleeping
C. Dancing
D. Fainting",10.22,"E. None of the above
Select one best answer to the above multiple-choice question based on the video. Respond with only the letter (A, B, C, D or E) of the correct option.",A,https://www.youtube.com/shorts/POwncb1HzPQ
0858-0,3xCt7E3t3Pc,Primary Open-ended Question,Element Attributes (Optical Illusion),Which armrest did the man in the white short-sleeved shirt initially sit on when he tried to sit on the chair in the video?,53.82,Please state your answer with a brief explanation.,"He initially sat on the chair's left armrest (0:27). The video states that ""Everyone thought he accidentally sat on the chair's left armrest"".",https://www.youtube.com/shorts/3xCt7E3t3Pc
0858-1,3xCt7E3t3Pc,Paraphrased Open-ended Question,Element Attributes (Optical Illusion),On which armrest did the man in the white short-sleeved shirt first try to sit in the video?,53.82,Please state your answer with a brief explanation.,"The man in the white short-sleeved shirt first tries to sit on the left armrest of the chair, which turns out to be impossible, and actually sits on the right armrest. This is shown starting at [00:00:22].",https://www.youtube.com/shorts/3xCt7E3t3Pc
0858-2,3xCt7E3t3Pc,Correctly-led Open-ended Question,Element Attributes (Optical Illusion),Did the man in the white short-sleeved shirt initially sit on the right armrest of the chair?,53.82,Please state your answer with a brief explanation.,"No, the man in the white short-sleeved shirt initially sat on the left armrest of the chair. This is revealed at 0:26.",https://www.youtube.com/shorts/3xCt7E3t3Pc
0858-3,3xCt7E3t3Pc,Wrongly-led Open-ended Question,Element Attributes (Optical Illusion),Did the man in the white short-sleeved shirt initially sit on the left armrest of the chair?,53.82,Please state your answer with a brief explanation.,"No, the video says everyone thinks he sat on the left armrest, but he actually sat on the right armrest (00:21-00:29).",https://www.youtube.com/shorts/3xCt7E3t3Pc
0858-7,3xCt7E3t3Pc,Multiple-choice Question with a Single Correct Answer,Element Attributes (Optical Illusion),"Which armrest did the man in the white short-sleeved shirt initially sit on?
A. Left armrest
B. Both armrests
C. Right armrest
D. No armrest",53.82,"E. None of the above
Select one best answer to the above multiple-choice question based on the video. Respond with only the letter (A, B, C, D or E) of the correct option.",C,https://www.youtube.com/shorts/3xCt7E3t3Pc
0865-0,NnjqjqMFdA0,Primary Open-ended Question,Element Counting,"
At the end of the video, how many worms are there?",6.76,Please state your answer with a brief explanation.,"There are two worms at the end of the video. One is tan, and the other is green.",https://www.youtube.com/shorts/NnjqjqMFdA0
0865-1,NnjqjqMFdA0,Paraphrased Open-ended Question,Element Counting,How many worms can be seen at the conclusion of the video?,6.76,Please state your answer with a brief explanation.,Two worms can be seen at the conclusion of the video.,https://www.youtube.com/shorts/NnjqjqMFdA0
0865-2,NnjqjqMFdA0,Correctly-led Open-ended Question,Element Counting,Is there only one worm visible at the end of the video?,6.76,Please state your answer with a brief explanation.,"No, there are two worms visible in the video at the end.",https://www.youtube.com/shorts/NnjqjqMFdA0
0865-3,NnjqjqMFdA0,Wrongly-led Open-ended Question,Element Counting,"Are there two worms visible at the end of the video, with one in the bird's beak?",6.76,Please state your answer with a brief explanation.,"Yes, there are two worms visible at the end of the video. One is in the bird's beak, and the other is on the ground nearby.",https://www.youtube.com/shorts/NnjqjqMFdA0
0865-7,NnjqjqMFdA0,Multiple-choice Question with a Single Correct Answer,Element Counting,"How many worms are visible at the end of the video?
A. Three
B. Two
C. None
D. One",6.76,"E. None of the above
Select one best answer to the above multiple-choice question based on the video. Respond with only the letter (A, B, C, D or E) of the correct option.",B,https://www.youtube.com/shorts/NnjqjqMFdA0
0868-0,XCkJcIeGhS0,Primary Open-ended Question,Element Localization,What color is the tool that the person swings at the beginning of the video?,57.75,Please state your answer with a brief explanation.,,https://www.youtube.com/shorts/XCkJcIeGhS0
0868-1,XCkJcIeGhS0,Paraphrased Open-ended Question,Element Localization,What is the color of the tool used by the person at the start of the video?,57.75,Please state your answer with a brief explanation.,,https://www.youtube.com/shorts/XCkJcIeGhS0
0868-2,XCkJcIeGhS0,Correctly-led Open-ended Question,Element Localization,Is the tool that the person swings at the beginning of the video a silver-brownish metal hammer?,57.75,Please state your answer with a brief explanation.,,https://www.youtube.com/shorts/XCkJcIeGhS0
0868-3,XCkJcIeGhS0,Wrongly-led Open-ended Question,Element Localization,Is the tool that the person swings at the beginning of the video red?,57.75,Please state your answer with a brief explanation.,,https://www.youtube.com/shorts/XCkJcIeGhS0
0868-7,XCkJcIeGhS0,Multiple-choice Question with a Single Correct Answer,Element Localization,"What color is the tool that the person swings at the beginning of the video?
A. Green
B. Red
C. Silver-brownish
D. Blue",57.75,"E. None of the above
Select one best answer to the above multiple-choice question based on the video. Respond with only the letter (A, B, C, D or E) of the correct option.",,https://www.youtube.com/shorts/XCkJcIeGhS0
0870-0,Po_UemYmEyg,Primary Open-ended Question,Character Motivation Causality,Why did this man give his belongings to the photographer?,59.24,Please state your answer with a brief explanation.,"The man gives his belongings to the photographer to be able to provide him and his daughter with food, drinks, and an umbrella.",https://www.youtube.com/shorts/Po_UemYmEyg
0870-1,Po_UemYmEyg,Paraphrased Open-ended Question,Character Motivation Causality,What motivated the man to hand over his belongings to the photographer?,59.24,Please state your answer with a brief explanation.,"The man handed over his belongings, including his cardboard covering and straw hat, because the photographer offered him food in exchange.",https://www.youtube.com/shorts/Po_UemYmEyg
0870-2,Po_UemYmEyg,Correctly-led Open-ended Question,Character Motivation Causality,Did the man give his belongings to the photographer because he was asked and wanted to help out of kindness?,59.24,Please state your answer with a brief explanation.,"Yes, the man willingly gave his belongings, such as the cardboard and hat, to the photographer. He does so out of kindness, presumably believing the photographer needs them.",https://www.youtube.com/shorts/Po_UemYmEyg
0870-3,Po_UemYmEyg,Wrongly-led Open-ended Question,Character Motivation Causality,Did the man give his belongings to the photographer in exchange for food and other necessities?,59.24,Please state your answer with a brief explanation.,"The man does give his belongings to the photographer, as shown when he hands over a makeshift cardboard roof and a straw hat. He appears to do this in exchange for food, snacks, and an umbrella.",https://www.youtube.com/shorts/Po_UemYmEyg
0870-7,Po_UemYmEyg,Multiple-choice Question with a Single Correct Answer,Character Motivation Causality,"Why did the man give his belongings to the photographer?
A. In exchange for food and drinks.
B. Because he was asked and wanted to help out of kindness.
C. To receive money.
D. To get shelter.",59.24,"E. None of the above
Select one best answer to the above multiple-choice question based on the video. Respond with only the letter (A, B, C, D or E) of the correct option.",B,https://www.youtube.com/shorts/Po_UemYmEyg
0871-0,eFW0FRHH1u8,Primary Open-ended Question,Element Attributes (Optical Illusion),What's in the middle of the road?,13.91,Please state your answer with a brief explanation.,"In the middle of the road is a girl bouncing a ball. She is wearing a blue shirt and shorts, and is bouncing a pink ball.",https://www.youtube.com/shorts/eFW0FRHH1u8
0871-1,eFW0FRHH1u8,Paraphrased Open-ended Question,Element Attributes (Optical Illusion),What is located in the center of the road?,13.91,Please state your answer with a brief explanation.,"In the center of the road, there appears to be a girl with a pink object, possibly a ball or balloon. She is walking towards the camera.",https://www.youtube.com/shorts/eFW0FRHH1u8
0871-2,eFW0FRHH1u8,Correctly-led Open-ended Question,Element Attributes (Optical Illusion),Is there a chalk drawing of a young boy picking up a pink ball in the middle of the road?,13.91,Please state your answer with a brief explanation.,"Yes, there appears to be a chalk drawing of a young boy picking up a pink ball in the middle of the road as shown at [00:00:00].",https://www.youtube.com/shorts/eFW0FRHH1u8
0871-3,eFW0FRHH1u8,Wrongly-led Open-ended Question,Element Attributes (Optical Illusion),Is there a person holding two bags in the middle of the road?,13.91,Please state your answer with a brief explanation.,"Yes, in the middle of the road there is an illusion of a person carrying two bags.",https://www.youtube.com/shorts/eFW0FRHH1u8
0871-7,eFW0FRHH1u8,Multiple-choice Question with a Single Correct Answer,Element Attributes (Optical Illusion),"What is in the middle of the road?
A. A person holding two bags
B. A real child playing
C. A traffic cone
D. A chalk drawing of a young boy",13.91,"E. None of the above
Select one best answer to the above multiple-choice question based on the video. Respond with only the letter (A, B, C, D or E) of the correct option.",A,https://www.youtube.com/shorts/eFW0FRHH1u8
0872-0,6O-PTTfiq48,Primary Open-ended Question,Displacement Attribute,"After the man puts down two water bottle packs, which direction did he move the upper pack relative to the camera's perspective?",59.97,Please state your answer with a brief explanation.,"The man moved the top water bottle pack to the right, relative to the camera's perspective.",https://www.youtube.com/shorts/6O-PTTfiq48
0872-1,6O-PTTfiq48,Paraphrased Open-ended Question,Displacement Attribute,"In which direction did the man move the top water bottle pack after placing them down, from the camera's viewpoint?",59.97,Please state your answer with a brief explanation.,The man moved the top water bottle pack to the right from the camera's viewpoint. He does so at [00:00:10].,https://www.youtube.com/shorts/6O-PTTfiq48
0872-2,6O-PTTfiq48,Correctly-led Open-ended Question,Displacement Attribute,"Did the man move the upper water bottle pack to the left after placing them down, from the camera's perspective?",59.97,Please state your answer with a brief explanation.,"Yes, the man moves the upper water bottle pack to the left after placing them down, from the camera's perspective, as can be seen at [00:00:42].",https://www.youtube.com/shorts/6O-PTTfiq48
0872-3,6O-PTTfiq48,Wrongly-led Open-ended Question,Displacement Attribute,"Did the man move the upper water bottle pack to the right after placing them down, from the camera's perspective?",59.97,Please state your answer with a brief explanation.,"Yes, the man slightly moves the upper water bottle pack to the right, from the camera's perspective, after placing it down.",https://www.youtube.com/shorts/6O-PTTfiq48
0872-7,6O-PTTfiq48,Multiple-choice Question with a Single Correct Answer,Displacement Attribute,"After the man puts down two water bottle packs, which direction did he move the upper pack relative to the camera's perspective?
A. Backward
B. Right
C. Forward
D. Left",59.97,"E. None of the above
Select one best answer to the above multiple-choice question based on the video. Respond with only the letter (A, B, C, D or E) of the correct option.",B,https://www.youtube.com/shorts/6O-PTTfiq48
0875-0,f3fywt6uJBM,Primary Open-ended Question,Element Counting,How many cell phones are on the piano in the video?,60.08,Please state your answer with a brief explanation.,I can identify one cell phone on the piano at [00:00:18].,https://www.youtube.com/shorts/f3fywt6uJBM
0875-1,f3fywt6uJBM,Paraphrased Open-ended Question,Element Counting,What is the number of cell phones placed on the piano in the video?,60.08,Please state your answer with a brief explanation.,One cell phone is placed on the piano. It is on the right side of the piano when the pianist begins to play. The time stamp for this visual is 0:18.,https://www.youtube.com/shorts/f3fywt6uJBM
0875-2,f3fywt6uJBM,Correctly-led Open-ended Question,Element Counting,"Are there two cell phones on the piano, one with a green case and another with a light-colored case?",60.08,Please state your answer with a brief explanation.,"Yes, there are two cell phones on the piano. One phone has a green case, and the other phone has a light-colored case. You can see them at [00:00:36] in the video.",https://www.youtube.com/shorts/f3fywt6uJBM
0875-3,f3fywt6uJBM,Wrongly-led Open-ended Question,Element Counting,"Is there only one cell phone on the piano, positioned to the left of the pianist's hands?",60.08,Please state your answer with a brief explanation.,"Yes, there is only one cell phone on the piano, positioned to the left of the pianist's hands at time index 0:17.",https://www.youtube.com/shorts/f3fywt6uJBM
0875-7,f3fywt6uJBM,Multiple-choice Question with a Single Correct Answer,Element Counting,"How many cell phones are on the piano in the video?
A. None
B. Two
C. Three
D. One",60.08,"E. None of the above
Select one best answer to the above multiple-choice question based on the video. Respond with only the letter (A, B, C, D or E) of the correct option.",D,https://www.youtube.com/shorts/f3fywt6uJBM
0879-0,WVtaMmL93Vs,Primary Open-ended Question,Element Attributes (Optical Illusion),What do people standing on the same plane have in common after the fourth second？,15.05,Please state your answer with a brief explanation.,"After the fourth second, the people who appear to be standing on the same plane are not. The object appears to be a Penrose triangle from one specific angle, creating an optical illusion.",https://www.youtube.com/shorts/WVtaMmL93Vs
0879-1,WVtaMmL93Vs,Paraphrased Open-ended Question,Element Attributes (Optical Illusion),What characteristics do people who are on the same plane share starting from the fourth second?,15.05,Please state your answer with a brief explanation.,"From the fourth second, those who are on the same plane appear to be on the same line when observed from a certain angle. This is because the object the figures are standing on is an impossible Penrose triangle.",https://www.youtube.com/shorts/WVtaMmL93Vs
0879-2,WVtaMmL93Vs,Correctly-led Open-ended Question,Element Attributes (Optical Illusion),Are the two figures that are standing on the same plane physically one with a white head and the other with a black outfit?,15.05,Please state your answer with a brief explanation.,"No, they are not. The figures stand on different faces of the Penrose triangle, creating the illusion of being on the same plane.",https://www.youtube.com/shorts/WVtaMmL93Vs
0879-3,WVtaMmL93Vs,Wrongly-led Open-ended Question,Element Attributes (Optical Illusion),Are the two figures on the same plane one wearing a blue outfit and one with a white head?,15.05,Please state your answer with a brief explanation.,"No, they are not on the same plane. You can tell because the figure with a blue outfit is higher than the figure with a white head.",https://www.youtube.com/shorts/WVtaMmL93Vs
0879-7,WVtaMmL93Vs,Multiple-choice Question with a Single Correct Answer,Element Attributes (Optical Illusion),"What are the hair colors of the figures on the same plane physically?
A. Brunette and blonde
B. Black and white
C. White and black
D. Blonde and white",15.05,"E. None of the above
Select one best answer to the above multiple-choice question based on the video. Respond with only the letter (A, B, C, D or E) of the correct option.",D,https://www.youtube.com/shorts/WVtaMmL93Vs
0880-0,0cKKHnAmncI,Primary Open-ended Question,Element Attributes (Optical Illusion),How does the state of direction of the structure change when the person holds up with a hand?,42.98,Please state your answer with a brief explanation.,"When the person holds up a finger on one side of the arrow, it gives an illusion that the direction has changed. However, in the mirror, it is revealed that the arrow is still pointing in the same direction.",https://www.youtube.com/shorts/0cKKHnAmncI
0880-1,0cKKHnAmncI,Paraphrased Open-ended Question,Element Attributes (Optical Illusion),What happens to the perceived direction of the structure when it is lifted by hand?,42.98,Please state your answer with a brief explanation.,"When the structure, which appears to be an arrow, is lifted and rotated by hand, the perceived direction of the ""arrow"" seems to stay consistent and point in the same direction, regardless of the orientation. The mirror also shows that the arrow is pointing in the same direction as the structure in real life.",https://www.youtube.com/shorts/0cKKHnAmncI
0880-2,0cKKHnAmncI,Correctly-led Open-ended Question,Element Attributes (Optical Illusion),Does the structure lose its directional illusion when held up towards the camera?,42.98,Please state your answer with a brief explanation.,"No, the structure still retains its directional illusion when held up towards the camera as demonstrated with the mirror test.",https://www.youtube.com/shorts/0cKKHnAmncI
0880-3,0cKKHnAmncI,Wrongly-led Open-ended Question,Element Attributes (Optical Illusion),Does the structure appear to change direction when lifted due to its interaction with a mirror?,42.98,Please state your answer with a brief explanation.,"Yes, the arrow appears to change direction when lifted in front of a mirror due to the visual perception of how mirrors invert images.",https://www.youtube.com/shorts/0cKKHnAmncI
0880-7,0cKKHnAmncI,Multiple-choice Question with a Single Correct Answer,Element Attributes (Optical Illusion),"What happens to the structure's direction when it is lifted?
A. It points in the opposite direction.
B. It points upwards.
C. It loses its directional illusion.
D. It spins around.",42.98,"E. None of the above
Select one best answer to the above multiple-choice question based on the video. Respond with only the letter (A, B, C, D or E) of the correct option.",A,https://www.youtube.com/shorts/0cKKHnAmncI
0886-0,5QLh5ias93M,Primary Open-ended Question,Positional Relationship,Where is the watch worn by the man in black in the video?,19.29,Please state your answer with a brief explanation.,The watch is worn on the man's left wrist. This is viewable throughout the video and at timestamp [00:00:00].,https://www.youtube.com/shorts/5QLh5ias93M
0886-1,5QLh5ias93M,Paraphrased Open-ended Question,Positional Relationship,On which wrist is the man in black wearing his watch in the video?,19.29,Please state your answer with a brief explanation.,The man in the video is wearing his watch on his left wrist. This is visible at [00:00:00] and [00:00:17].,https://www.youtube.com/shorts/5QLh5ias93M
0886-2,5QLh5ias93M,Correctly-led Open-ended Question,Positional Relationship,Is the watch worn on the right wrist of the man in black?,19.29,Please state your answer with a brief explanation.,"Yes, the man in black is wearing a watch on his right wrist, as seen in the provided screenshots.",https://www.youtube.com/shorts/5QLh5ias93M
0886-3,5QLh5ias93M,Wrongly-led Open-ended Question,Positional Relationship,Is the watch worn on the left wrist of the man in black?,19.29,Please state your answer with a brief explanation.,"Yes, the watch is on his left wrist, as seen clearly around [00:00:00-00:00:01].",https://www.youtube.com/shorts/5QLh5ias93M
0886-7,5QLh5ias93M,Multiple-choice Question with a Single Correct Answer,Positional Relationship,"Where is the watch worn by the man in black?
A. On his ankle
B. Not wearing a watch
C. Left wrist
D. Right wrist",19.29,"E. None of the above
Select one best answer to the above multiple-choice question based on the video. Respond with only the letter (A, B, C, D or E) of the correct option.",D,https://www.youtube.com/shorts/5QLh5ias93M
0895-0,7hg7oglAyKc,Primary Open-ended Question,Event Localization,What scene is cut to after a basketball smaller than standard is thrown?,34.99,Please state your answer with a brief explanation.,"After the mini basketball is thrown, the scene cuts to a shot of Lethal Shooter dodging a wind turbine, where he then sinks a basketball.",https://www.youtube.com/shorts/7hg7oglAyKc
0895-1,7hg7oglAyKc,Paraphrased Open-ended Question,Event Localization,What happens in the scene following the throw of a smaller basketball?,34.99,Please state your answer with a brief explanation.,Following the throw of the smaller basketball is a scene where Lethal Shooter throws a basketball at a chainsaw rim and successfully makes the shot.,https://www.youtube.com/shorts/7hg7oglAyKc
0895-2,7hg7oglAyKc,Correctly-led Open-ended Question,Event Localization,Does the scene cut to a person shooting a basketball into a chainsaw-rim hoop after the smaller basketball is thrown?,34.99,Please state your answer with a brief explanation.,"Yes, after the mini-hoop shot, the next scene is of the person shooting a basketball into a chainsaw-rim hoop.",https://www.youtube.com/shorts/7hg7oglAyKc
0895-3,7hg7oglAyKc,Wrongly-led Open-ended Question,Event Localization,Does the scene cut to a person shooting a basketball into a mini hoop after the smaller basketball is thrown?,34.99,Please state your answer with a brief explanation.,"Yes, the scene cuts to a person shooting a basketball into a mini hoop after the spiked hoop.",https://www.youtube.com/shorts/7hg7oglAyKc
0895-7,7hg7oglAyKc,Multiple-choice Question with a Single Correct Answer,Event Localization,"What scene is shown after the smaller basketball is thrown?
A. A person shooting into a mini hoop.
B. A person shooting into a chainsaw-rim hoop.
C. A person missing a shot.
D. A person shooting into a regular hoop.",34.99,"E. None of the above
Select one best answer to the above multiple-choice question based on the video. Respond with only the letter (A, B, C, D or E) of the correct option.",B,https://www.youtube.com/shorts/7hg7oglAyKc
0898-0,fD02ePuiOtU,Primary Open-ended Question,Displacement Attribute,In which direction did the man move the first pillow after it is on the water?,9.49,Please state your answer with a brief explanation.,The man moves the first pillow forward. He is trying to make a bridge to step on with the pillows.,https://www.youtube.com/shorts/fD02ePuiOtU
0898-1,fD02ePuiOtU,Paraphrased Open-ended Question,Displacement Attribute,Which way did the man move the first pillow once it was on the water?,9.49,Please state your answer with a brief explanation.,"The man pushes the first pillow slightly forward, away from the couch.",https://www.youtube.com/shorts/fD02ePuiOtU
0898-2,fD02ePuiOtU,Correctly-led Open-ended Question,Displacement Attribute,"Did the man move the first pillow to the front, closer to the camera, after it was on the water?",9.49,Please state your answer with a brief explanation.,"Yes, after placing the first pillow on the water, the man then adjusted its position to be closer to the camera.",https://www.youtube.com/shorts/fD02ePuiOtU
0898-3,fD02ePuiOtU,Wrongly-led Open-ended Question,Displacement Attribute,Did the man move the first pillow to the right after it was on the water?,9.49,Please state your answer with a brief explanation.,"Yes, after placing the first pillow on the water, the man adjusts it to the right before stepping on it.",https://www.youtube.com/shorts/fD02ePuiOtU
0898-7,fD02ePuiOtU,Multiple-choice Question with a Single Correct Answer,Displacement Attribute,"In which direction did the man move the first pillow after it was on the water?
A. Right
B. Left
C. Back
D. Front, nearer to the camera",9.49,"E. None of the above
Select one best answer to the above multiple-choice question based on the video. Respond with only the letter (A, B, C, D or E) of the correct option.",B,https://www.youtube.com/shorts/fD02ePuiOtU
0901-0,pPiXRxb2Vfo,Primary Open-ended Question,Element Counting,"At the beginning of the video, how many rubber bands are held in the hands?",18.24,Please state your answer with a brief explanation.,"At the beginning of the video, one rubber band is held in the hands. The hand gestures give the appearance of two rubber bands, but it is actually one that is looped.",https://www.youtube.com/shorts/pPiXRxb2Vfo
0901-1,pPiXRxb2Vfo,Paraphrased Open-ended Question,Element Counting,How many rubber bands are being held at the start of the video?,18.24,Please state your answer with a brief explanation.,One rubber band is being held at the start of the video.,https://www.youtube.com/shorts/pPiXRxb2Vfo
0901-2,pPiXRxb2Vfo,Correctly-led Open-ended Question,Element Counting,Is the hand holding two rubber bands at the beginning of the video?,18.24,Please state your answer with a brief explanation.,"No. At the beginning of the video, the magician uses a specific technique to make one rubber band look like two.",https://www.youtube.com/shorts/pPiXRxb2Vfo
0901-3,pPiXRxb2Vfo,Wrongly-led Open-ended Question,Element Counting,Is the hand holding only one rubber band at the beginning of the video?,18.24,Please state your answer with a brief explanation.,"No, the hand is holding two rubber bands at the beginning of the video. It starts with one rubber band around the pointer and middle fingers of both hands, and then the right-hand pulls out a second rubber band from behind those fingers.",https://www.youtube.com/shorts/pPiXRxb2Vfo
0901-7,pPiXRxb2Vfo,Multiple-choice Question with a Single Correct Answer,Element Counting,"How many rubber bands are held in the hand at the start of the video?
A. Three
B. Four
C. One
D. Two",18.24,"E. None of the above
Select one best answer to the above multiple-choice question based on the video. Respond with only the letter (A, B, C, D or E) of the correct option.",C,https://www.youtube.com/shorts/pPiXRxb2Vfo
0905-0,cUxIb3Pt-hQ,Primary Open-ended Question,Element Attributes (Optical Illusion),"At the beginning of the video, is the slope where the ball is located an uphill or downhill?",31.81,Please state your answer with a brief explanation.,"The slope at the beginning of the video is a downhill. Initially, it appears the ball is rolling uphill, but the slope is actually pointing downwards. It's a 3D-printed illusion that only works when the camera is at the right angle.",https://www.youtube.com/shorts/cUxIb3Pt-hQ
0905-1,cUxIb3Pt-hQ,Paraphrased Open-ended Question,Element Attributes (Optical Illusion),"At the start of the video, is the ball positioned on an incline or a decline?",31.81,Please state your answer with a brief explanation.,"At the start of the video, the ball is positioned on a decline. The 3D printed illusion consists of four sets of stairs that all point downwards.",https://www.youtube.com/shorts/cUxIb3Pt-hQ
0905-2,cUxIb3Pt-hQ,Correctly-led Open-ended Question,Element Attributes (Optical Illusion),Is the slope where the ball is located at the beginning of the video a downhill slope?,31.81,Please state your answer with a brief explanation.,"Yes, the slope is a downhill slope. As pointed out in the video at [00:00:20-00:00:24], the design is made up of four sets of stairs that point downwards.",https://www.youtube.com/shorts/cUxIb3Pt-hQ
0905-3,cUxIb3Pt-hQ,Wrongly-led Open-ended Question,Element Attributes (Optical Illusion),Is the slope where the ball is located at the beginning of the video an uphill slope?,31.81,Please state your answer with a brief explanation.,"No, the initial slope is a downhill slope. It only looks like an uphill slope because of the illusion.",https://www.youtube.com/shorts/cUxIb3Pt-hQ
0905-7,cUxIb3Pt-hQ,Multiple-choice Question with a Single Correct Answer,Element Attributes (Optical Illusion),"At the beginning of the video, what type of slope is the ball on?
A. Curved
B. Uphill
C. Downhill
D. Flat",31.81,"E. None of the above
Select one best answer to the above multiple-choice question based on the video. Respond with only the letter (A, B, C, D or E) of the correct option.",C,https://www.youtube.com/shorts/cUxIb3Pt-hQ
0907-0,DP4eZl-4QOY,Primary Open-ended Question,Positional Relationship,What does the dog land on at the end of the video?,16.96,Please state your answer with a brief explanation.,The dog lands in the man's arms. He catches the dog after it flies off the makeshift seesaw.,https://www.youtube.com/shorts/DP4eZl-4QOY
0907-1,DP4eZl-4QOY,Paraphrased Open-ended Question,Positional Relationship,Where does the dog end up landing at the conclusion of the video?,16.96,Please state your answer with a brief explanation.,"The dog ends up landing safely in the arms of its owner, who catches it in mid-air. This is seen in the concluding moments of the video.",https://www.youtube.com/shorts/DP4eZl-4QOY
0907-2,DP4eZl-4QOY,Correctly-led Open-ended Question,Positional Relationship,Does the dog land on the man's body at the end of the video?,16.96,Please state your answer with a brief explanation.,"No, the dog does not land on the man's body. The man falls backwards after launching the dog with the seesaw.",https://www.youtube.com/shorts/DP4eZl-4QOY
0907-3,DP4eZl-4QOY,Wrongly-led Open-ended Question,Positional Relationship,Does the dog land on the grass at the end of the video?,16.96,Please state your answer with a brief explanation.,"Yes, the dog lands on the grass at the end of the video. You can see the dog running on the grass after being launched into the air.",https://www.youtube.com/shorts/DP4eZl-4QOY
0907-7,DP4eZl-4QOY,Multiple-choice Question with a Single Correct Answer,Positional Relationship,"Where does the dog land at the end of the video?
A. On a bench
B. On the grass
C. On the man's body
D. On a tree",16.96,"E. None of the above
Select one best answer to the above multiple-choice question based on the video. Respond with only the letter (A, B, C, D or E) of the correct option.",C,https://www.youtube.com/shorts/DP4eZl-4QOY
0910-0,7_jo2loOZ9Q,Primary Open-ended Question,Character Motivation Causality,Why does the man in the video keep picking up the child?,47.85,Please state your answer with a brief explanation.,The man is kidnapping the child; this is a social experiment about people's reactions to such events.,https://www.youtube.com/shorts/7_jo2loOZ9Q
0910-1,7_jo2loOZ9Q,Paraphrased Open-ended Question,Character Motivation Causality,What is the reason the man repeatedly picks up the child in the video?,47.85,Please state your answer with a brief explanation.,"The video displays a social experiment. The man picks up the child to simulate an abduction, intending to observe people's reactions.",https://www.youtube.com/shorts/7_jo2loOZ9Q
0910-2,7_jo2loOZ9Q,Correctly-led Open-ended Question,Character Motivation Causality,Is the man picking up the child to see if anyone will intervene in a social experiment?,47.85,Please state your answer with a brief explanation.,"Yes, the title references a social experiment.",https://www.youtube.com/shorts/7_jo2loOZ9Q
0910-3,7_jo2loOZ9Q,Wrongly-led Open-ended Question,Character Motivation Causality,Is the man picking up the child to help them cross the street safely?,47.85,Please state your answer with a brief explanation.,"No, the man is not picking up the child to help them cross the street safely. The man is picking up the child and running away with them.",https://www.youtube.com/shorts/7_jo2loOZ9Q
0910-7,7_jo2loOZ9Q,Multiple-choice Question with a Single Correct Answer,Character Motivation Causality,"Why does the man keep picking up the child in the video?
A. To teach the child how to walk.
B. To help the child cross the street safely.
C. To play a game with the child.
D. To conduct a social experiment.",47.85,"E. None of the above
Select one best answer to the above multiple-choice question based on the video. Respond with only the letter (A, B, C, D or E) of the correct option.",D,https://www.youtube.com/shorts/7_jo2loOZ9Q
0914-0,3TSZfcowUus,Primary Open-ended Question,Professional Knowledge,Why is the beer bottle placed under the faucet in the video?,16.75,Please state your answer with a brief explanation.,"The beer bottle is placed under the faucet with hot water to shrink the label around it, giving it a clean, finished look.",https://www.youtube.com/shorts/3TSZfcowUus
0914-1,3TSZfcowUus,Paraphrased Open-ended Question,Professional Knowledge,What is the purpose of placing the beer bottle under the faucet in the video?,16.75,Please state your answer with a brief explanation.,"The purpose of placing the bottle under the hot water faucet is to shrink the plastic label wrap around the bottle, securing it in place.",https://www.youtube.com/shorts/3TSZfcowUus
0914-2,3TSZfcowUus,Correctly-led Open-ended Question,Professional Knowledge,Is the beer bottle placed under the faucet to show how hot water can shrink plastic packaging around it?,16.75,Please state your answer with a brief explanation.,"Yes, the beer bottle is placed under the faucet to show how hot water can shrink plastic packaging around it.",https://www.youtube.com/shorts/3TSZfcowUus
0914-3,3TSZfcowUus,Wrongly-led Open-ended Question,Professional Knowledge,Is the beer bottle placed under the faucet to demonstrate a quick cooling method for the beer?,16.75,Please state your answer with a brief explanation.,"No, the beer bottle is being placed under the faucet to demonstrate how labels are applied to bottles using heat shrinking technology, not to cool the beer. The comments mention ""hot water power"" and the application of labels, not the temperature of the beer.",https://www.youtube.com/shorts/3TSZfcowUus
0914-7,3TSZfcowUus,Multiple-choice Question with a Single Correct Answer,Professional Knowledge,"Why is the beer bottle placed under the faucet in the video?
A. To demonstrate how hot water can shrink plastic packaging.
B. To clean the bottle.
C. To quickly cool the beer.
D. To fill the bottle with water.",16.75,"E. None of the above
Select one best answer to the above multiple-choice question based on the video. Respond with only the letter (A, B, C, D or E) of the correct option.",A,https://www.youtube.com/shorts/3TSZfcowUus
0918-0,KOhSr62NQAY,Primary Open-ended Question,Positional Relationship,Which hand does the man put the soap in the box?,20.42,Please state your answer with a brief explanation.,"The man places the soap pieces into the box with his right hand, as shown at [00:00:05].",https://www.youtube.com/shorts/KOhSr62NQAY
0918-1,KOhSr62NQAY,Paraphrased Open-ended Question,Positional Relationship,With which hand does the man place the soap into the box?,20.42,Please state your answer with a brief explanation.,The man uses his right hand to place the soap into the container.,https://www.youtube.com/shorts/KOhSr62NQAY
0918-2,KOhSr62NQAY,Correctly-led Open-ended Question,Positional Relationship,Does the man use his right hand to put the soap in the box?,20.42,Please state your answer with a brief explanation.,"Yes, he uses his right hand to put the soap pieces into the container at [00:00:05] and [00:00:12].",https://www.youtube.com/shorts/KOhSr62NQAY
0918-3,KOhSr62NQAY,Wrongly-led Open-ended Question,Positional Relationship,Does the man use his left hand to put the soap in the box?,20.42,Please state your answer with a brief explanation.,"Yes, the man does use his left hand to put the soap in the box at [00:00:05].",https://www.youtube.com/shorts/KOhSr62NQAY
0918-7,KOhSr62NQAY,Multiple-choice Question with a Single Correct Answer,Positional Relationship,"Which hand does the man use to put the soap in the box?
A. Left hand
B. Both hands
C. Neither hand
D. Right hand",20.42,"E. None of the above
Select one best answer to the above multiple-choice question based on the video. Respond with only the letter (A, B, C, D or E) of the correct option.",A,https://www.youtube.com/shorts/KOhSr62NQAY
0919-0,mtLq3F4lIfY,Primary Open-ended Question,Plot Attribute,How does the man create the rainbow?,40.83,Please state your answer with a brief explanation.,The man colors tape with rainbow colors and shines a light through it.,https://www.youtube.com/shorts/mtLq3F4lIfY
0919-1,mtLq3F4lIfY,Paraphrased Open-ended Question,Plot Attribute,What method does the man use to make a rainbow appear?,40.83,Please state your answer with a brief explanation.,The man uses a roll of tape and multi-colored markers to create a rainbow. He colors a strip of tape with the colors of the rainbow and then shines a light through it.,https://www.youtube.com/shorts/mtLq3F4lIfY
0919-2,mtLq3F4lIfY,Correctly-led Open-ended Question,Plot Attribute,Does the man create the rainbow by using colored markers on clear tape?,40.83,Please state your answer with a brief explanation.,"Yes, he does. He colors clear tape with colored markers and then shines a flashlight through it, creating a rainbow.",https://www.youtube.com/shorts/mtLq3F4lIfY
0919-3,mtLq3F4lIfY,Wrongly-led Open-ended Question,Plot Attribute,Does the man create the rainbow by using a prism to refract light?,40.83,Please state your answer with a brief explanation.,"No, the man creates the rainbow by coloring the tape with different colors and shining a light through the tape.",https://www.youtube.com/shorts/mtLq3F4lIfY
0919-7,mtLq3F4lIfY,Multiple-choice Question with a Single Correct Answer,Plot Attribute,"How does the man create the rainbow?
A. By painting on a wall
B. By using colored glass
C. By coloring clear tape with markers
D. By using a prism",40.83,"E. None of the above
Select one best answer to the above multiple-choice question based on the video. Respond with only the letter (A, B, C, D or E) of the correct option.",C,https://www.youtube.com/shorts/mtLq3F4lIfY
0924-0,ubFbhebEchE,Primary Open-ended Question,Element Localization,"At the end of the video, what is the red object in the hand of the woman in the white top?",24.57,Please state your answer with a brief explanation.,The red object in the hand of the woman in the white top is a book she is reading when the woman in the pink shirt throws blue dye at her.,https://www.youtube.com/shorts/ubFbhebEchE
0924-1,ubFbhebEchE,Paraphrased Open-ended Question,Element Localization,What is the red item the woman in the white top is holding at the video's conclusion?,24.57,Please state your answer with a brief explanation.,"At the video's conclusion, the woman is not holding a red item. She is holding a mug full of blue liquid. In previous scenes, she also holds a mug containing a dark red liquid.",https://www.youtube.com/shorts/ubFbhebEchE
0924-2,ubFbhebEchE,Correctly-led Open-ended Question,Element Localization,Is the woman in the white top holding a red book at the end of the video?,24.57,Please state your answer with a brief explanation.,"Yes, the woman in the white top is sitting in a green chair and is holding a red book when the woman in the pink top pours blue liquid on her.",https://www.youtube.com/shorts/ubFbhebEchE
0924-3,ubFbhebEchE,Wrongly-led Open-ended Question,Element Localization,Is the woman in the white top holding a red bottle at the end of the video?,24.57,Please state your answer with a brief explanation.,"No, the woman in the pink top is not holding a red bottle at the end of the video. She is seen holding a clear glass after the red liquid is poured on her.",https://www.youtube.com/shorts/ubFbhebEchE
0924-7,ubFbhebEchE,Multiple-choice Question with a Single Correct Answer,Element Localization,"What is the red object the woman in the white top is holding at the end of the video?
A. A red bottle
B. A red book
C. A red bag
D. A red cup",24.57,"E. None of the above
Select one best answer to the above multiple-choice question based on the video. Respond with only the letter (A, B, C, D or E) of the correct option.",E,https://www.youtube.com/shorts/ubFbhebEchE
0926-0,XaP6KFsFnp4,Primary Open-ended Question,Positional Relationship,Which hand is pulling the thread?,13.89,Please state your answer with a brief explanation.,The left hand is pulling the thread (0:00). The right hand is keeping the thread stationary while the left hand pulls the needle and thread through.,https://www.youtube.com/shorts/XaP6KFsFnp4
0926-1,XaP6KFsFnp4,Paraphrased Open-ended Question,Positional Relationship,Which hand is used to pull the thread through the needle?,13.89,Please state your answer with a brief explanation.,"The left hand is used to pull the thread through the needle. The needle is passed across the thread on the palm of the right hand, with the thread passing through the eye of the needle. The needle is then pulled through by the left hand.",https://www.youtube.com/shorts/XaP6KFsFnp4
0926-2,XaP6KFsFnp4,Correctly-led Open-ended Question,Positional Relationship,Is the right hand responsible for pulling the thread through the needle?,13.89,Please state your answer with a brief explanation.,"No, the left hand is responsible for pulling the thread through the needle. It uses friction to move the thread along.",https://www.youtube.com/shorts/XaP6KFsFnp4
0926-3,XaP6KFsFnp4,Wrongly-led Open-ended Question,Positional Relationship,Is the left hand responsible for pulling the thread through the needle?,13.89,Please state your answer with a brief explanation.,"Yes, the left hand is responsible for pulling the thread through the needle. It appears to be accomplished by the left hand rubbing the needle and thread back and forth against the right hand to create friction which then pulls the thread through the needle.",https://www.youtube.com/shorts/XaP6KFsFnp4
0926-7,XaP6KFsFnp4,Multiple-choice Question with a Single Correct Answer,Positional Relationship,"Which hand is pulling the thread through the needle?
A. Neither hand
B. Left hand
C. Both hands
D. Right hand",13.89,"E. None of the above
Select one best answer to the above multiple-choice question based on the video. Respond with only the letter (A, B, C, D or E) of the correct option.",C,https://www.youtube.com/shorts/XaP6KFsFnp4
0927-0,2DEz3_PwR80,Primary Open-ended Question,Positional Relationship,With which arm does the man in black in the video hold the child?,18.55,Please state your answer with a brief explanation.,"The man in the video holds the child with his left arm. As the video begins, he uses his right arm to unwrap the popsicle, while his left arm supports the child.",https://youtube.com/shorts/2DEz3_PwR80
0927-1,2DEz3_PwR80,Paraphrased Open-ended Question,Positional Relationship,Which arm does the man in black use to hold the child in the video?,18.55,Please state your answer with a brief explanation.,The man in black holds the child with his left arm. You can see it holding the child in the video.,https://youtube.com/shorts/2DEz3_PwR80
0927-2,2DEz3_PwR80,Correctly-led Open-ended Question,Positional Relationship,Does the man in black hold the child with his left arm while his right hand holds the popsicle?,18.55,Please state your answer with a brief explanation.,"Yes, the man holds the child with his left arm while his right hand holds the popsicle. You can see this clearly at the beginning of the video as he is preparing to offer the popsicle to the child.",https://youtube.com/shorts/2DEz3_PwR80
0927-3,2DEz3_PwR80,Wrongly-led Open-ended Question,Positional Relationship,Does the man in black hold the child with his right arm while his left hand holds the popsicle?,18.55,Please state your answer with a brief explanation.,"Yes, the man holds the child with his right arm and uses his left hand to hold the popsicle. This is evident when the man first opens the popsicle at the beginning of the video.",https://youtube.com/shorts/2DEz3_PwR80
0927-7,2DEz3_PwR80,Multiple-choice Question with a Single Correct Answer,Positional Relationship,"With which arm does the man in black hold the child?
A. Left arm
B. Both arms
C. Right arm
D. Neither arm",18.55,"E. None of the above
Select one best answer to the above multiple-choice question based on the video. Respond with only the letter (A, B, C, D or E) of the correct option.",C,https://youtube.com/shorts/2DEz3_PwR80
0929-0,9y91My_upXU,Primary Open-ended Question,Plot Attribute (Montage),What are the similarities between the actions of the little girl in the green dress and the little girl in the blue dress in the video?,38.02,Please state your answer with a brief explanation.,"Both girls were initially concerned about the statue falling and losing balance, before realizing it was a prank. The girl in the green dress says ""Mama help me"" at [00:00:03-00:00:09], and the girl in the blue dress helps the statue when it starts to sway at [00:00:21-00:00:27].",https://youtube.com/shorts/9y91My_upXU
0929-1,9y91My_upXU,Paraphrased Open-ended Question,Plot Attribute (Montage),In what ways do the little girl in the green dress and the little girl in the blue dress behave similarly towards the statue in the video?,38.02,Please state your answer with a brief explanation.,"Both girls initially believe the statue is a real person. The girl in the green dress reaches out and touches the statue to steady him (0:08), and the girl in the blue dress tries to hold on to him to keep him from falling over. (0:23)",https://youtube.com/shorts/9y91My_upXU
0929-2,9y91My_upXU,Correctly-led Open-ended Question,Plot Attribute (Montage),Do the little girl in the green dress and the little girl in the blue dress both try to support the statue when it pretends to fall?,38.02,Please state your answer with a brief explanation.,"Yes, both girls try to support the statue. The girl in the green dress tries to hold up the statue while calling for her mom to help, and the girl in the blue dress grabs onto the statue to keep it from falling.",https://youtube.com/shorts/9y91My_upXU
0929-3,9y91My_upXU,Wrongly-led Open-ended Question,Plot Attribute (Montage),Are the little girl in the green dress and the little girl in the blue dress trying to determine if the statue is real or not?,38.02,Please state your answer with a brief explanation.,"No, the children did not attempt to determine if the statue was real. They both seemed to think the statue was real and tried to brace the statue to prevent it from falling. The little girl in the green dress did this out of concern. At [00:00:26] the little girl in the blue dress says “wait that’s not even real”.",https://youtube.com/shorts/9y91My_upXU
0929-7,9y91My_upXU,Multiple-choice Question with a Single Correct Answer,Plot Attribute (Montage),"What did the little girl in the green dress and the little girl in the blue dress do when the statue pretended to fall?
A. They tried to support it, thinking they had broken it.
B. They laughed and walked away.
C. They ignored it and continued playing.
D. They asked an adult for help.",38.02,"E. None of the above
Select one best answer to the above multiple-choice question based on the video. Respond with only the letter (A, B, C, D or E) of the correct option.",A.,https://youtube.com/shorts/9y91My_upXU
0933-0,bLr422lyAyY,Primary Open-ended Question,Character Motivation Causality,Why did the man in the costume light the fire?,8.62,Please state your answer with a brief explanation.,"The video does not show the man lighting a fire. Instead, the man in the costume makes a firework noise and throws a pie at the woman's face as a prank.",https://youtube.com/shorts/bLr422lyAyY
0933-1,bLr422lyAyY,Paraphrased Open-ended Question,Character Motivation Causality,What was the reason the man in the costume started the fire?,8.62,Please state your answer with a brief explanation.,The man in the costume didn't start a fire. He smacked her in the face with a pie after making firework sounds.,https://youtube.com/shorts/bLr422lyAyY
0933-2,bLr422lyAyY,Correctly-led Open-ended Question,Character Motivation Causality,Did the man in the costume light the fire to catch the woman's attention for a prank?,8.62,Please state your answer with a brief explanation.,"No, the man in the costume did not light a fire. He made a firework sound before throwing a pie at the woman.",https://youtube.com/shorts/bLr422lyAyY
0933-3,bLr422lyAyY,Wrongly-led Open-ended Question,Character Motivation Causality,Was the fire lit by the man in the costume to surprise the person being pranked?,8.62,Please state your answer with a brief explanation.,"No, the video does not show a fire being lit. The person in the costume threw a pie at the woman.",https://youtube.com/shorts/bLr422lyAyY
0933-7,bLr422lyAyY,Multiple-choice Question with a Single Correct Answer,Character Motivation Causality,"Why did the man in the costume light the fire?
A. To catch the woman's attention for a prank.
B. To surprise the person unexpectedly.
C. To start a campfire.
D. To signal the end of an event.",8.62,"E. None of the above
Select one best answer to the above multiple-choice question based on the video. Respond with only the letter (A, B, C, D or E) of the correct option.",A,https://youtube.com/shorts/bLr422lyAyY
0939-0,vz9D4nqhTyk,Primary Open-ended Question,Element Counting,How many people were there playing roles in the video?,37.68,Please state your answer with a brief explanation.,"Four people are playing roles in the video: three ""boys"" playing video games and the ""dad.""",https://youtube.com/shorts/vz9D4nqhTyk
0939-1,vz9D4nqhTyk,Paraphrased Open-ended Question,Element Counting,What is the number of individuals acting in the video?,37.68,Please state your answer with a brief explanation.,There are four individuals in the video. Three people portray the friends at the sleepover and one person portrays the father.,https://youtube.com/shorts/vz9D4nqhTyk
0939-2,vz9D4nqhTyk,Correctly-led Open-ended Question,Element Counting,Is it true that only one person played all the roles in the video?,37.68,Please state your answer with a brief explanation.,"Yes, it is true. The video uses editing techniques to make it appear as if there are multiple people, but it is the same person in every role.",https://youtube.com/shorts/vz9D4nqhTyk
0939-3,vz9D4nqhTyk,Wrongly-led Open-ended Question,Element Counting,Are there four different people playing roles in the video?,37.68,Please state your answer with a brief explanation.,"No, there appear to be three people playing roles in the video because the ""dad"" character is the same actor as one of the boys who is at the sleepover.",https://youtube.com/shorts/vz9D4nqhTyk
0939-7,vz9D4nqhTyk,Multiple-choice Question with a Single Correct Answer,Element Counting,"How many people are actually playing roles in the video?
A. Two
B. One
C. Four
D. Three",37.68,"E. None of the above
Select one best answer to the above multiple-choice question based on the video. Respond with only the letter (A, B, C, D or E) of the correct option.",B,https://youtube.com/shorts/vz9D4nqhTyk
0942-0,ly70cIZgrRA,Primary Open-ended Question,Character Motivation Causality,What is the purpose of the man in the video catching the egg with the side of the spatula and breaking it?,30.93,Please state your answer with a brief explanation.,"The man catches the egg with the side of the spatula and breaks it to show off his cooking skills and expertise, which is why he owns the hotel.",https://youtube.com/shorts/ly70cIZgrRA
0942-1,ly70cIZgrRA,Paraphrased Open-ended Question,Character Motivation Causality,Why does the man use the side of the spatula to catch and break the egg in the video?,30.93,Please state your answer with a brief explanation.,"The man uses the side of the spatula to catch and break the egg for skillful, artistic flair.",https://youtube.com/shorts/ly70cIZgrRA
0942-2,ly70cIZgrRA,Correctly-led Open-ended Question,Character Motivation Causality,Is the man in the video demonstrating a teppanyaki cooking technique by catching and breaking the egg with a spatula?,30.93,Please state your answer with a brief explanation.,"No, the man is juggling and writing with an egg on a teppanyaki grill.",https://youtube.com/shorts/ly70cIZgrRA
0942-3,ly70cIZgrRA,Wrongly-led Open-ended Question,Character Motivation Causality,Is the man in the video breaking the egg with the spatula to show how fragile eggs are?,30.93,Please state your answer with a brief explanation.,"No, the man is using the egg yolk to write a signature on the grill.",https://youtube.com/shorts/ly70cIZgrRA
0942-7,ly70cIZgrRA,Multiple-choice Question with a Single Correct Answer,Character Motivation Causality,"What is the purpose of the man catching and breaking the egg with the spatula?
A. To show how fragile eggs are
B. To make scrambled eggs
C. To demonstrate a cooking technique
D. To clean the spatula",30.93,"E. None of the above
Select one best answer to the above multiple-choice question based on the video. Respond with only the letter (A, B, C, D or E) of the correct option.",C,https://youtube.com/shorts/ly70cIZgrRA
0946-0,JmEOYcf8wiE,Primary Open-ended Question,Positional Relationship,"When the chicken stopped moving, which foot did the man touch?",44.2,Please state your answer with a brief explanation.,"The man does not touch any part of the chicken other than the back of its neck, however, he does attempt to erase the line which causes the chicken to peck his hand.",https://youtube.com/shorts/JmEOYcf8wiE
0946-1,JmEOYcf8wiE,Paraphrased Open-ended Question,Positional Relationship,Which foot did the man touch when the chicken became still?,44.2,Please state your answer with a brief explanation.,"The man touched the right foot on the chicken before it became still, as the man sat on his right knee to pin the chicken.",https://youtube.com/shorts/JmEOYcf8wiE
0946-2,JmEOYcf8wiE,Correctly-led Open-ended Question,Positional Relationship,Did the man touch the chicken's left foot after it stopped moving?,44.2,Please state your answer with a brief explanation.,"No, the man did not touch the chicken's left foot after it stopped moving. At [00:00:36], the man touches the drawn line with his fingers. At [00:00:37] he moves his hand to erase the line which startles the rooster, who then immediately pecks at the hand.",https://youtube.com/shorts/JmEOYcf8wiE
0946-3,JmEOYcf8wiE,Wrongly-led Open-ended Question,Positional Relationship,Did the man touch the chicken's right foot after it stopped moving?,44.2,Please state your answer with a brief explanation.,"No, the man did not touch the chicken's right foot after it stopped moving. He drew a line, and when he started to erase it, the chicken pecked his hand.",https://youtube.com/shorts/JmEOYcf8wiE
0946-7,JmEOYcf8wiE,Multiple-choice Question with a Single Correct Answer,Positional Relationship,"Which foot did the man touch after the chicken stopped moving?
A. Both feet
B. Neither foot
C. Left foot
D. Right foot",44.2,"E. None of the above
Select one best answer to the above multiple-choice question based on the video. Respond with only the letter (A, B, C, D or E) of the correct option.",B,https://youtube.com/shorts/JmEOYcf8wiE
0949-0,GpJpQzdYtL0,Primary Open-ended Question,Plot Attribute,Where does the boss of this company appear in the video?,59.9,Please state your answer with a brief explanation.,The boss appears at [00:00:53] as a casually dressed man giving money away.,https://www.youtube.com/shorts/GpJpQzdYtL0
0949-1,GpJpQzdYtL0,Paraphrased Open-ended Question,Plot Attribute,In which scenes does the company's boss make an appearance in the video?,59.9,Please state your answer with a brief explanation.,"The company boss appears in the video as a homeless person starting at [00:00:00] and at the end of the video as the company boss, starting at [00:00:53].",https://www.youtube.com/shorts/GpJpQzdYtL0
0949-2,GpJpQzdYtL0,Correctly-led Open-ended Question,Plot Attribute,Does the boss appear at the start as a beggar and later in a suit?,59.9,Please state your answer with a brief explanation.,"Yes, the boss does appear first as a beggar (from [00:00:00] to [00:00:11]) and later in a suit ([00:00:52]).",https://www.youtube.com/shorts/GpJpQzdYtL0
0949-3,GpJpQzdYtL0,Wrongly-led Open-ended Question,Plot Attribute,Does the boss only appear at the end of the video in a suit?,59.9,Please state your answer with a brief explanation.,"No, the boss appears in a suit at 0:10, and again at 0:37.",https://www.youtube.com/shorts/GpJpQzdYtL0
0949-7,GpJpQzdYtL0,Multiple-choice Question with a Single Correct Answer,Plot Attribute,"Where does the boss appear in the video?
A. Only in the middle
B. At the beginning and end
C. Throughout the video
D. Only at the end",59.9,"E. None of the above
Select one best answer to the above multiple-choice question based on the video. Respond with only the letter (A, B, C, D or E) of the correct option.",B. At the beginning and end,https://www.youtube.com/shorts/GpJpQzdYtL0
0950-0,Pagl1zg0j4A,Primary Open-ended Question,Displacement Attribute,What is the state of motion of the ball when the man strikes the second time?,52.55,Please state your answer with a brief explanation.,"The ball is at rest when the man strikes the tuning fork the second time, since the frequency does not match perfectly (00:24).",https://www.youtube.com/shorts/Pagl1zg0j4A
0950-1,Pagl1zg0j4A,Paraphrased Open-ended Question,Displacement Attribute,What happens to the ball when the man hits the tuning fork for the second time?,52.55,Please state your answer with a brief explanation.,"When the man hits the tuning fork for the second time, at [00:00:24], nothing happens to the ball. This is because the tuning fork does not have the same frequency as the first one.",https://www.youtube.com/shorts/Pagl1zg0j4A
0950-2,Pagl1zg0j4A,Correctly-led Open-ended Question,Displacement Attribute,"When the man strikes the tuning fork the second time, does the ball remain still?",52.55,Please state your answer with a brief explanation.,The ball remains still when the man strikes the second tuning fork. This is because the frequency (240Hz) of the second tuning fork is different from the frequency of the first (260Hz).,https://www.youtube.com/shorts/Pagl1zg0j4A
0950-3,Pagl1zg0j4A,Wrongly-led Open-ended Question,Displacement Attribute,"When the man strikes the tuning fork the second time, does the ball start moving upwards?",52.55,Please state your answer with a brief explanation.,"Yes, the ball starts moving upwards when the man strikes the tuning fork a second time at [00:00:34]. This is because both tuning forks have been modified to have the same frequency.",https://www.youtube.com/shorts/Pagl1zg0j4A
0950-7,Pagl1zg0j4A,Multiple-choice Question with a Single Correct Answer,Displacement Attribute,"What is the state of the ball when the man strikes the tuning fork for the second time?
A. Moving upwards
B. Spinning
C. Moving downwards
D. Stationary",52.55,"E. None of the above
Select one best answer to the above multiple-choice question based on the video. Respond with only the letter (A, B, C, D or E) of the correct option.",D,https://www.youtube.com/shorts/Pagl1zg0j4A
0952-0,RLEEXr_WsRQ,Primary Open-ended Question,Element Localization,What colour is the dress of the third person that can be seen clearly in the video?,18.88,Please state your answer with a brief explanation.,"The third person who can be clearly seen in the video at timestamp 0:07 is wearing a blue ski suit, and a yellow jacket.",https://www.youtube.com/shorts/RLEEXr_WsRQ
0952-1,RLEEXr_WsRQ,Paraphrased Open-ended Question,Element Localization,What is the color of the outfit worn by the third individual in the image?,18.88,Please state your answer with a brief explanation.,"The color of the third individual’s outfit, who is the toddler, is pink.",https://www.youtube.com/shorts/RLEEXr_WsRQ
0952-2,RLEEXr_WsRQ,Correctly-led Open-ended Question,Element Localization,Is the third person in the picture wearing an orange-black outfit?,18.88,Please state your answer with a brief explanation.,"No. The third person is the dad who is wearing a red and black jacket, with black pants.",https://www.youtube.com/shorts/RLEEXr_WsRQ
0952-3,RLEEXr_WsRQ,Wrongly-led Open-ended Question,Element Localization,Is the third person in the picture wearing a pink outfit?,18.88,Please state your answer with a brief explanation.,"Yes, at [00:00:00] the third person on the screen is wearing a pink outfit.",https://www.youtube.com/shorts/RLEEXr_WsRQ
0952-7,RLEEXr_WsRQ,Multiple-choice Question with a Single Correct Answer,Element Localization,"What color is the dress of the third person in the picture?
A. Green
B. Blue
C. Orange-Black
D. Pink",18.88,"E. None of the above
Select one best answer to the above multiple-choice question based on the video. Respond with only the letter (A, B, C, D or E) of the correct option.",D,https://www.youtube.com/shorts/RLEEXr_WsRQ
0956-0,Evie7TV-E8s,Primary Open-ended Question,Displacement Attribute,What is the rotation direction of the red stick?,39.72,Please state your answer with a brief explanation.,"The red stick rotates clockwise. The presenter spins the two rods with the same force. Because the longer red stick has more rotational inertia, it's harder to rotate, meaning the blue stick rotates faster than the red one.",https://www.youtube.com/shorts/Evie7TV-E8s
0956-1,Evie7TV-E8s,Paraphrased Open-ended Question,Displacement Attribute,In which direction does the red stick rotate?,39.72,Please state your answer with a brief explanation.,"The red stick rotates counterclockwise. The video explains that the longer the rod, the harder it is to rotate because it has more rotational inertia. This is why the shorter (blue) rod rotates more quickly than the longer (red) rod.",https://www.youtube.com/shorts/Evie7TV-E8s
0956-2,Evie7TV-E8s,Correctly-led Open-ended Question,Displacement Attribute,Does the red stick rotate in a clockwise direction relative to the camera?,39.72,Please state your answer with a brief explanation.,"The red stick rotates in a clockwise direction relative to the camera, as shown at [00:00:51-00:00:58].",https://www.youtube.com/shorts/Evie7TV-E8s
0956-3,Evie7TV-E8s,Wrongly-led Open-ended Question,Displacement Attribute,Does the red stick rotate in a counterclockwise direction relative to the camera?,39.72,Please state your answer with a brief explanation.,The red stick rotates in a clockwise direction relative to the camera. This can be seen from [00:00:51] to [00:00:58] of the video.,https://www.youtube.com/shorts/Evie7TV-E8s
0956-7,Evie7TV-E8s,Multiple-choice Question with a Single Correct Answer,Displacement Attribute,"What is the rotation direction of the red stick?
A. Counterclockwise
B. Upward
C. Clockwise
D. Downward",39.72,"E. None of the above
Select one best answer to the above multiple-choice question based on the video. Respond with only the letter (A, B, C, D or E) of the correct option.",C,https://www.youtube.com/shorts/Evie7TV-E8s
0957-0,DtZdE1P45yQ,Primary Open-ended Question,Displacement Attribute,How did the stuff in the beaker end up on the rod in the second half of the video in brief?,83.22,Please state your answer with a brief explanation.,"The presenter used tweezers to pull a ""gross slimy string"" of plastic (nylon) out of the beaker, then wrapped it around a glass rod.",https://www.youtube.com/shorts/DtZdE1P45yQ
0957-1,DtZdE1P45yQ,Paraphrased Open-ended Question,Displacement Attribute,What process led to the substance in the beaker being transferred to the rod in the latter part of the video?,83.22,Please state your answer with a brief explanation.,"The substance in the beaker was transferred to the rod through interfacial polymerization. This process occurs at the interface between two immiscible liquids, causing the formation of a polymer (nylon) that can then be pulled out and wound onto the rod.",https://www.youtube.com/shorts/DtZdE1P45yQ
0957-2,DtZdE1P45yQ,Correctly-led Open-ended Question,Displacement Attribute,Did the substance in the beaker end up on the rod by being pulled out and wrapped around it?,83.22,Please state your answer with a brief explanation.,"Yes, according to the video at [00:01:15-00:01:28], after adding the two liquids together, the substance was pulled out with tweezers and then wrapped around a glass rod.",https://www.youtube.com/shorts/DtZdE1P45yQ
0957-3,DtZdE1P45yQ,Wrongly-led Open-ended Question,Displacement Attribute,Did the substance in the beaker end up on the rod because it adhered to the rod when it was inserted?,83.22,Please state your answer with a brief explanation.,"Here's the answer to your question:

No, the plastic (nylon) was forming between the two liquids (00:01:38). The tweezers were used to grab the forming plastic (00:01:14-00:01:17), and then a glass rod was used to wind the plastic around (00:01:24).",https://www.youtube.com/shorts/DtZdE1P45yQ
0957-7,DtZdE1P45yQ,Multiple-choice Question with a Single Correct Answer,Displacement Attribute,"How did the substance in the beaker end up on the rod?
A. It was poured onto the rod.
B. It was left to dry on the rod.
C. It adhered to the rod when inserted.
D. It was pulled out and wrapped around the rod.",83.22,"E. None of the above
Select one best answer to the above multiple-choice question based on the video. Respond with only the letter (A, B, C, D or E) of the correct option.",D,https://www.youtube.com/shorts/DtZdE1P45yQ
0973-0,BkFjtOqLNmk,Primary Open-ended Question,Event Localization,When did the man in the gray hoodie on the left in the video get injured?,53.44,Please state your answer with a brief explanation.,"The man in the gray hoodie on the left, Mr. Beast, gets injured at 0:40 when he is hit by the balloons he and the rest of the group are throwing.",https://www.youtube.com/shorts/BkFjtOqLNmk
0973-1,BkFjtOqLNmk,Paraphrased Open-ended Question,Event Localization,At what point in the video did the man in the gray hoodie on the left sustain an injury?,53.44,Please state your answer with a brief explanation.,"At 0:00:41, the man in the gray hoodie on the left is struck by the balloons they are attempting to pop, resulting in an injury to his face.",https://www.youtube.com/shorts/BkFjtOqLNmk
0973-2,BkFjtOqLNmk,Correctly-led Open-ended Question,Event Localization,Did the man in the gray hoodie on the left get injured during the final balloon popping game?,53.44,Please state your answer with a brief explanation.,"Yes, Mr. Beast, who is in the gray hoodie, was injured by a balloon during the final balloon-popping game, as he states that one of them hit him.",https://www.youtube.com/shorts/BkFjtOqLNmk
0973-3,BkFjtOqLNmk,Wrongly-led Open-ended Question,Event Localization,Did the man in the gray hoodie on the left get injured at the beginning of the video?,53.44,Please state your answer with a brief explanation.,"Yes, the man in the gray hoodie, Mr. Beast, got hit with a balloon hard enough to leave a mark on his forehead.",https://www.youtube.com/shorts/BkFjtOqLNmk
0973-7,BkFjtOqLNmk,Multiple-choice Question with a Single Correct Answer,Event Localization,"When did the man in the gray hoodie on the left get injured?
A. While setting up the balloons
B. During the last balloon popping game
C. During the second balloon popping game
D. At the start of the video",53.44,"E. None of the above
Select one best answer to the above multiple-choice question based on the video. Respond with only the letter (A, B, C, D or E) of the correct option.",B,https://www.youtube.com/shorts/BkFjtOqLNmk
0974-0,_a6lFCUYTA4,Primary Open-ended Question,Event Localization,When did the person in the video put the straw into the bottle?,17.45,Please state your answer with a brief explanation.,"At the very beginning of the video, at [00:00:02], you can see someone using a hot glue gun to attach a straw inside of the bottle.",https://www.youtube.com/shorts/_a6lFCUYTA4
0974-1,_a6lFCUYTA4,Paraphrased Open-ended Question,Event Localization,At what point in the video does the person insert the straw into the bottle?,17.45,Please state your answer with a brief explanation.,"At 0:02 of the video, the person inserts the straw into the bottle by melting the plastic of the bottle and sticking the straw in place.",https://www.youtube.com/shorts/_a6lFCUYTA4
0974-2,_a6lFCUYTA4,Correctly-led Open-ended Question,Event Localization,Did the person in the video put the straw into the bottle before doing the trick?,17.45,Please state your answer with a brief explanation.,"No, at [00:00:02] one can see that the straw is pushed into the bottle as part of the trick preparation.",https://www.youtube.com/shorts/_a6lFCUYTA4
0974-3,_a6lFCUYTA4,Wrongly-led Open-ended Question,Event Localization,Did the person in the video put the straw into the bottle at the end of the video while sitting at a table?,17.45,Please state your answer with a brief explanation.,"Yes, at the end of the video, the person successfully puts the straw into the Fanta bottle while sitting at a table.",https://www.youtube.com/shorts/_a6lFCUYTA4
0974-7,_a6lFCUYTA4,Multiple-choice Question with a Single Correct Answer,Event Localization,"When did the person in the video put the straw into the bottle?
A. At the end of the video.
B. There is no straw.
C. Right before doing the trick.
D. At the beginning of the video.",17.45,"E. None of the above
Select one best answer to the above multiple-choice question based on the video. Respond with only the letter (A, B, C, D or E) of the correct option.",C,https://www.youtube.com/shorts/_a6lFCUYTA4
0976-0,fPW-zkcTRgM,Primary Open-ended Question,Event Localization,Who answers the question first in the first scene of the video?,40.96,Please state your answer with a brief explanation.,The woman answers the question first in the first scene of the video. At [00:00:01] she correctly answers Crossroads.,https://www.youtube.com/shorts/fPW-zkcTRgM
0976-1,fPW-zkcTRgM,Paraphrased Open-ended Question,Event Localization,Who is the first person to respond to the question in the initial scene of the video?,40.96,Please state your answer with a brief explanation.,"The female participant is the first person to respond to the initial question, ""What is this?"" and answers, ""Roads"". The male participant quickly follows with the correct answer ""Crossroads"" and receives the first point in the game.",https://www.youtube.com/shorts/fPW-zkcTRgM
0976-2,fPW-zkcTRgM,Correctly-led Open-ended Question,Event Localization,Is the person on the left from the observer's perspective the first to answer the question in the first scene?,40.96,Please state your answer with a brief explanation.,"From the observer's perspective, in the first scene, the person on the right is the first one to correctly answer the question.",https://www.youtube.com/shorts/fPW-zkcTRgM
0976-3,fPW-zkcTRgM,Wrongly-led Open-ended Question,Event Localization,Is the person on the right from the observer's perspective the first to answer the question in the first scene?,40.96,Please state your answer with a brief explanation.,"The person on the right, from the observer's perspective, is the first to answer ""Crossroads"" in the first scene.",https://www.youtube.com/shorts/fPW-zkcTRgM
0976-7,fPW-zkcTRgM,Multiple-choice Question with a Single Correct Answer,Event Localization,"Who answers the question first in the first scene of the video?
A. Neither answers
B. Both answer at the same time
C. The person on the right
D. The person on the left",40.96,"E. None of the above
Select one best answer to the above multiple-choice question based on the video. Respond with only the letter (A, B, C, D or E) of the correct option.",D.,https://www.youtube.com/shorts/fPW-zkcTRgM
0983-0,9btQkaci6kA,Primary Open-ended Question,Plot Attribute,Why is there an appearance of a second person in the video?,27.7,Please state your answer with a brief explanation.,"The appearance of a second person, the security guard, is to add humor to the video. The security guard attempts to catch Zach in the act of creating graffiti, but Zach uses a ladder to escape, going from the fake one to a real one.",https://www.youtube.com/shorts/9btQkaci6kA
0983-1,9btQkaci6kA,Paraphrased Open-ended Question,Plot Attribute,What causes the appearance of a second individual in the video?,27.7,Please state your answer with a brief explanation.,"The appearance of a second individual is due to video editing and trickery. The second individual is a security guard, who seemingly appears out of nowhere to confront Zach King about his graffiti.",https://www.youtube.com/shorts/9btQkaci6kA
0983-2,9btQkaci6kA,Correctly-led Open-ended Question,Plot Attribute,Is the second person in the video a security guard investigating the graffiti artist?,27.7,Please state your answer with a brief explanation.,"Yes, the second person in the video appears to be a security guard, based on their uniform and the word ""SECURITY"" printed on the back of their jacket. The guard intervenes when he sees the graffiti artist at work.",https://www.youtube.com/shorts/9btQkaci6kA
0983-3,9btQkaci6kA,Wrongly-led Open-ended Question,Plot Attribute,Is the second person in the video actually a painted silhouette of a girl on the wall?,27.7,Please state your answer with a brief explanation.,"Yes, the silhouette of the girl on the wall is spray painted on the wall, as shown between [00:00:02-00:00:04].",https://www.youtube.com/shorts/9btQkaci6kA
0983-7,9btQkaci6kA,Multiple-choice Question with a Single Correct Answer,Plot Attribute,"Why does a second person appear in the video?
A. They are a security guard.
B. They are a painted silhouette.
C. They are a passerby.
D. They are a friend of the artist.",27.7,"E. None of the above
Select one best answer to the above multiple-choice question based on the video. Respond with only the letter (A, B, C, D or E) of the correct option.",A,https://www.youtube.com/shorts/9btQkaci6kA
0985-0,xhCvWSZOo8A,Primary Open-ended Question,Plot Attribute,Does the money in the cup at the end of the video come from the money in the cup at the beginning of the video?,14.44,Please state your answer with a brief explanation.,"No, the money at the end comes from behind his ear as noted by many commenters.",https://www.youtube.com/shorts/xhCvWSZOo8A
0985-1,xhCvWSZOo8A,Paraphrased Open-ended Question,Plot Attribute,Is the money in the cup at the end the same as the money in the cup at the start of the video?,14.44,Please state your answer with a brief explanation.,"No, the money in the cup at the end is not the same as at the beginning. The money disappears and reappears from behind the magician's ear.",https://www.youtube.com/shorts/xhCvWSZOo8A
0985-2,xhCvWSZOo8A,Correctly-led Open-ended Question,Plot Attribute,Did the money in the cup at the end come from the man's right ear at the beginning?,14.44,Please state your answer with a brief explanation.,"Yes, the money in the cup likely came from behind the man's ear. Multiple comments mention seeing the bill behind his ear.",https://www.youtube.com/shorts/xhCvWSZOo8A
0985-3,xhCvWSZOo8A,Wrongly-led Open-ended Question,Plot Attribute,Did the money stay in the cup throughout the video as it was shaken?,14.44,Please state your answer with a brief explanation.,"No, the money did not stay in the cup. It was hidden behind his ear. When he covered the money on the table with the cup, he ""took"" the money from behind his ear and displayed the cup with the money in it.",https://www.youtube.com/shorts/xhCvWSZOo8A
0985-7,xhCvWSZOo8A,Multiple-choice Question with a Single Correct Answer,Plot Attribute,"Where does the money in the cup at the end of the video come from?
A. The man's right ear
B. The person's hand
C. The table
D. The cup at the beginning",14.44,"E. None of the above
Select one best answer to the above multiple-choice question based on the video. Respond with only the letter (A, B, C, D or E) of the correct option.",A,https://www.youtube.com/shorts/xhCvWSZOo8A
0995-0,sVsv_cKxmXY,Primary Open-ended Question,Event Localization,What is the answer to the eighth question in the video?,62.29,Please state your answer with a brief explanation.,"The answer to the eighth question is ""going in circles"". This is based on the arrangement of the word ""going"" in a circular fashion, as seen in the picture shown in the video between 00:02:18 and 00:02:21.",https://www.youtube.com/shorts/sVsv_cKxmXY
0995-1,sVsv_cKxmXY,Paraphrased Open-ended Question,Event Localization,What is the response to the eighth question in the video?,62.29,Please state your answer with a brief explanation.,"The response to the eighth question (0:59) is ""long overdue"". In this brain teaser, the word ""long"" is above the word ""due"", so the correct answer is long overdue.",https://www.youtube.com/shorts/sVsv_cKxmXY
0995-2,sVsv_cKxmXY,Correctly-led Open-ended Question,Event Localization,Is the answer to the eighth question in the video 'long over due'?,62.29,Please state your answer with a brief explanation.,"Yes, the answer to the eighth question is 'long overdue' as seen at 0:56 in the video.",https://www.youtube.com/shorts/sVsv_cKxmXY
0995-3,sVsv_cKxmXY,Wrongly-led Open-ended Question,Event Localization,Is the answer to the eighth question in the video 'up to no good'?,62.29,Please state your answer with a brief explanation.,"Yes, the answer to the eighth question in the video is 'up to no good' (00:00:21).",https://www.youtube.com/shorts/sVsv_cKxmXY
0995-7,sVsv_cKxmXY,Multiple-choice Question with a Single Correct Answer,Event Localization,"What is the answer to the eighth question in the video?
A. Over the top
B. Not good enough
C. Up to no good
D. Long over due",62.29,"E. None of the above
Select one best answer to the above multiple-choice question based on the video. Respond with only the letter (A, B, C, D or E) of the correct option.",C,https://www.youtube.com/shorts/sVsv_cKxmXY
0996-0,q8cjGfTq5XI,Primary Open-ended Question,Event Localization,Which is the third timer tool allowed to be shown in the video?,59.74,Please state your answer with a brief explanation.,"The third timer shown in this video is the ""little white clawk"" which the presenter shows at [00:00:47] in the video.",https://www.youtube.com/shorts/q8cjGfTq5XI
0996-1,q8cjGfTq5XI,Paraphrased Open-ended Question,Event Localization,What is the third timekeeping device featured in the video?,59.74,Please state your answer with a brief explanation.,"The third timekeeping device is the ""little white clawk,"" proposed after the sun dial and the pendulum device.",https://www.youtube.com/shorts/q8cjGfTq5XI
0996-2,q8cjGfTq5XI,Correctly-led Open-ended Question,Event Localization,Is the third timekeeping tool shown in the video a clock that uses a pendulum swing mechanism?,59.74,Please state your answer with a brief explanation.,"Yes, at [00:00:16] of the video, one of the inventors describes his timekeeping concept as one that ""will use a pendulum swing mechanism to create a constant movement in what I call 'hands'.""",https://www.youtube.com/shorts/q8cjGfTq5XI
0996-3,q8cjGfTq5XI,Wrongly-led Open-ended Question,Event Localization,Is the third timekeeping tool shown in the video a sundial?,59.74,Please state your answer with a brief explanation.,"The third timekeeping tool is not shown; the first tool is the sundial, and the second is a clock that uses a pendulum swing mechanism.",https://www.youtube.com/shorts/q8cjGfTq5XI
0996-7,q8cjGfTq5XI,Multiple-choice Question with a Single Correct Answer,Event Localization,"What is the third timekeeping tool shown in the video?
A. Hourglass
B. Clock with pendulum
C. Water clock
D. Sundial",59.74,"E. None of the above
Select one best answer to the above multiple-choice question based on the video. Respond with only the letter (A, B, C, D or E) of the correct option.",A,https://www.youtube.com/shorts/q8cjGfTq5XI
0999-0,TE7YjiQZpZo,Primary Open-ended Question,Event Localization,How does the man who plays Curly go through the branches on the ground?,60.01,Please state your answer with a brief explanation.,The person acting as Curly from The Three Stooges (0:34) falls directly onto the branches on the ground.,https://www.youtube.com/shorts/TE7YjiQZpZo
0999-1,TE7YjiQZpZo,Paraphrased Open-ended Question,Event Localization,What happens to the man portraying Curly as he navigates the branches on the ground?,60.01,Please state your answer with a brief explanation.,"While navigating the branches, the man portraying Curly from the Three Stooges comically says, ""Ooh! Nyuk, nyuk, nyuk!"" before falling to the ground.",https://www.youtube.com/shorts/TE7YjiQZpZo
0999-2,TE7YjiQZpZo,Correctly-led Open-ended Question,Event Localization,"Does the man playing Curly trip over a branch while walking backwards, leading to a comedic fall?",60.01,Please state your answer with a brief explanation.,"Yes, the man imitating Curly from The Three Stooges does trip over the branch while walking backwards in a comedic fashion. The fall occurs around [00:00:35] in the video.",https://www.youtube.com/shorts/TE7YjiQZpZo
0999-3,TE7YjiQZpZo,Wrongly-led Open-ended Question,Event Localization,"Does the man playing Curly trip over the branches, fall, and then get back up to continue moving?",60.01,Please state your answer with a brief explanation.,"Yes, the man playing Curly trips, falls, gets up and then continues moving, as seen from 0:34-0:38.",https://www.youtube.com/shorts/TE7YjiQZpZo
0999-7,TE7YjiQZpZo,Multiple-choice Question with a Single Correct Answer,Event Localization,"How does the man playing Curly interact with the branches on the ground?
A. He trips over them and falls, matching Curly's comedic style.
B. He trips, falls, and then gets back up to continue moving.
C. He steps over them carefully.
D. He avoids them entirely.",60.01,"E. None of the above
Select one best answer to the above multiple-choice question based on the video. Respond with only the letter (A, B, C, D or E) of the correct option.",A,https://www.youtube.com/shorts/TE7YjiQZpZo
1002-0,W7aL-aUocLA,Primary Open-ended Question,Event Localization,"In the first scene, when the fourth stick falls, how does the man catch it?",25.43,Please state your answer with a brief explanation.,"In the first scene, at [00:00:01], the man successfully catches the fourth stick with his right hand.",https://www.youtube.com/shorts/W7aL-aUocLA
1002-1,W7aL-aUocLA,Paraphrased Open-ended Question,Event Localization,What method does the man use to catch the fourth stick in the first scene?,25.43,Please state your answer with a brief explanation.,The man uses his mouth to catch the fourth stick. As it drops he opens his mouth and it falls directly in.,https://www.youtube.com/shorts/W7aL-aUocLA
1002-2,W7aL-aUocLA,Correctly-led Open-ended Question,Event Localization,Did the man use his foot to assist in catching the fourth stick in the first scene?,25.43,Please state your answer with a brief explanation.,"No, the man did not use his foot to assist in catching the fourth stick in the first scene. His feet remain stationary throughout the scene.",https://www.youtube.com/shorts/W7aL-aUocLA
1002-3,W7aL-aUocLA,Wrongly-led Open-ended Question,Event Localization,Did the man catch the fourth stick with his right hand in the first scene?,25.43,Please state your answer with a brief explanation.,"Yes, the man caught the fourth stick with his right hand. This can be seen at timestamp 0:00.",https://www.youtube.com/shorts/W7aL-aUocLA
1002-7,W7aL-aUocLA,Multiple-choice Question with a Single Correct Answer,Event Localization,"How did the man catch the fourth stick in the first scene?
A. By kicking it with his foot and then catching it with his hand
B. By letting it fall to the ground
C. With his left hand
D. With his right hand",25.43,"E. None of the above
Select one best answer to the above multiple-choice question based on the video. Respond with only the letter (A, B, C, D or E) of the correct option.",D,https://www.youtube.com/shorts/W7aL-aUocLA
1009-0,m_H3uWi3_2o,Primary Open-ended Question,Character Emotion Attribute,What is the reaction of the man in the first two scenes after the visitor waved at him?,12.65,Please state your answer with a brief explanation.,The man's face lights up with a big smile when the customer asks a question. This shows his excitement and enthusiasm about sharing his knowledge of art.,https://www.youtube.com/shorts/m_H3uWi3_2o
1009-1,m_H3uWi3_2o,Paraphrased Open-ended Question,Character Emotion Attribute,How does the man react in the first two scenes after the visitor waves at him?,12.65,Please state your answer with a brief explanation.,"In the first scene, the man deflates and places his hands on his hips when the visitor says, ""I'm just looking, thank you."" In the second scene, the man pauses and smiles when the visitor asks if she has a question.",https://www.youtube.com/shorts/m_H3uWi3_2o
1009-2,m_H3uWi3_2o,Correctly-led Open-ended Question,Character Emotion Attribute,Does the man seem disappointed and walk away after the visitor waves at him in the first two scenes?,12.65,Please state your answer with a brief explanation.,"No, in the first scene, the man doesn't seem disappointed; he appears neutral and accepts her disinterest. In the second scene, he appears to shrug it off with a smile.",https://www.youtube.com/shorts/m_H3uWi3_2o
1009-3,m_H3uWi3_2o,Wrongly-led Open-ended Question,Character Emotion Attribute,Does the man appear enthusiastic and eager to engage with the visitor in the first two scenes?,12.65,Please state your answer with a brief explanation.,"Yes, in the first two scenes, the man appears enthusiastic and eager to engage, as he immediately approaches the visitor and begins to speak about the art.",https://www.youtube.com/shorts/m_H3uWi3_2o
1009-7,m_H3uWi3_2o,Multiple-choice Question with a Single Correct Answer,Character Emotion Attribute,"What is the man's reaction in the first two scenes after the visitor waves at him?
A. He seems disappointed and walks away.
B. He ignores the visitor completely.
C. He starts discussing the art pieces animatedly.
D. He is enthusiastic and eager to engage.",12.65,"E. None of the above
Select one best answer to the above multiple-choice question based on the video. Respond with only the letter (A, B, C, D or E) of the correct option.",D,https://www.youtube.com/shorts/m_H3uWi3_2o
1011-0,QV6iOzP_OXY,Primary Open-ended Question,Character Reaction Causality,Why did the woman use hose on the man?,31.95,Please state your answer with a brief explanation.,The woman used a hose on the man because he started eating a blue cleaning sponge in the kitchen.,https://www.youtube.com/shorts/QV6iOzP_OXY
1011-1,QV6iOzP_OXY,Paraphrased Open-ended Question,Character Reaction Causality,What prompted the woman to spray the man with the hose?,31.95,Please state your answer with a brief explanation.,The woman sprayed the man with the hose because he ate a blue sponge in front of her.,https://www.youtube.com/shorts/QV6iOzP_OXY
1011-2,QV6iOzP_OXY,Correctly-led Open-ended Question,Character Reaction Causality,Did the woman use the hose on the man because she thought he accidentally consumed soap?,31.95,Please state your answer with a brief explanation.,"No, the woman did not use the hose on the man because she thought he accidentally consumed soap. The woman screamed and used the hose after she saw the man eat what looked like a blue sponge.",https://www.youtube.com/shorts/QV6iOzP_OXY
1011-3,QV6iOzP_OXY,Wrongly-led Open-ended Question,Character Reaction Causality,Did the woman spray the man with the hose as a playful response to a prank he played on her?,31.95,Please state your answer with a brief explanation.,"Yes, the woman sprayed the man with the hose as a response to him eating a sponge that he had swapped out for a rice crispy treat.",https://www.youtube.com/shorts/QV6iOzP_OXY
1011-7,QV6iOzP_OXY,Multiple-choice Question with a Single Correct Answer,Character Reaction Causality,"Why did the woman use the hose on the man?
A. She was angry at him.
B. He played a prank on her.
C. He was dirty.
D. She thought he accidentally ate soap.",31.95,"E. None of the above
Select one best answer to the above multiple-choice question based on the video. Respond with only the letter (A, B, C, D or E) of the correct option.",D.,https://www.youtube.com/shorts/QV6iOzP_OXY
1018-0,1jh1WQq_fHs,Primary Open-ended Question,Character Emotion Attribute,What's the rapper's reaction after the traffic controller took his microphone?,19.39,Please state your answer with a brief explanation.,"The rapper seems understanding and immediately hands over the microphone to the traffic controller, so he can perform his job duties. The rapper continues rapping after getting his mic back.",https://www.youtube.com/shorts/1jh1WQq_fHs
1018-1,1jh1WQq_fHs,Paraphrased Open-ended Question,Character Emotion Attribute,How did the rapper respond when the traffic controller took his microphone?,19.39,Please state your answer with a brief explanation.,"The rapper was understanding and respectful, immediately handing over the microphone before the traffic controller could even ask.",https://www.youtube.com/shorts/1jh1WQq_fHs
1018-2,1jh1WQq_fHs,Correctly-led Open-ended Question,Character Emotion Attribute,Did the rapper continue his performance calmly after the traffic controller took his microphone?,19.39,Please state your answer with a brief explanation.,"Yes, the rapper continued his performance calmly after the traffic controller took his microphone. The rapper smoothly slides back into his performance after the traffic controller's announcement is over.",https://www.youtube.com/shorts/1jh1WQq_fHs
1018-3,1jh1WQq_fHs,Wrongly-led Open-ended Question,Character Emotion Attribute,Did the rapper get angry and stop performing when the traffic controller took his microphone?,19.39,Please state your answer with a brief explanation.,"No, the rapper was not angry when the traffic controller took his microphone. The rapper can be seen handing it over without hesitation, and he resumed his performance immediately after the traffic controller was done.",https://www.youtube.com/shorts/1jh1WQq_fHs
1018-7,1jh1WQq_fHs,Multiple-choice Question with a Single Correct Answer,Character Emotion Attribute,"What was the rapper's reaction after the traffic controller took his microphone?
A. He hesitated before continuing performing.
B. He is still performing.
C. He left the stage.
D. He argued with the traffic controller.",19.39,"E. None of the above
Select one best answer to the above multiple-choice question based on the video. Respond with only the letter (A, B, C, D or E) of the correct option.",B,https://www.youtube.com/shorts/1jh1WQq_fHs
1020-0,C4l7rfjX49I,Primary Open-ended Question,Character Emotion Attribute,What's the baby's reaction when they see dad?,13.12,Please state your answer with a brief explanation.,"The baby's reaction to their dad is neutral. The baby looks at him with a straight face, suggesting they don't have the same level of excitement as with their mom and brother, who were more enthusiastic.",https://www.youtube.com/shorts/C4l7rfjX49I
1020-1,C4l7rfjX49I,Paraphrased Open-ended Question,Character Emotion Attribute,How does the baby respond when they see their father?,13.12,Please state your answer with a brief explanation.,"When the baby sees their father, they respond with a blank stare, seemingly uninterested in their father's greeting.",https://www.youtube.com/shorts/C4l7rfjX49I
1020-2,C4l7rfjX49I,Correctly-led Open-ended Question,Character Emotion Attribute,Does the baby show a lack of excitement when they see their dad?,13.12,Please state your answer with a brief explanation.,"Yes, the baby does show a lack of excitement when seeing their dad. In the video, the baby smiles and coos when greeted by the mom, remains relatively neutral when greeted by the dad, and then smiles and laughs when greeted by the big brother.",https://www.youtube.com/shorts/C4l7rfjX49I
1020-3,C4l7rfjX49I,Wrongly-led Open-ended Question,Character Emotion Attribute,Does the baby react with excitement and joy when they see their dad?,13.12,Please state your answer with a brief explanation.,"No, the baby does not react with as much excitement and joy when they see their dad compared to their mom and big brother. The baby gives a very mild reaction to the dad.",https://www.youtube.com/shorts/C4l7rfjX49I
1020-7,C4l7rfjX49I,Multiple-choice Question with a Single Correct Answer,Character Emotion Attribute,"What is the baby's reaction when they see their dad?
A. Crying
B. Excitement and joy
C. Expressionless and looking away
D. Laughing",13.12,"E. None of the above
Select one best answer to the above multiple-choice question based on the video. Respond with only the letter (A, B, C, D or E) of the correct option.",C,https://www.youtube.com/shorts/C4l7rfjX49I
1023-0,m_H3uWi3_2o,Primary Open-ended Question,Character Emotion Attribute,What's the man's reaction after the first woman talked to him?,12.65,Please state your answer with a brief explanation.,His face lit up with a smile. This indicates he was excited at the prospect of talking about art.,https://www.youtube.com/shorts/m_H3uWi3_2o
1023-1,m_H3uWi3_2o,Paraphrased Open-ended Question,Character Emotion Attribute,How did the man respond after the first woman spoke to him?,12.65,Please state your answer with a brief explanation.,"The man initially looks down after the woman said she was just looking and thanked him. However, he responded with a very large smile when the last woman said ""Hey, I have a question!"" at [00:00:09].",https://www.youtube.com/shorts/m_H3uWi3_2o
1023-2,m_H3uWi3_2o,Correctly-led Open-ended Question,Character Emotion Attribute,Did the man show signs of frustration or disappointment after the first woman talked to him?,12.65,Please state your answer with a brief explanation.,"Yes, the man shows disappointment when the first two women say they are okay without his help. At [00:00:02] the man's face drops when the woman says, ""I'm just looking thank you"". Again, at [00:00:05] the man's expression softens and looks disappointed when the woman says, ""Oh I'm okay thank you"".",https://www.youtube.com/shorts/m_H3uWi3_2o
1023-3,m_H3uWi3_2o,Wrongly-led Open-ended Question,Character Emotion Attribute,Did the man seem happy and excited after the first woman spoke to him?,12.65,Please state your answer with a brief explanation.,"Yes, the man's face lit up when the second woman said ""Hey I have a question!""",https://www.youtube.com/shorts/m_H3uWi3_2o
1023-7,m_H3uWi3_2o,Multiple-choice Question with a Single Correct Answer,Character Emotion Attribute,"What was the man's reaction after the first woman talked to him?
A. He was frustrated or disappointed.
B. He was indifferent.
C. He was excited and happy.
D. He was confused.",12.65,"E. None of the above
Select one best answer to the above multiple-choice question based on the video. Respond with only the letter (A, B, C, D or E) of the correct option.",C,https://www.youtube.com/shorts/m_H3uWi3_2o
1031-0,RbdWggNEZGw,Primary Open-ended Question,Character Emotion Attribute,What emotion is the man in a white shirt eating a banana experiencing in the video?,39.72,Please state your answer with a brief explanation.,The man seems to be experiencing confusion and disbelief. This is shown through his widened eyes and facial expressions as he sees how much money people are willing to pay for a banana taped to the wall.,https://www.youtube.com/shorts/RbdWggNEZGw
1031-1,RbdWggNEZGw,Paraphrased Open-ended Question,Character Emotion Attribute,What feeling is the man in the white shirt experiencing while eating a banana in the video?,39.72,Please state your answer with a brief explanation.,"The man appears incredulous, which is shown through his facial expressions while eating the banana, given what it cost.",https://www.youtube.com/shorts/RbdWggNEZGw
1031-2,RbdWggNEZGw,Correctly-led Open-ended Question,Character Emotion Attribute,Is the man in the white shirt eating a banana feeling surprised and shocked by the banana auction?,39.72,Please state your answer with a brief explanation.,"Yes, the man in the white shirt seems shocked at the banana auction as seen through his facial expressions and reactions.",https://www.youtube.com/shorts/RbdWggNEZGw
1031-3,RbdWggNEZGw,Wrongly-led Open-ended Question,Character Emotion Attribute,Is the man in the white shirt eating a banana feeling calm and relaxed in the third scene?,39.72,Please state your answer with a brief explanation.,"No, it does not appear the man is feeling calm and relaxed while eating the banana in the third scene. The man is looking around with a surprised look on his face, and eating the banana quickly, as if he is worried about something.",https://www.youtube.com/shorts/RbdWggNEZGw
1031-7,RbdWggNEZGw,Multiple-choice Question with a Single Correct Answer,Character Emotion Attribute,"What emotion is the man in the white shirt eating a banana experiencing?
A. Boredom
B. Relaxation
C. Surprise
D. Calm",39.72,"E. None of the above
Select one best answer to the above multiple-choice question based on the video. Respond with only the letter (A, B, C, D or E) of the correct option.",C,https://www.youtube.com/shorts/RbdWggNEZGw
1037-0,y-Ey4mW-BKs,Primary Open-ended Question,Character Motivation Causality,Why does the man make an OK gesture at the end of the video?,57.69,Please state your answer with a brief explanation.,"The man makes an OK gesture because the woman in the video he is recreating makes the same gesture at 00:00:50 after enjoying the drink. However, the man spits out the drink before making the gesture at 00:00:56.",https://www.youtube.com/shorts/y-Ey4mW-BKs
1037-1,y-Ey4mW-BKs,Paraphrased Open-ended Question,Character Motivation Causality,What is the reason the man makes an OK gesture at the conclusion of the video?,57.69,Please state your answer with a brief explanation.,"The man makes an OK gesture because the woman he is mimicking in the video makes an OK gesture and says ""perfect"" after trying the drink. The man is copying her actions. However, before making the OK gesture, the man spits out the drink, suggesting he did not think it was ""perfect.""",https://www.youtube.com/shorts/y-Ey4mW-BKs
1037-2,y-Ey4mW-BKs,Correctly-led Open-ended Question,Character Motivation Causality,Does the man make the OK gesture at the end of the video to mimic the blonde woman?,57.69,Please state your answer with a brief explanation.,"Yes, the man makes the OK gesture at the end of the video. The woman in the video makes the OK gesture and says ""perfect"" before the man spits the drink out and makes the OK gesture, also saying ""perfect"" so he is mimicking her actions from her video.",https://www.youtube.com/shorts/y-Ey4mW-BKs
1037-3,y-Ey4mW-BKs,Wrongly-led Open-ended Question,Character Motivation Causality,Does the man make the OK gesture at the end of the video to show that the drink he made is satisfactory?,57.69,Please state your answer with a brief explanation.,"No, the man does not like the drink he made, as shown by him spitting it out after trying it. He then makes the OK gesture to mock the woman in the original video.",https://www.youtube.com/shorts/y-Ey4mW-BKs
1037-7,y-Ey4mW-BKs,Multiple-choice Question with a Single Correct Answer,Character Motivation Causality,"Why does the man make an OK gesture at the end of the video?
A. To indicate the drink is satisfactory.
B. To express approval of the drink.
C. To imitate the blonde woman.
D. To show he enjoyed the drink.",57.69,"E. None of the above
Select one best answer to the above multiple-choice question based on the video. Respond with only the letter (A, B, C, D or E) of the correct option.",C,https://www.youtube.com/shorts/y-Ey4mW-BKs
1044-0,gpeIf-lCeIQ,Primary Open-ended Question,Plot Attribute,What kind of psychological activity is going on in the person under the quilt at the end of the video?,21.23,Please state your answer with a brief explanation.,"The person experiences a sudden awakening and disorientation transitioning from a state of sleep to one of alertness, in order to compete in a warzone video game.",https://www.youtube.com/shorts/gpeIf-lCeIQ
1044-1,gpeIf-lCeIQ,Paraphrased Open-ended Question,Plot Attribute,What is the mental state of the person under the quilt at the end of the video?,21.23,Please state your answer with a brief explanation.,"The person under the quilt is in a state of startled confusion. He wakes up abruptly from sleep to the sounds of a video game, but quickly gets back in the game.",https://www.youtube.com/shorts/gpeIf-lCeIQ
1044-2,gpeIf-lCeIQ,Correctly-led Open-ended Question,Plot Attribute,Is the person under the quilt surprised and confused about what is happening?,21.23,Please state your answer with a brief explanation.,"Yes, he is. When he is woken up, he appears startled and takes a moment to register what is happening before he starts playing the game.",https://www.youtube.com/shorts/gpeIf-lCeIQ
1044-3,gpeIf-lCeIQ,Wrongly-led Open-ended Question,Plot Attribute,Is the person under the quilt deeply engrossed in a video game?,21.23,Please state your answer with a brief explanation.,"No, the person under the quilt was asleep, but quickly started playing once awoken.",https://www.youtube.com/shorts/gpeIf-lCeIQ
1044-7,gpeIf-lCeIQ,Multiple-choice Question with a Single Correct Answer,Plot Attribute,"What is the psychological state of the person under the quilt?
A. Deeply engrossed in a video game.
B. Surprised and confused.
C. Focused on the game.
D. Calm and relaxed.",21.23,"E. None of the above
Select one best answer to the above multiple-choice question based on the video. Respond with only the letter (A, B, C, D or E) of the correct option.",B,https://www.youtube.com/shorts/gpeIf-lCeIQ
1045-0,uXvcjTHtZIs,Primary Open-ended Question,Character Motivation Causality,What is the reason why the person on the left of the video hugs the person wearing the tie-dye hoodie and then lets him go?,20.67,Please state your answer with a brief explanation.,"The person on the left of the video hugs the person wearing the tie-dye hoodie because he pretends to pass out and wants to support him. Then, when his mom leaves the room, he drops the other person because it was just an act.",https://www.youtube.com/shorts/uXvcjTHtZIs
1045-1,uXvcjTHtZIs,Paraphrased Open-ended Question,Character Motivation Causality,Why does the person on the left embrace the individual in the tie-dye hoodie and then release him?,20.67,Please state your answer with a brief explanation.,"After an individual in the tie-dye hoodie guesses the location of the fake blood, the person on the left pulls off the prank, causing the person in the tie-dye hoodie to feign passing out. At that moment, the person on the left embraces the tie-dye hoodie to brace him, and then releases the tie-dye hoodie when their mom appears (00:00:15).",https://www.youtube.com/shorts/uXvcjTHtZIs
1045-2,uXvcjTHtZIs,Correctly-led Open-ended Question,Character Motivation Causality,Did the person on the left hug the one in the tie-dye hoodie to prevent their mother from discovering that his brother fainted?,20.67,Please state your answer with a brief explanation.,"Yes, at [00:00:14], the person on the left hugged the one in the tie-dye hoodie to prevent their mother from discovering that his brother fainted.",https://www.youtube.com/shorts/uXvcjTHtZIs
1045-3,uXvcjTHtZIs,Wrongly-led Open-ended Question,Character Motivation Causality,Was the hug between the person on the left and the one in the tie-dye hoodie a celebration of a successful magic trick?,20.67,Please state your answer with a brief explanation.,"No, the hug between the two was a measure taken due to the sudden fainting of the person in the tie-dye hoodie during the trick.",https://www.youtube.com/shorts/uXvcjTHtZIs
1045-7,uXvcjTHtZIs,Multiple-choice Question with a Single Correct Answer,Character Motivation Causality,"Why did the person on the left hug the one in the tie-dye hoodie?
A. To prevent their mother from finding out about the fainting.
B. As a spontaneous expression of joy.
C. They were celebrating a magic trick.
D. Because they were impressed by a trick.",20.67,"E. None of the above
Select one best answer to the above multiple-choice question based on the video. Respond with only the letter (A, B, C, D or E) of the correct option.",A.,https://www.youtube.com/shorts/uXvcjTHtZIs
1046-0,X31PraTwwnE,Primary Open-ended Question,Character Motivation Causality,How come the person wearing the black hat in the video suddenly threw the person in the gray T-shirt into the swimming pool?,22.91,Please state your answer with a brief explanation.,The person in the black hat threw the person in the gray T-shirt into the swimming pool in retaliation for being thrown into the pool first as a prank.,https://www.youtube.com/shorts/X31PraTwwnE
1046-1,X31PraTwwnE,Paraphrased Open-ended Question,Character Motivation Causality,What prompted the person in the black hat to toss the individual in the gray T-shirt into the pool?,22.91,Please state your answer with a brief explanation.,The person in the black hat was tossed into the pool in retaliation for pushing the person in the gray T-shirt into the pool first.,https://www.youtube.com/shorts/X31PraTwwnE
1046-2,X31PraTwwnE,Correctly-led Open-ended Question,Character Motivation Causality,Did the person in the black hat throw the person in the gray T-shirt into the pool because they were pushed in earlier by the same person?,22.91,Please state your answer with a brief explanation.,"Yes, the person in the black hat was thrown into the pool in retaliation for pushing the person in the gray shirt into the pool earlier.",https://www.youtube.com/shorts/X31PraTwwnE
1046-3,X31PraTwwnE,Wrongly-led Open-ended Question,Character Motivation Causality,Was the reason the person in the black hat threw the person in the gray T-shirt into the pool because it was a prank?,22.91,Please state your answer with a brief explanation.,"Yes, the person in the black hat was thrown into the pool as retaliation for a prank the person in the gray t-shirt pulled on him.",https://www.youtube.com/shorts/X31PraTwwnE
1046-7,X31PraTwwnE,Multiple-choice Question with a Single Correct Answer,Character Motivation Causality,"Why did the person in the black hat throw the person in the gray T-shirt into the pool?
A. It was a prank.
B. They wanted to start a fight.
C. They believed the person in the gray T-shirt had pushed them in earlier.
D. They were angry.",22.91,"E. None of the above
Select one best answer to the above multiple-choice question based on the video. Respond with only the letter (A, B, C, D or E) of the correct option.",C,https://www.youtube.com/shorts/X31PraTwwnE
1049-0,3krczYGxVjE,Primary Open-ended Question,Local Event Attribute,What does the person who hits the dog with a slipper while looking at his phone want to express?,36.73,Please state your answer with a brief explanation.,,https://www.youtube.com/shorts/3krczYGxVjE
1049-1,3krczYGxVjE,Paraphrased Open-ended Question,Local Event Attribute,What is the intention behind the person hitting the dog with a slipper while using their phone?,36.73,Please state your answer with a brief explanation.,"I'm sorry, I am unable to answer the question. There is no depiction of anyone hitting a dog with a slipper while using a phone in the provided video.",https://www.youtube.com/shorts/3krczYGxVjE
1049-2,3krczYGxVjE,Correctly-led Open-ended Question,Local Event Attribute,Did the person hit the dog with a slipper to get it to turn off the lights?,36.73,Please state your answer with a brief explanation.,"No, the person did not hit the dog with a slipper. The dog jumped from the bed to turn off the light switch, then the person in bed used a toy bow and arrow to turn off the light in another room. A pair of slippers were briefly shown in the first part of the video but not used.",https://www.youtube.com/shorts/3krczYGxVjE
1049-3,3krczYGxVjE,Wrongly-led Open-ended Question,Local Event Attribute,Was the person expressing frustration or annoyance by hitting the dog with a slipper?,36.73,Please state your answer with a brief explanation.,No. The dog jumped on the bed to turn off the light. The slipper was likely to encourage the dog to jump up.,https://www.youtube.com/shorts/3krczYGxVjE
1049-7,3krczYGxVjE,Multiple-choice Question with a Single Correct Answer,Local Event Attribute,"What was the person trying to achieve by hitting the dog with a slipper?
A. Disciplining the dog
B. Getting the dog to turn off the lights
C. Expressing frustration
D. Distracting the dog",36.73,"E. None of the above
Select one best answer to the above multiple-choice question based on the video. Respond with only the letter (A, B, C, D or E) of the correct option.",B,https://www.youtube.com/shorts/3krczYGxVjE
1051-0,NK6UDnyZf4g,Primary Open-ended Question,Character Motivation Causality,What does the man in black in the video want to express when he bites his hand when he takes a photo?,12.08,Please state your answer with a brief explanation.,"When the man in black bites his hand while re-creating the old photo, it seems he is trying to suppress his emotions, possibly sadness or sentimentality.",https://www.youtube.com/shorts/NK6UDnyZf4g
1051-1,NK6UDnyZf4g,Paraphrased Open-ended Question,Character Motivation Causality,What is the man in black trying to convey by biting his hand in the photo?,12.08,Please state your answer with a brief explanation.,"Based on the video, the man in black is conveying that he used to bite his hand as a child, and he is re-enacting that memory.",https://www.youtube.com/shorts/NK6UDnyZf4g
1051-2,NK6UDnyZf4g,Correctly-led Open-ended Question,Character Motivation Causality,Is the man in black mimicking his childhood actions in the photo by biting his hand?,12.08,Please state your answer with a brief explanation.,"Yes, the man in black is mimicking his childhood action. At [00:00:07], the man in black appears to be biting his hand, which is the same action he is doing as a child in the old photograph at [00:00:09].",https://www.youtube.com/shorts/NK6UDnyZf4g
1051-3,NK6UDnyZf4g,Wrongly-led Open-ended Question,Character Motivation Causality,Is the man in black expressing nostalgia or sentimentality by biting his hand in the photo?,12.08,Please state your answer with a brief explanation.,"Yes, the man is expressing sentimentality. The act of biting his hand suggests a sweet gesture filled with love.",https://www.youtube.com/shorts/NK6UDnyZf4g
1051-7,NK6UDnyZf4g,Multiple-choice Question with a Single Correct Answer,Character Motivation Causality,"What is the man in black expressing by biting his hand in the photo?
A. Nostalgia
B. Holding back emotions
C. Mimicking childhood actions
D. Sentimentality",12.08,"E. None of the above
Select one best answer to the above multiple-choice question based on the video. Respond with only the letter (A, B, C, D or E) of the correct option.",B,https://www.youtube.com/shorts/NK6UDnyZf4g
1053-0,cSzVOc6h_Us,Primary Open-ended Question,Character Motivation Causality,What does this man in the black T-shirt want to express by raising his black hat?,15.15,Please state your answer with a brief explanation.,He seems to be playfully trying to hide his face from the camera by raising his hat.,https://www.youtube.com/shorts/cSzVOc6h_Us
1053-1,cSzVOc6h_Us,Paraphrased Open-ended Question,Character Motivation Causality,What is the man in the black T-shirt trying to convey by lifting his black hat?,15.15,Please state your answer with a brief explanation.,"The man in the black T-shirt lifts his hat to act like the person sitting in the seat is not there. It is as if he is saying ""I don't see you"" and ""you are invisible"".",https://www.youtube.com/shorts/cSzVOc6h_Us
1053-2,cSzVOc6h_Us,Correctly-led Open-ended Question,Character Motivation Causality,Is the man in the black T-shirt raising his hat to make it seem like the middle seat is occupied?,15.15,Please state your answer with a brief explanation.,"Yes, the man is using his hat as a joke to make it seem like the middle seat is occupied.",https://www.youtube.com/shorts/cSzVOc6h_Us
1053-3,cSzVOc6h_Us,Wrongly-led Open-ended Question,Character Motivation Causality,Is the man in the black T-shirt raising his hat to greet someone or acknowledge their presence?,15.15,Please state your answer with a brief explanation.,The man in the black T-shirt is not raising his hat. The man who is wearing the hat is seated beside the man in the black T-shirt and is not raising his hat to greet anyone.,https://www.youtube.com/shorts/cSzVOc6h_Us
1053-7,cSzVOc6h_Us,Multiple-choice Question with a Single Correct Answer,Character Motivation Causality,"Why did the man in the black T-shirt raise his hat?
A. To pretend the seat was occupied.
B. To show respect.
C. To adjust his hat.
D. To greet someone.",15.15,"E. None of the above
Select one best answer to the above multiple-choice question based on the video. Respond with only the letter (A, B, C, D or E) of the correct option.",A,https://www.youtube.com/shorts/cSzVOc6h_Us
1055-0,7Xofsx0XAaM,Primary Open-ended Question,Plot Attribute,What is the enlightenment value of this video?,14.19,Please state your answer with a brief explanation.,"The enlightenment value of this video is low. The video depicts a prank that results in someone fainting, raising questions about the ethics and potential dangers of such actions.",https://www.youtube.com/shorts/7Xofsx0XAaM
1055-1,7Xofsx0XAaM,Paraphrased Open-ended Question,Plot Attribute,What is the educational or insightful takeaway from this video?,14.19,Please state your answer with a brief explanation.,"Pranks can have unintended and severe consequences, especially if they induce extreme stress or fear. The video shows a prank gone wrong, where the recipient faints, highlighting the importance of considering the potential impact on others before engaging in such behavior.",https://www.youtube.com/shorts/7Xofsx0XAaM
1055-2,7Xofsx0XAaM,Correctly-led Open-ended Question,Plot Attribute,Does the video have a high enlightenment value due to its humorous depiction of a prank?,14.19,Please state your answer with a brief explanation.,No. Many top comments express concern for the prank victim's well-being.,https://www.youtube.com/shorts/7Xofsx0XAaM
1055-3,7Xofsx0XAaM,Wrongly-led Open-ended Question,Plot Attribute,Is the enlightenment value of this video low because it mainly shows a messy prank with ketchup?,14.19,Please state your answer with a brief explanation.,"Yes, the enlightenment value is low. The video primarily depicts a prank involving ketchup and a strong reaction, serving mainly as entertainment rather than providing educational value or insight.",https://www.youtube.com/shorts/7Xofsx0XAaM
1055-7,7Xofsx0XAaM,Multiple-choice Question with a Single Correct Answer,Plot Attribute,"What is the enlightenment value of the video?
A. High, because it provides insightful content.
B. Low, because it focuses on educational content.
C. High, because it humorously depicts a prank that scares a girl.
D. Low, because it shows a messy prank with ketchup.",14.19,"E. None of the above
Select one best answer to the above multiple-choice question based on the video. Respond with only the letter (A, B, C, D or E) of the correct option.",D,https://www.youtube.com/shorts/7Xofsx0XAaM
1064-0,UKieuClPKvI,Primary Open-ended Question,Character Reaction Causality,Why is the man so surprised at the end of the video?,41.71,Please state your answer with a brief explanation.,"The man is surprised at the end of the video because he runs around the whole village trying to escape the bomb he lit, but he ends up running back to the exact spot where the bomb is.",https://www.youtube.com/shorts/UKieuClPKvI
1064-1,UKieuClPKvI,Paraphrased Open-ended Question,Character Reaction Causality,What causes the man's surprise at the conclusion of the video?,41.71,Please state your answer with a brief explanation.,The man is surprised at the end of the video because the firework he lights is more powerful than he anticipated.,https://www.youtube.com/shorts/UKieuClPKvI
1064-2,UKieuClPKvI,Correctly-led Open-ended Question,Character Reaction Causality,Is the man surprised because he ends up back at the bomb site after running a long distance?,41.71,Please state your answer with a brief explanation.,"Yes, the man is surprised. At [00:00:31-00:00:38] the man is shocked that he made it back to where he started.",https://www.youtube.com/shorts/UKieuClPKvI
1064-3,UKieuClPKvI,Wrongly-led Open-ended Question,Character Reaction Causality,Is the man surprised because the firework he lit exploded unexpectedly?,41.71,Please state your answer with a brief explanation.,"Yes, the man appears surprised by the firework exploding. His facial expression at [00:00:32] confirms this.",https://www.youtube.com/shorts/UKieuClPKvI
1064-7,UKieuClPKvI,Multiple-choice Question with a Single Correct Answer,Character Reaction Causality,"Why is the man surprised at the end of the video?
A. He forgot to light the fuse.
B. The firework exploded unexpectedly.
C. He returned to the bomb site after running a long way.
D. The bomb didn't explode.",41.71,"E. None of the above
Select one best answer to the above multiple-choice question based on the video. Respond with only the letter (A, B, C, D or E) of the correct option.",C,https://www.youtube.com/shorts/UKieuClPKvI
1075-0,GfygSdVWewQ,Primary Open-ended Question,Plot Attribute (Montage),Why does the video splice together shots of this ordinary man and Spider-Man?,60.61,Please state your answer with a brief explanation.,The video splices shots of Peter Parker and Spider-Man together to highlight the duality of his identity and the lack of recognition and respect he receives as Peter Parker compared to the adoration Spider-Man gets. Many comments refer to this.,https://www.youtube.com/shorts/GfygSdVWewQ
1075-1,GfygSdVWewQ,Paraphrased Open-ended Question,Plot Attribute (Montage),What is the purpose of splicing together shots of this ordinary man and Spider-Man in the video?,60.61,Please state your answer with a brief explanation.,"The video's purpose is to highlight the disparity between the public's adoration for Spider-Man versus their indifference and disrespect towards Peter Parker, emphasizing the tragic aspects of his dual existence.",https://www.youtube.com/shorts/GfygSdVWewQ
1075-2,GfygSdVWewQ,Correctly-led Open-ended Question,Plot Attribute (Montage),Does the video splice shots of the ordinary man and Spider-Man to highlight the exclusion of ordinary people compared to the hero identity of Spider-Man?,60.61,Please state your answer with a brief explanation.,"Yes, the video does this. The video often cuts between Peter Parker in his ordinary life facing disrespect and Spider-Man scenes where he's needed and respected, showing a disparity in how people treat the two identities.",https://www.youtube.com/shorts/GfygSdVWewQ
1075-3,GfygSdVWewQ,Wrongly-led Open-ended Question,Plot Attribute (Montage),Is the video simply splicing together shots of an ordinary person and Spider-Man just to suggest that they are the same person?,60.61,Please state your answer with a brief explanation.,"The video isn't splicing shots of an ordinary person with Spider-Man to imply they are the same person. It consists of spliced shots of Peter Parker (played by Tobey Maguire) from the movie *Spider-Man*. It showcases how Peter Parker is treated as a normal person and contrasts this with his alter-ego, Spider-Man.",https://www.youtube.com/shorts/GfygSdVWewQ
1075-7,GfygSdVWewQ,Multiple-choice Question with a Single Correct Answer,Plot Attribute (Montage),"Why does the video splice together shots of the ordinary man and Spider-Man?
A. To compare the exclusion of ordinary people with Spider-Man's hero identity.
B. To highlight Peter Parker's personal life.
C. To emphasize Spider-Man's powers.
D. To show Peter Parker's dual identity.",60.61,"E. None of the above
Select one best answer to the above multiple-choice question based on the video. Respond with only the letter (A, B, C, D or E) of the correct option.",D,https://www.youtube.com/shorts/GfygSdVWewQ
1080-0,LD8Br6QMZqg,Primary Open-ended Question,Character Motivation Causality,Why does the man peel the carrot and seems amazed?,44.61,Please state your answer with a brief explanation.,"The man is amazed because someone first sharpens a spoon into a peeler using machinery, and then uses it to peel the carrot. The man is implying that it is easier and makes more sense to just use a regular peeler, which is what he does in the video.",https://youtube.com/shorts/LD8Br6QMZqg
1080-1,LD8Br6QMZqg,Paraphrased Open-ended Question,Character Motivation Causality,The reason why this man peels the carrot and appears amazed is？,44.61,Please state your answer with a brief explanation.,"He is amazed that the initial video uses an angle grinder, grinder pad, and other equipment to cut a spoon into a peeler. Instead, Khaby uses a regular peeler because it's simpler and more practical.",https://youtube.com/shorts/LD8Br6QMZqg
1080-2,LD8Br6QMZqg,Correctly-led Open-ended Question,Character Motivation Causality,Is the man peeling the carrot and feeling amazed because he doesn't understand why the previous person had to go through so much trouble to peel it?,44.61,Please state your answer with a brief explanation.,The man is peeling the carrot and feeling amazed because he doesn't understand why the previous person had to go through so much trouble to peel it. He is showing the audience that all you need to peel a carrot is a normal peeler.,https://youtube.com/shorts/LD8Br6QMZqg
1080-3,LD8Br6QMZqg,Wrongly-led Open-ended Question,Character Motivation Causality,Did the man peel the carrots and feel surprised because another person had actually made a usable carrot peeler out of a spoon?,44.61,Please state your answer with a brief explanation.,"No, the man was peeling the carrot with a knife; then, he peels a carrot with the spoon-peeler and is unimpressed with the spoon's functionality because a knife is sufficient.",https://youtube.com/shorts/LD8Br6QMZqg
1080-7,LD8Br6QMZqg,Multiple-choice Question with a Single Correct Answer,Character Motivation Causality,"Why does the man seem amazed while peeling the carrot?
A. He is using a new vegetable peeler.
B. He is peeling the carrot with his hands.
C. He doesn't understand why the other person had to go through so much trouble to peel the carrot.
D. He is using a sharpened spoon.",44.61,"E. None of the above
Select one best answer to the above multiple-choice question based on the video. Respond with only the letter (A, B, C, D or E) of the correct option.",C,https://youtube.com/shorts/LD8Br6QMZqg
1081-0,erlagkVhNDI,Primary Open-ended Question,Element Attributes,What does the little green brick represent?,31.49,Please state your answer with a brief explanation.,"The green Lego studs represent mouthwash. The video explains that after flossing, the Mimic uses mouthwash.",https://youtube.com/shorts/erlagkVhNDI
1081-1,erlagkVhNDI,Paraphrased Open-ended Question,Element Attributes,What is the significance of the small green brick in the video?,31.49,Please state your answer with a brief explanation.,The green Lego bricks are used as mouthwash in the Lego Mimic's oral hygiene routine.,https://youtube.com/shorts/erlagkVhNDI
1081-2,erlagkVhNDI,Correctly-led Open-ended Question,Element Attributes,Does the little green brick in the video represent mouthwash used in the teeth cleaning demonstration?,31.49,Please state your answer with a brief explanation.,"Yes, in the video, the presenter uses small green bricks to represent the mouthwash in the teeth cleaning demonstration.",https://youtube.com/shorts/erlagkVhNDI
1081-3,erlagkVhNDI,Wrongly-led Open-ended Question,Element Attributes,Does the little green brick in the video represent grass?,31.49,Please state your answer with a brief explanation.,No. The video shows the green brick pieces being used as mouthwash.,https://youtube.com/shorts/erlagkVhNDI
1081-7,erlagkVhNDI,Multiple-choice Question with a Single Correct Answer,Element Attributes,"What does the little green brick represent in the video?
A. A Lego piece for building
B. A part of a monster-like box
C. Mouthwash
D. Grass",31.49,"E. None of the above
Select one best answer to the above multiple-choice question based on the video. Respond with only the letter (A, B, C, D or E) of the correct option.",C,https://youtube.com/shorts/erlagkVhNDI
1087-0,v93w7cXDNC0,Primary Open-ended Question,Displacement Attribute,"In which direction is the circle on the left, from the camera perspective moving?",15.12,Please state your answer with a brief explanation.,"The circle on the left appears to be moving to the left, in the direction the arrow is pointing.",https://www.youtube.com/shorts/v93w7cXDNC0
1087-1,v93w7cXDNC0,Paraphrased Open-ended Question,Displacement Attribute,What is the movement direction of the circle on the left from the camera's viewpoint?,15.12,Please state your answer with a brief explanation.,"The circle on the left appears to be moving in a counter-clockwise direction, as indicated by the arrow inside it.",https://www.youtube.com/shorts/v93w7cXDNC0
1087-2,v93w7cXDNC0,Correctly-led Open-ended Question,Displacement Attribute,"Is it true that the circle on the left does not actually move, despite appearing to shift due to the arrow's direction?",15.12,Please state your answer with a brief explanation.,"Initially, yes, they do move. According to the video, the circles do not actually move once your fingers are covering the arrows, the video creator states this is a trick on the viewer's brain. However, some comments mention the circles are moving at the beginning of the video.",https://www.youtube.com/shorts/v93w7cXDNC0
1087-3,v93w7cXDNC0,Wrongly-led Open-ended Question,Displacement Attribute,Dose the circle on the left move in the direction indicated by the arrow inside it?,15.12,Please state your answer with a brief explanation.,"It appears the circles are moving in the direction of the arrows, but according to the speaker, that is an optical illusion.",https://www.youtube.com/shorts/v93w7cXDNC0
1087-7,v93w7cXDNC0,Multiple-choice Question with a Single Correct Answer,Displacement Attribute,"What is the actual movement of the circle on the left?
A. It moves to the right.
B. It moves up and down.
C. It does not move.
D. It moves to the left.",15.12,"E. None of the above
Select one best answer to the above multiple-choice question based on the video. Respond with only the letter (A, B, C, D or E) of the correct option.",C.,https://www.youtube.com/shorts/v93w7cXDNC0
1090-0,myeDvP4Tz4E,Primary Open-ended Question,Element Attributes (Optical Illusion),What does the person's painting on the ground look like from the perspective of a group of sheep in the video?,35.74,Please state your answer with a brief explanation.,"From the perspective of the sheep, the painting on the ground would likely look like a distorted, abstract set of gray and black lines. This is because the optical illusion is designed to work from a specific vantage point to create the illusion of depth and a ledge-like figure.",https://www.youtube.com/shorts/myeDvP4Tz4E
1090-1,myeDvP4Tz4E,Paraphrased Open-ended Question,Element Attributes (Optical Illusion),How does the painting on the ground appear to the sheep in the video?,35.74,Please state your answer with a brief explanation.,The painting on the ground likely appears to the sheep as a set of gray lines on the road because the optical illusion of a ledge or hole only works from the perspective of the camera.,https://www.youtube.com/shorts/myeDvP4Tz4E
1090-2,myeDvP4Tz4E,Correctly-led Open-ended Question,Element Attributes (Optical Illusion),Does the painting on the ground look like a broken bridge to the sheep?,35.74,Please state your answer with a brief explanation.,"No, the painting would not look like a broken bridge to the sheep because the optical illusion is created from the viewer's perspective, not from the perspective of the animals.",https://www.youtube.com/shorts/myeDvP4Tz4E
1090-3,myeDvP4Tz4E,Wrongly-led Open-ended Question,Element Attributes (Optical Illusion),Dose the painting on the ground appears to the sheep like a large puddle?,35.74,Please state your answer with a brief explanation.,"No, the illusion works from the perspective of the viewer and not the sheep.",https://www.youtube.com/shorts/myeDvP4Tz4E
1090-7,myeDvP4Tz4E,Multiple-choice Question with a Single Correct Answer,Element Attributes (Optical Illusion),"What does the painting on the ground look like to the sheep?
A. A solid wall
B. A broken bridge
C. A tunnel
D. A raised platform",35.74,"E. None of the above
Select one best answer to the above multiple-choice question based on the video. Respond with only the letter (A, B, C, D or E) of the correct option.",E,https://www.youtube.com/shorts/myeDvP4Tz4E
1091-0,1BW-MQMdTRQ,Primary Open-ended Question,Element Attributes (Optical Illusion),"Based on dual perception, how many people can be identified in the last video?",14.77,Please state your answer with a brief explanation.,"There are at least 3 people visible. You can see a woman reading on a bench, a man standing behind her, and another woman walking in the background.",https://www.youtube.com/shorts/1BW-MQMdTRQ
1091-1,1BW-MQMdTRQ,Paraphrased Open-ended Question,Element Attributes (Optical Illusion),"How many individuals are visible in the final segment of the video, and can you describe them?",14.77,Please state your answer with a brief explanation.,There are 3 people. In the front is a pregnant blonde woman reading a book on a bench. Behind her is a man dressed in dark robes and holding a book as well. Further behind them is another person standing in the distance.,https://www.youtube.com/shorts/1BW-MQMdTRQ
1091-2,1BW-MQMdTRQ,Correctly-led Open-ended Question,Element Attributes (Optical Illusion),"Can you confirm if there are three people visible in the last video, including a person sitting on a bench reading a book, another person standing behind her wearing dark clothing, and a man dressed in pink with a hat standing next to the man in dark clothing?",14.77,Please state your answer with a brief explanation.,"Yes, that is correct. The image contains three people: one sitting on a bench reading, one standing behind her in dark clothing, and another man standing next to him in pink with a hat.",https://www.youtube.com/shorts/1BW-MQMdTRQ
1091-3,1BW-MQMdTRQ,Wrongly-led Open-ended Question,Element Attributes (Optical Illusion),"Is it true that only two people can be identified in the last video, one sitting and one standing behind?",14.77,Please state your answer with a brief explanation.,"No, that is not true. More than two people can be identified in the video. There is a woman sitting down reading a book, a man standing behind her, and a woman walking in the background.",https://www.youtube.com/shorts/1BW-MQMdTRQ
1091-7,1BW-MQMdTRQ,Multiple-choice Question with a Single Correct Answer,Element Attributes (Optical Illusion),"How many people can be identified in the last video?
A. One
B. Three
C. Four
D. Two",14.77,"E. None of the above
Select one best answer to the above multiple-choice question based on the video. Respond with only the letter (A, B, C, D or E) of the correct option.",B,https://www.youtube.com/shorts/1BW-MQMdTRQ
1095-0,O3DoSbaw4E0,Primary Open-ended Question,Objective Causality (Videography Phenomenon & Illusion),What does the person in the upper left corner do by throwing a small stone into the keg?,8.66,Please state your answer with a brief explanation.,"He throws a small stone into the bucket of water, presumably to fill it up for a creative videography shot.",https://www.youtube.com/shorts/O3DoSbaw4E0
1095-1,O3DoSbaw4E0,Paraphrased Open-ended Question,Objective Causality (Videography Phenomenon & Illusion),What was the reason for the person in the upper left corner threw a small stone into the keg?,8.66,Please state your answer with a brief explanation.,The person threw a small stone into the keg as part of a creative videography tutorial to create the final result shown in the video.,https://www.youtube.com/shorts/O3DoSbaw4E0
1095-2,O3DoSbaw4E0,Correctly-led Open-ended Question,Objective Causality (Videography Phenomenon & Illusion),Dose the person in the upper left corner threw a small stone into the keg to create a visual effect in the edited video where it looks like someone jumping into the water and splashing?,8.66,Please state your answer with a brief explanation.,"Yes, the person in the upper left corner throws a stone into the bucket of water. You can see it happen in the top left image of the video at [00:00:05].",https://www.youtube.com/shorts/O3DoSbaw4E0
1095-3,O3DoSbaw4E0,Wrongly-led Open-ended Question,Objective Causality (Videography Phenomenon & Illusion),Does the person in the upper left corner cause someone to appear inside the keg by throwing a small stone?,8.66,Please state your answer with a brief explanation.,"No, the person in the upper left corner throws a small stone into a bucket which causes another person to appear in the bucket in the Final Result by way of editing.",https://www.youtube.com/shorts/O3DoSbaw4E0
1095-7,O3DoSbaw4E0,Multiple-choice Question with a Single Correct Answer,Objective Causality (Videography Phenomenon & Illusion),"What happens when the person in the upper left corner throws a small stone into the keg?
A. It causes the keg to overflow.
B. It makes the keg disappear.
C. It causes someone to appear inside the keg.
D. It creates a visual effect with a splash of liquid.",8.66,"E. None of the above
Select one best answer to the above multiple-choice question based on the video. Respond with only the letter (A, B, C, D or E) of the correct option.",D,https://www.youtube.com/shorts/O3DoSbaw4E0
1101-0,budZcalJRO8,Primary Open-ended Question,Character Motivation Causality,"During the shoot, why did the man gradually submerge the piece of paper under water?",10.3,Please state your answer with a brief explanation.,The man gradually submerges the piece of paper under the water in order to capture the creative image of the goddess Durga floating on the water's surface.,https://www.youtube.com/shorts/budZcalJRO8
1101-1,budZcalJRO8,Paraphrased Open-ended Question,Character Motivation Causality,What was the reason for the man to slowly dip the piece of paper into the water during the shoot?,10.3,Please state your answer with a brief explanation.,"The purpose of slowly dipping the paper with the image into the water was for it to absorb the water slowly, allowing the paper cutout to stand upright for the creative Durga Puja video shoot.",https://www.youtube.com/shorts/budZcalJRO8
1101-2,budZcalJRO8,Correctly-led Open-ended Question,Character Motivation Causality,Did the man submerge the paper gradually to create an effect of it emerging from the water in the final video?,10.3,Please state your answer with a brief explanation.,"Yes, the man submerged the paper gradually to create the effect of it emerging from the water.",https://www.youtube.com/shorts/budZcalJRO8
1101-3,budZcalJRO8,Wrongly-led Open-ended Question,Character Motivation Causality,Was the purpose of slowly submerging the paper into the water to make it completely wet?,10.3,Please state your answer with a brief explanation.,"No, the purpose of slowly submerging the paper into the water was to create a creative video of the Goddess Durga in the water. The paper being wet was a side effect of this.",https://www.youtube.com/shorts/budZcalJRO8
1101-7,budZcalJRO8,Multiple-choice Question with a Single Correct Answer,Character Motivation Causality,"Why did the man gradually submerge the piece of paper under water?
A. To create a visual effect of the paper emerging from the water.
B. To ensure a controlled transition.
C. To maintain the integrity of the image on the paper.
D. To make the paper completely wet.",10.3,"E. None of the above
Select one best answer to the above multiple-choice question based on the video. Respond with only the letter (A, B, C, D or E) of the correct option.",A.,https://www.youtube.com/shorts/budZcalJRO8
1111-0,CTYUD-TtBPA,Primary Open-ended Question,Element Localization,Who decided to sit down after standing up instead of joining the dance?,16.38,Please state your answer with a brief explanation.,One of the women to the left decides to sit back down after standing up. She is wearing the orange sari.,https://www.youtube.com/shorts/CTYUD-TtBPA
1111-1,CTYUD-TtBPA,Paraphrased Open-ended Question,Element Localization,Who chose to sit back down after initially standing up instead of participating in the dance?,16.38,Please state your answer with a brief explanation.,"The woman in the maroon sari initially stands up to dance, but she sits back down at [00:00:05].",https://www.youtube.com/shorts/CTYUD-TtBPA
1111-2,CTYUD-TtBPA,Correctly-led Open-ended Question,Element Localization,Was it the woman in the brown and red sari who decided to sit down after standing up instead of joining the dance?,16.38,Please state your answer with a brief explanation.,"No, it was not the woman in the brown and red sari who decided to sit down after standing up. It was a different lady who was sitting beside her, closest to the camera.",https://www.youtube.com/shorts/CTYUD-TtBPA
1111-3,CTYUD-TtBPA,Wrongly-led Open-ended Question,Element Localization,Was it the man in the white shirt who decided to sit down after standing up instead of joining the dance?,16.38,Please state your answer with a brief explanation.,"No, the man in the white shirt does not stand up after the dancer starts to dance, so he did not sit down instead of joining the dance.",https://www.youtube.com/shorts/CTYUD-TtBPA
1111-7,CTYUD-TtBPA,Multiple-choice Question with a Single Correct Answer,Element Localization,"Who decided to sit down after standing up instead of joining the dance?
A. The man in the white shirt
B. The woman in the green sari
C. The man in the blue shirt
D. The woman in the brown and red sari",16.38,"E. None of the above
Select one best answer to the above multiple-choice question based on the video. Respond with only the letter (A, B, C, D or E) of the correct option.",D,https://www.youtube.com/shorts/CTYUD-TtBPA
1112-0,1nMiInCRdfU,Primary Open-ended Question,Element Localization,Who took the firework instead of lighter?,31.79,Please state your answer with a brief explanation.,The friend of the person who lifted the bucket took the firework instead of the lighter.,https://www.youtube.com/shorts/1nMiInCRdfU
1112-1,1nMiInCRdfU,Paraphrased Open-ended Question,Element Localization,Who picked up the firework instead of the lighter?,31.79,Please state your answer with a brief explanation.,The friend of the person who checked under the bucket picked up the firework instead of the lighter. This is based on the video's explanation.,https://www.youtube.com/shorts/1nMiInCRdfU
1112-2,1nMiInCRdfU,Correctly-led Open-ended Question,Element Localization,Was it the person in the blue shirt who took the firework instead of the lighter?,31.79,Please state your answer with a brief explanation.,"Yes, the person in the blue shirt took the firework. The video shows the person in the blue shirt reaching for the firework before they both run and hide.",https://www.youtube.com/shorts/1nMiInCRdfU
1112-3,1nMiInCRdfU,Wrongly-led Open-ended Question,Element Localization,Was it the person in the white shirt who took the firework instead of the lighter?,31.79,Please state your answer with a brief explanation.,"Yes, the person in the white shirt (pinkish) took the firework because, at [00:00:15], the video shows a black and white shot of both people next to the bucket, then highlights the person in the white shirt stealing the firework.",https://www.youtube.com/shorts/1nMiInCRdfU
1112-7,1nMiInCRdfU,Multiple-choice Question with a Single Correct Answer,Element Localization,"Who took the firework instead of the lighter?
A. The person in the blue shirt.
B. The person in the pink shirt.
C. The person in the green shirt.
D. The person in the white shirt.",31.79,"E. None of the above
Select one best answer to the above multiple-choice question based on the video. Respond with only the letter (A, B, C, D or E) of the correct option.",B,https://www.youtube.com/shorts/1nMiInCRdfU
1117-0,l9HF9qcNvBs,Primary Open-ended Question,Element Localization,Who made the water overflow and failed the challenge?,58.86,Please state your answer with a brief explanation.,The person in the purple shirt failed the challenge when they made the water overflow (0:00:09).,https://www.youtube.com/shorts/l9HF9qcNvBs
1117-1,l9HF9qcNvBs,Paraphrased Open-ended Question,Element Localization,Who was responsible for the water overflowing and losing the challenge?,58.86,Please state your answer with a brief explanation.,The guy in the light purple shirt was responsible for the water overflowing and losing the challenge because he added way too much water to the cup. This occurs around [00:00:33-00:00:36].,https://www.youtube.com/shorts/l9HF9qcNvBs
1117-2,l9HF9qcNvBs,Correctly-led Open-ended Question,Element Localization,Was it the person in the blue shirt who caused the water to overflow and failed the challenge?,58.86,Please state your answer with a brief explanation.,"No, it was the person in the red shirt that caused the water to overflow. He added too much water, causing the water to go above the glass.",https://www.youtube.com/shorts/l9HF9qcNvBs
1117-3,l9HF9qcNvBs,Wrongly-led Open-ended Question,Element Localization,Was it the person in the red shirt who made the water overflow and failed the challenge?,58.86,Please state your answer with a brief explanation.,"No, it was not the person in the red shirt that caused the water to overflow and fail the challenge. In fact, he was the one who successfully managed to add water without causing a spill. It was the person in the lavender shirt who failed, causing a spill.",https://www.youtube.com/shorts/l9HF9qcNvBs
1117-7,l9HF9qcNvBs,Multiple-choice Question with a Single Correct Answer,Element Localization,"Who made the water overflow and failed the challenge?
A. The person in the yellow shirt
B. The person in the red shirt
C. The person in the purple shirt
D. The person in the blue shirt",58.86,"E. None of the above
Select one best answer to the above multiple-choice question based on the video. Respond with only the letter (A, B, C, D or E) of the correct option.",C,https://www.youtube.com/shorts/l9HF9qcNvBs
1119-0,JdPIts7RgUM,Primary Open-ended Question,Positional Relationship,Where's the iron bowl when the person in red reacted to the cat and dog picture?,11.97,Please state your answer with a brief explanation.,"There is no iron bowl when the person in red reacted to the dog and cat picture. The person in red was holding a bowl of popcorn which fell when Zach King ""Airdropped"" the video.",https://www.youtube.com/shorts/JdPIts7RgUM
1119-1,JdPIts7RgUM,Paraphrased Open-ended Question,Positional Relationship,Where is the iron bowl located when the person in red responds to the image of the cat and dog?,11.97,Please state your answer with a brief explanation.,"The bowl of popcorn is in the lap of the person in red, at [00:00:02].",https://www.youtube.com/shorts/JdPIts7RgUM
1119-2,JdPIts7RgUM,Correctly-led Open-ended Question,Positional Relationship,Is the iron bowl on the floor under the oversized phone screen when the person in red reacts to the cat and dog picture?,11.97,Please state your answer with a brief explanation.,"No, the iron bowl is not on the floor, but a pile of popcorn is.",https://www.youtube.com/shorts/JdPIts7RgUM
1119-3,JdPIts7RgUM,Wrongly-led Open-ended Question,Positional Relationship,Is the iron bowl on the lap of the person in red when they react to the cat and dog picture?,11.97,Please state your answer with a brief explanation.,"No, it is a bowl of popcorn on the lap of the person in red.",https://www.youtube.com/shorts/JdPIts7RgUM
1119-7,JdPIts7RgUM,Multiple-choice Question with a Single Correct Answer,Positional Relationship,"Where is the iron bowl when the person in red reacts to the cat and dog picture?
A. On the lap of the person in red.
B. In the kitchen.
C. On the floor under the oversized phone screen.
D. On the couch next to the person in red.",11.97,"E. None of the above
Select one best answer to the above multiple-choice question based on the video. Respond with only the letter (A, B, C, D or E) of the correct option.",A,https://www.youtube.com/shorts/JdPIts7RgUM
1121-0,NFMqcsBtY30,Primary Open-ended Question,Positional Relationship,Which symbol is the filament light bulb closest to in the control panel?,20.27,Please state your answer with a brief explanation.,The filament light bulb is closest to the cloud symbols at [00:00:09].,https://www.youtube.com/shorts/NFMqcsBtY30
1121-1,NFMqcsBtY30,Paraphrased Open-ended Question,Positional Relationship,What symbol is nearest to the filament light bulb on the control panel?,20.27,Please state your answer with a brief explanation.,"The symbol nearest to the filament light bulb on the control panel is a panel with cloud symbols (0:09). This symbol is closest to the lightbulb, which indicates something is connected to the filament light bulb.",https://www.youtube.com/shorts/NFMqcsBtY30
1121-2,NFMqcsBtY30,Correctly-led Open-ended Question,Positional Relationship,Is the symbol closest to the filament light bulb on the control panel three clouds?,20.27,Please state your answer with a brief explanation.,"No, the symbol closest to the light bulb is three clouds.",https://www.youtube.com/shorts/NFMqcsBtY30
1121-3,NFMqcsBtY30,Wrongly-led Open-ended Question,Positional Relationship,Is the symbol closest to the filament light bulb on the control panel the sun?,20.27,Please state your answer with a brief explanation.,"No. At [00:00:08-00:00:11], the cloud control panel shows a snowflake, sun, and cloud symbol next to each other, with the sun symbol closest to the filament light bulb.",https://www.youtube.com/shorts/NFMqcsBtY30
1121-7,NFMqcsBtY30,Multiple-choice Question with a Single Correct Answer,Positional Relationship,"Which symbol is the filament light bulb closest to on the control panel?
A. Three clouds
B. Sun
C. Snowflake
D. Lightning",20.27,"E. None of the above
Select one best answer to the above multiple-choice question based on the video. Respond with only the letter (A, B, C, D or E) of the correct option.",D,https://www.youtube.com/shorts/NFMqcsBtY30
1122-0,Z5fnnWTVTrI,Primary Open-ended Question,Positional Relationship,"At the end of the video, where is the little man in the overalls with the white bag?",31.25,Please state your answer with a brief explanation.,"At the end of the video, the little man is vacuumed up into the vacuum cleaner, suggesting that he is no longer in the dust bunny world under the couch.",https://www.youtube.com/shorts/Z5fnnWTVTrI
1122-1,Z5fnnWTVTrI,Paraphrased Open-ended Question,Positional Relationship,Where does the little man in overalls with the white bag end up at the conclusion of the video?,31.25,Please state your answer with a brief explanation.,The little man ends up inside the vacuum cleaner at [00:00:27].,https://www.youtube.com/shorts/Z5fnnWTVTrI
1122-2,Z5fnnWTVTrI,Correctly-led Open-ended Question,Positional Relationship,Does the little man in overalls with the white bag end up inside the vacuum cleaner at the end of the video?,31.25,Please state your answer with a brief explanation.,"Yes, the little man in overalls with the white bag ends up inside the vacuum cleaner at the end of the video. You can see the vacuum hose suck him up as he yells ""no"".",https://www.youtube.com/shorts/Z5fnnWTVTrI
1122-3,Z5fnnWTVTrI,Wrongly-led Open-ended Question,Positional Relationship,Is the little man in overalls with the white bag found inside a janitor's closet at the end of the video?,31.25,Please state your answer with a brief explanation.,"No, the little man in overalls with the white bag is found in a giant-sized recreation of what one would expect to find under a couch.",https://www.youtube.com/shorts/Z5fnnWTVTrI
1122-7,Z5fnnWTVTrI,Multiple-choice Question with a Single Correct Answer,Positional Relationship,"Where is the little man in overalls with the white bag at the end of the video?
A. In a black cylinder of the vacuum cleaner
B. In a toy house
C. On a miniature set
D. Inside a janitor's closet",31.25,"E. None of the above
Select one best answer to the above multiple-choice question based on the video. Respond with only the letter (A, B, C, D or E) of the correct option.",D,https://www.youtube.com/shorts/Z5fnnWTVTrI
1124-0,_uSQXykxzT0,Primary Open-ended Question,Positional Relationship,Where is the egg after the trick performer pushed on it?,17.62,Please state your answer with a brief explanation.,"The egg disappears and then the man helping with the magic trick pushes down on the top of the water bottle, squirting water up into the face of the drawer.",https://www.youtube.com/shorts/_uSQXykxzT0
1124-1,_uSQXykxzT0,Paraphrased Open-ended Question,Positional Relationship,What happens to the egg after the performer applies pressure to it?,17.62,Please state your answer with a brief explanation.,The egg is lightly pushed into a bottle of water. The water then sprays out of the bottle and onto the person making the drawing.,https://www.youtube.com/shorts/_uSQXykxzT0
1124-2,_uSQXykxzT0,Correctly-led Open-ended Question,Positional Relationship,Is the egg actually behind the water bottle and in the hand of the people after the performer pushes on it?,17.62,Please state your answer with a brief explanation.,"No, the egg is not behind the water bottle or in the hand of the people after the performer pushes on it, because instead of the egg, water shoots out of the water bottle at the person drawing the image.",https://www.youtube.com/shorts/_uSQXykxzT0
1124-3,_uSQXykxzT0,Wrongly-led Open-ended Question,Positional Relationship,Did the egg end up inside the water bottle after the performer pushed it?,17.62,Please state your answer with a brief explanation.,"No, the egg did not end up inside the water bottle. Instead, the person holding the bottle pushed it upward, causing the water to squirt out and soak the performer.",https://www.youtube.com/shorts/_uSQXykxzT0
1124-7,_uSQXykxzT0,Multiple-choice Question with a Single Correct Answer,Positional Relationship,"Where is the egg after the performer pushes it?
A. Inside the water bottle
B. Behind the water bottle, held by the performer
C. On the floor
D. In the audience's view",17.62,"E. None of the above
Select one best answer to the above multiple-choice question based on the video. Respond with only the letter (A, B, C, D or E) of the correct option.",A,https://www.youtube.com/shorts/_uSQXykxzT0
1127-0,J_W4i0HkKJ0,Primary Open-ended Question,Positional Relationship,"In the third segment, what is the position of the target basket and the ball shooter, from the perspective of the camera?",20.01,Please state your answer with a brief explanation.,"In the third segment, the camera is positioned behind the basketball shooter, showing the target basket in the foreground.",https://www.youtube.com/shorts/J_W4i0HkKJ0
1127-1,J_W4i0HkKJ0,Paraphrased Open-ended Question,Positional Relationship,How are the target basket and the ball shooter positioned in the third segment from the camera's viewpoint?,20.01,Please state your answer with a brief explanation.,"As shown at [00:00:07-00:00:10], the basket is on the left side of the screen, while the shooter is on the right.",https://www.youtube.com/shorts/J_W4i0HkKJ0
1127-2,J_W4i0HkKJ0,Correctly-led Open-ended Question,Positional Relationship,"In the third segment, is the target basket located behind the man, who is facing away from it and the camera?",20.01,Please state your answer with a brief explanation.,"Yes, the target basket in the third segment is located behind the man, who is facing away from it and the camera.",https://www.youtube.com/shorts/J_W4i0HkKJ0
1127-3,J_W4i0HkKJ0,Wrongly-led Open-ended Question,Positional Relationship,"In the third segment, is the target basket positioned directly in front of the ball shooter, who is facing it?",20.01,Please state your answer with a brief explanation.,"Yes, in the third segment, the target basket is positioned directly in front of the ball shooter, who is facing it. The shot occurs between video timestamps 0:08 and 0:10.",https://www.youtube.com/shorts/J_W4i0HkKJ0
1127-7,J_W4i0HkKJ0,Multiple-choice Question with a Single Correct Answer,Positional Relationship,"In the third segment, where is the target basket positioned relative to the ball shooter?
A. Above the ball shooter.
B. To the right of the ball shooter.
C. Behind the man, who is facing away from it.
D. On the wooden fence directly in front of the ball shooter.",20.01,"E. None of the above
Select one best answer to the above multiple-choice question based on the video. Respond with only the letter (A, B, C, D or E) of the correct option.",D,https://www.youtube.com/shorts/J_W4i0HkKJ0
1130-0,te4-qw7DW6M,Primary Open-ended Question,Professional Knowledge,What color ball moved significantly when the old man swung his arm the largest magnitude?,16.7,Please state your answer with a brief explanation.,The red ball moved significantly when the old man swung his arm the largest magnitude. The swinging of his arm lined up with the resonant frequency.,https://www.youtube.com/shorts/te4-qw7DW6M
1130-1,te4-qw7DW6M,Paraphrased Open-ended Question,Professional Knowledge,Which ball showed the most movement when the old man swung his arm widely?,16.7,Please state your answer with a brief explanation.,The red ball moved the most when the old man swung his arm widely. This is because the frequency of his arm movement matched the resonant frequency of the red ball pendulum.,https://www.youtube.com/shorts/te4-qw7DW6M
1130-2,te4-qw7DW6M,Correctly-led Open-ended Question,Professional Knowledge,Did the red ball move significantly when the old man swung his arm with the largest magnitude?,16.7,Please state your answer with a brief explanation.,"No, the red ball barely moved when the old man swung his arm with the largest magnitude. This is likely because the frequency of his swing was not aligned with the red ball's natural resonant frequency, as it was with the other balls.",https://www.youtube.com/shorts/te4-qw7DW6M
1130-3,te4-qw7DW6M,Wrongly-led Open-ended Question,Professional Knowledge,Was it the blue ball that moved significantly when the old man swung his arm with the largest magnitude?,16.7,Please state your answer with a brief explanation.,"No, it was the red ball that moved significantly when the arm was swung with the largest magnitude. The blue ball barely moved.",https://www.youtube.com/shorts/te4-qw7DW6M
1130-7,te4-qw7DW6M,Multiple-choice Question with a Single Correct Answer,Professional Knowledge,"Which ball moved significantly when the old man swung his arm with the largest magnitude?
A. Red
B. Blue
C. Neither
D. Green",16.7,"E. None of the above
Select one best answer to the above multiple-choice question based on the video. Respond with only the letter (A, B, C, D or E) of the correct option.",A,https://www.youtube.com/shorts/te4-qw7DW6M
1134-0,J_W4i0HkKJ0,Primary Open-ended Question,Displacement Attribute,How did the ball of the first throw in the last scene move about when it is released by the person?,20.01,Please state your answer with a brief explanation.,"The ball initially flies up, hits the roof of the house, bounces on the top, and then falls into the basketball ring.",https://www.youtube.com/shorts/J_W4i0HkKJ0
1134-1,J_W4i0HkKJ0,Paraphrased Open-ended Question,Displacement Attribute,What was the trajectory of the ball during the first throw in the final scene when it was released?,20.01,Please state your answer with a brief explanation.,"In the last scene, the first throw trajectory goes behind him directly into a second basketball goal that is behind the first goal.",https://www.youtube.com/shorts/J_W4i0HkKJ0
1134-2,J_W4i0HkKJ0,Correctly-led Open-ended Question,Displacement Attribute,Did the ball of the first throw in the last scene bounce back to the person after hitting the ring of the hoop?,20.01,Please state your answer with a brief explanation.,"No, the ball of the first throw in the last scene does not bounce back to the person after hitting the ring of the hoop. Instead, it bounces towards another basketball hoop.",https://www.youtube.com/shorts/J_W4i0HkKJ0
1134-3,J_W4i0HkKJ0,Wrongly-led Open-ended Question,Displacement Attribute,Did the ball of the first throw in the last scene descend directly towards the basketball hoop?,20.01,Please state your answer with a brief explanation.,"No, the first throw in the last scene went way over the first hoop and landed in the other.",https://www.youtube.com/shorts/J_W4i0HkKJ0
1134-7,J_W4i0HkKJ0,Multiple-choice Question with a Single Correct Answer,Displacement Attribute,"How did the ball of the first throw in the last scene move after being released?
A. It descended directly towards the basketball hoop.
B. It moved in a high arc trajectory and bounced back to the person.
C. It moved in a straight line towards the hoop.
D. It was thrown with a downward motion.",20.01,"E. None of the above
Select one best answer to the above multiple-choice question based on the video. Respond with only the letter (A, B, C, D or E) of the correct option.",E,https://www.youtube.com/shorts/J_W4i0HkKJ0
1137-0,4AqYhTpPpBI,Primary Open-ended Question,Positional Relationship,"When the woman is upside down, which way is the head of the man in white facing?",6.12,Please state your answer with a brief explanation.,"His head is facing forward, matching the direction of the woman's feet.",https://www.youtube.com/shorts/4AqYhTpPpBI
1137-1,4AqYhTpPpBI,Paraphrased Open-ended Question,Positional Relationship,In which direction is the man in white looking when the woman is upside down?,6.12,Please state your answer with a brief explanation.,He is looking at the woman. The man in white is looking down at the woman while she's upside down.,https://www.youtube.com/shorts/4AqYhTpPpBI
1137-2,4AqYhTpPpBI,Correctly-led Open-ended Question,Positional Relationship,"When the woman is upside down, is the man's head facing up and forward at the camera?",6.12,Please state your answer with a brief explanation.,"Yes, at [00:00:03] the man's head is facing up and forward at the camera.",https://www.youtube.com/shorts/4AqYhTpPpBI
1137-3,4AqYhTpPpBI,Wrongly-led Open-ended Question,Positional Relationship,"When the woman is upside down, is the man's head facing downward?",6.12,Please state your answer with a brief explanation.,"No, the man's head is facing upward. The video shows him standing upright while holding the woman and the child upside down.",https://www.youtube.com/shorts/4AqYhTpPpBI
1137-7,4AqYhTpPpBI,Multiple-choice Question with a Single Correct Answer,Positional Relationship,"When the woman is upside down, which direction is the man's head facing?
A. To the left
B. Upward and forward at the camera
C. Backward
D. Downward",6.12,"E. None of the above
Select one best answer to the above multiple-choice question based on the video. Respond with only the letter (A, B, C, D or E) of the correct option.",B,https://www.youtube.com/shorts/4AqYhTpPpBI
1145-0,N2BiQKS3e2Y,Primary Open-ended Question,Event Duration & Speed Attribute,"As an adult, how long does it past between the woman looking at her phone twice?",30.04,Please state your answer with a brief explanation.,"As an adult, 12 hours pass between the woman looking at her phone twice. At first, the time is 8:00 AM, and the second time it's 8:00 PM (20:00).",https://www.youtube.com/shorts/N2BiQKS3e2Y
1145-1,N2BiQKS3e2Y,Paraphrased Open-ended Question,Event Duration & Speed Attribute,What is the time gap between the two instances when the woman checks her phone as an adult?,30.04,Please state your answer with a brief explanation.,"12 hours. The first time she checks her phone, it is 8:00 am, and the second time, it is 20:00 (8:00 pm), thus, there is a 12 hour gap.",https://www.youtube.com/shorts/N2BiQKS3e2Y
1145-2,N2BiQKS3e2Y,Correctly-led Open-ended Question,Event Duration & Speed Attribute,Does the woman check her phone 12 hours apart as an adult?,30.04,Please state your answer with a brief explanation.,"Yes, the woman checks her phone as an adult at 8:00 AM and 8:00 PM, which is 12 hours apart.",https://www.youtube.com/shorts/N2BiQKS3e2Y
1145-3,N2BiQKS3e2Y,Wrongly-led Open-ended Question,Event Duration & Speed Attribute,Does the woman check her phone twice within a minute as an adult?,30.04,Please state your answer with a brief explanation.,"Yes, she checks her phone at approximately [00:00:18] and [00:00:28], which is within a minute of each other.",https://www.youtube.com/shorts/N2BiQKS3e2Y
1145-7,N2BiQKS3e2Y,Multiple-choice Question with a Single Correct Answer,Event Duration & Speed Attribute,"How long is the interval between the woman's phone checks as an adult?
A. 30 minutes
B. 1 minute
C. 24 hours
D. 12 hours",30.04,"E. None of the above
Select one best answer to the above multiple-choice question based on the video. Respond with only the letter (A, B, C, D or E) of the correct option.",D,https://www.youtube.com/shorts/N2BiQKS3e2Y
1159-0,0-ugjds_Rz8,Primary Open-ended Question,Element Localization,What are the fifth and seventh items shown in the video?,16.67,Please state your answer with a brief explanation.,"The fifth item shown in the video is ""Highlighters"" and the seventh item is a ""Measurment scale"".",https://www.youtube.com/shorts/0-ugjds_Rz8
1159-1,0-ugjds_Rz8,Paraphrased Open-ended Question,Element Localization,Can you identify the fifth and seventh items displayed in the video?,16.67,Please state your answer with a brief explanation.,"The fifth item displayed are ""Highlighters"" and the seventh item displayed is a ""Eraser"".",https://www.youtube.com/shorts/0-ugjds_Rz8
1159-2,0-ugjds_Rz8,Correctly-led Open-ended Question,Element Localization,"Are the fifth and seventh items in the video highlighters and erasers, respectively?",16.67,Please state your answer with a brief explanation.,"No, the fifth and seventh items are sticky notes and a measurement scale, respectively. The sixth item is highlighters and the eighth item is erasers.",https://www.youtube.com/shorts/0-ugjds_Rz8
1159-3,0-ugjds_Rz8,Wrongly-led Open-ended Question,Element Localization,Are the fifth and seventh items in the video sticky notes and a measurement scale?,16.67,Please state your answer with a brief explanation.,"The fifth and seventh items are sticky notes and a measurement scale, respectively. You can visually verify these items at [00:00:06] and [00:00:09].",https://www.youtube.com/shorts/0-ugjds_Rz8
1159-7,0-ugjds_Rz8,Multiple-choice Question with a Single Correct Answer,Element Localization,"What are the fifth and seventh items shown in the video?
A. Highlighters and erasers
B. Pens and glue
C. Sticky notes and measurement scale
D. Notebooks and pencil",16.67,"E. None of the above
Select one best answer to the above multiple-choice question based on the video. Respond with only the letter (A, B, C, D or E) of the correct option.",C,https://www.youtube.com/shorts/0-ugjds_Rz8
1160-0,yTKp6HP2_wU,Primary Open-ended Question,Element Localization,What is the fourth item shown in the video?,27.38,Please state your answer with a brief explanation.,"The fourth item shown in the video is the Tom EDC Mahjong Slider. The video describes it as chunky and heavy, and a piece of metal that catches the most attention.",https://www.youtube.com/shorts/yTKp6HP2_wU
1160-1,yTKp6HP2_wU,Paraphrased Open-ended Question,Element Localization,What is the fourth toy displayed in the video?,27.38,Please state your answer with a brief explanation.,The fourth toy displayed in the video is the Tom EDC Mahjong Slider. The fidget toy sounds like a slider when reloading combined with a rolling click.,https://www.youtube.com/shorts/yTKp6HP2_wU
1160-2,yTKp6HP2_wU,Correctly-led Open-ended Question,Element Localization,Is the fourth item in the video a metal fidget toy resembling a mahjong tile?,27.38,Please state your answer with a brief explanation.,"Yes, the fourth item is a metal fidget toy and it is called the Tom EDC Mahjong Slider.",https://www.youtube.com/shorts/yTKp6HP2_wU
1160-3,yTKp6HP2_wU,Wrongly-led Open-ended Question,Element Localization,Is the fourth item in the video a small black pill-shaped fidget toy?,27.38,Please state your answer with a brief explanation.,"No, the fourth item, called the Tom EDC Mahjong Slider, is a chunky, heavy piece of metal.",https://www.youtube.com/shorts/yTKp6HP2_wU
1160-7,yTKp6HP2_wU,Multiple-choice Question with a Single Correct Answer,Element Localization,"What is the fourth item shown in the video?
A. A sliding round button.
B. A deck of cards fidget toy.
C. A metal fidget toy that looks like a mahjong tile.
D. A small black pill-shaped fidget toy.",27.38,"E. None of the above
Select one best answer to the above multiple-choice question based on the video. Respond with only the letter (A, B, C, D or E) of the correct option.",C.,https://www.youtube.com/shorts/yTKp6HP2_wU
1161-0,9gPw1jw3Ukk,Primary Open-ended Question,Element Localization,What is the color order displayed by the long strip of light for the objects in the video?,11.58,Please state your answer with a brief explanation.,"The color order displayed by the Loop Gear SK-05 Flashlight is: yellow, green, blue, purple, red, and orange. This can be seen at the beginning of the video.",https://www.youtube.com/shorts/9gPw1jw3Ukk
1161-1,9gPw1jw3Ukk,Paraphrased Open-ended Question,Element Localization,What sequence of colors is shown by the long strip of light on the objects in the video?,11.58,Please state your answer with a brief explanation.,"The long strip of light cycles through these colors: yellow, green, blue, purple, red, and orange.",https://www.youtube.com/shorts/9gPw1jw3Ukk
1161-2,9gPw1jw3Ukk,Correctly-led Open-ended Question,Element Localization,"Does the long strip of light on the objects in the video display the colors in the order of yellow, green, cyan, blue, purple, red, and orange?",11.58,Please state your answer with a brief explanation.,"No, the colors are not displayed in that exact order. The order appears to be yellow, green, cyan, blue, purple, red, and orange.",https://www.youtube.com/shorts/9gPw1jw3Ukk
1161-3,9gPw1jw3Ukk,Wrongly-led Open-ended Question,Element Localization,"Is the color order displayed by the long strip of light on the object in the video yellow, green, blue, purple, and red?",11.58,Please state your answer with a brief explanation.,"Yes, the color order is yellow, green, blue, purple, and red, as demonstrated by the light strip on the Loop Gear SK-05 Flashlight in the video.",https://www.youtube.com/shorts/9gPw1jw3Ukk
1161-7,9gPw1jw3Ukk,Multiple-choice Question with a Single Correct Answer,Element Localization,"What is the correct color order displayed by the long strip of light on the objects in the video?
A. Yellow, green, cyan, blue, purple, red, and orange.
B. Yellow, green, blue, purple, and red.
C. Green, yellow, blue, purple, and red.
D. Yellow, blue, green, purple, and red.",11.58,"E. None of the above
Select one best answer to the above multiple-choice question based on the video. Respond with only the letter (A, B, C, D or E) of the correct option.",A.,https://www.youtube.com/shorts/9gPw1jw3Ukk
1162-0,4jmQCgMy1mE,Primary Open-ended Question,Event Localization,"In the menu interface, what is the order of the menu options that are BROWSED?",25.77,Please state your answer with a brief explanation.,"The menu options are browsed in the following order: Calendar, Clock, Notes, Calculator, Settings.",https://www.youtube.com/shorts/4jmQCgMy1mE
1162-1,4jmQCgMy1mE,Paraphrased Open-ended Question,Event Localization,What sequence of menu options does the person navigate through in the interface?,25.77,Please state your answer with a brief explanation.,"The person navigates through the following sequence of options: Calendar, Clock, Notes, Calculator, and Settings. The person then inputs text, implying the selection of the ""Notes"" option.",https://www.youtube.com/shorts/4jmQCgMy1mE
1162-2,4jmQCgMy1mE,Correctly-led Open-ended Question,Event Localization,Does the person browse through the menu options starting with Calendar and ending with Calculator?,25.77,Please state your answer with a brief explanation.,"[00:00:05-00:00:08] Yes, the person browses the menu options, starting with ""Calendar"", and ending with ""Calculator"".",https://www.youtube.com/shorts/4jmQCgMy1mE
1162-3,4jmQCgMy1mE,Wrongly-led Open-ended Question,Event Localization,Does the person browse through the menu options including Settings?,25.77,Please state your answer with a brief explanation.,"Yes, at [00:00:05], the person scrolls through the menu options including Settings.",https://www.youtube.com/shorts/4jmQCgMy1mE
1162-7,4jmQCgMy1mE,Multiple-choice Question with a Single Correct Answer,Event Localization,"What is the correct order of the menu options browsed in the video?
A. Calendar, Clock, Calculator, Notes
B. Calendar, Clock, Notes, Calculator, Settings
C. Calendar, Notes, Clock, Calculator
D. Calendar, Clock, Notes, Calculator",25.77,"E. None of the above
Select one best answer to the above multiple-choice question based on the video. Respond with only the letter (A, B, C, D or E) of the correct option.",D,https://www.youtube.com/shorts/4jmQCgMy1mE
1168-0,aWdGWNIye8M,Primary Open-ended Question,Objective Causality (Videography Phenomenon & Illusion),Why did the man in the red hat fall into a hole in the video?,14.58,Please state your answer with a brief explanation.,"The man in the red hat fell into a hole due to forced perspective. The hole was part of a street art design that created the illusion of a deep hole, causing him to misjudge the surface and fall into the artwork.",https://www.youtube.com/shorts/aWdGWNIye8M
1168-1,aWdGWNIye8M,Paraphrased Open-ended Question,Objective Causality (Videography Phenomenon & Illusion),What caused the man in the red hat to fall into the hole in the video?,14.58,Please state your answer with a brief explanation.,"The man in the red hat fell due to a realistic street art painting of a hole; the image was so well done that it created an optical illusion, making it look like there was an actual hole in the ground.",https://www.youtube.com/shorts/aWdGWNIye8M
1168-2,aWdGWNIye8M,Correctly-led Open-ended Question,Objective Causality (Videography Phenomenon & Illusion),Did the man in the red hat fall into the hole because of video editing and an optical illusion?,14.58,Please state your answer with a brief explanation.,"Yes, it is highly likely that the man fell due to video editing and an optical illusion from the street art, as Zach King's videos are known for their clever use of visual effects.",https://www.youtube.com/shorts/aWdGWNIye8M
1168-3,aWdGWNIye8M,Wrongly-led Open-ended Question,Objective Causality (Videography Phenomenon & Illusion),Did the man in the red hat fall into the hole because he was deceived by a realistic 3D street painting?,14.58,Please state your answer with a brief explanation.,"No, the man in the red hat did not fall into the hole because of a realistic 3D street painting. The video is an edited trick.",https://www.youtube.com/shorts/aWdGWNIye8M
1168-7,aWdGWNIye8M,Multiple-choice Question with a Single Correct Answer,Objective Causality (Videography Phenomenon & Illusion),"Why did the man in the red hat fall into the hole?
A. He tripped over a rock.
B. Video editing and an optical illusion made it appear real.
C. He was deceived by a realistic 3D street painting.
D. The ground was unstable.",14.58,"E. None of the above
Select one best answer to the above multiple-choice question based on the video. Respond with only the letter (A, B, C, D or E) of the correct option.",B,https://www.youtube.com/shorts/aWdGWNIye8M
1169-0,RtYbZzlUVxM,Primary Open-ended Question,Objective Causality (Videography Phenomenon & Illusion),Why was the guy in black and white clothes kicked to pieces by the football?,13.24,Please state your answer with a brief explanation.,"It's an illusion trick; the person in black and white clothes was kicked by the ball so hard that his body was split into several pieces of clothing (hat, shoes, shirt and pants) by some kind of editing magic.",https://www.youtube.com/shorts/RtYbZzlUVxM
1169-1,RtYbZzlUVxM,Paraphrased Open-ended Question,Objective Causality (Videography Phenomenon & Illusion),What caused the man in black and white clothes to appear as if he was shattered by the soccer ball?,13.24,Please state your answer with a brief explanation.,The man in black and white clothes appeared shattered due to a special effect in editing.,https://www.youtube.com/shorts/RtYbZzlUVxM
1169-2,RtYbZzlUVxM,Correctly-led Open-ended Question,Objective Causality (Videography Phenomenon & Illusion),Was the man in black and white clothes kicked to pieces by the soccer ball due to video editing effects?,13.24,Please state your answer with a brief explanation.,"Yes, the man in black and white clothes was kicked to pieces by the soccer ball due to video editing effects, as are most videos on the Zach King YouTube channel.",https://www.youtube.com/shorts/RtYbZzlUVxM
1169-3,RtYbZzlUVxM,Wrongly-led Open-ended Question,Objective Causality (Videography Phenomenon & Illusion),Was the man in black and white clothes kicked to pieces by the soccer ball because he was a mannequin?,13.24,Please state your answer with a brief explanation.,"No, the man in the black and white clothes wasn't a mannequin. After being hit, the clothes drop to the floor while a new man appears.",https://www.youtube.com/shorts/RtYbZzlUVxM
1169-7,RtYbZzlUVxM,Multiple-choice Question with a Single Correct Answer,Objective Causality (Videography Phenomenon & Illusion),"Why was the man in black and white clothes kicked to pieces by the soccer ball?
A. It was due to video editing.
B. He was a mannequin.
C. He was hit too hard.
D. It was a magic trick.",13.24,"E. None of the above
Select one best answer to the above multiple-choice question based on the video. Respond with only the letter (A, B, C, D or E) of the correct option.",A,https://www.youtube.com/shorts/RtYbZzlUVxM
1170-0,MImfdDB5-K8,Primary Open-ended Question,Objective Causality (Videography Phenomenon & Illusion),How did the containers disappear in the video?,14.05,Please state your answer with a brief explanation.,"The containers disappeared in the video as part of a magic trick. Once the container Tetris game was lost, the containers vanished into thin air, seemingly disappearing into another dimension.",https://www.youtube.com/shorts/MImfdDB5-K8
1170-1,MImfdDB5-K8,Paraphrased Open-ended Question,Objective Causality (Videography Phenomenon & Illusion),What caused the containers to vanish from the ship in the video?,14.05,Please state your answer with a brief explanation.,"The containers vanish because the crane operator was playing Tetris and when a line was completed, the line of containers disappeared, just like in the game.",https://www.youtube.com/shorts/MImfdDB5-K8
1170-2,MImfdDB5-K8,Correctly-led Open-ended Question,Objective Causality (Videography Phenomenon & Illusion),Did the containers disappear because they were part of a Tetris-like game using post-production effects?,14.05,Please state your answer with a brief explanation.,"Yes, the containers disappeared because they were part of a Tetris-like game using post-production effects, as evidenced by the video's title and description.",https://www.youtube.com/shorts/MImfdDB5-K8
1170-3,MImfdDB5-K8,Wrongly-led Open-ended Question,Objective Causality (Videography Phenomenon & Illusion),Did the containers disappear because they fell off the ship due to instability?,14.05,Please state your answer with a brief explanation.,"No, the containers did not fall off the ship due to instability. They disappeared as a result of a visual effect created by Zach King.",https://www.youtube.com/shorts/MImfdDB5-K8
1170-7,MImfdDB5-K8,Multiple-choice Question with a Single Correct Answer,Objective Causality (Videography Phenomenon & Illusion),"How did the containers disappear in the video?
A. They were hidden behind other containers.
B. They were stolen.
C. They were part of a Tetris-like game and disappeared due to post-production effects.
D. They fell off the ship.",14.05,"E. None of the above
Select one best answer to the above multiple-choice question based on the video. Respond with only the letter (A, B, C, D or E) of the correct option.",C,https://www.youtube.com/shorts/MImfdDB5-K8
1173-0,YfbZV7u3kMM,Primary Open-ended Question,Objective Causality (Videography Phenomenon & Illusion),Why did the person in the back seat of the car suddenly disappear?,5.53,Please state your answer with a brief explanation.,The person disappears as a result of Zach King's editing magic when the car hits a bump and the drinks spill all over the back seat.,https://www.youtube.com/shorts/YfbZV7u3kMM
1173-1,YfbZV7u3kMM,Paraphrased Open-ended Question,Objective Causality (Videography Phenomenon & Illusion),What caused the person in the back seat to vanish suddenly?,5.53,Please state your answer with a brief explanation.,"The person vanished because of a bump in the road, which caused the drinks he was holding to spill all over him.",https://www.youtube.com/shorts/YfbZV7u3kMM
1173-2,YfbZV7u3kMM,Correctly-led Open-ended Question,Objective Causality (Videography Phenomenon & Illusion),Did the person in the back seat disappear due to post-production editing?,5.53,Please state your answer with a brief explanation.,"Yes, the person in the back seat disappeared due to post-production editing, as Zach King is known for using editing for illusions.",https://www.youtube.com/shorts/YfbZV7u3kMM
1173-3,YfbZV7u3kMM,Wrongly-led Open-ended Question,Objective Causality (Videography Phenomenon & Illusion),Did the person in the back seat disappear because the car made a sudden stop or sharp turn?,5.53,Please state your answer with a brief explanation.,The person in the back disappeared after the car went over a bump.,https://www.youtube.com/shorts/YfbZV7u3kMM
1173-7,YfbZV7u3kMM,Multiple-choice Question with a Single Correct Answer,Objective Causality (Videography Phenomenon & Illusion),"Why did the person in the back seat disappear?
A. The car made a sharp turn.
B. The car made a sudden stop.
C. The person jumped out of the car.
D. Post-production editing.",5.53,"E. None of the above
Select one best answer to the above multiple-choice question based on the video. Respond with only the letter (A, B, C, D or E) of the correct option.",D,https://www.youtube.com/shorts/YfbZV7u3kMM
1175-0,oG45ZbYePtY,Primary Open-ended Question,Objective Causality (Videography Phenomenon & Illusion),How is the bear on the ground made to move in the video?,19.61,Please state your answer with a brief explanation.,"The bear is not real, it is an artistic drawing on the ground. Editing is used to give the illustration depth and make it seem real and animated.",https://www.youtube.com/shorts/oG45ZbYePtY
1175-1,oG45ZbYePtY,Paraphrased Open-ended Question,Objective Causality (Videography Phenomenon & Illusion),What technique is used to make the bear on the ground appear to move in the video?,19.61,Please state your answer with a brief explanation.,The bear appears to move using editing techniques that seamlessly integrate a real polar bear into the scene.,https://www.youtube.com/shorts/oG45ZbYePtY
1175-2,oG45ZbYePtY,Correctly-led Open-ended Question,Objective Causality (Videography Phenomenon & Illusion),Is the bear on the ground made to move through clever editing between a 3D painting and a real bear?,19.61,Please state your answer with a brief explanation.,"Yes, the bear is made to move through clever editing. The video description mentions Zach King, who is known for his editing skills, and multiple comments mention how amazing the video editing is.",https://www.youtube.com/shorts/oG45ZbYePtY
1175-3,oG45ZbYePtY,Wrongly-led Open-ended Question,Objective Causality (Videography Phenomenon & Illusion),Is the bear on the ground a mechanical bear moving?,19.61,Please state your answer with a brief explanation.,"No, the bear is not mechanical, it is most likely a person in a bear suit based on the captions and the way it walks.",https://www.youtube.com/shorts/oG45ZbYePtY
1175-7,oG45ZbYePtY,Multiple-choice Question with a Single Correct Answer,Objective Causality (Videography Phenomenon & Illusion),"How is the bear on the ground made to move in the video?
A. A digital overlay on a smartphone
B. Clever editing between a 3D painting and a real bear
C. A mechanical bear
D. The bears on the ground are people in disguise.",19.61,"E. None of the above
Select one best answer to the above multiple-choice question based on the video. Respond with only the letter (A, B, C, D or E) of the correct option.",B,https://www.youtube.com/shorts/oG45ZbYePtY
1176-0,PFlSRwIZ8EM,Primary Open-ended Question,Objective Causality (Videography Phenomenon & Illusion),How did the plant in the man's hand grow larger?,24.15,Please state your answer with a brief explanation.,"The plant grew larger due to the greenhouse, which, according to the video at [00:00:04], allows plants to grow incredibly fast.",https://www.youtube.com/shorts/PFlSRwIZ8EM
1176-1,PFlSRwIZ8EM,Paraphrased Open-ended Question,Objective Causality (Videography Phenomenon & Illusion),What caused the plant in the man's hand to appear larger?,24.15,Please state your answer with a brief explanation.,The greenhouse is much larger on the inside (00:00:05) allowing the Venus flytrap to grow.,https://www.youtube.com/shorts/PFlSRwIZ8EM
1176-2,PFlSRwIZ8EM,Correctly-led Open-ended Question,Objective Causality (Videography Phenomenon & Illusion),Did the plant in the man's hand appear larger due to a visual effect created by post-production video editing techniques? .,24.15,Please state your answer with a brief explanation.,"Yes, the Venus flytrap abruptly grows larger due to video editing.",https://www.youtube.com/shorts/PFlSRwIZ8EM
1176-3,PFlSRwIZ8EM,Wrongly-led Open-ended Question,Objective Causality (Videography Phenomenon & Illusion),Did the plant in the man's hand grow larger because of a change in perspective as he moved through a doorway?,24.15,Please state your answer with a brief explanation.,No. The plant did not grow due to a change in perspective as he moved through a doorway. It grew larger because of visual effects and editing.,https://www.youtube.com/shorts/PFlSRwIZ8EM
1176-7,PFlSRwIZ8EM,Multiple-choice Question with a Single Correct Answer,Objective Causality (Videography Phenomenon & Illusion),"Why did the plant in the man's hand appear larger?
A. It was a change in perspective.
B. It was due to visual effects.
C. It was a natural growth in the greenhouse.
D. It was a change in lighting.",24.15,"E. None of the above
Select one best answer to the above multiple-choice question based on the video. Respond with only the letter (A, B, C, D or E) of the correct option.",B,https://www.youtube.com/shorts/PFlSRwIZ8EM
1177-0,lJcTCcUJK0I,Primary Open-ended Question,Objective Causality (Videography Phenomenon & Illusion),How did the man suddenly stand on the other boat?,17.71,Please state your answer with a brief explanation.,"The man's ""magic trick"" relies on video editing. He claims it's edited in the video. In reality, it's likely a twin brother or a look-alike already on the boat. When the man dives into the water behind the towel, the look-alike appears on the boat in a quick transition or switch.",https://www.youtube.com/shorts/lJcTCcUJK0I
1177-1,lJcTCcUJK0I,Paraphrased Open-ended Question,Objective Causality (Videography Phenomenon & Illusion),What technique was used to make the man appear on a different boat suddenly?,17.71,Please state your answer with a brief explanation.,"The technique used was editing. As the man states, it is edited to appear as though he is suddenly on the boat.",https://www.youtube.com/shorts/lJcTCcUJK0I
1177-2,lJcTCcUJK0I,Correctly-led Open-ended Question,Objective Causality (Videography Phenomenon & Illusion),Did the man appear on another boat due to video editing and visual effects?,17.71,Please state your answer with a brief explanation.,"Yes, based on the video context, the man's appearance on the boat is likely achieved through video editing and visual effects. The video's transcript even acknowledges that the effect is ""edited,"" and multiple comments speculate on editing techniques or the use of a double/twin to achieve the sudden appearance.",https://www.youtube.com/shorts/lJcTCcUJK0I
1177-3,lJcTCcUJK0I,Wrongly-led Open-ended Question,Objective Causality (Videography Phenomenon & Illusion),Did the man swim to the other boat while using a towel as a distraction?,17.71,Please state your answer with a brief explanation.,"No, according to the video and top comments, it's implied the video was edited to look like he swam to the boat. Many viewers suggest he may have had a twin on the boat.",https://www.youtube.com/shorts/lJcTCcUJK0I
1177-7,lJcTCcUJK0I,Multiple-choice Question with a Single Correct Answer,Objective Causality (Videography Phenomenon & Illusion),"How did the man appear on another boat?
A. He swam to the other boat.
B. He used video editing and visual effects.
C. He used a hidden platform.
D. He was pulled by a rope.",17.71,"E. None of the above
Select one best answer to the above multiple-choice question based on the video. Respond with only the letter (A, B, C, D or E) of the correct option.",B,https://www.youtube.com/shorts/lJcTCcUJK0I
1178-0,SArRN5FhkYI,Primary Open-ended Question,Objective Causality (Videography Phenomenon & Illusion),Why does a laptop appear in the final scene of the video?,19.41,Please state your answer with a brief explanation.,"A laptop appears in the final scene as part of the video's gimmick showing increasingly different sized devices, starting with a smartphone, and ending with a laptop.",https://www.youtube.com/shorts/SArRN5FhkYI
1178-1,SArRN5FhkYI,Paraphrased Open-ended Question,Objective Causality (Videography Phenomenon & Illusion),What is the reason a laptop is shown in the last part of the video?,19.41,Please state your answer with a brief explanation.,"The laptop is shown to demonstrate the variety of all types of ""smartphones,"" in this case, a smart device that folds in half, much like the Samsung Fold.",https://www.youtube.com/shorts/SArRN5FhkYI
1178-2,SArRN5FhkYI,Correctly-led Open-ended Question,Objective Causality (Videography Phenomenon & Illusion),Is the laptop in the final scene actually a phone transformed by a visual effect filter?,19.41,Please state your answer with a brief explanation.,The laptop in the final scene is in fact a phone that is transformed by a visual effect filter.,https://www.youtube.com/shorts/SArRN5FhkYI
1178-3,SArRN5FhkYI,Wrongly-led Open-ended Question,Objective Causality (Videography Phenomenon & Illusion),Does the laptop in the final scene a foldable device that unfolds from a smartphone?,19.41,Please state your answer with a brief explanation.,The laptop in the final scene is not a foldable device that unfolds from a smartphone. The laptop opens up like a standard clamshell laptop.,https://www.youtube.com/shorts/SArRN5FhkYI
1178-7,SArRN5FhkYI,Multiple-choice Question with a Single Correct Answer,Objective Causality (Videography Phenomenon & Illusion),"Why does a laptop appear in the final scene of the video?
A. It is a visual effect created by a filter.
B. It is a foldable device.
C. It is a real laptop.
D. It is a hologram.",19.41,"E. None of the above
Select one best answer to the above multiple-choice question based on the video. Respond with only the letter (A, B, C, D or E) of the correct option.",C,https://www.youtube.com/shorts/SArRN5FhkYI
1181-0,ys5re4kXW1I,Primary Open-ended Question,Objective Causality (Videography Phenomenon & Illusion),How did the Colosseum disappear?,12.76,Please state your answer with a brief explanation.,The Colosseum disappears when Zach King uses a picture frame and a painting to capture it and seemingly take it away.,https://www.youtube.com/shorts/ys5re4kXW1I
1181-1,ys5re4kXW1I,Paraphrased Open-ended Question,Objective Causality (Videography Phenomenon & Illusion),What technique was used to make the Colosseum vanish in the video?,12.76,Please state your answer with a brief explanation.,"The Colosseum vanishes through the use of visual editing, where a picture of the Colosseum on a canvas replaces the real Colosseum in the video.",https://www.youtube.com/shorts/ys5re4kXW1I
1181-2,ys5re4kXW1I,Correctly-led Open-ended Question,Objective Causality (Videography Phenomenon & Illusion),Did the Colosseum disappear due to a visual trick and post-production effects?,12.76,Please state your answer with a brief explanation.,"Yes, the disappearance of the Colosseum is a visual trick achieved through post-production effects. Zach King uses a framed picture to make the actual Colosseum behind it disappear by incorporating it into the picture.",https://www.youtube.com/shorts/ys5re4kXW1I
1181-3,ys5re4kXW1I,Wrongly-led Open-ended Question,Objective Causality (Videography Phenomenon & Illusion),Did the Colosseum seem to disappear just because of a painting held in front of it?,12.76,Please state your answer with a brief explanation.,"No, the Colosseum did not actually disappear due to the painting. It is a visual effect created by Zach King.",https://www.youtube.com/shorts/ys5re4kXW1I
1181-7,ys5re4kXW1I,Multiple-choice Question with a Single Correct Answer,Objective Causality (Videography Phenomenon & Illusion),"How did the Colosseum disappear in the video?
A. It was edited out using visual effects.
B. It was painted over.
C. It was demolished.
D. It was covered by a large cloth.",12.76,"E. None of the above
Select one best answer to the above multiple-choice question based on the video. Respond with only the letter (A, B, C, D or E) of the correct option.",A,https://www.youtube.com/shorts/ys5re4kXW1I
1182-0,NFMqcsBtY30,Primary Open-ended Question,Objective Causality (Videography Phenomenon & Illusion),How does the ladder appear beneath the clouds in the video?,20.27,Please state your answer with a brief explanation.,"The ladder appears through editing. It is folded in his hand, then through the magic of editing, it turns into a regular ladder.",https://www.youtube.com/shorts/NFMqcsBtY30
1182-1,NFMqcsBtY30,Paraphrased Open-ended Question,Objective Causality (Videography Phenomenon & Illusion),In what way does the ladder appear under the clouds in the video?,20.27,Please state your answer with a brief explanation.,"The ladder appears to come out of a toy ladder, as seen at [00:00:05].",https://www.youtube.com/shorts/NFMqcsBtY30
1182-2,NFMqcsBtY30,Correctly-led Open-ended Question,Objective Causality (Videography Phenomenon & Illusion),Is the ladder beneath the clouds in the video made to look full-sized through video editing techniques?,20.27,Please state your answer with a brief explanation.,"Yes, the ladder initially appears to be a miniature toy, before being edited to look full-sized.",https://www.youtube.com/shorts/NFMqcsBtY30
1182-3,NFMqcsBtY30,Wrongly-led Open-ended Question,Objective Causality (Videography Phenomenon & Illusion),Does the ladder in the video turn into a smaller size as it moves toward the clouds?,20.27,Please state your answer with a brief explanation.,"No, the ladder in the video does not change size. It appears to remain the same size as it moves towards the clouds.",https://www.youtube.com/shorts/NFMqcsBtY30
1182-7,NFMqcsBtY30,Multiple-choice Question with a Single Correct Answer,Objective Causality (Videography Phenomenon & Illusion),"How does the ladder appear beneath the clouds in the video?
A. It is a small object that is replaced by a full-sized ladder.
B. As it moves toward the clouds, it transforms into a ladder of reduced size.
C. It is a small object that appears full-sized due to video editing techniques.
D. It is a full-sized ladder from the beginning.",20.27,"E. None of the above
Select one best answer to the above multiple-choice question based on the video. Respond with only the letter (A, B, C, D or E) of the correct option.",A,https://www.youtube.com/shorts/NFMqcsBtY30
1183-0,uYIWSSQNV4w,Primary Open-ended Question,Objective Causality (Videography Phenomenon & Illusion),Why did the sky suddenly darken at the beginning of the video?,13.1,Please state your answer with a brief explanation.,"The sky darkens because Zach King catches the sun and removes it from the sky. This is a special effect, of course.",https://www.youtube.com/shorts/uYIWSSQNV4w
1183-1,uYIWSSQNV4w,Paraphrased Open-ended Question,Objective Causality (Videography Phenomenon & Illusion),What caused the sky to become dark so quickly at the start of the video?,13.1,Please state your answer with a brief explanation.,The sky became dark because Zach King dunked the sun like a basketball (a magical trick).,https://www.youtube.com/shorts/uYIWSSQNV4w
1183-2,uYIWSSQNV4w,Correctly-led Open-ended Question,Objective Causality (Videography Phenomenon & Illusion),Did the sky darken because of a combination of lighting changes and post-production effects?,13.1,Please state your answer with a brief explanation.,"Yes, the sky darkened due to a combination of lighting changes and post-production effects. The video transitions from bright daylight to a darkened nighttime scene, likely achieved through a combination of lighting adjustments and editing techniques.",https://www.youtube.com/shorts/uYIWSSQNV4w
1183-3,uYIWSSQNV4w,Wrongly-led Open-ended Question,Objective Causality (Videography Phenomenon & Illusion),Did the sky darken because the person in the video turned off all the lights in the room?,13.1,Please state your answer with a brief explanation.,"No, the sky darkened because the person in the video seemingly threw the sun like a basketball into a hoop.",https://www.youtube.com/shorts/uYIWSSQNV4w
1183-7,uYIWSSQNV4w,Multiple-choice Question with a Single Correct Answer,Objective Causality (Videography Phenomenon & Illusion),"What caused the sky to darken suddenly at the beginning of the video?
A. A combination of lighting changes and post-production effects.
B. The person turned off the lights.
C. The person closed the curtains.
D. The person left the room.",13.1,"E. None of the above
Select one best answer to the above multiple-choice question based on the video. Respond with only the letter (A, B, C, D or E) of the correct option.",A,https://www.youtube.com/shorts/uYIWSSQNV4w
1192-0,RdDzFuX1b1s,Primary Open-ended Question,Objective Causality (Videography Phenomenon & Illusion),Why did a standing sprinkler suddenly appear?,20.65,Please state your answer with a brief explanation.,"The standing sprinkler suddenly appeared in this Zach King video as a result of the ""Ratchet and Clank game"" weapon he was using. The weapon transformed the people he was shooting at into living plants while simultaneously spawning sprinklers to water them.",https://www.youtube.com/shorts/RdDzFuX1b1s
1192-1,RdDzFuX1b1s,Paraphrased Open-ended Question,Objective Causality (Videography Phenomenon & Illusion),What caused the sudden appearance of the standing sprinkler in the video?,20.65,Please state your answer with a brief explanation.,The sprinkler appears after Zach King uses a Ratchet and Clank game-inspired device. The device seems to transform people into plantlike structures.,https://www.youtube.com/shorts/RdDzFuX1b1s
1192-2,RdDzFuX1b1s,Correctly-led Open-ended Question,Objective Causality (Videography Phenomenon & Illusion),Was the standing sprinkler's sudden appearance in the video due to creative video editing?,20.65,Please state your answer with a brief explanation.,"Yes, the sudden appearance of the standing sprinkler in the video can be attributed to creative video editing as it is a magic trick performed by the videographer Zach King.",https://www.youtube.com/shorts/RdDzFuX1b1s
1192-3,RdDzFuX1b1s,Wrongly-led Open-ended Question,Objective Causality (Videography Phenomenon & Illusion),Did the standing sprinkler appear suddenly because it was hidden underground and activated by the ball?,20.65,Please state your answer with a brief explanation.,"Yes, it appears the standing sprinkler did appear suddenly because it was hidden underground and activated by the ball. You can see the sprinkler appear after the ball is shot at a spot on the ground.",https://www.youtube.com/shorts/RdDzFuX1b1s
1192-7,RdDzFuX1b1s,Multiple-choice Question with a Single Correct Answer,Objective Causality (Videography Phenomenon & Illusion),"Why did the standing sprinkler suddenly appear in the video?
A. It was hidden underground.
B. It was triggered by a sensor.
C. It was a result of video editing.
D. It was always there but invisible.",20.65,"E. None of the above
Select one best answer to the above multiple-choice question based on the video. Respond with only the letter (A, B, C, D or E) of the correct option.",C,https://www.youtube.com/shorts/RdDzFuX1b1s
1203-0,X2muluGbNeo,Primary Open-ended Question,Local Event Attribute,How did the man take out the towel without touching the stream?,18.82,Please state your answer with a brief explanation.,"The man loops the towel, puts the end over the faucet, and then pulls the towel out. In this way, the towel can be pulled out without being caught by the water stream.",https://www.youtube.com/shorts/X2muluGbNeo
1203-1,X2muluGbNeo,Paraphrased Open-ended Question,Local Event Attribute,What method did the man use to remove the towel without it touching the water stream?,18.82,Please state your answer with a brief explanation.,"The man wove the towel around the faucet, then proceeded to pull the towel end-over-end and out of the water stream.",https://www.youtube.com/shorts/X2muluGbNeo
1203-2,X2muluGbNeo,Correctly-led Open-ended Question,Local Event Attribute,Did the man manage to remove the towel by moving the open end of the towel to the other side of the water flow?,18.82,Please state your answer with a brief explanation.,"Yes, Andrey successfully removes the towel. At [00:00:06], Andrey grabs both ends of the towel underneath the stream of water, and at [00:00:07], he turns his body to guide the open end of the towel to the other side of the water flow. By [00:00:17], Andrey successfully removes the towel.",https://www.youtube.com/shorts/X2muluGbNeo
1203-3,X2muluGbNeo,Wrongly-led Open-ended Question,Local Event Attribute,Did the man use the detachable spray head of the faucet to take out the towel without touching the stream?,18.82,Please state your answer with a brief explanation.,"Yes, the man used the detachable spray head of the faucet to carefully remove the towel from the water stream without getting wet.",https://www.youtube.com/shorts/X2muluGbNeo
1203-7,X2muluGbNeo,Multiple-choice Question with a Single Correct Answer,Local Event Attribute,"How did the man take out the towel without touching the stream?
A. By turning off the water first.
B. By moving the open end of the towel to the other side of the water flow.
C. By using the detachable spray head of the faucet.
D. By using a different towel.",18.82,"E. None of the above
Select one best answer to the above multiple-choice question based on the video. Respond with only the letter (A, B, C, D or E) of the correct option.",B,https://www.youtube.com/shorts/X2muluGbNeo
1206-0,fuAUDvxf_vY,Primary Open-ended Question,Professional Knowledge,Why is the blue paint seemingly spilling unusually?,10.65,Please state your answer with a brief explanation.,"The paint spills upwards due to camera trickery. The camera is upside down, making it seem as though the paint defies gravity.",https://www.youtube.com/shorts/fuAUDvxf_vY
1206-1,fuAUDvxf_vY,Paraphrased Open-ended Question,Professional Knowledge,What causes the blue paint to appear as if it's spilling in an unusual direction?,10.65,Please state your answer with a brief explanation.,The unusual direction of the blue paint is caused by the camera being positioned on the ceiling while Zach King stands on the wall. This setup makes it appear as if gravity is acting in the opposite direction.,https://www.youtube.com/shorts/fuAUDvxf_vY
1206-2,fuAUDvxf_vY,Correctly-led Open-ended Question,Professional Knowledge,"Is the blue paint spilling upwards because the entire set is upside down, creating an illusion?",10.65,Please state your answer with a brief explanation.,"Yes, the blue paint appears to spill upwards because the entire set is upside down. This is supported by the position of the curtains and the light fixture in the video, creating the illusion that gravity is reversed.",https://www.youtube.com/shorts/fuAUDvxf_vY
1206-3,fuAUDvxf_vY,Wrongly-led Open-ended Question,Professional Knowledge,Is the blue paint spilling unusually because the person is holding the paint can upside down above their head?,10.65,Please state your answer with a brief explanation.,"No, the paint is spilling normally, but the video's orientation is such that it gives the illusion that the man is standing on the wall.",https://www.youtube.com/shorts/fuAUDvxf_vY
1206-7,fuAUDvxf_vY,Multiple-choice Question with a Single Correct Answer,Professional Knowledge,"Why does the blue paint appear to spill unusually?
A. The person is holding the paint can upside down above their head.
B. The paint is thicker than usual.
C. The set is upside down, creating an illusion.
D. The paint can is defective.",10.65,"E. None of the above
Select one best answer to the above multiple-choice question based on the video. Respond with only the letter (A, B, C, D or E) of the correct option.",C,https://www.youtube.com/shorts/fuAUDvxf_vY
1209-0,H-9qGWrW83M,Primary Open-ended Question,Displacement Attribute,How fast is the woman in the photo at the end of the video?,20.67,Please state your answer with a brief explanation.,"The woman in the photo at the end of the video appears to be running, as her foot is off the ground with a splash of water and leaves coming up behind it.",https://www.youtube.com/shorts/H-9qGWrW83M
1209-1,H-9qGWrW83M,Paraphrased Open-ended Question,Displacement Attribute,What is the speed of the woman in the final image of the video?,20.67,Please state your answer with a brief explanation.,"The speed of the woman is in a state of running. The video displays the model stepping into a puddle in a way that suggests a running motion, which is evident in the final image.",https://www.youtube.com/shorts/H-9qGWrW83M
1209-2,H-9qGWrW83M,Correctly-led Open-ended Question,Displacement Attribute,"Is the woman in the photo at the end of the video appearing moving fast, because it is just an illusion created by the photo composition?",20.67,Please state your answer with a brief explanation.,"Yes, it's an illusion, as suggested by some comments and video elements of falling leaves being dropped while she stepped, give the appearance of movement.",https://www.youtube.com/shorts/H-9qGWrW83M
1209-3,H-9qGWrW83M,Wrongly-led Open-ended Question,Displacement Attribute,Does the woman in the photo is running quickly due to the position of her legs and the splash of water?,20.67,Please state your answer with a brief explanation.,"No, it appears that the woman is mid-stride, but it is unclear whether or not she is running fast.",https://www.youtube.com/shorts/H-9qGWrW83M
1209-7,H-9qGWrW83M,Multiple-choice Question with a Single Correct Answer,Displacement Attribute,"How fast is the woman in the photo at the end of the video?
A. She is actually running.
B. She is walking quickly.
C. The special composition and photo editing and she never leaves her position.
D. The position of her legs.",20.67,"E. None of the above
Select one best answer to the above multiple-choice question based on the video. Respond with only the letter (A, B, C, D or E) of the correct option.",A,https://www.youtube.com/shorts/H-9qGWrW83M
1210-0,diEfe0tsJY8,Primary Open-ended Question,Objective Causality (Videography Phenomenon & Illusion),What is the change in focus of the video shooting?,6.25,Please state your answer with a brief explanation.,"The focus goes from a wide, unfocused view of an attendee to a sharp, clear view of the bird photograph.",https://www.youtube.com/shorts/diEfe0tsJY8
1210-1,diEfe0tsJY8,Paraphrased Open-ended Question,Objective Causality (Videography Phenomenon & Illusion),How does the focus change throughout the video?,6.25,Please state your answer with a brief explanation.,"The focus shifts from a blurred view of a person looking at the photo to a clearer, more detailed view of the photograph itself. This shift in focus highlights the artwork that could be on display at the exhibition.",https://www.youtube.com/shorts/diEfe0tsJY8
1210-2,diEfe0tsJY8,Correctly-led Open-ended Question,Objective Causality (Videography Phenomenon & Illusion),Does the focus of the video remain on the photograph of the two birds throughout the sequence?,6.25,Please state your answer with a brief explanation.,"No, the video pans away from the photograph of the two birds.",https://www.youtube.com/shorts/diEfe0tsJY8
1210-3,diEfe0tsJY8,Wrongly-led Open-ended Question,Objective Causality (Videography Phenomenon & Illusion),Does the focus of the video shift from the background to the foreground as it progresses?,6.25,Please state your answer with a brief explanation.,"No, the focus remains on the photographs themselves.",https://www.youtube.com/shorts/diEfe0tsJY8
1210-7,diEfe0tsJY8,Multiple-choice Question with a Single Correct Answer,Objective Causality (Videography Phenomenon & Illusion),"What is the change in focus of the video shooting?
A. The bird to the people in the foreground
B. The people in the foreground to the bird
C. Keeping the photograph of the two birds
D. The entire room",6.25,"E. None of the above
Select one best answer to the above multiple-choice question based on the video. Respond with only the letter (A, B, C, D or E) of the correct option.",C,https://www.youtube.com/shorts/diEfe0tsJY8
1214-0,7nnjsL5oc_s,Primary Open-ended Question,Displacement Attribute,What is the motion of the shot when photographing the woman?,5.76,Please state your answer with a brief explanation.,The camera pans down. The camera starts above the woman and moves downward toward her as she poses on the bench.,https://www.youtube.com/shorts/7nnjsL5oc_s
1214-1,7nnjsL5oc_s,Paraphrased Open-ended Question,Displacement Attribute,How does the camera move when capturing the woman in the video?,5.76,Please state your answer with a brief explanation.,The camera starts high above the woman and zooms in towards her as she is lying on the leaf-shaped bench.,https://www.youtube.com/shorts/7nnjsL5oc_s
1214-2,7nnjsL5oc_s,Correctly-led Open-ended Question,Displacement Attribute,"Is the camera moving closer to the woman, creating a zoom-in effect, as it films her?",5.76,Please state your answer with a brief explanation.,"Yes, the camera moves closer to the woman, creating a zoom-in effect.",https://www.youtube.com/shorts/7nnjsL5oc_s
1214-3,7nnjsL5oc_s,Wrongly-led Open-ended Question,Displacement Attribute,"Is the camera moving away from the woman, creating a zoom-out effect, as it films her?",5.76,Please state your answer with a brief explanation.,"Yes, the camera does move away from the woman, creating a zoom-out effect. You can see this by noting how the bench she's lying on appears to get smaller as the camera moves away.",https://www.youtube.com/shorts/7nnjsL5oc_s
1214-7,7nnjsL5oc_s,Multiple-choice Question with a Single Correct Answer,Displacement Attribute,"What is the motion of the camera when photographing the woman?
A. Zoom-in
B. Pan left
C. Zoom-out
D. Pan right",5.76,"E. None of the above
Select one best answer to the above multiple-choice question based on the video. Respond with only the letter (A, B, C, D or E) of the correct option.",A,https://www.youtube.com/shorts/7nnjsL5oc_s
1223-0,FxLooSikc2U,Primary Open-ended Question,Objective Causality (Videography Phenomenon & Illusion),How does the camera view differ in the last throw compared to others?,23.66,Please state your answer with a brief explanation.,"In the last throw, the camera moves to a closer and slightly lower angle. This offers a more direct view of the ping pong ball and the cup, whereas the other throws were from a wider, static perspective.",https://www.youtube.com/shorts/FxLooSikc2U
1223-1,FxLooSikc2U,Paraphrased Open-ended Question,Objective Causality (Videography Phenomenon & Illusion),In what way does the camera angle change during the final throw compared to the earlier ones?,23.66,Please state your answer with a brief explanation.,"The camera angle changes to a closer, slightly lower position to emphasize the final shot. Initially, the camera has a wider angle, framing the entire scene, but for the final shot, it zooms in, putting more focus on the ping pong ball and the cup.",https://www.youtube.com/shorts/FxLooSikc2U
1223-2,FxLooSikc2U,Correctly-led Open-ended Question,Objective Causality (Videography Phenomenon & Illusion),"Does the camera zoom in on the floor during the last throw, unlike the previous stationary views?",23.66,Please state your answer with a brief explanation.,"Yes, during the last throw, the camera zooms out and then zooms in on the cup as the ball makes its way toward the cup.",https://www.youtube.com/shorts/FxLooSikc2U
1223-3,FxLooSikc2U,Wrongly-led Open-ended Question,Objective Causality (Videography Phenomenon & Illusion),"In the last throw, does the camera keep the same angle as before?",23.66,Please state your answer with a brief explanation.,"No, the camera angle changes for the last throw, showing a different perspective than the prior throws.",https://www.youtube.com/shorts/FxLooSikc2U
1223-7,FxLooSikc2U,Multiple-choice Question with a Single Correct Answer,Objective Causality (Videography Phenomenon & Illusion),"How does the camera view differ in the last throw compared to others?
A. it zooms in on the bottom right section.
B. it zooms out on the bottom left section.
C. It remains stationary.
D. it zooms in on the bottom left section.",23.66,"E. None of the above
Select one best answer to the above multiple-choice question based on the video. Respond with only the letter (A, B, C, D or E) of the correct option.",D,https://www.youtube.com/shorts/FxLooSikc2U
1225-0,-o7pVduTGVs,Primary Open-ended Question,Objective Causality (Videography Phenomenon & Illusion),Who is mainly visible when the first camera zoom is complete?,,Please state your answer with a brief explanation.,Peet's friend and mother are visible when the first camera zoom is complete at [00:00:03] of the video.,https://www.youtube.com/shorts/-o7pVduTGVs
1225-1,-o7pVduTGVs,Paraphrased Open-ended Question,Objective Causality (Videography Phenomenon & Illusion),Who is prominently seen when the camera finishes zooming in for the first time?,,Please state your answer with a brief explanation.,Peet is prominently seen. The camera zooms in on Peet and his mom as Peet enters the house.,https://www.youtube.com/shorts/-o7pVduTGVs
1225-2,-o7pVduTGVs,Correctly-led Open-ended Question,Objective Causality (Videography Phenomenon & Illusion),Is the person mainly visible after the first camera zoom a man in a gray Under Armour t-shirt?,,Please state your answer with a brief explanation.,"Yes, the person mainly visible after the first camera zoom is a man, and he is wearing a gray Under Armour t-shirt.",https://www.youtube.com/shorts/-o7pVduTGVs
1225-3,-o7pVduTGVs,Wrongly-led Open-ended Question,Objective Causality (Videography Phenomenon & Illusion),Is the person mainly visible after the first camera zoom a woman in a red dress?,,Please state your answer with a brief explanation.,"No, the person is a woman, but she is not wearing a red dress. She is wearing a light pink top and black pants.",https://www.youtube.com/shorts/-o7pVduTGVs
1225-7,-o7pVduTGVs,Multiple-choice Question with a Single Correct Answer,Objective Causality (Videography Phenomenon & Illusion),"Who is mainly visible when the first camera zoom is complete?
A. A woman in a pink dress.
B. A man in a white Under Armour t-shirt.
C. A man in a gray Under Armour t-shirt.
D. A woman in a blue dress.",,"E. None of the above
Select one best answer to the above multiple-choice question based on the video. Respond with only the letter (A, B, C, D or E) of the correct option.",C,https://www.youtube.com/shorts/-o7pVduTGVs
1229-0,d-uzkMB14xQ,Primary Open-ended Question,Objective Causality (Videography Phenomenon & Illusion),Why is the object in front of the mirror different from its reflection in the mirror?,10.41,Please state your answer with a brief explanation.,"The object in front of the mirror is a pawn, but its reflection in the mirror is a king. This is because the photographer used the panorama feature on their phone to capture the pawn first, and then they swapped the pawn for a king, to capture that in the panorama as well. This makes the mirror reflect the king chess piece, when in reality, the pawn is the object in front of the mirror.",https://www.youtube.com/shorts/d-uzkMB14xQ
1229-1,d-uzkMB14xQ,Paraphrased Open-ended Question,Objective Causality (Videography Phenomenon & Illusion),What causes the discrepancy between the object in front of the mirror and its reflection?,10.41,Please state your answer with a brief explanation.,"The discrepancy is caused by using a pawn in front of the mirror, but having the mirror reflect a king chess piece instead.",https://www.youtube.com/shorts/d-uzkMB14xQ
1229-2,d-uzkMB14xQ,Correctly-led Open-ended Question,Objective Causality (Videography Phenomenon & Illusion),Is the difference between the object and its reflection due to the use of a panoramic photography feature on the phone?,10.41,Please state your answer with a brief explanation.,"Yes, the difference is due to the panoramic photography feature. The video shows the photographer using the panorama feature of their phone to capture the image of the pawn, while simultaneously capturing the image of the king reflected in the mirror.",https://www.youtube.com/shorts/d-uzkMB14xQ
1229-3,d-uzkMB14xQ,Wrongly-led Open-ended Question,Objective Causality (Videography Phenomenon & Illusion),"Is the difference between the object and its reflection because the mirror is a special type, like a concave mirror?",10.41,Please state your answer with a brief explanation.,"No, the mirror is not a special type. The reflection is different because the person places a pawn in front of the mirror, and then holds a king behind the mirror to make it look like the reflection of the pawn.",https://www.youtube.com/shorts/d-uzkMB14xQ
1229-7,d-uzkMB14xQ,Multiple-choice Question with a Single Correct Answer,Objective Causality (Videography Phenomenon & Illusion),"Why does the object in front of the mirror appear different from its reflection?
A. The video operates with special editing techniques
B. The mirror is a convex mirror.
C. The photo was taken using a panoramic photography feature.
D. The mirror is a concave mirror.",10.41,"E. None of the above
Select one best answer to the above multiple-choice question based on the video. Respond with only the letter (A, B, C, D or E) of the correct option.",C,https://www.youtube.com/shorts/d-uzkMB14xQ
1231-0,BFgfaUrBoks,Primary Open-ended Question,Objective Causality (Videography Phenomenon & Illusion),Why does the water in the waterfall look like it is flowing backwards at the end of the video?,14.98,Please state your answer with a brief explanation.,"The water looks like it is flowing backwards because the video is played in reverse. The man is walking backwards while the video is recording, so when it is played in reverse it looks like he is walking forward and the water is flowing backwards.",https://www.youtube.com/shorts/BFgfaUrBoks
1231-1,BFgfaUrBoks,Paraphrased Open-ended Question,Objective Causality (Videography Phenomenon & Illusion),What causes the waterfall to appear as if it is flowing in reverse at the conclusion of the video?,14.98,Please state your answer with a brief explanation.,"The waterfall appears to be flowing in reverse because the video is filmed with the camera rotated 90 degrees, and then the subject walks backward. When the video is rotated back to the correct orientation, the waterfall appears to flow upwards.",https://www.youtube.com/shorts/BFgfaUrBoks
1231-2,BFgfaUrBoks,Correctly-led Open-ended Question,Objective Causality (Videography Phenomenon & Illusion),Is the backward flow of the waterfall at the end of the video due to reverse video processing?,14.98,Please state your answer with a brief explanation.,"No, the backward flow of the waterfall is not achieved via reverse video processing. The creator rotated the video ninety degrees, and the person in the video walked backward.",https://www.youtube.com/shorts/BFgfaUrBoks
1231-3,BFgfaUrBoks,Wrongly-led Open-ended Question,Objective Causality (Videography Phenomenon & Illusion),Does the waterfall appear to flow backwards at the end of the video because of using special effects techniques?,14.98,Please state your answer with a brief explanation.,"Yes, the waterfall appears to flow backwards due to the video being played in reverse. This is why the person in the video appears to be walking backwards.",https://www.youtube.com/shorts/BFgfaUrBoks
1231-7,BFgfaUrBoks,Multiple-choice Question with a Single Correct Answer,Objective Causality (Videography Phenomenon & Illusion),"Why does the waterfall appear to flow backwards at the end of the video?
A. Reverse video processing was used.
B. The water flow was altered physically.
C. The lighting created an illusion.
D. Using special effects techniques.",14.98,"E. None of the above
Select one best answer to the above multiple-choice question based on the video. Respond with only the letter (A, B, C, D or E) of the correct option.",A,https://www.youtube.com/shorts/BFgfaUrBoks
1233-0,vpzN7MFV4YU,Primary Open-ended Question,Objective Causality (Videography Phenomenon & Illusion),Why are there two reflections when there is only one person in the photo?,10.99,Please state your answer with a brief explanation.,The second reflection is created using the panorama feature on the phone. The photographer takes two separate photos and merges them into one panorama. One photo is the model and the other is the reflection from the puddle.,https://www.youtube.com/shorts/vpzN7MFV4YU
1233-1,vpzN7MFV4YU,Paraphrased Open-ended Question,Objective Causality (Videography Phenomenon & Illusion),How come there are two reflections in the water when only one person is visible in the image?,10.99,Please state your answer with a brief explanation.,"The extra reflection is caused by the panorama setting on the camera, which takes an image of the person and the person walking behind them, then puts it together.",https://www.youtube.com/shorts/vpzN7MFV4YU
1233-2,vpzN7MFV4YU,Correctly-led Open-ended Question,Objective Causality (Videography Phenomenon & Illusion),Is the reason for the two reflections in the photo due to the use of a panoramic camera function that combined multiple images?,10.99,Please state your answer with a brief explanation.,"Yes, based on the screen recording, it appears that the panorama feature on the phone was used to create the reflection effect in the photo. The phone moved along a line of water, creating the reflection.",https://www.youtube.com/shorts/vpzN7MFV4YU
1233-3,vpzN7MFV4YU,Wrongly-led Open-ended Question,Objective Causality (Videography Phenomenon & Illusion),Is the reason for the two reflections in the photo due to image synthesis technology?,10.99,Please state your answer with a brief explanation.,"No, the reflections are achieved by using a pool of water and taking a panoramic picture.",https://www.youtube.com/shorts/vpzN7MFV4YU
1233-7,vpzN7MFV4YU,Multiple-choice Question with a Single Correct Answer,Objective Causality (Videography Phenomenon & Illusion),"Why are there two reflections in the photo?
A. The photographer used a panoramic camera function.
B. There was a mirror placed in the scene.
C. One is the actual reflection and the other is from the phone screen.
D. The photo was edited post-capture.",10.99,"E. None of the above
Select one best answer to the above multiple-choice question based on the video. Respond with only the letter (A, B, C, D or E) of the correct option.",A,https://www.youtube.com/shorts/vpzN7MFV4YU
1235-0,EvlFEYvsf2Q,Primary Open-ended Question,Professional Knowledge,What's the answer for 4+3= according to the video?,4.48,Please state your answer with a brief explanation.,"The video does not have an equation for 4+3. The video shows the following equations: 4+4=08, 5+5=15, 6+6=24, 9+9=?. Many comments suggest that 9+9=63.",https://www.youtube.com/shorts/EvlFEYvsf2Q
1235-1,EvlFEYvsf2Q,Paraphrased Open-ended Question,Professional Knowledge,What is the result of 4 plus 3 according to the pattern shown in the video?,4.48,Please state your answer with a brief explanation.,"I am unable to answer the question. The video shows a math puzzle, but not how to add 4 plus 3.",https://www.youtube.com/shorts/EvlFEYvsf2Q
1235-2,EvlFEYvsf2Q,Correctly-led Open-ended Question,Professional Knowledge,"Based on the pattern in the video, does 4 + 3 equal 37?",4.48,Please state your answer with a brief explanation.,"No, 4 + 3 does not equal 37 based on the patterns shown in the video. The video provides a math quiz that shows 4 + 4 = 8, 5 + 5 = 15, and 6 + 6 = 24. Based on these patterns, 4 + 3 = 37 does not fit.",https://www.youtube.com/shorts/EvlFEYvsf2Q
1235-3,EvlFEYvsf2Q,Wrongly-led Open-ended Question,Professional Knowledge,"According to the pattern in the video, does 4 + 3 equal 412?",4.48,Please state your answer with a brief explanation.,"No, according to the pattern in the video, 4 + 3 does not equal 412. The video shows a math quiz where 4 + 4 = 08, 5 + 5 = 15, 6 + 6 = 24, and asks what 9 + 9 equals. From the top comments, many believe the answer is 63, which is not 412.",https://www.youtube.com/shorts/EvlFEYvsf2Q
1235-7,EvlFEYvsf2Q,Multiple-choice Question with a Single Correct Answer,Professional Knowledge,"What is the result of 4 + 3 according to the pattern in the video?
A. 43
B. 73
C. 412
D. 37",4.48,"E. None of the above
Select one best answer to the above multiple-choice question based on the video. Respond with only the letter (A, B, C, D or E) of the correct option.",E,https://www.youtube.com/shorts/EvlFEYvsf2Q
1236-0,eDcteTYALgI,Primary Open-ended Question,Professional Knowledge,Is the method useful to produce correct calculation result?,16.95,Please state your answer with a brief explanation.,"Yes, the method produces correct calculation results. It involves removing the zero from the number being divided by 5 and then multiplying the remaining number by 2. This works because dividing by 5 is mathematically equivalent to dividing by 10 and then multiplying by 2.",https://www.youtube.com/shorts/eDcteTYALgI
1236-1,eDcteTYALgI,Paraphrased Open-ended Question,Professional Knowledge,Does the method demonstrated in the video effectively yield accurate calculation results?,16.95,Please state your answer with a brief explanation.,"Yes, the method demonstrated in the video is effective. It involves removing the zero from the dividend, effectively dividing by 10, and then multiplying the remaining number by 2, which is mathematically equivalent to dividing by 5.",https://www.youtube.com/shorts/eDcteTYALgI
1236-2,eDcteTYALgI,Correctly-led Open-ended Question,Professional Knowledge,Is the method shown in the video effective in producing accurate results for the division problems?,16.95,Please state your answer with a brief explanation.,"Yes, the method shown in the video is effective and produces accurate results. The trick involves removing the zero from the number being divided by 5 and then multiplying the remaining number by 2. This works because dividing by 5 is the same as dividing by 10 and then multiplying by 2.",https://www.youtube.com/shorts/eDcteTYALgI
1236-3,eDcteTYALgI,Wrongly-led Open-ended Question,Professional Knowledge,Is the method shown in the video ineffective because it involves squaring the numbers before dividing by 5?,16.95,Please state your answer with a brief explanation.,"No, the method shown in the video involves removing the zero and multiplying by 2. Squaring numbers is not mentioned.",https://www.youtube.com/shorts/eDcteTYALgI
1236-7,eDcteTYALgI,Multiple-choice Question with a Single Correct Answer,Professional Knowledge,"What is the reason the method in the video is considered useful?
A. It involves the square root of a number before dividing by 5.
B. It involves squaring the numbers before dividing by 5.
C. It simplifies division into single-digit multiplication.
D. It reduces division to addition.",16.95,"E. None of the above
Select one best answer to the above multiple-choice question based on the video. Respond with only the letter (A, B, C, D or E) of the correct option.",C.,https://www.youtube.com/shorts/eDcteTYALgI
1237-0,jTpJa4TF5cQ,Primary Open-ended Question,Professional Knowledge,What's the answer of 9+9=? according to the video?,4.5,Please state your answer with a brief explanation.,"The video asks what 9+9 is equal to, following the pattern 4+4=8, 5+5=15, 6+6=24. Many comments suggest the answer is 63, with explanations such as 9x7=63. Other answers mentioned in the comments include 36, 45, and 18.",https://www.youtube.com/shorts/jTpJa4TF5cQ
1237-1,jTpJa4TF5cQ,Paraphrased Open-ended Question,Professional Knowledge,What is the result of 9 plus 9 according to the pattern shown in the video?,4.5,Please state your answer with a brief explanation.,"According to the pattern in the video, 9 + 9 = 63. The pattern involves multiplying the sum's components by an incrementing number: 4x2=8, 5x3=15, 6x4=24, thus 9x7=63.",https://www.youtube.com/shorts/jTpJa4TF5cQ
1237-2,jTpJa4TF5cQ,Correctly-led Open-ended Question,Professional Knowledge,"Based on the pattern in the video, does the equation 9 + 9 result in 63?",4.5,Please state your answer with a brief explanation.,"Yes, based on a pattern where the first number is multiplied by an incrementing number (4x2=8, 5x3=15, 6x4=24), then 9 + 9 would equal 63 (9x7=63).",https://www.youtube.com/shorts/jTpJa4TF5cQ
1237-3,jTpJa4TF5cQ,Wrongly-led Open-ended Question,Professional Knowledge,"According to the pattern in the video, does 9 + 9 equal 72?",4.5,Please state your answer with a brief explanation.,"No, according to the pattern, 9 + 9 = 63. This is because 4x2=8, 5x3=15, 6x4=24, 7x5=35, 8x6=48, 9x7=63.",https://www.youtube.com/shorts/jTpJa4TF5cQ
1237-7,jTpJa4TF5cQ,Multiple-choice Question with a Single Correct Answer,Professional Knowledge,"What is the answer to 9 + 9 according to the pattern in the video?
A. 18
B. 63
C. 81
D. 72",4.5,"E. None of the above
Select one best answer to the above multiple-choice question based on the video. Respond with only the letter (A, B, C, D or E) of the correct option.",B,https://www.youtube.com/shorts/jTpJa4TF5cQ
1239-0,3Eh34zhrxMA,Primary Open-ended Question,Professional Knowledge,Is the method useful to produce correct calculation result?,15.1,Please state your answer with a brief explanation.,"Yes, the method appears to be useful. As stated by a commenter, ""As a math guy I'm equally shocked, but this is all 100% correct.""",https://www.youtube.com/shorts/3Eh34zhrxMA
1239-1,3Eh34zhrxMA,Paraphrased Open-ended Question,Professional Knowledge,Does the method shown help in achieving accurate calculation results?,15.1,Please state your answer with a brief explanation.,"No, the method shown does not help in achieving accurate calculation results. The person in the red shirt makes mistakes in their calculation of the 19 times tables, which is visible in the video starting at [00:00:00].",https://www.youtube.com/shorts/3Eh34zhrxMA
1239-2,3Eh34zhrxMA,Correctly-led Open-ended Question,Professional Knowledge,Is the method effective in producing correct results for the multiplication table of 19?,15.1,Please state your answer with a brief explanation.,"Yes, the method is effective. The video demonstrates a trick to quickly calculate the 19 times table. It involves writing down odd numbers in ascending order, then adding digits to arrive at the correct product.",https://www.youtube.com/shorts/3Eh34zhrxMA
1239-3,3Eh34zhrxMA,Wrongly-led Open-ended Question,Professional Knowledge,Does this method produce the correct result for the multiplication table of 19 as efficiently as the normal method?,15.1,Please state your answer with a brief explanation.,"No, the method in the video produces incorrect results and is therefore not as efficient.",https://www.youtube.com/shorts/3Eh34zhrxMA
1239-7,3Eh34zhrxMA,Multiple-choice Question with a Single Correct Answer,Professional Knowledge,"What is the outcome of using the method shown in the video?
A. Less efficient than ordinary methods, but more accurate.
B. More efficient than normal methods.
C. The results are as efficient and accurate as the normal method.
D. More efficient than normal methods, but less accurate.",15.1,"E. None of the above
Select one best answer to the above multiple-choice question based on the video. Respond with only the letter (A, B, C, D or E) of the correct option.",B,https://www.youtube.com/shorts/3Eh34zhrxMA
1242-0,68kf4Xd63rc,Primary Open-ended Question,Plot Attribute,What was the result of this man's magic show?,12.61,Please state your answer with a brief explanation.,The man performed a magic trick where he appeared to make money appear. He did this by concealing a dollar in his ear and using a cup to conceal taking the dollar from his ear. The woman in the video was impressed by the result.,https://www.youtube.com/shorts/68kf4Xd63rc
1242-1,68kf4Xd63rc,Paraphrased Open-ended Question,Plot Attribute,What was the outcome of the man's magic trick?,12.61,Please state your answer with a brief explanation.,The man successfully makes a dollar appear in his ear. He uses a cup to grab the dollar that was in his ear while simultaneously taking the first dollar from the table.,https://www.youtube.com/shorts/68kf4Xd63rc
1242-2,68kf4Xd63rc,Correctly-led Open-ended Question,Plot Attribute,Did the man's magic trick succeed in surprising the woman by making money appear under the cup?,12.61,Please state your answer with a brief explanation.,"Yes, the magic trick did surprise the woman. She initially smiled confidently as if she knew how the trick was done, but then she reacted with amazement after seeing the money under the cup.",https://www.youtube.com/shorts/68kf4Xd63rc
1242-3,68kf4Xd63rc,Wrongly-led Open-ended Question,Plot Attribute,Did the man's magic trick fail because the object remained visible on the table throughout the performance?,12.61,Please state your answer with a brief explanation.,"No, the magic trick did not fail. The comments suggest that many viewers were amazed and entertained, even those who noticed how the trick was performed.",https://www.youtube.com/shorts/68kf4Xd63rc
1242-7,68kf4Xd63rc,Multiple-choice Question with a Single Correct Answer,Plot Attribute,"What was the result of the man's magic show?
A. The new money appeared under the cup.
B. The money fell to the ground.
C. The money under the cup disappeared.
D. The money went back to the boy.",12.61,"E. None of the above
Select one best answer to the above multiple-choice question based on the video. Respond with only the letter (A, B, C, D or E) of the correct option.",A,https://www.youtube.com/shorts/68kf4Xd63rc
1255-0,IpHK0Fscq1o,Primary Open-ended Question,Event Localization,After which color being called did the man run underneath?,38.64,Please state your answer with a brief explanation.,"After the color yellow was called, the man ran underneath the parachute at [00:00:26].",https://www.youtube.com/shorts/IpHK0Fscq1o
1255-1,IpHK0Fscq1o,Paraphrased Open-ended Question,Event Localization,What color was called that prompted the man to run underneath?,38.64,Please state your answer with a brief explanation.,"Yellow was called which prompted the man to run underneath the parachute. At [00:00:25] you can see the color ""Yellow"" called, the man looks up, and begins to run underneath the parachute.",https://www.youtube.com/shorts/IpHK0Fscq1o
1255-2,IpHK0Fscq1o,Correctly-led Open-ended Question,Event Localization,Did the man run underneath after the color yellow was called?,38.64,Please state your answer with a brief explanation.,"Yes, the man runs underneath after the color yellow is called. You can see him run underneath at [00:00:27].",https://www.youtube.com/shorts/IpHK0Fscq1o
1255-3,IpHK0Fscq1o,Wrongly-led Open-ended Question,Event Localization,Did the man run underneath after the color red was called?,38.64,Please state your answer with a brief explanation.,"Yes, the man does run underneath the parachute when the color red is called at [00:00:07].",https://www.youtube.com/shorts/IpHK0Fscq1o
1255-7,IpHK0Fscq1o,Multiple-choice Question with a Single Correct Answer,Event Localization,"After which color being called did the man run underneath?
A. Yellow
B. Green
C. Blue
D. Red",38.64,"E. None of the above
Select one best answer to the above multiple-choice question based on the video. Respond with only the letter (A, B, C, D or E) of the correct option.",A,https://www.youtube.com/shorts/IpHK0Fscq1o
1260-0,zHkShLJc41g,Primary Open-ended Question,Character Reaction Causality,Why does the man in white look surprised at the end of the video?,16.75,Please state your answer with a brief explanation.,He looks surprised because the man in black snatches the food from him.,https://www.youtube.com/shorts/zHkShLJc41g
1260-1,zHkShLJc41g,Paraphrased Open-ended Question,Character Reaction Causality,What causes the man in white to appear shocked at the conclusion of the video?,16.75,Please state your answer with a brief explanation.,The man in white is shocked because the man in black spits out his food.,https://www.youtube.com/shorts/zHkShLJc41g
1260-2,zHkShLJc41g,Correctly-led Open-ended Question,Character Reaction Causality,Is the man in white surprised because the man in black ate all the food on his plate?,16.75,Please state your answer with a brief explanation.,"Yes, the man in white is surprised. He stops eating when the man in black eats all of the food on the plate in seconds.",https://www.youtube.com/shorts/zHkShLJc41g
1260-3,zHkShLJc41g,Wrongly-led Open-ended Question,Character Reaction Causality,Is the man in white surprised because the food he ate was unexpectedly spicy?,16.75,Please state your answer with a brief explanation.,"Yes, based on the video, the man in white seems surprised by the spiciness of the food. After he tastes it, the other man quickly grabs tissues, implying the food was unexpectedly spicy.",https://www.youtube.com/shorts/zHkShLJc41g
1260-7,zHkShLJc41g,Multiple-choice Question with a Single Correct Answer,Character Reaction Causality,"Why does the man in white look surprised at the end of the video?
A. He received unexpected news.
B. The man in black ate all the food on his plate.
C. The food was spicier than he expected.
D. The lights went out suddenly.",16.75,"E. None of the above
Select one best answer to the above multiple-choice question based on the video. Respond with only the letter (A, B, C, D or E) of the correct option.",B.,https://www.youtube.com/shorts/zHkShLJc41g
1261-0,nBq9a0dz_w4,Primary Open-ended Question,Objective Causality (Videography Phenomenon & Illusion),"Why in the reflection of only one woman reading under a tree, there're two other men visible?",34.2,Please state your answer with a brief explanation.,"The other two men in the reflection are the photographer and another individual adding to the scene. At 0:20, you can see a man kneeling with a camera and another man throwing book pages in the air.",https://www.youtube.com/shorts/nBq9a0dz_w4
1261-1,nBq9a0dz_w4,Paraphrased Open-ended Question,Objective Causality (Videography Phenomenon & Illusion),How is there a presence of two men in the reflection of only one woman reading under the tree?,34.2,Please state your answer with a brief explanation.,The reflection in the mirror is a composite image. The woman reading under the tree is one image. The two men standing near a tree with fire is a second image.,https://www.youtube.com/shorts/nBq9a0dz_w4
1261-2,nBq9a0dz_w4,Correctly-led Open-ended Question,Objective Causality (Videography Phenomenon & Illusion),"In the scene with the woman reading, could the presence of two men in the reflection be due to the photos being intentionally shot and edited together?",34.2,Please state your answer with a brief explanation.,"Yes, the presence of two men with torches in the reflection, while a woman is reading under the tree above, suggests the image was intentionally shot and edited together to create a surreal effect.",https://www.youtube.com/shorts/nBq9a0dz_w4
1261-3,nBq9a0dz_w4,Wrongly-led Open-ended Question,Objective Causality (Videography Phenomenon & Illusion),Is the reflection of the two men in the scene created by using a mirror placed on the ground?,34.2,Please state your answer with a brief explanation.,"Yes, it is. The video clearly shows two men placing a large mirror on the ground to create a reflection for the photo.",https://www.youtube.com/shorts/nBq9a0dz_w4
1261-7,nBq9a0dz_w4,Multiple-choice Question with a Single Correct Answer,Objective Causality (Videography Phenomenon & Illusion),"Why are two men visible in the reflection of the woman reading under a tree?
A. The men were actually sitting next to the woman.
B. A mirror was used to create the reflection.
C. The reflection is a natural phenomenon.
D. The photos were intentionally shot and edited together.",34.2,"E. None of the above
Select one best answer to the above multiple-choice question based on the video. Respond with only the letter (A, B, C, D or E) of the correct option.",B,https://www.youtube.com/shorts/nBq9a0dz_w4
1262-0,gyynOp1Z9vg,Primary Open-ended Question,Character Emotion Attribute,What's the emotion of the girl in pink top after she held on the performer's arm?,59.61,Please state your answer with a brief explanation.,"The girl in the pink top is crying, as shown in the video. She's upset because the performer moved while she was holding his arm, which made her think she broke something.",https://www.youtube.com/shorts/gyynOp1Z9vg
1262-1,gyynOp1Z9vg,Paraphrased Open-ended Question,Character Emotion Attribute,How did the girl in the pink top feel after grabbing the performer's arm?,59.61,Please state your answer with a brief explanation.,"The girl in the pink top feels guilty and scared, believing she broke the performer's arm and that she is now in trouble. This is evident from her crying and calling for her dad after touching the performer's arm.",https://www.youtube.com/shorts/gyynOp1Z9vg
1262-2,gyynOp1Z9vg,Correctly-led Open-ended Question,Character Emotion Attribute,Did the girl in the pink top feel worried and scared after she held the performer's arm?,59.61,Please state your answer with a brief explanation.,"Yes, the girl in the pink top felt worried and scared after she touched the arm of the performer because he moved and she started to cry.",https://www.youtube.com/shorts/gyynOp1Z9vg
1262-3,gyynOp1Z9vg,Wrongly-led Open-ended Question,Character Emotion Attribute,Did the girl in the pink top feel curious and amused after she held the performer's arm?,59.61,Please state your answer with a brief explanation.,"No, the girl in the pink top started crying after the performer moved his leg. She seemed scared and thought she broke it.",https://www.youtube.com/shorts/gyynOp1Z9vg
1262-7,gyynOp1Z9vg,Multiple-choice Question with a Single Correct Answer,Character Emotion Attribute,"What was the emotion of the girl in the pink top after she held the performer's arm?
A. Worried and scared
B. Indifferent
C. Happy
D. Curious and amused",59.61,"E. None of the above
Select one best answer to the above multiple-choice question based on the video. Respond with only the letter (A, B, C, D or E) of the correct option.",A,https://www.youtube.com/shorts/gyynOp1Z9vg
1275-0,l9HF9qcNvBs,Primary Open-ended Question,Plot Attribute,Who wins the challenge?,58.86,Please state your answer with a brief explanation.,The guy in the blue shirt wins the challenge by drinking all the water in the glass after he spilled.,https://youtube.com/shorts/l9HF9qcNvBs
1275-1,l9HF9qcNvBs,Paraphrased Open-ended Question,Plot Attribute,Who is the winner of the challenge in the video?,58.86,Please state your answer with a brief explanation.,"The winner is the guy in the blue shirt. He spills the water, but then drinks it, and is therefore the last man standing.",https://youtube.com/shorts/l9HF9qcNvBs
1275-2,l9HF9qcNvBs,Correctly-led Open-ended Question,Plot Attribute,Did the person in the blue T-shirt lose the challenge while the others won?,58.86,Please state your answer with a brief explanation.,"The person in the blue T-shirt did not lose; they skillfully drank the excess water from the glass to avoid spilling, thus successfully completing the challenge.",https://youtube.com/shorts/l9HF9qcNvBs
1275-3,l9HF9qcNvBs,Wrongly-led Open-ended Question,Plot Attribute,Did the person in the blue shirt win the challenge?,58.86,Please state your answer with a brief explanation.,The person in the blue shirt did not win the challenge. He spills the water when he tries to drink it.,https://youtube.com/shorts/l9HF9qcNvBs
1275-7,l9HF9qcNvBs,Multiple-choice Question with a Single Correct Answer,Plot Attribute,"Who won the challenge?
A. The person in the red T-shirt, the person in the beige jacket, and the person in the light purple/pink T-shirt
B. None of the above
C. The person in the blue T-shirt and the person in the red T-shirt
D. The person in the blue T-shirt",58.86,"E. None of the above
Select one best answer to the above multiple-choice question based on the video. Respond with only the letter (A, B, C, D or E) of the correct option.",C,https://youtube.com/shorts/l9HF9qcNvBs
1276-0,vXUZpRRrIBU,Primary Open-ended Question,Plot Attribute,What does the lemon icon at the top of the video mean?,30.32,Please state your answer with a brief explanation.,The lemon icon at the top of the video represents the sour gummy lemons featured in the challenge.,https://youtube.com/shorts/vXUZpRRrIBU
1276-1,vXUZpRRrIBU,Paraphrased Open-ended Question,Plot Attribute,What is the significance of the lemon icon displayed at the top of the video?,30.32,Please state your answer with a brief explanation.,The lemon icon at the top of the video represents the sour gummy lemon that the family is challenging themselves to eat in the video.,https://youtube.com/shorts/vXUZpRRrIBU
1276-2,vXUZpRRrIBU,Correctly-led Open-ended Question,Plot Attribute,Does the lemon icon at the top of the video represent different sizes of lemons that participants are challenged with?,30.32,Please state your answer with a brief explanation.,"Yes, the lemon icons represent the different sizes of gummy lemons that the participants eat during the challenge, starting from tiny to bigger lemons.",https://youtube.com/shorts/vXUZpRRrIBU
1276-3,vXUZpRRrIBU,Wrongly-led Open-ended Question,Plot Attribute,Does the lemon icon at the top of the video indicate the level of sourness of the lemon in the challenge?,30.32,Please state your answer with a brief explanation.,"Yes, the lemon icons at the top of the video indicate the level of sourness of the lemon in the challenge. As the gummy lemons get bigger, the lemon icons on the top also get bigger.",https://youtube.com/shorts/vXUZpRRrIBU
1276-7,vXUZpRRrIBU,Multiple-choice Question with a Single Correct Answer,Plot Attribute,"What does the lemon icon at the top of the video signify?
A. A music video
B. The sourness of the lemons to be eaten
C. A cooking show
D. Different sizes of lemons to be eaten",30.32,"E. None of the above
Select one best answer to the above multiple-choice question based on the video. Respond with only the letter (A, B, C, D or E) of the correct option.",D,https://youtube.com/shorts/vXUZpRRrIBU
1278-0,X9_PhsoghBI,Primary Open-ended Question,Plot Attribute (Montage),"In the first two challenge, what is the difference in number of attempts?",59.29,Please state your answer with a brief explanation.,"The first challenge was completed on the first try, where the second challenge requires 11 hours or multiple tries. There is an unspecified time needed for the 2nd challenge or multiple attempts, while the first was completed within the first try.",https://www.youtube.com/shorts/X9_PhsoghBI
1278-1,X9_PhsoghBI,Paraphrased Open-ended Question,Plot Attribute (Montage),What is the difference in the number of attempts between the first two challenges?,59.29,Please state your answer with a brief explanation.,"The difference is 3. The first challenge succeeded on the first try, while the domino challenge took 4 attempts.",https://www.youtube.com/shorts/X9_PhsoghBI
1278-2,X9_PhsoghBI,Correctly-led Open-ended Question,Plot Attribute (Montage),Is the difference in the number of attempts between the first two challenges just one?,59.29,Please state your answer with a brief explanation.,"No, the difference in the number of attempts between the first two challenges isn't one. The first challenge was completed on the ""first try"" and the challenge with dominos was completed in ""4 tries"", resulting in a difference of three.",https://www.youtube.com/shorts/X9_PhsoghBI
1278-3,X9_PhsoghBI,Wrongly-led Open-ended Question,Plot Attribute (Montage),Is the difference in the number of attempts between the first two challenges more than two?,59.29,Please state your answer with a brief explanation.,"Yes, it is. The first challenge took 1 try and the second challenge took 4 tries, meaning that the difference is 3 attempts.",https://www.youtube.com/shorts/X9_PhsoghBI
1278-7,X9_PhsoghBI,Multiple-choice Question with a Single Correct Answer,Plot Attribute (Montage),"What is the difference in the number of attempts between the first two challenges?
A. 1
B. 2
C. 3
D. 0",59.29,"E. None of the above
Select one best answer to the above multiple-choice question based on the video. Respond with only the letter (A, B, C, D or E) of the correct option.",C,https://www.youtube.com/shorts/X9_PhsoghBI
1283-0,gilRZPVaUiM,Primary Open-ended Question,Event Duration & Speed Attribute,Which kid runs the fastest at the end of the video?,20.85,Please state your answer with a brief explanation.,"Caleb runs the fastest, and wins the race, at the end of the video.",https://www.youtube.com/shorts/gilRZPVaUiM
1283-1,gilRZPVaUiM,Paraphrased Open-ended Question,Event Duration & Speed Attribute,Who is the fastest runner among the kids at the conclusion of the video?,20.85,Please state your answer with a brief explanation.,"Caleb is the fastest runner in the video, winning first place in the race.",https://www.youtube.com/shorts/gilRZPVaUiM
1283-2,gilRZPVaUiM,Correctly-led Open-ended Question,Event Duration & Speed Attribute,"Is the child in the red outfit, positioned in the middle of the five runners, the fastest at the end of the video?",20.85,Please state your answer with a brief explanation.,"No, the child in the green outfit, positioned on the far left side of the runners is the fastest at the end of the video.",https://www.youtube.com/shorts/gilRZPVaUiM
1283-3,gilRZPVaUiM,Wrongly-led Open-ended Question,Event Duration & Speed Attribute,Is the child in the green outfit the fastest runner at the end of the video?,20.85,Please state your answer with a brief explanation.,"No, the child in the green outfit does not win the race. The child wearing red wins by a large margin.",https://www.youtube.com/shorts/gilRZPVaUiM
1283-7,gilRZPVaUiM,Multiple-choice Question with a Single Correct Answer,Event Duration & Speed Attribute,"Which child runs the fastest at the end of the video?
A. The child in the yellow outfit
B. The child in the blue outfit
C. The child in the red outfit in the middle
D. The child in the green outfit",20.85,"E. None of the above
Select one best answer to the above multiple-choice question based on the video. Respond with only the letter (A, B, C, D or E) of the correct option.",C,https://www.youtube.com/shorts/gilRZPVaUiM
1288-0,YKdNJPfnbLA,Primary Open-ended Question,Character Emotion Attribute,What is the blond man's emotion at the end of the video?,12.52,Please state your answer with a brief explanation.,He is annoyed because the woman ruined his magic trick.,https://www.youtube.com/shorts/YKdNJPfnbLA
1288-1,YKdNJPfnbLA,Paraphrased Open-ended Question,Character Emotion Attribute,How does the blond man feel at the conclusion of the video?,12.52,Please state your answer with a brief explanation.,The blond man looks annoyed at the end of the video. This is because the woman with the phone spoiled the illusion.,https://www.youtube.com/shorts/YKdNJPfnbLA
1288-2,YKdNJPfnbLA,Correctly-led Open-ended Question,Character Emotion Attribute,Does the blond man feel frustrated because the woman behind him revealed the trick?,12.52,Please state your answer with a brief explanation.,"Yes, he clearly expresses frustration with his facial expression and body language.",https://www.youtube.com/shorts/YKdNJPfnbLA
1288-3,YKdNJPfnbLA,Wrongly-led Open-ended Question,Character Emotion Attribute,Does the blond man feel playful and energetic at the end of the video?,12.52,Please state your answer with a brief explanation.,"Yes, the blond man seems playful and energetic, as he performs a silly magic trick with a towel.",https://www.youtube.com/shorts/YKdNJPfnbLA
1288-7,YKdNJPfnbLA,Multiple-choice Question with a Single Correct Answer,Character Emotion Attribute,"What emotion does the blond man display at the end of the video?
A. Frustrated
B. Indifferent
C. Joyful
D. Playful",12.52,"E. None of the above
Select one best answer to the above multiple-choice question based on the video. Respond with only the letter (A, B, C, D or E) of the correct option.",A,https://www.youtube.com/shorts/YKdNJPfnbLA
1290-0,WuoIOYVkN7E,Primary Open-ended Question,Character Emotion Attribute,What is the reaction of the man in the end?,7.96,Please state your answer with a brief explanation.,"The man walks into a wall, makes a childish ""auehh"" sound, and makes a pained face.",https://www.youtube.com/shorts/WuoIOYVkN7E
1290-1,WuoIOYVkN7E,Paraphrased Open-ended Question,Character Emotion Attribute,How does the man react at the conclusion of the video?,7.96,Please state your answer with a brief explanation.,"The man hits his face on the wall behind him when the woman throws the pillow. He emits a high-pitched scream, implying he is in pain.",https://www.youtube.com/shorts/WuoIOYVkN7E
1290-2,WuoIOYVkN7E,Correctly-led Open-ended Question,Character Emotion Attribute,Does the man at the end show signs of shock and pain after his attempt with the pillow?,7.96,Please state your answer with a brief explanation.,"Yes, the man displays a visible look of shock and a vocal expression of pain, after he accidentally hits his face on the wall.",https://www.youtube.com/shorts/WuoIOYVkN7E
1290-3,WuoIOYVkN7E,Wrongly-led Open-ended Question,Character Emotion Attribute,Does the man at the end seem amused and entertained after his attempt with the pillow?,7.96,Please state your answer with a brief explanation.,"No, the man at the end does not seem amused. He seems to be silently suffering, based on his facial expressions.",https://www.youtube.com/shorts/WuoIOYVkN7E
1290-7,WuoIOYVkN7E,Multiple-choice Question with a Single Correct Answer,Character Emotion Attribute,"What is the man's reaction at the end of the video?
A. He is indifferent.
B. He is confused.
C. He is in shock and agony.
D. He is amused and entertained.",7.96,"E. None of the above
Select one best answer to the above multiple-choice question based on the video. Respond with only the letter (A, B, C, D or E) of the correct option.",C,https://www.youtube.com/shorts/WuoIOYVkN7E
1293-0,c77XgLraFbM,Primary Open-ended Question,Objective Causality,How did the bottle cap fly in the second scene of the video?,24.45,Please state your answer with a brief explanation.,The bottle cap was suspended on a thin string that was edited out of the final shot.,https://www.youtube.com/shorts/c77XgLraFbM
1293-1,c77XgLraFbM,Paraphrased Open-ended Question,Objective Causality,What method was used to make the bottle cap appear to fly in the second scene of the video?,24.45,Please state your answer with a brief explanation.,The bottle cap was suspended by a string that was later edited out of the photo.,https://www.youtube.com/shorts/c77XgLraFbM
1293-2,c77XgLraFbM,Correctly-led Open-ended Question,Objective Causality,Was the bottle cap in the second scene made to look like it was flying by using a thin string and clever camera angles?,24.45,Please state your answer with a brief explanation.,"Yes, the bottle cap in the second scene was suspended using a thin string to create the illusion of flight.",https://www.youtube.com/shorts/c77XgLraFbM
1293-3,c77XgLraFbM,Wrongly-led Open-ended Question,Objective Causality,Did the bottle cap fly in the second scene because someone actually flicked it with their finger?,24.45,Please state your answer with a brief explanation.,"No, in the second scene at [00:00:07], the bottle cap is attached to a string.",https://www.youtube.com/shorts/c77XgLraFbM
1293-7,c77XgLraFbM,Multiple-choice Question with a Single Correct Answer,Objective Causality,"How was the flying bottle cap photo created in the second scene?
A. By throwing it in the air and capturing the photo precisely.
B. By physically flicking it with a finger.
C. By using a fan to blow it into the air.
D. By attaching it to a thin string and using camera angles.",24.45,"E. None of the above
Select one best answer to the above multiple-choice question based on the video. Respond with only the letter (A, B, C, D or E) of the correct option.",D,https://www.youtube.com/shorts/c77XgLraFbM
1294-0,WbCqk3TIySs,Primary Open-ended Question,Plot Attribute (Montage),"Based on the narrative in the video, why did a piece of meat appear on the grill?",12.08,Please state your answer with a brief explanation.,"A piece of meat appeared on the grill because, as suggested by the video title and the comments, the chef was inspired by CznBurak, who is shown cutting meat while in a hot air balloon. The meat then accidentally fell onto the grill.",https://www.youtube.com/shorts/WbCqk3TIySs
1294-1,WbCqk3TIySs,Paraphrased Open-ended Question,Plot Attribute (Montage),What caused the piece of meat to end up on the grill in the video?,12.08,Please state your answer with a brief explanation.,A piece of meat fell from the sky onto the grill. It appears to have been dropped by someone in a hot air balloon.,https://www.youtube.com/shorts/WbCqk3TIySs
1294-2,WbCqk3TIySs,Correctly-led Open-ended Question,Plot Attribute (Montage),"Based on narrative, did the piece of meat land on the grill because it was dropped from a hot air balloon?",12.08,Please state your answer with a brief explanation.,"Yes, the beginning of the video shows the meat being cut in a hot air balloon.",https://www.youtube.com/shorts/WbCqk3TIySs
1294-3,WbCqk3TIySs,Wrongly-led Open-ended Question,Plot Attribute (Montage),"Based on narrative, did the piece of meat appear on the grill because someone placed it there using tongs?",12.08,Please state your answer with a brief explanation.,"No, the meat did not appear on the grill because someone placed it there with tongs. The meat literally fell from the sky.",https://www.youtube.com/shorts/WbCqk3TIySs
1294-7,WbCqk3TIySs,Multiple-choice Question with a Single Correct Answer,Plot Attribute (Montage),"Based on narrative, how did the piece of meat end up on the grill?
A. It was placed there using tongs.
B. It was dropped by the chef next to the grill.
C. It was already on the grill.
D. It was dropped from a hot air balloon.",12.08,"E. None of the above
Select one best answer to the above multiple-choice question based on the video. Respond with only the letter (A, B, C, D or E) of the correct option.",E,https://www.youtube.com/shorts/WbCqk3TIySs
1298-0,WKkCkLRo-Us,Primary Open-ended Question,Objective Causality,Why did the man's football not return to him?,7.71,Please state your answer with a brief explanation.,The man's football did not return to him because the boy kicked it into a makeshift football hoop.,https://www.youtube.com/shorts/WKkCkLRo-Us
1298-1,WKkCkLRo-Us,Paraphrased Open-ended Question,Objective Causality,What caused the man's football not to come back to him?,7.71,Please state your answer with a brief explanation.,The man's football didn't come back to him because it went in the hoop.,https://www.youtube.com/shorts/WKkCkLRo-Us
1298-2,WKkCkLRo-Us,Correctly-led Open-ended Question,Objective Causality,Did the man's football not return because it landed in a blue bucket?,7.71,Please state your answer with a brief explanation.,"No, the man's football did not return because he missed the target and it hit the wall. There is a blue bucket next to the wall, but it does not make contact with the ball.",https://www.youtube.com/shorts/WKkCkLRo-Us
1298-3,WKkCkLRo-Us,Wrongly-led Open-ended Question,Objective Causality,Was the man's football unable to return because a dog intercepted it?,7.71,Please state your answer with a brief explanation.,"No, the football didn't return to the man because the boy made an impressive football throw into what seems to be a makeshift goal that was placed in the background.",https://www.youtube.com/shorts/WKkCkLRo-Us
1298-7,WKkCkLRo-Us,Multiple-choice Question with a Single Correct Answer,Objective Causality,"Why didn't the man's football return to him?
A. It landed in a blue bucket.
B. It landed in a basketball hoop.
C. The video ended before it is shown.
D. It was intercepted by a dog.",7.71,"E. None of the above
Select one best answer to the above multiple-choice question based on the video. Respond with only the letter (A, B, C, D or E) of the correct option.",E,https://www.youtube.com/shorts/WKkCkLRo-Us
1299-0,OHk9qAIMKKU,Primary Open-ended Question,Objective Causality,Why did the elevator door close?,7.49,Please state your answer with a brief explanation.,The elevator door closed because Sofi pressed the close button repeatedly.,https://www.youtube.com/shorts/OHk9qAIMKKU
1299-1,OHk9qAIMKKU,Paraphrased Open-ended Question,Objective Causality,What caused the elevator door to shut?,7.49,Please state your answer with a brief explanation.,The elevator door shut because the girl inside repeatedly pressed the close button.,https://www.youtube.com/shorts/OHk9qAIMKKU
1299-2,OHk9qAIMKKU,Correctly-led Open-ended Question,Objective Causality,Did the elevator door close automatically as buffer time is up?,7.49,Please state your answer with a brief explanation.,"No, it did not. Sofi is seen repeatedly pressing the close door button inside the elevator, indicating she manually closed the door.",https://www.youtube.com/shorts/OHk9qAIMKKU
1299-3,OHk9qAIMKKU,Wrongly-led Open-ended Question,Objective Causality,Did the elevator door close because the person inside pressed the button to close it?,7.49,Please state your answer with a brief explanation.,"Yes, the elevator door closed because the person inside pressed the button in the elevator.",https://www.youtube.com/shorts/OHk9qAIMKKU
1299-7,OHk9qAIMKKU,Multiple-choice Question with a Single Correct Answer,Objective Causality,"Why did the elevator door close?
A. Buffer time has run out.
B. The person inside pressed the close button.
C. The elevator malfunctioned.
D. The person outside was holding the door.",7.49,"E. None of the above
Select one best answer to the above multiple-choice question based on the video. Respond with only the letter (A, B, C, D or E) of the correct option.",B,https://www.youtube.com/shorts/OHk9qAIMKKU
1307-0,BH9b46Sy7jM,Primary Open-ended Question,Event Duration & Speed Attribute,"Past the ramp, what is the change in speed difference between the two tires in terms of forward distance?",29.61,Please state your answer with a brief explanation.,The second tire lagged behind the first. The second tire hit a bump and slowed down just before reaching the tires.,https://www.youtube.com/shorts/BH9b46Sy7jM
1307-1,BH9b46Sy7jM,Paraphrased Open-ended Question,Event Duration & Speed Attribute,How does the speed difference between the two tires change as they move forward past the ramp?,29.61,Please state your answer with a brief explanation.,"The speed difference between the two tires increases as they move forward past the ramp. This is because the first tire hits a bump, which slows it down.",https://www.youtube.com/shorts/BH9b46Sy7jM
1307-2,BH9b46Sy7jM,Correctly-led Open-ended Question,Event Duration & Speed Attribute,Does the tire initially lagging behind eventually surpass the leading tire in speed and distance after the ramp?,29.61,Please state your answer with a brief explanation.,"No, the tire initially lagging behind does not surpass the leading tire in speed and distance after the ramp.",https://www.youtube.com/shorts/BH9b46Sy7jM
1307-3,BH9b46Sy7jM,Wrongly-led Open-ended Question,Event Duration & Speed Attribute,Does the tire that takes the lead at the start remain in the lead all the time?,29.61,Please state your answer with a brief explanation.,"No, the tire that takes the lead at the start does not remain in the lead all the time. The tire being chased overtakes the tire that was initially leading.",https://www.youtube.com/shorts/BH9b46Sy7jM
1307-7,BH9b46Sy7jM,Multiple-choice Question with a Single Correct Answer,Event Duration & Speed Attribute,"What happens to the speed difference between the two tires after the ramp?
A. Both tires maintain the same speed.
B. The initially lagging tire accelerates and surpasses the leading tire.
C. The leading tire remains in the leading position all the time.
D. The lagging tire stops moving.",29.61,"E. None of the above
Select one best answer to the above multiple-choice question based on the video. Respond with only the letter (A, B, C, D or E) of the correct option.",C,https://www.youtube.com/shorts/BH9b46Sy7jM
1308-0,KZfOc4Bygfs,Primary Open-ended Question,Event Duration & Speed Attribute,How does the speed of the black missile change in this animation?,24.09,Please state your answer with a brief explanation.,"The first missile shown has a slower speed than the second missile. The BrahMos-II missile is much faster; in fact, the video states that the missile is seven times faster than the speed of sound.",https://www.youtube.com/shorts/KZfOc4Bygfs
1308-1,KZfOc4Bygfs,Paraphrased Open-ended Question,Event Duration & Speed Attribute,What changes occur in the speed of the black missile throughout the animation?,24.09,Please state your answer with a brief explanation.,The missile accelerates to seven times the speed of sound.,https://www.youtube.com/shorts/KZfOc4Bygfs
1308-2,KZfOc4Bygfs,Correctly-led Open-ended Question,Event Duration & Speed Attribute,Does the black missile in the animation first decelerate to match the bullet's speed before accelerating rapidly?,24.09,Please state your answer with a brief explanation.,"No, the missile in the animation does not decelerate to match the bullet's speed. The missile simply passes the bullet at a much higher speed.",https://www.youtube.com/shorts/KZfOc4Bygfs
1308-3,KZfOc4Bygfs,Wrongly-led Open-ended Question,Event Duration & Speed Attribute,Does the speed of the black missile in the animation keep increasing?,24.09,Please state your answer with a brief explanation.,"From the video, it is not clearly stated whether the missile is constantly accelerating. However, the description says that it is seven times faster than the speed of sound.",https://www.youtube.com/shorts/KZfOc4Bygfs
1308-7,KZfOc4Bygfs,Multiple-choice Question with a Single Correct Answer,Event Duration & Speed Attribute,"How does the speed of the black missile change in the animation?
A. It increases significantly from the start.
B. It moves seven times faster than the bullet from the start.
C. It first decelerates to match the bullet's speed, then accelerates rapidly.
D. It maintains a constant speed throughout.",24.09,"E. None of the above
Select one best answer to the above multiple-choice question based on the video. Respond with only the letter (A, B, C, D or E) of the correct option.",A,https://www.youtube.com/shorts/KZfOc4Bygfs
1310-0,xk2yJbDhU0E,Primary Open-ended Question,Event Duration & Speed Attribute,Who used lesser time in completing the game?,28.65,Please state your answer with a brief explanation.,"Michiel completed the game using lesser time than Celine. According to the top comment by AdrianLeaks, Michiel finished faster than Celine due to his speed.",https://www.youtube.com/shorts/xk2yJbDhU0E
1310-1,xk2yJbDhU0E,Paraphrased Open-ended Question,Event Duration & Speed Attribute,Which participant finished the game in the shortest amount of time?,28.65,Please state your answer with a brief explanation.,"Michiel completed the game in the shortest amount of time. The video shows that he finished first, and the top comments also make the same observation.",https://www.youtube.com/shorts/xk2yJbDhU0E
1310-2,xk2yJbDhU0E,Correctly-led Open-ended Question,Event Duration & Speed Attribute,"Did Michiel, the man on the right in the pink top, complete the game faster than Celine?",28.65,Please state your answer with a brief explanation.,"Yes, Michiel completed the challenge faster than Celine. One of the top comments, ""Celine working hard ✅️ Michiel working smart ☑️"", highlights this point, suggesting Michiel's strategy allowed him to win even though Celine appeared to be putting in more effort.",https://www.youtube.com/shorts/xk2yJbDhU0E
1310-3,xk2yJbDhU0E,Wrongly-led Open-ended Question,Event Duration & Speed Attribute,Did Celine finish the game faster because she had more soccer ball icons above her name?,28.65,Please state your answer with a brief explanation.,"No, that is incorrect. As the game proceeds, both Celine and Michiel have the same number of soccer ball icons above their name. This is unrelated to who won the game.",https://www.youtube.com/shorts/xk2yJbDhU0E
1310-7,xk2yJbDhU0E,Multiple-choice Question with a Single Correct Answer,Event Duration & Speed Attribute,"Who completed the game in less time?
A. Both finished at the same time
B. Michiel
C. Neither completed the game
D. Celine",28.65,"E. None of the above
Select one best answer to the above multiple-choice question based on the video. Respond with only the letter (A, B, C, D or E) of the correct option.",B,https://www.youtube.com/shorts/xk2yJbDhU0E
1312-0,_tT2ldpZHek,Primary Open-ended Question,Displacement Attribute,Is the treadmill running while the person in the video is sleeping?,46.34,Please state your answer with a brief explanation.,"Yes, the treadmill is running while the person is sleeping on it. You can see the treadmill belt moving under the covers from [00:00:36 to 00:00:37].",https://www.youtube.com/shorts/_tT2ldpZHek
1312-1,_tT2ldpZHek,Paraphrased Open-ended Question,Displacement Attribute,Was the treadmill active while the person was trying to sleep in the video?,46.34,Please state your answer with a brief explanation.,"Yes, the treadmill was active while the person was trying to sleep as shown at 00:00:34 in the video.",https://www.youtube.com/shorts/_tT2ldpZHek
1312-2,_tT2ldpZHek,Correctly-led Open-ended Question,Displacement Attribute,Did the person in the video have to crawl forward to avoid falling off the treadmill because it was running while they were sleeping?,46.34,Please state your answer with a brief explanation.,"Yes, when the person in the video is sleeping on the treadmill (00:00:34), they have to crawl forward to avoid falling off because the treadmill is still running.",https://www.youtube.com/shorts/_tT2ldpZHek
1312-3,_tT2ldpZHek,Wrongly-led Open-ended Question,Displacement Attribute,Was the treadmill belt stationary while the person was sleeping in the video?,46.34,Please state your answer with a brief explanation.,The treadmill belt was moving while the person was sleeping in the video. You can see the belt moving at [00:00:36].,https://www.youtube.com/shorts/_tT2ldpZHek
1312-7,_tT2ldpZHek,Multiple-choice Question with a Single Correct Answer,Displacement Attribute,"What was the state of the treadmill while the person was sleeping in the video?
A. The treadmill was off, but the person was moving.
B. The treadmill was running, but the person was unaffected, sleeping on bed.
C. The treadmill was running, causing the person to crawl forward.
D. The treadmill was turned off and stationary.",46.34,"E. None of the above
Select one best answer to the above multiple-choice question based on the video. Respond with only the letter (A, B, C, D or E) of the correct option.",C,https://www.youtube.com/shorts/_tT2ldpZHek
1318-0,3i4wmfNpqRg,Primary Open-ended Question,Character Emotion Attribute,What are the daughter's emotions at the end?,16.38,Please state your answer with a brief explanation.,"The daughter seems unamused or disappointed. Her facial expression is neutral, and she doesn't react positively to her dad's antics.",https://www.youtube.com/shorts/3i4wmfNpqRg
1318-1,3i4wmfNpqRg,Paraphrased Open-ended Question,Character Emotion Attribute,How does the daughter feel at the conclusion of the video?,16.38,Please state your answer with a brief explanation.,"At the end of the video, the daughter seems unimpressed and a little annoyed by her father's antics, as she doesn't laugh or react positively to his cat impression.",https://www.youtube.com/shorts/3i4wmfNpqRg
1318-2,3i4wmfNpqRg,Correctly-led Open-ended Question,Character Emotion Attribute,Does the daughter seem speechless with her father at the end?,16.38,Please state your answer with a brief explanation.,"Yes, she does seem speechless. At the end, she just stares at her dad with a small smile, but does not verbally respond to him.",https://www.youtube.com/shorts/3i4wmfNpqRg
1318-3,3i4wmfNpqRg,Wrongly-led Open-ended Question,Character Emotion Attribute,Does the daughter appear amused and entertained by her father's antics at the end?,16.38,Please state your answer with a brief explanation.,"No, it does not appear that she is amused. She has a stoic, unimpressed expression.",https://www.youtube.com/shorts/3i4wmfNpqRg
1318-7,3i4wmfNpqRg,Multiple-choice Question with a Single Correct Answer,Character Emotion Attribute,"What are the daughter's emotions at the end of the video?
A. Confused
B. Excited
C. Speechless
D. Amused",16.38,"E. None of the above
Select one best answer to the above multiple-choice question based on the video. Respond with only the letter (A, B, C, D or E) of the correct option.",D,https://www.youtube.com/shorts/3i4wmfNpqRg
1321-0,6qHXenlRDH4,Primary Open-ended Question,Character Emotion Attribute,What is the emotion of the girl in braids at the end of the video?,24.32,Please state your answer with a brief explanation.,,https://youtube.com/shorts/6qHXenlRDH4
1321-1,6qHXenlRDH4,Paraphrased Open-ended Question,Character Emotion Attribute,How does the girl with braids feel at the conclusion of the video?,24.32,Please state your answer with a brief explanation.,,https://youtube.com/shorts/6qHXenlRDH4
1321-2,6qHXenlRDH4,Correctly-led Open-ended Question,Character Emotion Attribute,Is the girl with braids feeling dazed and confused by the actions of the man next to her at the end of the video?,24.32,Please state your answer with a brief explanation.,,https://youtube.com/shorts/6qHXenlRDH4
1321-3,6qHXenlRDH4,Wrongly-led Open-ended Question,Character Emotion Attribute,Does the girl with braids appear happy at the end of the video?,24.32,Please state your answer with a brief explanation.,,https://youtube.com/shorts/6qHXenlRDH4
1321-7,6qHXenlRDH4,Multiple-choice Question with a Single Correct Answer,Character Emotion Attribute,"What is the emotion of the girl in braids at the end of the video?
A. Happy and engaged
B. Indifferent and bored
C. Excited and thrilled
D. Dazed and confused",24.32,"E. None of the above
Select one best answer to the above multiple-choice question based on the video. Respond with only the letter (A, B, C, D or E) of the correct option.",,https://youtube.com/shorts/6qHXenlRDH4
1324-0,L9dnb-wfsnc,Primary Open-ended Question,Character Reaction Causality,What is the mood of the man and woman at the end of the video? Why is this sentiment caused?,28.67,Please state your answer with a brief explanation.,"At the end of the video, the man and woman appear shocked and concerned. This sentiment is caused when the woman unexpectedly gives the man their small dog, as he appears to be on the verge of splitting things in half.",https://www.youtube.com/shorts/L9dnb-wfsnc
1324-1,L9dnb-wfsnc,Paraphrased Open-ended Question,Character Reaction Causality,"How do the man and woman feel at the conclusion of the video, and what causes these emotions?",28.67,Please state your answer with a brief explanation.,"At the conclusion of the video, the woman is in shock, while the man seems to be processing what just happened. This is because he almost accidentally used his superpower of cutting things in half on the dog.",https://www.youtube.com/shorts/L9dnb-wfsnc
1324-2,L9dnb-wfsnc,Correctly-led Open-ended Question,Character Reaction Causality,Do the man and woman experience shock and remorse at the end of the video due to the man's distracted actions with the dog?,28.67,Please state your answer with a brief explanation.,"Yes, the man and woman both display shock and worry, as shown by their wide-eyed expressions and gasps when they realize the dog was nearly harmed due to the man's actions.",https://www.youtube.com/shorts/L9dnb-wfsnc
1324-3,L9dnb-wfsnc,Wrongly-led Open-ended Question,Character Reaction Causality,Do the man and woman appear to be in a light-hearted and playful mood at the end of the video because of their interaction with the fluffy white dog?,28.67,Please state your answer with a brief explanation.,"No, their interaction does not seem light-hearted or playful because the man appears to be too focused on splitting the items. He looks as though he is trying to concentrate on cutting the item in half until he almost cuts the dog that is placed in his hands.",https://www.youtube.com/shorts/L9dnb-wfsnc
1324-7,L9dnb-wfsnc,Multiple-choice Question with a Single Correct Answer,Character Reaction Causality,"What caused the change in mood for the man and woman at the end of the video?
A. They were enjoying the moment with the dog.
B. They were not paying attention.
C. The man was almost about to harm the dog.
D. They were relaxed and playful.",28.67,"E. None of the above
Select one best answer to the above multiple-choice question based on the video. Respond with only the letter (A, B, C, D or E) of the correct option.",C,https://www.youtube.com/shorts/L9dnb-wfsnc
1329-0,x5JHiogS_nM,Primary Open-ended Question,Character Reaction Causality,What is the mood of the woman at the end of the video? Why？,16.21,Please state your answer with a brief explanation.,"She is shocked but probably also playful, as she chases him and kicks him.",https://www.youtube.com/shorts/x5JHiogS_nM
1329-1,x5JHiogS_nM,Paraphrased Open-ended Question,Character Reaction Causality,"How does the woman feel at the conclusion of the video, and what causes this mood?",16.21,Please state your answer with a brief explanation.,"At the end of the video, the woman is shocked and playfully annoyed. This is because her husband pretends to be king while she's bowing during her yoga stretch, then abruptly runs away when she lifts her head.",https://www.youtube.com/shorts/x5JHiogS_nM
1329-2,x5JHiogS_nM,Correctly-led Open-ended Question,Character Reaction Causality,Does the woman's mood at the end of the video reflect frustration or anger due to the man's pretending to be a king during her yoga session?,16.21,Please state your answer with a brief explanation.,"The woman's mood at the end of the video does not reflect frustration or anger; it seems playful, like she's joking with him.",https://www.youtube.com/shorts/x5JHiogS_nM
1329-3,x5JHiogS_nM,Wrongly-led Open-ended Question,Character Reaction Causality,"Is the woman's mood at the end of the video one of confusion and curiosity, as she failed to undertand the man's action completely?",16.21,Please state your answer with a brief explanation.,"No, the woman's mood isn't one of confusion or curiosity. She clearly understands the prank and playfully chases the man after standing up, indicating an amused and reciprocal reaction.",https://www.youtube.com/shorts/x5JHiogS_nM
1329-7,x5JHiogS_nM,Multiple-choice Question with a Single Correct Answer,Character Reaction Causality,"What were the reasons for the woman's mood at the end of the video?
A. She was curious about what happened.
B. The man was not taking care of their child.
C. She failed to understand the man's actions.
D. The man made it look like she was doing a kowtow while the man preteded to be a king.",16.21,"E. None of the above
Select one best answer to the above multiple-choice question based on the video. Respond with only the letter (A, B, C, D or E) of the correct option.",D,https://www.youtube.com/shorts/x5JHiogS_nM
1344-0,eLJNa61S4RE,Primary Open-ended Question,Character Reaction Causality,"In this video, why does the child smile after the injection?",18.35,Please state your answer with a brief explanation.,The child smiles after the injection because it seems that the pain wasn't as bad as expected.,https://www.youtube.com/shorts/eLJNa61S4RE
1344-1,eLJNa61S4RE,Paraphrased Open-ended Question,Character Reaction Causality,What causes the child to smile after receiving the injection in the video?,18.35,Please state your answer with a brief explanation.,The child smiles after the injection because the pain was not as bad as they thought.,https://www.youtube.com/shorts/eLJNa61S4RE
1344-2,eLJNa61S4RE,Correctly-led Open-ended Question,Character Reaction Causality,Does the child smile after the injection because the pain subsides once the needle is removed?,18.35,Please state your answer with a brief explanation.,It's likely not *just* because the pain subsides. The comments suggest that the baby's quick emotional shift might be due to a short attention span or a quick recovery from the brief discomfort.,https://www.youtube.com/shorts/eLJNa61S4RE
1344-3,eLJNa61S4RE,Wrongly-led Open-ended Question,Character Reaction Causality,Is the child's smile after the injection due to being comforted by the person around them?,18.35,Please state your answer with a brief explanation.,"No, the child's smile seems to be more related to the realization that the pain wasn't as bad as expected, as indicated by the text ""好像... 也沒那麼痛 (It seems... not that painful)"" and the top comment suggesting that the baby finds it's not that painful.",https://www.youtube.com/shorts/eLJNa61S4RE
1344-7,eLJNa61S4RE,Multiple-choice Question with a Single Correct Answer,Character Reaction Causality,"Why does the child smile after the injection?
A. They are distracted by a toy.
B. They are being comforted by the person around them.
C. The pain subsides once the needle is removed.
D. They are reacting to the interesting environment.",18.35,"E. None of the above
Select one best answer to the above multiple-choice question based on the video. Respond with only the letter (A, B, C, D or E) of the correct option.",E,https://www.youtube.com/shorts/eLJNa61S4RE
