qid,video_id,question_type,capability,question,duration,question_prompt,answer,youtube_url,thinking_steps,video_start,video_middle,video_end
0008-0,sj81PWrerDk,Primary Open-ended Question,Plot Attribute (Montage),What is the difference between the action of the last person in the video and the actions of the first two people?,8.85,Please state your answer with a brief explanation.,"The first two people in the video use leverage with a tool to open the bottle. The last person tries to open the bottle with their hand, but fails and the bottle bursts open.",https://www.youtube.com/shorts/sj81PWrerDk,,,,
0008-1,sj81PWrerDk,Paraphrased Open-ended Question,Plot Attribute (Montage),Can you describe how the actions of the last person in the video differ from other individuals?,8.85,Please state your answer with a brief explanation.,"The last individual uses a chopstick to try and open the bottle and, after several attempts, slams his hand on the top of the bottle, causing the bottom to shatter. This contrasts with the other individuals, who use tools or their hands to properly open the bottle from the top.",https://www.youtube.com/shorts/sj81PWrerDk,,,,
0008-2,sj81PWrerDk,Correctly-led Open-ended Question,Plot Attribute (Montage),Did the last person open the bottle without using a knife?,8.85,Please state your answer with a brief explanation.,"Yes, the last person did open the bottle without using a knife. They hit the bottle cap with a spoon and then their hand to open the bottle.",https://www.youtube.com/shorts/sj81PWrerDk,,,,
0008-3,sj81PWrerDk,Wrongly-led Open-ended Question,Plot Attribute (Montage),Did the last person in the video open the bottle with a knife while the first two people failed in their attempts?,8.85,Please state your answer with a brief explanation.,"Here's the answer to your question.

No, the last person in the video didn't open the bottle with a knife. They tried to open the bottle with a spoon, but it didn't work. They then slapped the bottle on the counter hard, and it shattered. It appears no one successfully opened the bottle using any of the attempted methods.",https://www.youtube.com/shorts/sj81PWrerDk,,,,
0008-7,sj81PWrerDk,Multiple-choice Question with a Single Correct Answer,Plot Attribute (Montage),"How does the last person in the video open the bottle differently from the first two people?
A. He uses a different type of knife.
B. He uses a corkscrew.
C. He uses a bottle opener.
D. He uses his finger.",8.85,"E. None of the above
Select one best answer to the above multiple-choice question based on the video. Respond with only the letter (A, B, C, D or E) of the correct option.",D,https://www.youtube.com/shorts/sj81PWrerDk,,,,
0012-0,AGCyLqLuUJ0,Primary Open-ended Question,Element Counting,How many robot figures appear in the video?,20.67,Please state your answer with a brief explanation.,,https://www.youtube.com/shorts/AGCyLqLuUJ0,,,,
0012-1,AGCyLqLuUJ0,Paraphrased Open-ended Question,Element Counting,What is the total number of robot figures shown in the video?,20.67,Please state your answer with a brief explanation.,,https://www.youtube.com/shorts/AGCyLqLuUJ0,,,,
0012-2,AGCyLqLuUJ0,Correctly-led Open-ended Question,Element Counting,Does the video display four robot figures in total?,20.67,Please state your answer with a brief explanation.,,https://www.youtube.com/shorts/AGCyLqLuUJ0,,,,
0012-3,AGCyLqLuUJ0,Wrongly-led Open-ended Question,Element Counting,Are there only two robot figures shown in the video?,20.67,Please state your answer with a brief explanation.,,https://www.youtube.com/shorts/AGCyLqLuUJ0,,,,
0012-7,AGCyLqLuUJ0,Multiple-choice Question with a Single Correct Answer,Element Counting,"How many robot figures are shown in the video?
A. Two
B. Three
C. Four
D. Five",20.67,"E. None of the above
Select one best answer to the above multiple-choice question based on the video. Respond with only the letter (A, B, C, D or E) of the correct option.",,https://www.youtube.com/shorts/AGCyLqLuUJ0,,,,
0016-0,4mKxze5P9gQ,Primary Open-ended Question,Element Attributes (Optical Illusion),Which direction is the person facing?,15.06,Please state your answer with a brief explanation.,"Absolutely! The person is facing right. The nose is on the left side of the picture, so the direction the person is facing is right.",https://www.youtube.com/shorts/4mKxze5P9gQ,,,,
0016-1,4mKxze5P9gQ,Paraphrased Open-ended Question,Element Attributes (Optical Illusion),In which directions is the person looking?,15.06,Please state your answer with a brief explanation.,"It’s an optical illusion, and the picture can be interpreted to show the man looking to either the right, or to the left.",https://www.youtube.com/shorts/4mKxze5P9gQ,,,,
0016-2,4mKxze5P9gQ,Correctly-led Open-ended Question,Element Attributes (Optical Illusion),Is the person facing both sideways and forward due to photo editing?,15.06,Please state your answer with a brief explanation.,"That's a cool optical illusion! Here's my analysis:

Yes, the person appears to be facing both sideways and forward due to photo editing. It's a cleverly constructed image that combines a side profile with features that suggest a frontal view, tricking the brain into perceiving both directions simultaneously.",https://www.youtube.com/shorts/4mKxze5P9gQ,,,,
0016-3,4mKxze5P9gQ,Wrongly-led Open-ended Question,Element Attributes (Optical Illusion),Is the person facing forward because of the symmetry of the shoulders?,15.06,Please state your answer with a brief explanation.,"The person isn’t facing forward. Instead, the image is an optical illusion of two faces that are in profile facing opposite directions. The shoulder symmetry might have been included to give the illusion of a face that is looking forward, but it's one face or the other.",https://www.youtube.com/shorts/4mKxze5P9gQ,,,,
0016-7,4mKxze5P9gQ,Multiple-choice Question with a Single Correct Answer,Element Attributes (Optical Illusion),"Which direction is the person facing?
A. To the right
B. right and forward
C. left and forward
D. To the left",15.06,"E. None of the above
Select one best answer to the above multiple-choice question based on the video. Respond with only the letter (A, B, C, D or E) of the correct option.",A,https://www.youtube.com/shorts/4mKxze5P9gQ,,,,
0036-0,1SiTuYb506o,Primary Open-ended Question,Objective Causality (Videography Phenomenon & Illusion),Why can the apparently slow spinning machine cut the zucchini so thinly?,18.01,Please state your answer with a brief explanation.,"The apparent slow spinning machine can cut the zucchini so thinly because it is specifically designed for that purpose. 

The key factor is the sharpness of the blade. Even at a relatively slow speed, a very sharp blade can easily slice through a soft vegetable like zucchini. The feed mechanism can also be adjusted so that it takes off a thin slice with each rotation.",https://www.youtube.com/shorts/1SiTuYb506o,,,,
0036-1,1SiTuYb506o,Paraphrased Open-ended Question,Objective Causality (Videography Phenomenon & Illusion),How does the machine manage to slice the zucchini so thinly despite appearing to spin slowly?,18.01,Please state your answer with a brief explanation.,"Here is the explanation:
The machine manages to slice the zucchini thinly despite appearing to spin slowly due to the sharpness of the blades and the angle at which the blade meets the zucchini. The sharp blades enable the machine to cut through the zucchini with minimal resistance, and the blade angle affects how much zucchini is sliced with each pass.  If the blade passes the zucchini at a shallow angle and the blade is sharp, the thickness of each slice will be minimal.",https://www.youtube.com/shorts/1SiTuYb506o,,,,
0036-2,1SiTuYb506o,Correctly-led Open-ended Question,Objective Causality (Videography Phenomenon & Illusion),"Is the reason the machine cuts the zucchini so thinly because the blades are spinning at a high speed, creating a stroboscopic effect?",18.01,Please state your answer with a brief explanation.,"The reason the machine cuts the zucchini so thinly is that the blades are sharp and the machine is configured to cut thin slices. A stroboscopic effect is an optical illusion caused by a rapidly moving object appearing to move slowly or stand still. The speed of the blades may appear to be affected by stroboscopic effects, but it is not the reason the zucchini is cut so thinly.",https://www.youtube.com/shorts/1SiTuYb506o,,,,
0036-3,1SiTuYb506o,Wrongly-led Open-ended Question,Objective Causality (Videography Phenomenon & Illusion),"Is the machine able to cut the zucchini thinly because of the sharpness of the blade, even at a slower speed?",18.01,Please state your answer with a brief explanation.,"Yes, the machine can cut the zucchini thinly because of the sharpness of the blade, even at a slower speed. Sharp blades require less force to cut through materials, allowing for thin slices even at slower speeds.",https://www.youtube.com/shorts/1SiTuYb506o,,,,
0036-7,1SiTuYb506o,Multiple-choice Question with a Single Correct Answer,Objective Causality (Videography Phenomenon & Illusion),"Why can the machine cut the zucchini so thinly?
A. The blades spin at high speed, and the stroboscopic effect makes it appear slow.
B. The machine uses a laser to cut.
C. The zucchini is fed consistently and controlled.
D. The blade is sharp enough to cut at a slower speed.",18.01,"E. None of the above
Select one best answer to the above multiple-choice question based on the video. Respond with only the letter (A, B, C, D or E) of the correct option.",C,https://www.youtube.com/shorts/1SiTuYb506o,,,,
0037-0,KyyDh9NP_lc,Primary Open-ended Question,Element Attributes (Optical Illusion),How many parts of the video have been artificially edited?,19.55,Please state your answer with a brief explanation.,"Okay, here's the breakdown of the parts of the video that have been artificially edited:

1.  **0:01-0:02:** The cup falls over and spins in the air, then stops. This part is likely sped up or has some kind of effect to make it look like it’s spinning faster than it normally would.

2.  **0:07-0:12:** His body begins glitching out, turning into a bunch of blocks and the word ""ERROR"" appears.

3.  **0:15-0:16:** A clone of the man appears in the back. This is an artificial addition. 

4.  **0:16-0:20:** Ping pong balls start spewing out of the cup.

Therefore, there are at least 4 parts of the video that have been artificially edited.",https://www.youtube.com/shorts/KyyDh9NP_lc,,,,
0037-1,KyyDh9NP_lc,Paraphrased Open-ended Question,Element Attributes (Optical Illusion),In how many sections does the video show signs of artificial editing?,19.55,Please state your answer with a brief explanation.,"I've examined the video and it shows signs of editing in two sections.

1.  **From 0:08 to 0:12**: The man becomes pixilated, then turns into a pink and black checkerboard pattern, and then the word ""ERROR"" appears to demonstrate a glitch effect.
2.  **From 0:14 to 0:19**: The man splits into two copies, and then he appears to be stuck inside the cup, glitching with several balls exploding out of him.",https://www.youtube.com/shorts/KyyDh9NP_lc,,,,
0037-2,KyyDh9NP_lc,Correctly-led Open-ended Question,Element Attributes (Optical Illusion),Is the video edited in multiple parts to create the effect of video game glitches?,19.55,Please state your answer with a brief explanation.,"Yes, the video is edited in multiple parts. You can see the use of editing to create effects of the cup and person teleporting and changing into a pixelated figure.",https://www.youtube.com/shorts/KyyDh9NP_lc,,,,
0037-3,KyyDh9NP_lc,Wrongly-led Open-ended Question,Element Attributes (Optical Illusion),Is the video edited only in one part to create the effect of video game glitches?,19.55,Please state your answer with a brief explanation.,"No, the video is edited in several places, not just one part, to simulate video game glitches. This is evident through effects like object duplication, texturing the subject with a block pattern, and introducing an ""ERROR"" message, all in addition to the initial cup spin.",https://www.youtube.com/shorts/KyyDh9NP_lc,,,,
0037-7,KyyDh9NP_lc,Multiple-choice Question with a Single Correct Answer,Element Attributes (Optical Illusion),"How many parts of the video have been artificially edited?
A. Five
B. One
C. None
D. Two",19.55,"E. None of the above
Select one best answer to the above multiple-choice question based on the video. Respond with only the letter (A, B, C, D or E) of the correct option.",A,https://www.youtube.com/shorts/KyyDh9NP_lc,,,,
0038-0,sj81PWrerDk,Primary Open-ended Question,Professional Knowledge,Why was the last person able to snap off the cap so easily?,8.85,Please state your answer with a brief explanation.,The last person was able to snap the cap off so easily because they actually snapped the top part of the bottle off.,https://www.youtube.com/shorts/sj81PWrerDk,,,,
0038-1,sj81PWrerDk,Paraphrased Open-ended Question,Professional Knowledge,What was the reason that the last person was able to break off the bottle cap so easily?,8.85,Please state your answer with a brief explanation.,"From the video, the man was able to break off the bottle cap by using a spoon and hitting the side of the cap multiple times to weaken it.",https://www.youtube.com/shorts/sj81PWrerDk,,,,
0038-2,sj81PWrerDk,Correctly-led Open-ended Question,Professional Knowledge,Did the last person successfully break the bottle?,8.85,Please state your answer with a brief explanation.,"Yes, the last person successfully broke the bottle. He tried opening the bottle with a fork, but failed. So he hit the top of the bottle with the bottom of another bottle. It worked, but the top of the bottle completely shattered.",https://www.youtube.com/shorts/sj81PWrerDk,,,,
0038-3,sj81PWrerDk,Wrongly-led Open-ended Question,Professional Knowledge,Did the last person use a lighter as a lever to snap off the cap easily?,8.85,Please state your answer with a brief explanation.,"No, the last person did not use a lighter to open the bottle. Instead, he tapped the cap repeatedly with a pair of chopsticks, trying to create leverage. After some effort, the bottle cap finally broke off, though it seems like it was more due to breakage than a clean leverage removal.",https://www.youtube.com/shorts/sj81PWrerDk,,,,
0038-7,sj81PWrerDk,Multiple-choice Question with a Single Correct Answer,Professional Knowledge,"How did the last person snap off the cap so easily?
A. They used a knife to create leverage.
B. They had a knife hidden in their sleeve, which they used to cut the cap off.
C. They made a shallow cut around the bottle's mouth.
D. They were using a knife to twist and break the cap.",8.85,"E. None of the above
Select one best answer to the above multiple-choice question based on the video. Respond with only the letter (A, B, C, D or E) of the correct option.",D,https://www.youtube.com/shorts/sj81PWrerDk,,,,
0064-0,sE-KTqE9Dek,Primary Open-ended Question,Objective Causality,Why did the room go dark after the stick figure character closed the door?,12.61,Please state your answer with a brief explanation.,"After closing the door, the stick figure went back into the bedroom and hid under the bed. This action likely caused the room to go dark, suggesting a fear or a reaction to a perceived threat. Then, a ghost appeared under the bed, and the stick figure character called for his mother.",https://www.youtube.com/shorts/sE-KTqE9Dek,,,,
0064-1,sE-KTqE9Dek,Paraphrased Open-ended Question,Objective Causality,What caused the room to become dark after the stick figure character shut the door?,12.61,Please state your answer with a brief explanation.,"Here is the answer:

The room became dark because the stick figure character shut the door, which then blocked all the light from the outside.",https://www.youtube.com/shorts/sE-KTqE9Dek,,,,
0064-2,sE-KTqE9Dek,Correctly-led Open-ended Question,Objective Causality,"Did the room go dark because the stick figure character closed the door, causing the lamp to fall?",12.61,Please state your answer with a brief explanation.,"No, the room went dark because the stick figure character pulled on the door, which was attached to a string connected to the lamp. This caused the lamp to fall off the nightstand and cut power to the room.",https://www.youtube.com/shorts/sE-KTqE9Dek,,,,
0064-3,sE-KTqE9Dek,Wrongly-led Open-ended Question,Objective Causality,Did the room go dark because the stick figure character accidentally hit the light switch when closing the door?,12.61,Please state your answer with a brief explanation.,"No, the room did not go dark because the stick figure character accidentally hit the light switch when closing the door. When the character gets in bed to sleep, the room goes dark. Then the silhouette of a person wearing a ski mask appears to be watching the stick figure in the dark.",https://www.youtube.com/shorts/sE-KTqE9Dek,,,,
0064-7,sE-KTqE9Dek,Multiple-choice Question with a Single Correct Answer,Objective Causality,"Why did the room go dark after the stick figure character closed the door?
A. The lamp fell due to force.
B. The light switch was hit.
C. The stick figure character closed the door.
D. The stick figure character turned off the light switch.",12.61,"E. None of the above
Select one best answer to the above multiple-choice question based on the video. Respond with only the letter (A, B, C, D or E) of the correct option.",B,https://www.youtube.com/shorts/sE-KTqE9Dek,,,,
0070-0,MSkL7A2yyOY,Primary Open-ended Question,Event Counting,How many times did the person in the video pour the water?,12.97,Please state your answer with a brief explanation.,"The person in the video poured the water two times. Each time the person poured water, the water went everywhere except into the black mug.",https://www.youtube.com/shorts/MSkL7A2yyOY,,,,
0070-1,MSkL7A2yyOY,Paraphrased Open-ended Question,Event Counting,How many times does the person pour water in the video?,12.97,Please state your answer with a brief explanation.,"The person pours water twice. The first time, it is revealed that the mug has holes so the water pours out. The person pours again, after realizing the first pour didn't work.",https://www.youtube.com/shorts/MSkL7A2yyOY,,,,
0070-2,MSkL7A2yyOY,Correctly-led Open-ended Question,Event Counting,Did the person in the video pour the water twice?,12.97,Please state your answer with a brief explanation.,"Yes, the person in the video poured the water twice. The first time, the water went everywhere, and the person realized the mistake. The water was then poured correctly.",https://www.youtube.com/shorts/MSkL7A2yyOY,,,,
0070-3,MSkL7A2yyOY,Wrongly-led Open-ended Question,Event Counting,Did the person in the video pour the water once?,12.97,Please state your answer with a brief explanation.,"The person in the video pours the water twice. The first time, the water does not go into the black cup and flows outside of it. After realizing this error, the person tries again and the water also goes outside the black mug.",https://www.youtube.com/shorts/MSkL7A2yyOY,,,,
0070-7,MSkL7A2yyOY,Multiple-choice Question with a Single Correct Answer,Event Counting,"How many times did the person in the video pour the water?
A. Once
B. Three times
C. Four times
D. Twice",12.97,"E. None of the above
Select one best answer to the above multiple-choice question based on the video. Respond with only the letter (A, B, C, D or E) of the correct option.",D,https://www.youtube.com/shorts/MSkL7A2yyOY,,,,
0080-0,_MXxJT8Mk4k,Primary Open-ended Question,Professional Knowledge,What is the purpose of beating the balloon?,13.18,Please state your answer with a brief explanation.,"Certainly, here is the answer to the question:

The purpose of beating the balloon is to create a squishy stress-relief ball. It seems like the balloons have been filled with either liquid or powder and then sealed, making them squishy and fun to handle.",https://www.youtube.com/shorts/_MXxJT8Mk4k,,,,
0080-1,_MXxJT8Mk4k,Paraphrased Open-ended Question,Professional Knowledge,Why do you need to hit the balloon in this activity?,13.18,Please state your answer with a brief explanation.,"Based on the clip, the balloons are hit to make them burst. These balloons are filled with vinegar and baking soda. Combining vinegar and baking soda results in a chemical reaction that produces gas, which builds up pressure inside the balloon until it pops.",https://www.youtube.com/shorts/_MXxJT8Mk4k,,,,
0080-2,_MXxJT8Mk4k,Correctly-led Open-ended Question,Professional Knowledge,Is the purpose of hitting the balloon to create a fun and interactive toy?,13.18,Please state your answer with a brief explanation.,"Yes, the purpose of hitting the balloon is to create a fun and interactive toy because the balloon is filled with a reactive mixture. When hit, the reaction causes the balloon to expand or even pop, providing an element of surprise and fun.",https://www.youtube.com/shorts/_MXxJT8Mk4k,,,,
0080-3,_MXxJT8Mk4k,Wrongly-led Open-ended Question,Professional Knowledge,Is the purpose of hitting the balloon to make it pop loudly?,13.18,Please state your answer with a brief explanation.,"No, the purpose of hitting the balloon is to cause the vinegar and baking soda to mix and create a chemical reaction that produces gas. This gas expands until it exceeds the capacity of the balloon, causing it to pop. The loud noise is a byproduct of the rapid expansion and bursting of the balloon.",https://www.youtube.com/shorts/_MXxJT8Mk4k,,,,
0080-7,_MXxJT8Mk4k,Multiple-choice Question with a Single Correct Answer,Professional Knowledge,"What is the purpose of beating the balloon?
A. To inflate the balloon
B. To pop it
C. To deflate it
D. To change its color",13.18,"E. None of the above
Select one best answer to the above multiple-choice question based on the video. Respond with only the letter (A, B, C, D or E) of the correct option.",B,https://www.youtube.com/shorts/_MXxJT8Mk4k,,,,
0081-0,crJZF1-5ryE,Primary Open-ended Question,Character Motivation Causality,Why does the man put his hand on his face?,11.86,Please state your answer with a brief explanation.,The man puts his hand on his face for the purpose of making a heart. It is a popular trend to make a small heart with your fingers when taking pictures and making videos.,https://www.youtube.com/shorts/crJZF1-5ryE,,,,
0081-1,crJZF1-5ryE,Paraphrased Open-ended Question,Character Motivation Causality,What is the reason the man covers his face with his hand?,11.86,Please state your answer with a brief explanation.,The man covers his face because he feels embarrassed while filming the TikTok dance with the girl. He does it twice in the video.,https://www.youtube.com/shorts/crJZF1-5ryE,,,,
0081-2,crJZF1-5ryE,Correctly-led Open-ended Question,Character Motivation Causality,Did the man cover his face to transfer the cat face filter to the girl next to him?,11.86,Please state your answer with a brief explanation.,"Yes, the man did cover his face to transfer the cat face filter to the girl. The video shows him briefly obscuring his face before the filter appears on the girl.",https://www.youtube.com/shorts/crJZF1-5ryE,,,,
0081-3,crJZF1-5ryE,Wrongly-led Open-ended Question,Character Motivation Causality,Did the man put his hand on his face as part of a synchronized dance move?,11.86,Please state your answer with a brief explanation.,"Yes, the man put his hand on his face as part of a synchronized dance move. In the video, both the man and woman perform a sequence where they raise their hands to their faces together.",https://www.youtube.com/shorts/crJZF1-5ryE,,,,
0081-7,crJZF1-5ryE,Multiple-choice Question with a Single Correct Answer,Character Motivation Causality,"Why does the man put his hand on his face?
A. To adjust his glasses.
B. To hide from the camera.
C. As part of a synchronized dance move.
D. To transfer the cat face filter to the girl next to him.",11.86,"E. None of the above
Select one best answer to the above multiple-choice question based on the video. Respond with only the letter (A, B, C, D or E) of the correct option.",C,https://www.youtube.com/shorts/crJZF1-5ryE,,,,
0083-0,Z-x3kXiyOFc,Primary Open-ended Question,Plot Attribute,What does the video want to tell as the daughter enters the room several times?,43.97,Please state your answer with a brief explanation.,"Here is the answer to your question about the video. 

The video shows an over-the-top and comedic portrayal of an Asian mom's reaction to a daughter bringing home a pet. In particular, when the daughter enters the room several times in the video, she is trying to eavesdrop on her mother's actions towards the dog. This is because she knows her mother initially disapproved of the pet, but the daughter is curious to see if her mother's behavior changes when she is alone with the dog. The intention is to show how Asian moms, who can initially be strict or disapproving, often secretly become very fond of the pet after the initial shock.",https://www.youtube.com/shorts/Z-x3kXiyOFc,,,,
0083-1,Z-x3kXiyOFc,Paraphrased Open-ended Question,Plot Attribute,What is the message conveyed by the daughter's repeated entries into the room?,43.97,Please state your answer with a brief explanation.,"The daughter’s repeated entries into the room convey a message about the complex dynamic between the daughter and her mother regarding the new pet dog. Initially, the daughter expresses excitement about the dog but immediately faces the mother's allergy-induced rejection. Later, it is revealed that the mother has warmed up to the dog, indicating a softening or acceptance of the pet. This creates a humorous commentary about cultural stereotypes in Asian families.",https://www.youtube.com/shorts/Z-x3kXiyOFc,,,,
0083-2,Z-x3kXiyOFc,Correctly-led Open-ended Question,Plot Attribute,Is the daughter trying to uncover her mother's true feelings about the pet dog by entering the room multiple times?,43.97,Please state your answer with a brief explanation.,"Yes, it appears that the daughter is trying to uncover her mother's true feelings about the pet dog by entering the room multiple times. Each time she enters the room, she catches her mother acting differently towards the dog than she initially portrayed. This suggests that the mother's initial reaction of dislike might not be her true feelings.",https://www.youtube.com/shorts/Z-x3kXiyOFc,,,,
0083-3,Z-x3kXiyOFc,Wrongly-led Open-ended Question,Plot Attribute,"Does the video show the daughter repeatedly entering the room to announce the pet dog, highlighting cultural differences?",43.97,Please state your answer with a brief explanation.,"Yes, the video depicts the daughter repeatedly entering the room to announce the pet dog. The skit highlights the cultural difference between the younger generation and their parents' attitudes toward pets in an Asian cultural context.",https://www.youtube.com/shorts/Z-x3kXiyOFc,,,,
0083-7,Z-x3kXiyOFc,Multiple-choice Question with a Single Correct Answer,Plot Attribute,"Why does the daughter enter the room several times?
A. To announce the pet dog.
B. To show excitement about the pet.
C. To emphasize cultural differences.
D. To check if her mother is two-faced about the dog.",43.97,"E. None of the above
Select one best answer to the above multiple-choice question based on the video. Respond with only the letter (A, B, C, D or E) of the correct option.",D,https://www.youtube.com/shorts/Z-x3kXiyOFc,,,,
0099-0,aUDYWYqtAR4,Primary Open-ended Question,Event Counting,How many zoomed-in close-ups are there throughout the video?,59.97,Please state your answer with a brief explanation.,There are two zoomed-in close-ups in the video. The first one occurs from [00:00:09-00:00:16] and the second occurs from [00:00:55-00:00:59],https://www.youtube.com/shorts/aUDYWYqtAR4,,,,
0099-1,aUDYWYqtAR4,Paraphrased Open-ended Question,Event Counting,What is the total number of zoomed-in close-ups in the video?,59.97,Please state your answer with a brief explanation.,There are a total of 4 zoomed-in close-ups in the video. The first occurs at [00:00:10-00:00:14]. The second occurs at [00:00:56-00:00:59]. And the final occurrence takes place at [00:00:59-00:01:00]. This includes the zoomed-in close-ups that transition to the second pattern in the video.,https://www.youtube.com/shorts/aUDYWYqtAR4,,,,
0099-2,aUDYWYqtAR4,Correctly-led Open-ended Question,Event Counting,"Are there two zoomed-in close-ups in the video, focusing on the geometric pattern?",59.97,Please state your answer with a brief explanation.,"Yes, there are two zoomed-in close-ups in the video that focus on the geometric pattern. 

At [00:00:09–00:00:16], there's a gradual zoom-in on the central area of the pattern. Then, at [00:00:55–00:00:59], the video zooms in again on another point within the pattern.",https://www.youtube.com/shorts/aUDYWYqtAR4,,,,
0099-3,aUDYWYqtAR4,Wrongly-led Open-ended Question,Event Counting,Does the video contain 10 zoomed-in close-ups of the geometric pattern?,59.97,Please state your answer with a brief explanation.,The video does contain 10 zoomed-in close-ups of the geometric pattern.,https://www.youtube.com/shorts/aUDYWYqtAR4,,,,
0099-7,aUDYWYqtAR4,Multiple-choice Question with a Single Correct Answer,Event Counting,"How many zoomed-in close-ups are there in the video?
A. 2
B. 4
C. 3
D. 1",59.97,"E. None of the above
Select one best answer to the above multiple-choice question based on the video. Respond with only the letter (A, B, C, D or E) of the correct option.",C,https://www.youtube.com/shorts/aUDYWYqtAR4,,,,
0101-0,FdkXmy42Qv8,Primary Open-ended Question,Event Localization,In which sequence of location does the man teleport in the video?,24.04,Please state your answer with a brief explanation.,"Here is the teleport sequence in the video:
1. The man is behind the blanket in the doorway.
2. The man is in the shelving unit.
3. The man is under the couch cushions.
4. The man is in the cardboard box.
5. The man is back behind the blanket by the doorway.",https://www.youtube.com/shorts/FdkXmy42Qv8,,,,
0101-1,FdkXmy42Qv8,Paraphrased Open-ended Question,Event Localization,What is the order of locations where the man appears after teleporting in the video?,24.04,Please state your answer with a brief explanation.,"Okay, here's the order of the locations where the man appears in the video after teleporting:

1.  **In the bookcase:** First, the bookcase ""explodes"" into individual pieces with an image of the man.
2.  **Under the sofa cushion:** Next, he pops up from behind a sofa cushion.
3.  **In the box:** Finally, he appears inside a cardboard box.
4. **Under a blanket:** The man appears after the dog runs into him.",https://www.youtube.com/shorts/FdkXmy42Qv8,,,,
0101-2,FdkXmy42Qv8,Correctly-led Open-ended Question,Event Localization,"Does the man teleport to the bookshelf, couch, cardboard box, and then back under the blanket in the video?",24.04,Please state your answer with a brief explanation.,"The man does not teleport. At each of the hiding locations, the background is hidden by the blanket, which is then removed to reveal him there.",https://www.youtube.com/shorts/FdkXmy42Qv8,,,,
0101-3,FdkXmy42Qv8,Wrongly-led Open-ended Question,Event Localization,"In the video, does the man first teleport to the bookshelf, then to the cardboard box, then to the couch, and finally return to under the blanket?",24.04,Please state your answer with a brief explanation.,"Here is the order in which the man ""teleports"" in the video.

No, the man first teleports to the bookshelf, then to the couch, then to the cardboard box, and finally returns to under the blanket.",https://www.youtube.com/shorts/FdkXmy42Qv8,,,,
0101-7,FdkXmy42Qv8,Multiple-choice Question with a Single Correct Answer,Event Localization,"In which sequence of location does the man teleport in the video?
A. Bookshelf, Couch, Blanket, Cardboard Box
B. Bookshelf, Couch, Cardboard Box, Blanket
C. Bookshelf, Couch, Cardboard Box, Door
D. Couch, Bookshelf, Cardboard Box, Blanket",24.04,"E. None of the above
Select one best answer to the above multiple-choice question based on the video. Respond with only the letter (A, B, C, D or E) of the correct option.","The man teleported to the following locations: Bookshelf, Couch, Cardboard Box, then Blanket. 
The answer is: B",https://www.youtube.com/shorts/FdkXmy42Qv8,,,,
0113-0,2uuLeoxlZOo,Primary Open-ended Question,Event Counting,How many buildings are demolished throughout the video?,59.54,Please state your answer with a brief explanation.,"There are 3 buildings demolished in the video. They are a high-rise building, a water tower, and the washing machine featured at the beginning of the video.",https://www.youtube.com/shorts/2uuLeoxlZOo,,,,
0113-1,2uuLeoxlZOo,Paraphrased Open-ended Question,Event Counting,What is the total number of buildings that are taken down in the video?,59.54,Please state your answer with a brief explanation.,"There are two buildings taken down in the video. One is a tall office building that is intentionally demolished, and the other is a water tower.",https://www.youtube.com/shorts/2uuLeoxlZOo,,,,
0113-2,2uuLeoxlZOo,Correctly-led Open-ended Question,Event Counting,Are two buildings demolished in the video?,59.54,Please state your answer with a brief explanation.,"Yes, two buildings are demolished in the video. First, a tall building is demolished with an explosion. Later, a water tower is demolished with an excavator.",https://www.youtube.com/shorts/2uuLeoxlZOo,,,,
0113-3,2uuLeoxlZOo,Wrongly-led Open-ended Question,Event Counting,Is only one building demolished in the video?,59.54,Please state your answer with a brief explanation.,"There are several structures that are taken down in the video. These include a washing machine, a building, and a water tower. Thus, the answer is no.",https://www.youtube.com/shorts/2uuLeoxlZOo,,,,
0113-7,2uuLeoxlZOo,Multiple-choice Question with a Single Correct Answer,Event Counting,"How many buildings are demolished in the video?
A. Two
B. Three
C. Four
D. One",59.54,"E. None of the above
Select one best answer to the above multiple-choice question based on the video. Respond with only the letter (A, B, C, D or E) of the correct option.","In the video, three buildings are demolished: A high-rise building and a water tower. There is also a washing machine demolished. Therefore, the answer is B.",https://www.youtube.com/shorts/2uuLeoxlZOo,,,,
0117-0,uupXcgeP0-w,Primary Open-ended Question,Element Counting,How many toy cars are shown in the video?,22.04,Please state your answer with a brief explanation.,"There appear to be 3 toy cars in the video.

A boy is driving a white toy car in the park from his perspective in the first scene, and the second is the boy driving the white toy car in the park from an exterior view. The third scene also contains the boy driving a blue toy car.",https://www.youtube.com/shorts/uupXcgeP0-w,,,,
0117-1,uupXcgeP0-w,Paraphrased Open-ended Question,Element Counting,What is the number of toy cars visible in the video?,22.04,Please state your answer with a brief explanation.,"The number of toy cars that are visible in the video is two. At [00:00:06-00:00:10], a toy car is seen running along the pavement of a street with another toy car alongside it.",https://www.youtube.com/shorts/uupXcgeP0-w,,,,
0117-2,uupXcgeP0-w,Correctly-led Open-ended Question,Element Counting,Are there two toy cars shown in the video clip?,22.04,Please state your answer with a brief explanation.,"Yes, there are two toy cars in the video clip.

In the section labeled ""BOYS DRIVING,"" the video shows two young boys in toy cars driving around a paved area.",https://www.youtube.com/shorts/uupXcgeP0-w,,,,
0117-3,uupXcgeP0-w,Wrongly-led Open-ended Question,Element Counting,Are there three toy cars shown in the video clip?,22.04,Please state your answer with a brief explanation.,"Yes, there are three toy cars in the video clip. One toy car appears early in the “boys driving” section, and the other two are a black vintage toy car and a blue modern toy car that appear later in the “boys driving” section.",https://www.youtube.com/shorts/uupXcgeP0-w,,,,
0117-7,uupXcgeP0-w,Multiple-choice Question with a Single Correct Answer,Element Counting,"How many toy cars are shown in the video?
A. Three
B. Four
C. Two
D. One",22.04,"E. None of the above
Select one best answer to the above multiple-choice question based on the video. Respond with only the letter (A, B, C, D or E) of the correct option.",C,https://www.youtube.com/shorts/uupXcgeP0-w,,,,
0118-0,XlROzogZpVM,Primary Open-ended Question,Local Event Attribute,"At the beginning of the video, what action did the person do to make the bottle fall down to the ground?",9.15,Please state your answer with a brief explanation.,The person pushed the set of blue bottles off the ledge so that they would fall to the ground.,https://www.youtube.com/shorts/XlROzogZpVM,,,,
0118-1,XlROzogZpVM,Paraphrased Open-ended Question,Local Event Attribute,What did the person do at the start of the video that caused the bottle to fall?,9.15,Please state your answer with a brief explanation.,"Here is the answer to your question.

At the beginning of the video, the person pushes the row of blue bottles off the edge of the concrete platform, causing them to fall.",https://www.youtube.com/shorts/XlROzogZpVM,,,,
0118-2,XlROzogZpVM,Correctly-led Open-ended Question,Local Event Attribute,"Did the person let go of the bottles on a slope, causing them to slide and fall?",9.15,Please state your answer with a brief explanation.,"Yes, the person let go of the bottles on a slope, which caused them to slide down and fall off the ledge.",https://www.youtube.com/shorts/XlROzogZpVM,,,,
0118-3,XlROzogZpVM,Wrongly-led Open-ended Question,Local Event Attribute,Did the person push the bottle with their hand to make it fall?,9.15,Please state your answer with a brief explanation.,"Yes, the person pushed the bottles with their hand to make them fall. You can see their hand making contact with the bottles right before they fall.",https://www.youtube.com/shorts/XlROzogZpVM,,,,
0118-7,XlROzogZpVM,Multiple-choice Question with a Single Correct Answer,Local Event Attribute,"What action did the person take to make the bottle fall?
A. Pushed it with their hand.
B. Threw it down.
C. Kicked it.
D. Placed it on a slope and let go.",9.15,"E. None of the above
Select one best answer to the above multiple-choice question based on the video. Respond with only the letter (A, B, C, D or E) of the correct option.",A,https://www.youtube.com/shorts/XlROzogZpVM,,,,
0127-0,NmqIqJsdIuk,Primary Open-ended Question,Element Counting,How many watches are shown in the video?,11.56,Please state your answer with a brief explanation.,Four different watches are shown in the video. The watches all have a car wheel design on the face.,https://www.youtube.com/shorts/NmqIqJsdIuk,,,,
0127-1,NmqIqJsdIuk,Paraphrased Open-ended Question,Element Counting,What is the total number of watches displayed in the video?,11.56,Please state your answer with a brief explanation.,There are a total of 4 watches displayed in the video. Each watch has a unique design referencing car culture.,https://www.youtube.com/shorts/NmqIqJsdIuk,,,,
0127-2,NmqIqJsdIuk,Correctly-led Open-ended Question,Element Counting,Are there four watches shown in the video?,11.56,Please state your answer with a brief explanation.,"Yes, there are four watches shown in the video. Each watch shown has a different color scheme that resembles a tire rim and rotor.",https://www.youtube.com/shorts/NmqIqJsdIuk,,,,
0127-3,NmqIqJsdIuk,Wrongly-led Open-ended Question,Element Counting,Are there five watches shown in the video?,11.56,Please state your answer with a brief explanation.,There are indeed five watches shown in the video. This is evident from the clear shots of different watches with car-themed designs.,https://www.youtube.com/shorts/NmqIqJsdIuk,,,,
0127-7,NmqIqJsdIuk,Multiple-choice Question with a Single Correct Answer,Element Counting,"How many watches are shown in the video?
A. Six
B. Four
C. Three
D. Five",11.56,"E. None of the above
Select one best answer to the above multiple-choice question based on the video. Respond with only the letter (A, B, C, D or E) of the correct option.",B,https://www.youtube.com/shorts/NmqIqJsdIuk,,,,
0129-0,7t4cNOpTuCY,Primary Open-ended Question,Element Counting,How many men appear in the video?,30.81,Please state your answer with a brief explanation.,There are two men in the video. One appears at [00:00:20] and the other at [00:00:27].,https://www.youtube.com/shorts/7t4cNOpTuCY,,,,
0129-1,7t4cNOpTuCY,Paraphrased Open-ended Question,Element Counting,What is the number of male figures shown in the video?,30.81,Please state your answer with a brief explanation.,"There are two male figures in the video. Both appear near the end. One is walking by while holding the ""string"" of the balloon. The second is taking a picture of the woman by the avocado.",https://www.youtube.com/shorts/7t4cNOpTuCY,,,,
0129-2,7t4cNOpTuCY,Correctly-led Open-ended Question,Element Counting,Is there only one man in the video?,30.81,Please state your answer with a brief explanation.,"Yes, there is only one man in the video, who is the photographer taking a picture of the woman posing in front of the avocado art.",https://www.youtube.com/shorts/7t4cNOpTuCY,,,,
0129-3,7t4cNOpTuCY,Wrongly-led Open-ended Question,Element Counting,Are there two men in the video?,30.81,Please state your answer with a brief explanation.,"Yes, there are two men in the video. At [00:00:20] and [00:00:28] a man appears to help the woman and takes a photo.",https://www.youtube.com/shorts/7t4cNOpTuCY,,,,
0129-7,7t4cNOpTuCY,Multiple-choice Question with a Single Correct Answer,Element Counting,"How many men appear in the video?
A. Three
B. One
C. Two
D. None",30.81,"E. None of the above
Select one best answer to the above multiple-choice question based on the video. Respond with only the letter (A, B, C, D or E) of the correct option.",B,https://www.youtube.com/shorts/7t4cNOpTuCY,,,,
0133-0,u2HvKEGq3Ik,Primary Open-ended Question,Event Localization,What does the final scene depicts?,60.05,Please state your answer with a brief explanation.,,https://youtube.com/shorts/u2HvKEGq3Ik,,,,
0133-1,u2HvKEGq3Ik,Paraphrased Open-ended Question,Event Localization,What is shown in the final scene of the video?,60.05,Please state your answer with a brief explanation.,,https://youtube.com/shorts/u2HvKEGq3Ik,,,,
0133-2,u2HvKEGq3Ik,Correctly-led Open-ended Question,Event Localization,Does the final scene depict three men performing a stunt by jumping through a hula hoop?,60.05,Please state your answer with a brief explanation.,,https://youtube.com/shorts/u2HvKEGq3Ik,,,,
0133-3,u2HvKEGq3Ik,Wrongly-led Open-ended Question,Event Localization,Is the final scene a demonstration of a spinning wheel's gyroscopic effect?,60.05,Please state your answer with a brief explanation.,,https://youtube.com/shorts/u2HvKEGq3Ik,,,,
0133-7,u2HvKEGq3Ik,Multiple-choice Question with a Single Correct Answer,Event Localization,"What does the final scene depict?
A. A dance performance.
B. A juggling act.
C. A physics demonstration.
D. Three men jumping through a hula hoop.",60.05,"E. None of the above
Select one best answer to the above multiple-choice question based on the video. Respond with only the letter (A, B, C, D or E) of the correct option.",,https://youtube.com/shorts/u2HvKEGq3Ik,,,,
0142-0,rCW1aGpFrJg,Primary Open-ended Question,Character Motivation Causality,What is the purpose for the character in costume to put a small piece of white tape on the handrail?,58.82,Please state your answer with a brief explanation.,"The character dressed as Spider-Man uses white tape to show how filthy the handrail is, so others will reconsider grabbing it.",https://youtube.com/shorts/rCW1aGpFrJg,,,,
0142-1,rCW1aGpFrJg,Paraphrased Open-ended Question,Character Motivation Causality,Why does the character in costume place a small piece of white tape on the handrail?,58.82,Please state your answer with a brief explanation.,"Certainly! Here's the answer to your question:

The character in the Spider-Man costume places a piece of white tape on the handrail to indicate that it has been cleaned using the sanitizing wipe he has in hand. This is likely an initiative to encourage others to use and feel comfortable with the safety of the escalator handrail.",https://youtube.com/shorts/rCW1aGpFrJg,,,,
0142-2,rCW1aGpFrJg,Correctly-led Open-ended Question,Character Motivation Causality,Waht is the purpose for the character in costume to put a small piece of white tape on the handrail?,58.82,Please state your answer with a brief explanation.,"The person in the Spiderman costume wipes the handrail of the escalator using a white paper towel. The reason for the use of tape is to measure the amount of dirt and grime that can be wiped off the handle. After running his hand along the rail, the grime can be seen on the tape that previously was white.",https://youtube.com/shorts/rCW1aGpFrJg,,,,
0142-3,rCW1aGpFrJg,Wrongly-led Open-ended Question,Character Motivation Causality,Is a small piece of white tape attached to the armrest to attract dust?,58.82,Please state your answer with a brief explanation.,"No, there is no white tape attached to the armrest of the escalator in the video. A person wearing a Spiderman costume is shown wiping down the handrail and the cloth becomes covered in dirt. The demonstration shows that armrests get dirty, which should encourage proper cleaning and sanitizing practices.",https://youtube.com/shorts/rCW1aGpFrJg,,,,
0142-7,rCW1aGpFrJg,Multiple-choice Question with a Single Correct Answer,Character Motivation Causality,"What is the purpose of placing a small piece of white tape on the handrail?
A. To decorate the handrail.
B. To repair a crack.
C. To mark a point for tracking movement.
D. To attract dust on the armrests.",58.82,"E. None of the above
Select one best answer to the above multiple-choice question based on the video. Respond with only the letter (A, B, C, D or E) of the correct option.",C.,https://youtube.com/shorts/rCW1aGpFrJg,,,,
0146-0,eU5I-p1HcUs,Primary Open-ended Question,Event Counting,"How many times does the color of the car in the video change?
",24.45,Please state your answer with a brief explanation.,"Okay, here is the answer to your question.

The color of the car changes 4 times in the video, they appear to be a light blue, gray, green and red.",https://youtube.com/shorts/eU5I-p1HcUs,,,,
0146-1,eU5I-p1HcUs,Paraphrased Open-ended Question,Event Counting,How many times does the car's color shift in the video?,24.45,Please state your answer with a brief explanation.,"The car’s color shifts 4 times in the video. It shifts to grey, purple, green, and red. Each change in color seems to be triggered by the clothing color of someone walking by.",https://youtube.com/shorts/eU5I-p1HcUs,,,,
0146-2,eU5I-p1HcUs,Correctly-led Open-ended Question,Event Counting,"Does the car in the video change color four times, starting with black?",24.45,Please state your answer with a brief explanation.,"Yes, the car in the video changes color four times, starting with black.
The car initially appears black and is seen changing to a light blue, then to a lavender/grey, then to a forest green, and finally to red.",https://youtube.com/shorts/eU5I-p1HcUs,,,,
0146-3,eU5I-p1HcUs,Wrongly-led Open-ended Question,Event Counting,"Does the car in the video change color three times, starting with blue?",24.45,Please state your answer with a brief explanation.,"Yes, the car in the video changes color three times, starting with blue. It goes from blue to purple, then to green and finally red as people in different color outfits pass by it.",https://youtube.com/shorts/eU5I-p1HcUs,,,,
0146-7,eU5I-p1HcUs,Multiple-choice Question with a Single Correct Answer,Event Counting,"How many times does the car's color change in the video?
A. Three times
B. Four times
C. Five times
D. Two times",24.45,"E. None of the above
Select one best answer to the above multiple-choice question based on the video. Respond with only the letter (A, B, C, D or E) of the correct option.",C,https://youtube.com/shorts/eU5I-p1HcUs,,,,
0151-0,lfitOyblkDQ,Primary Open-ended Question,Element Localization,What are the characteristics of the clothing of the person holding a potato in the video?,59.71,Please state your answer with a brief explanation.,"Sure thing! Here is the description of the person's clothing in the video holding a potato.

The person holding a potato in the video is wearing a red, long-sleeved shirt.",https://youtube.com/shorts/lfitOyblkDQ,,,,
0151-1,lfitOyblkDQ,Paraphrased Open-ended Question,Element Localization,What are the features of the person holding a potato in the video?,59.71,Please state your answer with a brief explanation.,"Sure! Here is an answer to your request.

In the first shot, the person holding a potato is a man with dark hair and dark eyes, wearing a pink hoodie and blue jeans. He also wears a dark baseball cap. In the next shot, there is a woman with brown hair wearing a red sweater.",https://youtube.com/shorts/lfitOyblkDQ,,,,
0151-2,lfitOyblkDQ,Correctly-led Open-ended Question,Element Localization,Is the person holding a potato wearing a red coat and having long brown hair?,59.71,Please state your answer with a brief explanation.,"No, the person holding the potato is wearing a red coat and has long brown hair, as shown between timestamps 0:32 and 0:42.",https://youtube.com/shorts/lfitOyblkDQ,,,,
0151-3,lfitOyblkDQ,Wrongly-led Open-ended Question,Element Localization,Is the person holding a potato wearing a light pink hoodie and a black cap?,59.71,Please state your answer with a brief explanation.,"Yes, the person who stabs a straw through the potato is wearing a light pink hoodie and a black cap. As seen in the clip from [00:00:37] to [00:00:41].",https://youtube.com/shorts/lfitOyblkDQ,,,,
0151-7,lfitOyblkDQ,Multiple-choice Question with a Single Correct Answer,Element Localization,"What is the person in the video wearing while holding a potato?
A. Blue shirt
B. Red shirt
C. Light pink hoodie and blue jeans
D. Black cap",59.71,"E. None of the above
Select one best answer to the above multiple-choice question based on the video. Respond with only the letter (A, B, C, D or E) of the correct option.",B,https://youtube.com/shorts/lfitOyblkDQ,,,,
0152-0,4ocqfNvvI_w,Primary Open-ended Question,Element Attributes,"In the video, what is the tools for fixing the position of the pages?",32.81,Please state your answer with a brief explanation.,"The tools used for fixing the position of the pages in the video are blue rubber bands. These are used to compress and hold the folded pages together while shaping them to create the desired ""Master"" lettering.",https://youtube.com/shorts/4ocqfNvvI_w,,,,
0152-1,4ocqfNvvI_w,Paraphrased Open-ended Question,Element Attributes,What tool is used in the video to secure the pages in place?,32.81,Please state your answer with a brief explanation.,"In the video, rubber bands are used to hold the pages in place during the process of book folding. This helps to maintain the structure and shape of the design as the pages are manipulated.",https://youtube.com/shorts/4ocqfNvvI_w,,,,
0152-2,4ocqfNvvI_w,Correctly-led Open-ended Question,Element Attributes,Is the tool used to fix the pages in the video a blue retainer?,32.81,Please state your answer with a brief explanation.,"No, the tool used to fix the pages is not a blue retainer. Instead, it appears to be a blue elastic cord. You can see it wrapped horizontally around the pages of the book as someone folds and shapes the pages to create the word ""MASTER"" in a sculptural form.",https://youtube.com/shorts/4ocqfNvvI_w,,,,
0152-3,4ocqfNvvI_w,Wrongly-led Open-ended Question,Element Attributes,Is the tool used to fix the pages in the video a rubber band?,32.81,Please state your answer with a brief explanation.,"No, the tool used to fix the pages in the video is not a rubber band. It appears to be a blue elastic cord. You can see its stretchy, cord-like texture as it's used to hold the pages together while creating the artwork in the book.",https://youtube.com/shorts/4ocqfNvvI_w,,,,
0152-7,4ocqfNvvI_w,Multiple-choice Question with a Single Correct Answer,Element Attributes,"What tool is used to fix the pages in the video?
A. Clamp
B. Elastic bands
C. Rubber band
D. Bendable retainer",32.81,"E. None of the above
Select one best answer to the above multiple-choice question based on the video. Respond with only the letter (A, B, C, D or E) of the correct option.",B,https://youtube.com/shorts/4ocqfNvvI_w,,,,
0154-0,PH3yeSEgiGE,Primary Open-ended Question,Positional Relationship,"In the video, with which hand does the adult man hand the white cutting board to the child?",30.12,Please state your answer with a brief explanation.,,https://youtube.com/shorts/PH3yeSEgiGE,,,,
0154-1,PH3yeSEgiGE,Paraphrased Open-ended Question,Positional Relationship,Which hand does the man use to pass the white cutting board to the child in the video?,30.12,Please state your answer with a brief explanation.,,https://youtube.com/shorts/PH3yeSEgiGE,,,,
0154-2,PH3yeSEgiGE,Correctly-led Open-ended Question,Positional Relationship,Does the man hand the white cutting board to the child using his left hand?,30.12,Please state your answer with a brief explanation.,,https://youtube.com/shorts/PH3yeSEgiGE,,,,
0154-3,PH3yeSEgiGE,Wrongly-led Open-ended Question,Positional Relationship,Does the man hand the white cutting board to the child using his right hand?,30.12,Please state your answer with a brief explanation.,,https://youtube.com/shorts/PH3yeSEgiGE,,,,
0154-7,PH3yeSEgiGE,Multiple-choice Question with a Single Correct Answer,Positional Relationship,"With which hand does the man hand the white cutting board to the child?
A. Neither hand
B. Left hand
C. Right hand
D. Both hands",30.12,"E. None of the above
Select one best answer to the above multiple-choice question based on the video. Respond with only the letter (A, B, C, D or E) of the correct option.",,https://youtube.com/shorts/PH3yeSEgiGE,,,,
0162-0,mLbuK7IU7_Y,Primary Open-ended Question,Event Counting,"How many times does the golfer in the video successfully hit the target?
",17.15,Please state your answer with a brief explanation.,"The golfer successfully hits the target 4 times. They hit the bell, an egg, a candle, and a Terry's chocolate orange.",https://www.youtube.com/shorts/mLbuK7IU7_Y,,,,
0162-1,mLbuK7IU7_Y,Paraphrased Open-ended Question,Event Counting,How many successful target hits does the golfer achieve in the video?,17.15,Please state your answer with a brief explanation.,"In the video, the golfer successfully hits 3 targets. The golfer strikes the bell, hits the water balloon, and extinguishes the candle with the golf ball.",https://www.youtube.com/shorts/mLbuK7IU7_Y,,,,
0162-2,mLbuK7IU7_Y,Correctly-led Open-ended Question,Event Counting,Does the golfer hit the target only once in the video?,17.15,Please state your answer with a brief explanation.,"No, the golfer hits the targets multiple times in the video. He hits a bell, an egg, a candle, a water balloon, an egg again, a golf ball, a glass of Guinness, another water balloon, a chocolate orange, another egg, and a golf ball again.",https://www.youtube.com/shorts/mLbuK7IU7_Y,,,,
0162-3,mLbuK7IU7_Y,Wrongly-led Open-ended Question,Event Counting,Does the golfer manage to hit the target 10 times in the video?,17.15,Please state your answer with a brief explanation.,"No, the golfer does not hit the target 10 times. I counted a total of 9 times where he successfully hit the target.",https://www.youtube.com/shorts/mLbuK7IU7_Y,,,,
0162-7,mLbuK7IU7_Y,Multiple-choice Question with a Single Correct Answer,Event Counting,"How many times does the golfer successfully hit the target in the video?
A. 0
B. 1
C. 10
D. 5",17.15,"E. None of the above
Select one best answer to the above multiple-choice question based on the video. Respond with only the letter (A, B, C, D or E) of the correct option.",B,https://www.youtube.com/shorts/mLbuK7IU7_Y,,,,
0167-0,C2JNR1EVPyM,Primary Open-ended Question,Character Reaction Causality,"Why is the woman in the video surprised?
",9.64,Please state your answer with a brief explanation.,The woman is surprised because a stick that she tried to break magically reappears in one piece. She probably thought that the stick would remain broken.,https://www.youtube.com/shorts/C2JNR1EVPyM,,,,
0167-1,C2JNR1EVPyM,Paraphrased Open-ended Question,Character Reaction Causality,What causes the woman in the video to feel astonished?,9.64,Please state your answer with a brief explanation.,The woman feels astonished because the man is able to reassemble the stick after he has seemingly broken it into two pieces.,https://www.youtube.com/shorts/C2JNR1EVPyM,,,,
0167-2,C2JNR1EVPyM,Correctly-led Open-ended Question,Character Reaction Causality,Is the woman surprised because the pencil remains unbroken despite the man's grip?,9.64,Please state your answer with a brief explanation.,"Yes, the woman does seem surprised because the pencil remains unbroken despite the man’s grip. At the end of the video, she opens her eyes and mouth wide, suggesting she wasn’t expecting the pencil to be intact.",https://www.youtube.com/shorts/C2JNR1EVPyM,,,,
0167-3,C2JNR1EVPyM,Wrongly-led Open-ended Question,Character Reaction Causality,Is a woman surprised that a man has managed to break a pencil with his hand?,9.64,Please state your answer with a brief explanation.,"Yes, the woman is surprised that the man has managed to break the pencil in half. She has a skeptical expression when he first presents the pencil, but after the man shows her the pencil has broken in half, her eyes widen and her mouth falls open in shock.",https://www.youtube.com/shorts/C2JNR1EVPyM,,,,
0167-7,C2JNR1EVPyM,Multiple-choice Question with a Single Correct Answer,Character Reaction Causality,"Why is the woman surprised in the video?
A. The pencil was bent.
B. The pencil remains unbroken.
C. The pencil is broken.
D. The man performs a magic trick.",9.64,"E. None of the above
Select one best answer to the above multiple-choice question based on the video. Respond with only the letter (A, B, C, D or E) of the correct option.",D,https://www.youtube.com/shorts/C2JNR1EVPyM,,,,
0169-0,fk5kAJj5io0,Primary Open-ended Question,Event Counting,"How many times does the woman pour juice into the mold in the video?
",33.44,Please state your answer with a brief explanation.,"The woman in the video pours juice into the mold three times. She pours orange, red, and green colored juice into the mold separately.",https://www.youtube.com/shorts/fk5kAJj5io0,,,,
0169-1,fk5kAJj5io0,Paraphrased Open-ended Question,Event Counting,How many times does the woman fill the mold with juice in the video?,33.44,Please state your answer with a brief explanation.,The woman fills the mold with juice 2 times in the video. You can see the woman filling the mold at [00:00:09]-[00:00:15].,https://www.youtube.com/shorts/fk5kAJj5io0,,,,
0169-2,fk5kAJj5io0,Correctly-led Open-ended Question,Event Counting,Does the woman pour juice into the mold twice in the video?,33.44,Please state your answer with a brief explanation.,"No, the woman pours juice into the mold only once in the video. She fills the mold with different colored juices, then removes the frozen popsicles at the end.",https://www.youtube.com/shorts/fk5kAJj5io0,,,,
0169-3,fk5kAJj5io0,Wrongly-led Open-ended Question,Event Counting,Does the woman pour juice into the mold three times in the video?,33.44,Please state your answer with a brief explanation.,The woman in the video pours juice into the mold only twice. She pours the orange juice and then the red juice before removing the frozen popsicles from the mold.,https://www.youtube.com/shorts/fk5kAJj5io0,,,,
0169-7,fk5kAJj5io0,Multiple-choice Question with a Single Correct Answer,Event Counting,"How many times does the woman pour juice into the mold in the video?
A. Twice
B. Once
C. Three times
D. Four times",33.44,"E. None of the above
Select one best answer to the above multiple-choice question based on the video. Respond with only the letter (A, B, C, D or E) of the correct option.",B,https://www.youtube.com/shorts/fk5kAJj5io0,,,,
0179-0,boEKlG35qHM,Primary Open-ended Question,Event Counting,How many times does the person cut the stem?,15.62,Please state your answer with a brief explanation.,,https://youtube.com/shorts/boEKlG35qHM,,,,
0179-1,boEKlG35qHM,Paraphrased Open-ended Question,Event Counting,How many times have the stems been cut?,15.62,Please state your answer with a brief explanation.,,https://youtube.com/shorts/boEKlG35qHM,,,,
0179-2,boEKlG35qHM,Correctly-led Open-ended Question,Event Counting,Does the person cut the stem with just one swing?,15.62,Please state your answer with a brief explanation.,,https://youtube.com/shorts/boEKlG35qHM,,,,
0179-3,boEKlG35qHM,Wrongly-led Open-ended Question,Event Counting,Does the person cut the stem a total of 10 times?,15.62,Please state your answer with a brief explanation.,,https://youtube.com/shorts/boEKlG35qHM,,,,
0179-7,boEKlG35qHM,Multiple-choice Question with a Single Correct Answer,Event Counting,"How many times does the person cut the stem?
A. Twice
B. 5 times
C. Once
D. 10 times",15.62,"E. None of the above
Select one best answer to the above multiple-choice question based on the video. Respond with only the letter (A, B, C, D or E) of the correct option.",,https://youtube.com/shorts/boEKlG35qHM,,,,
0198-0,j3cE7hoF5aI,Primary Open-ended Question,Element Counting,How many photos about “old me” are played in the video in total?,20.99,Please state your answer with a brief explanation.,There are 12 photos about “old me” in the video.,https://www.youtube.com/shorts/j3cE7hoF5aI,,,,
0198-1,j3cE7hoF5aI,Paraphrased Open-ended Question,Element Counting,What is the total number of photos labeled 'old me' shown in the video?,20.99,Please state your answer with a brief explanation.,There are 12 photos labeled 'old me' in the video. Each of these photos shows a different activity or success the person had in the past.,https://www.youtube.com/shorts/j3cE7hoF5aI,,,,
0198-2,j3cE7hoF5aI,Correctly-led Open-ended Question,Element Counting,Are there 12 photos labeled 'old me' in the video?,20.99,Please state your answer with a brief explanation.,There are 11 photos labeled 'old me' in the video.,https://www.youtube.com/shorts/j3cE7hoF5aI,,,,
0198-3,j3cE7hoF5aI,Wrongly-led Open-ended Question,Element Counting,Does the video include a photo of 'old me' reading a book at a desk twice?,20.99,Please state your answer with a brief explanation.,The video includes a photo of 'old me' reading a book at a desk twice. This is shown at [00:00:00] and [00:00:09].,https://www.youtube.com/shorts/j3cE7hoF5aI,,,,
0198-7,j3cE7hoF5aI,Multiple-choice Question with a Single Correct Answer,Element Counting,"How many photos labeled 'old me' are in the video?
A. 12
B. 11
C. 10
D. 13",20.99,"E. None of the above
Select one best answer to the above multiple-choice question based on the video. Respond with only the letter (A, B, C, D or E) of the correct option.",B,https://www.youtube.com/shorts/j3cE7hoF5aI,,,,
0217-0,C9yerI1NK7M,Primary Open-ended Question,Event Duration & Speed Attribute,How long did the time lapse of the demonstration of capillary action last precisely in physical time of the video?,15.0,Please state your answer with a brief explanation.,The time-lapse of the capillary action demonstration in the video lasts for approximately 6 seconds. This is because the video indicates “x8 Speed” as the water travels in that time.,https://www.youtube.com/shorts/C9yerI1NK7M,,,,
0217-1,C9yerI1NK7M,Paraphrased Open-ended Question,Event Duration & Speed Attribute,What was the exact duration of the capillary action demonstration in real time as shown in the video?,15.0,Please state your answer with a brief explanation.,"The capillary action demonstration appears in the video from [00:00:07] to [00:00:15]. However, at [00:00:09] it accelerates at 8X speed, so it would be 2 seconds in real time, for a total of 1.125 seconds as shown in the video.",https://www.youtube.com/shorts/C9yerI1NK7M,,,,
0217-2,C9yerI1NK7M,Correctly-led Open-ended Question,Event Duration & Speed Attribute,Did the time lapse of the capillary action demonstration last one hour and fifteen minutes according to the clock in the video?,15.0,Please state your answer with a brief explanation.,"No. According to the clock, the time lapse of the capillary action demonstration lasted approximately 1 hour and 3 minutes. The video shows the clock moving from about 11:08 to about 12:11.",https://www.youtube.com/shorts/C9yerI1NK7M,,,,
0217-3,C9yerI1NK7M,Wrongly-led Open-ended Question,Event Duration & Speed Attribute,Did the time lapse of the capillary action demonstration last precisely 2 hours as indicated by the clock in the video?,15.0,Please state your answer with a brief explanation.,"No, the time lapse of the capillary action demonstration did not last precisely two hours. The clock in the video begins at 11:00 AM and ends at 1:00 PM, suggesting the demonstration spanned two hours. However, the video indicates that the demonstration was running at 8x speed. Therefore, the actual duration would be much longer than two hours.",https://www.youtube.com/shorts/C9yerI1NK7M,,,,
0217-7,C9yerI1NK7M,Multiple-choice Question with a Single Correct Answer,Event Duration & Speed Attribute,"How long did the time lapse of the capillary action demonstration last in the video?
A. 2 hours
B. 1 hour and 15 minutes
C. 3 hours
D. 45 minutes",15.0,"E. None of the above
Select one best answer to the above multiple-choice question based on the video. Respond with only the letter (A, B, C, D or E) of the correct option.","The answer is **C**. At [00:00:11], it is indicated that the time-lapse speed is 8x. The clock on the left shows approximately 3 hours pass during the time-lapse.",https://www.youtube.com/shorts/C9yerI1NK7M,,,,
0242-0,tyz-WC0YVco,Primary Open-ended Question,Character Reaction Causality,"According to the video, what is the exact reason the two orange cats jumped away in the scene with a kitchen countertop and a person in a red hat?",60.05,Please state your answer with a brief explanation.,The two orange cats jumped away because the person wearing a red hat blew a party favor into the air.,https://www.youtube.com/shorts/tyz-WC0YVco,,,,
0242-1,tyz-WC0YVco,Paraphrased Open-ended Question,Character Reaction Causality,What caused the two orange cats to leap away in the kitchen scene with the person wearing a red hat?,60.05,Please state your answer with a brief explanation.,"The two orange cats leaped away in the kitchen scene because of a loud, sudden noise of a clapper. This likely startled them, triggering their instinctive fear response and causing them to flee.",https://www.youtube.com/shorts/tyz-WC0YVco,,,,
0242-2,tyz-WC0YVco,Correctly-led Open-ended Question,Character Reaction Causality,Did the two orange cats jump away because the person in the red hat used a party blower?,60.05,Please state your answer with a brief explanation.,"No, the two orange cats jumped away because someone used a party blower in their direction, not a person in a red hat.",https://www.youtube.com/shorts/tyz-WC0YVco,,,,
0242-3,tyz-WC0YVco,Wrongly-led Open-ended Question,Character Reaction Causality,Did the two orange cats jump away because they were frightened by a toy snake?,60.05,Please state your answer with a brief explanation.,"Here’s the answer to your question.

Yes, the two orange cats did jump away because they were frightened by what appears to be a toy snake. This can be seen in the initial frames of the video.",https://www.youtube.com/shorts/tyz-WC0YVco,,,,
0242-7,tyz-WC0YVco,Multiple-choice Question with a Single Correct Answer,Character Reaction Causality,"What made the two orange cats jump away in the kitchen scene?
A. A toy snake
B. A loud noise
C. A sudden light
D. A party blower",60.05,"E. None of the above
Select one best answer to the above multiple-choice question based on the video. Respond with only the letter (A, B, C, D or E) of the correct option.",B,https://www.youtube.com/shorts/tyz-WC0YVco,,,,
0248-0,jfE_el65Sv0,Primary Open-ended Question,Local Event Attribute,What is the person in the foreground doing in the video?,12.16,Please state your answer with a brief explanation.,"The person in the foreground is painting a realistic portrait of a woman, adding details like water droplets on her face with a fine brush.",https://youtube.com/shorts/jfE_el65Sv0,,,,
0248-1,jfE_el65Sv0,Paraphrased Open-ended Question,Local Event Attribute,What activity is the person in the foreground engaged in during the video?,12.16,Please state your answer with a brief explanation.,"The person in the foreground appears to be having their portrait painted. They are still, looking directly at the camera, as another person adds details to the painting.",https://youtube.com/shorts/jfE_el65Sv0,,,,
0248-2,jfE_el65Sv0,Correctly-led Open-ended Question,Local Event Attribute,Is the person in the foreground painting a hyperrealistic image of a wet-haired woman?,12.16,Please state your answer with a brief explanation.,"Yes, the person in the foreground is painting a hyperrealistic image of a woman with wet hair. The level of detail in the painting, including the water droplets and the woman's features, suggests a hyperrealistic style.",https://youtube.com/shorts/jfE_el65Sv0,,,,
0248-3,jfE_el65Sv0,Wrongly-led Open-ended Question,Local Event Attribute,"Is the person in the foreground under running water, as suggested by the water droplets on their face?",12.16,Please state your answer with a brief explanation.,"The person in the foreground is not under running water. The water droplets on their face appear to be artistically added using paint, as indicated by the hand holding a paintbrush and carefully placing a droplet on the person's nose.",https://youtube.com/shorts/jfE_el65Sv0,,,,
0248-7,jfE_el65Sv0,Multiple-choice Question with a Single Correct Answer,Local Event Attribute,"What is the person in the foreground doing?
A. Applying makeup
B. Painting a image
C. Taking a shower
D. Sleeping",12.16,"E. None of the above
Select one best answer to the above multiple-choice question based on the video. Respond with only the letter (A, B, C, D or E) of the correct option.",B,https://youtube.com/shorts/jfE_el65Sv0,,,,
0251-0,#NAME?,Primary Open-ended Question,Objective Causality,"At the end of the video, why does the ball fall off the disc?",,Please state your answer with a brief explanation.,"Sure! At the end of the video, the ball falls off the disc due to the individual efforts of the mechanical figures that support it. These figures are constantly trying to lift themselves to claim the head represented by the ball, and when they do, the table tilts. This tilt causes the ball to roll away, ultimately leading it to fall off the edge of the disc.",https://youtube.com/shorts/-HAFFvsDCr4,,,,
0251-1,#NAME?,Paraphrased Open-ended Question,Objective Causality,What causes the ball to fall off the disc at the end of the video?,,Please state your answer with a brief explanation.,"Okay, here is the answer:

The ball falls off the disc because one of the figures made of straw that balances the disc attempts to lift itself up to claim the ball. This causes the table to tilt, which makes the ball roll off the disc's edge.",https://youtube.com/shorts/-HAFFvsDCr4,,,,
0251-2,#NAME?,Correctly-led Open-ended Question,Objective Causality,Did the ball fall off the disc because it was thrown and inertia carried it to the edge?,,Please state your answer with a brief explanation.,"No, the ball falls off the disc because the straw figures holding the disc are mechanically manipulated to tilt the platform when they raise to ""claim the head"" causing the ball to roll off.",https://youtube.com/shorts/-HAFFvsDCr4,,,,
0251-3,#NAME?,Wrongly-led Open-ended Question,Objective Causality,"Did the ball fall off the disc because the disc was tilted, causing it to roll off due to gravity?",,Please state your answer with a brief explanation.,"Here's the answer to your question:

Yes, the ball fell off the disc because the disc was tilted due to the mechanical figures lifting up, leading the ball to roll off due to gravity.",https://youtube.com/shorts/-HAFFvsDCr4,,,,
0251-7,#NAME?,Multiple-choice Question with a Single Correct Answer,Objective Causality,"Why does the ball fall off the disc at the end of the video?
A. The disc stops spinning.
B. A girl throws the ball, and inertia carries it to the edge.
C. The straw figures have moved and pushed it off.
D. The disc is tilted.",,"E. None of the above
Select one best answer to the above multiple-choice question based on the video. Respond with only the letter (A, B, C, D or E) of the correct option.",D,https://youtube.com/shorts/-HAFFvsDCr4,,,,
0256-0,uPIpFgh_DPU,Primary Open-ended Question,Event Counting,How many times does the ping-pong ball bounce on the ground in total?,15.35,Please state your answer with a brief explanation.,"Okay, here's the breakdown:

The ping-pong ball bounces a total of 14 times on the ground. Each time it hits a stair.",https://www.youtube.com/shorts/uPIpFgh_DPU,,,,
0256-1,uPIpFgh_DPU,Paraphrased Open-ended Question,Event Counting,What is the total number of times the ping-pong ball hits the ground?,15.35,Please state your answer with a brief explanation.,The ping-pong ball hits the ground a total of 11 times. The ball is dropped at the top of the stairs and bounces down each step until it comes to a stop.,https://www.youtube.com/shorts/uPIpFgh_DPU,,,,
0256-2,uPIpFgh_DPU,Correctly-led Open-ended Question,Event Counting,Does the ping-pong ball bounce 17 times on the ground before entering the cup?,15.35,Please state your answer with a brief explanation.,"No, the ping-pong ball doesn't bounce 17 times on the ground before entering the cup. By counting each bounce shown in the video, it's evident that the ball bounces only 14 times.",https://www.youtube.com/shorts/uPIpFgh_DPU,,,,
0256-3,uPIpFgh_DPU,Wrongly-led Open-ended Question,Event Counting,Does the ping-pong ball bounce 15 times on the ground as it descends the stairs?,15.35,Please state your answer with a brief explanation.,"No, the ping-pong ball does not bounce 15 times on the ground as it descends the stairs. It bounces 12 times.",https://www.youtube.com/shorts/uPIpFgh_DPU,,,,
0256-7,uPIpFgh_DPU,Multiple-choice Question with a Single Correct Answer,Event Counting,"How many times does the ping-pong ball bounce on the ground before entering the cup?
A. 13
B. 10
C. 19
D. 17",15.35,"E. None of the above
Select one best answer to the above multiple-choice question based on the video. Respond with only the letter (A, B, C, D or E) of the correct option.",D,https://www.youtube.com/shorts/uPIpFgh_DPU,,,,
0259-0,rVfKtPLVaLw,Primary Open-ended Question,Positional Relationship,Which hand did the man use to throw away his hat?,12.52,Please state your answer with a brief explanation.,The man used his right hand to throw away his hat. You can see him on the right side of the screen removing his hat and throwing it with his right arm.,https://www.youtube.com/shorts/rVfKtPLVaLw,,,,
0259-1,rVfKtPLVaLw,Paraphrased Open-ended Question,Positional Relationship,With which hand did the man discard his hat?,12.52,Please state your answer with a brief explanation.,"The man discarded his hat with his right hand. Right after he hits the ball, he yells ""No"" and throws the hat away with his right hand.",https://www.youtube.com/shorts/rVfKtPLVaLw,,,,
0259-2,rVfKtPLVaLw,Correctly-led Open-ended Question,Positional Relationship,Did the man use his left hand to throw away his hat after failing to score?,12.52,Please state your answer with a brief explanation.,"The answer is yes. After failing to score, the man is seen throwing his hat away with his left hand.",https://www.youtube.com/shorts/rVfKtPLVaLw,,,,
0259-3,rVfKtPLVaLw,Wrongly-led Open-ended Question,Positional Relationship,Did the man use his right hand to throw away his hat?,12.52,Please state your answer with a brief explanation.,"Yes, based on the video, the man throws his hat with his right hand after missing a putt.",https://www.youtube.com/shorts/rVfKtPLVaLw,,,,
0259-7,rVfKtPLVaLw,Multiple-choice Question with a Single Correct Answer,Positional Relationship,"Which hand did the man use to throw away his hat?
A. Both hands
B. Neither hand
C. Left hand
D. Right hand",12.52,"E. None of the above
Select one best answer to the above multiple-choice question based on the video. Respond with only the letter (A, B, C, D or E) of the correct option.",D,https://www.youtube.com/shorts/rVfKtPLVaLw,,,,
0266-0,9yC-paTJvkE,Primary Open-ended Question,Positional Relationship,Which thumb is the yellow rubber band fully looped around?,19.03,Please state your answer with a brief explanation.,"Okay, here's the answer:

The yellow rubber band is looped around the left thumb. Looking at the video, at the beginning, the rubber band is clearly seen wrapped around the left thumb and an adjacent finger. Then the rubber band suddenly switches places to the right fingers.",https://www.youtube.com/shorts/9yC-paTJvkE,,,,
0266-1,9yC-paTJvkE,Paraphrased Open-ended Question,Positional Relationship,Around which thumb is the yellow rubber band completely wrapped?,19.03,Please state your answer with a brief explanation.,"The yellow rubber band is completely wrapped around the left thumb. The video shows the rubber band initially being placed around the thumb, and the following sequence of manipulations does not remove the band from the thumb.",https://www.youtube.com/shorts/9yC-paTJvkE,,,,
0266-2,9yC-paTJvkE,Correctly-led Open-ended Question,Positional Relationship,Is the yellow rubber band fully looped around the left thumb?,19.03,Please state your answer with a brief explanation.,"Yes, the yellow rubber band is initially fully looped around the left thumb, before moving to the base of the fingers and finally the wrist.",https://www.youtube.com/shorts/9yC-paTJvkE,,,,
0266-3,9yC-paTJvkE,Wrongly-led Open-ended Question,Positional Relationship,Is the yellow rubber band fully looped around the right thumb?,19.03,Please state your answer with a brief explanation.,"Yes, the yellow rubber band is fully looped around the right thumb. It is visible in the initial frames of the video.",https://www.youtube.com/shorts/9yC-paTJvkE,,,,
0266-7,9yC-paTJvkE,Multiple-choice Question with a Single Correct Answer,Positional Relationship,"Which thumb is the yellow rubber band fully looped around?
A. Neither thumb
B. Both thumbs
C. Right thumb
D. Left thumb",19.03,"E. None of the above
Select one best answer to the above multiple-choice question based on the video. Respond with only the letter (A, B, C, D or E) of the correct option.",B,https://www.youtube.com/shorts/9yC-paTJvkE,,,,
0267-0,Drp2PBktp7U,Primary Open-ended Question,Element Attributes (Optical Illusion),What is the first person in the video doing?,16.04,Please state your answer with a brief explanation.,The first person in the video is pretending to hang on the court markings. This is achieved through a clever camera angle.,https://www.youtube.com/shorts/Drp2PBktp7U,,,,
0267-1,Drp2PBktp7U,Paraphrased Open-ended Question,Element Attributes (Optical Illusion),What action is the first person in the video performing?,16.04,Please state your answer with a brief explanation.,"The first person in the video appears to be hanging from a white bar, possibly performing a gymnastic move.",https://www.youtube.com/shorts/Drp2PBktp7U,,,,
0267-2,Drp2PBktp7U,Correctly-led Open-ended Question,Element Attributes (Optical Illusion),Is the person in the video creating an illusion by laying on the basketball court?,16.04,Please state your answer with a brief explanation.,"Yes, the person in the video is most likely creating an illusion by laying on the basketball court. By positioning themselves in a specific way and having the camera angle looking down, it creates the illusion that they are hanging from the line.",https://www.youtube.com/shorts/Drp2PBktp7U,,,,
0267-3,Drp2PBktp7U,Wrongly-led Open-ended Question,Element Attributes (Optical Illusion),Is the person in the video jumping or leaping in the air?,16.04,Please state your answer with a brief explanation.,The person in the video is jumping. A jump involves using both feet to propel oneself off the ground.,https://www.youtube.com/shorts/Drp2PBktp7U,,,,
0267-7,Drp2PBktp7U,Multiple-choice Question with a Single Correct Answer,Element Attributes (Optical Illusion),"What is the first person in the video doing?
A. Laying down on a basketball court.
B. Sitting on the ground.
C. Jumping in the air.
D. Running across the court.",16.04,"E. None of the above
Select one best answer to the above multiple-choice question based on the video. Respond with only the letter (A, B, C, D or E) of the correct option.",C,https://www.youtube.com/shorts/Drp2PBktp7U,,,,
0273-0,zn3MNXMIdDk,Primary Open-ended Question,Element Attributes,"After solving the Rubik's Cube, which color is facing up?",11.82,Please state your answer with a brief explanation.,"Certainly! After solving the Rubik's Cube in the video, the color facing up is white.

The traditional color scheme for a Rubik's Cube places the white face opposite the yellow face. When a cube is solved using the standard color scheme, the white face is generally oriented upward.",https://www.youtube.com/shorts/zn3MNXMIdDk,,,,
0273-1,zn3MNXMIdDk,Paraphrased Open-ended Question,Element Attributes,What color is on the top face of the Rubik's Cube after it is solved?,11.82,Please state your answer with a brief explanation.,"Certainly! Here's the answer to your question:

The color on the top face of a solved Rubik's Cube is **white**. 

Each face of a Rubik's Cube is a different color, and by convention, the white side is usually placed on top when solving it.",https://www.youtube.com/shorts/zn3MNXMIdDk,,,,
0273-2,zn3MNXMIdDk,Correctly-led Open-ended Question,Element Attributes,Is the top color of the solved Rubik's Cube white?,11.82,Please state your answer with a brief explanation.,"Generally, yes, the top color of a solved Rubik's Cube is white. This is because the standard color scheme is white opposite yellow, blue opposite green, and red opposite orange. The white center piece is usually positioned on top in the solved state.",https://www.youtube.com/shorts/zn3MNXMIdDk,,,,
0273-3,zn3MNXMIdDk,Wrongly-led Open-ended Question,Element Attributes,Is the top color of the solved Rubik's Cube yellow?,11.82,Please state your answer with a brief explanation.,"Generally, yes, the top color of a solved Rubik's Cube is usually yellow. This is due to the standard color scheme used by most manufacturers, where yellow is opposite white.",https://www.youtube.com/shorts/zn3MNXMIdDk,,,,
0273-7,zn3MNXMIdDk,Multiple-choice Question with a Single Correct Answer,Element Attributes,"What color is facing up on the solved Rubik's Cube?
A. Yellow
B. White
C. Blue
D. Green",11.82,"E. None of the above
Select one best answer to the above multiple-choice question based on the video. Respond with only the letter (A, B, C, D or E) of the correct option.",A,https://www.youtube.com/shorts/zn3MNXMIdDk,,,,
0274-0,GYTGrhKbo0g,Primary Open-ended Question,Element Counting,How many people appear in the video in total?,22.04,Please state your answer with a brief explanation.,There are 7 people in the video. This is because you can see 7 dancers performing the dance routine.,https://www.youtube.com/shorts/GYTGrhKbo0g,,,,
0274-1,GYTGrhKbo0g,Paraphrased Open-ended Question,Element Counting,What is the total number of individuals visible in the video?,22.04,Please state your answer with a brief explanation.,There are six people visible in the video. They are all participating in a dance routine.,https://www.youtube.com/shorts/GYTGrhKbo0g,,,,
0274-2,GYTGrhKbo0g,Correctly-led Open-ended Question,Element Counting,"Is the total number of people in the video seven, considering the changes in camera angles and dance movements?",22.04,Please state your answer with a brief explanation.,"Based on the video, there are six dancers visible. Therefore, the statement ""the total number of people in the video is seven"" is incorrect.",https://www.youtube.com/shorts/GYTGrhKbo0g,,,,
0274-3,GYTGrhKbo0g,Wrongly-led Open-ended Question,Element Counting,"Is the total number of people in the video six, based on the visible individuals in the frames?",22.04,Please state your answer with a brief explanation.,"Based on the images, there are six individuals visible. The dancers are uniformly dressed in black and appear to be rehearsing a dance routine in a studio.",https://www.youtube.com/shorts/GYTGrhKbo0g,,,,
0274-7,GYTGrhKbo0g,Multiple-choice Question with a Single Correct Answer,Element Counting,"How many people are in the video?
A. Six
B. Eight
C. Seven
D. Five",22.04,"E. None of the above
Select one best answer to the above multiple-choice question based on the video. Respond with only the letter (A, B, C, D or E) of the correct option.",A,https://www.youtube.com/shorts/GYTGrhKbo0g,,,,
0276-0,PZad6gF_4Kk,Primary Open-ended Question,Objective Causality (Videography Phenomenon & Illusion),Is there any video editing effects used to help make the illusion believable?,14.98,Please state your answer with a brief explanation.,"Here's my assessment:

No, it does not appear that video editing effects were used. The illusion of the drawing is created by the angles the drawing is shown on camera.",https://www.youtube.com/shorts/PZad6gF_4Kk,,,,
0276-1,PZad6gF_4Kk,Paraphrased Open-ended Question,Objective Causality (Videography Phenomenon & Illusion),What techniques are used to create the illusion of the pen passing under the cube?,14.98,Please state your answer with a brief explanation.,"Certainly! Here's an explanation of the illusion used in the video:

**Perspective and Drawing Technique:**

The cube is drawn using forced perspective, which makes it appear as though it is popping off the paper when viewed from a specific angle. The shading on the sides of the cube and the shadow drawn beneath it enhance this three-dimensional effect.  The shadow under the cube gives it the appearance of floating slightly above the surface.

**Camera Angle and Placement of Objects:**

The camera is positioned precisely so that when the pen is moved, it visually aligns with the edges and depth cues of the drawing. This placement is critical to make the pen appear to move behind the cube.

**Reveal:**

The illusion breaks once the cube is lifted. This reveals that it is merely a two-dimensional drawing that has been enhanced to appear three-dimensional from the right angle.",https://www.youtube.com/shorts/PZad6gF_4Kk,,,,
0276-2,PZad6gF_4Kk,Correctly-led Open-ended Question,Objective Causality (Videography Phenomenon & Illusion),Does the illusion rely on video editing effects like masking to make the pen appear to pass under the cube?,14.98,Please state your answer with a brief explanation.,"The illusion in the video likely does not rely on video editing effects like masking. The effect of the pencil passing under the cube seems to be created by a combination of perspective drawing and camera angle. When the camera is positioned in a specific spot, the drawing aligns visually in a way that makes the cube appear three-dimensional. The pencil is, in reality, only touching or moving across the drawing on the surface of the paper, but it's viewed from an angle that makes it look like it's going underneath the cube.  The fact that it is actually a folded paper, and not a flat drawing, proves this fact.",https://www.youtube.com/shorts/PZad6gF_4Kk,,,,
0276-3,PZad6gF_4Kk,Wrongly-led Open-ended Question,Objective Causality (Videography Phenomenon & Illusion),Is the illusion created solely through skillful drawing and perspective without any video editing?,14.98,Please state your answer with a brief explanation.,"From the video, here's my assessment:

No, the illusion isn't solely based on drawing and perspective. The video reveals that the '3D cube' is actually a drawn shape that is folded into that cube form.",https://www.youtube.com/shorts/PZad6gF_4Kk,,,,
0276-7,PZad6gF_4Kk,Multiple-choice Question with a Single Correct Answer,Objective Causality (Videography Phenomenon & Illusion),"What techniques are used to create the illusion of the pen passing under the cube?
A. Only skillful drawing and perspective
B. Video editing effects and skillful drawing
C. None of the above
D. Only video editing effects",14.98,"E. None of the above
Select one best answer to the above multiple-choice question based on the video. Respond with only the letter (A, B, C, D or E) of the correct option.",A,https://www.youtube.com/shorts/PZad6gF_4Kk,,,,
0278-0,JsAcQsidyIA,Primary Open-ended Question,Element Attributes,What color is the writing on the paper in the video?,46.23,Please state your answer with a brief explanation.,The writing on the paper in the video is red. This is because the writer used a red sharpie pen to write the polynomials.,https://www.youtube.com/shorts/JsAcQsidyIA,,,,
0278-1,JsAcQsidyIA,Paraphrased Open-ended Question,Element Attributes,What is the color of the text written on the paper in the video?,46.23,Please state your answer with a brief explanation.,"Okay, I can help you with that!

The color of the text written on the paper is red. This is evident from looking at the first two lines of the text, and all of the calculations on the paper.",https://www.youtube.com/shorts/JsAcQsidyIA,,,,
0278-2,JsAcQsidyIA,Correctly-led Open-ended Question,Element Attributes,Is the writing on the paper in the video orange?,46.23,Please state your answer with a brief explanation.,"Yes, the writing on the paper in the video is orange. This can be seen by observing the hand writing on the paper with an orange marker.",https://www.youtube.com/shorts/JsAcQsidyIA,,,,
0278-3,JsAcQsidyIA,Wrongly-led Open-ended Question,Element Attributes,Is the writing on the paper in the video red?,46.23,Please state your answer with a brief explanation.,"Sure! Here is my answer:
No, the writing on the paper in the video is not red, it is primarily written in black. Although, the answer is underlined in red at the end of the video.",https://www.youtube.com/shorts/JsAcQsidyIA,,,,
0278-7,JsAcQsidyIA,Multiple-choice Question with a Single Correct Answer,Element Attributes,"What color is the writing on the paper in the video?
A. Orange
B. Blue
C. Red
D. Green",46.23,"E. None of the above
Select one best answer to the above multiple-choice question based on the video. Respond with only the letter (A, B, C, D or E) of the correct option.",C,https://www.youtube.com/shorts/JsAcQsidyIA,,,,
0288-0,CiUsdzLLbuE,Primary Open-ended Question,Plot Attribute,Which knife in the video is not easy to use?,60.05,Please state your answer with a brief explanation.,"Of course! Here's the answer to your question:

The knife that is not easy to use in the video is the sword-like cleaver. This is because the knife required too much force for the person using it to cut the bone properly.",https://www.youtube.com/shorts/CiUsdzLLbuE,,,,
0288-1,CiUsdzLLbuE,Paraphrased Open-ended Question,Plot Attribute,Which knife in the video is difficult to use?,60.05,Please state your answer with a brief explanation.,"The ""Made In China"" knife appears to be difficult to use as the man had to apply much more force than he did with the previous knife to cut through the towel. The man said, ""it is better than mine? I'm monopolizing the market with this sh*t. One slice and we good boy."" This implies that the knife may not have been as sharp as his own, thereby proving it more difficult to use than his own.",https://www.youtube.com/shorts/CiUsdzLLbuE,,,,
0288-2,CiUsdzLLbuE,Correctly-led Open-ended Question,Plot Attribute,Is the knife with the darker black steel part in the video the one that is not easy to use?,60.05,Please state your answer with a brief explanation.,"Here is the answer to your question.

Yes, the knife with the darker black steel part is the one that the man says is not as easy to use. He demonstrates this by showing that it took him one slice to cut through a towel with the first knife, but the woman has trouble even making one cut with the second knife.",https://www.youtube.com/shorts/CiUsdzLLbuE,,,,
0288-3,CiUsdzLLbuE,Wrongly-led Open-ended Question,Plot Attribute,Is the lighter silver steel knife the one that is not easy to use?,60.05,Please state your answer with a brief explanation.,"Yes, the lighter silver steel knife is not easy to use. The man in the video shows that he had a hard time trying to cut a very large animal bone with the lighter knife but could easily cut it with the dark steel knife.",https://www.youtube.com/shorts/CiUsdzLLbuE,,,,
0288-7,CiUsdzLLbuE,Multiple-choice Question with a Single Correct Answer,Plot Attribute,"Which knife is not easy to use in the video?
A. The one with a wooden handle.
B. The one with the darker black part.
C. The one used at the end.
D. The one used to cut through the large bone.",60.05,"E. None of the above
Select one best answer to the above multiple-choice question based on the video. Respond with only the letter (A, B, C, D or E) of the correct option.",C,https://www.youtube.com/shorts/CiUsdzLLbuE,,,,
0291-0,#NAME?,Primary Open-ended Question,Professional Knowledge,What caused the rotational movement of the metal rod?,,Please state your answer with a brief explanation.,"The rotational movement of the metal rod is caused by the movement of electrons. The device generates an electromagnetic field that pushes the free electrons in the rod, causing it to rotate.",https://www.youtube.com/shorts/-M7VdrQpWps,,,,
0291-1,#NAME?,Paraphrased Open-ended Question,Professional Knowledge,What initiated the rotational movement of the metal rod and how did it continue?,,Please state your answer with a brief explanation.,"The rotational movement of the metal rod in the video is initiated by the electrostatic force or corona wind generated by the high-voltage discharge from the device. This force pushes against the rod, causing it to begin rotating. The rotation then continues due to the balanced and continuous production of electrostatic force that creates a sustained torque.",https://www.youtube.com/shorts/-M7VdrQpWps,,,,
0291-2,#NAME?,Correctly-led Open-ended Question,Professional Knowledge,Did the initial rotation of the metal rod start because a human plucked it?,,Please state your answer with a brief explanation.,"No, the initial rotation of the metal rod did not start because a human plucked it. The rotation occurs as a result of the electrical discharge, causing it to spin freely.",https://www.youtube.com/shorts/-M7VdrQpWps,,,,
0291-3,#NAME?,Wrongly-led Open-ended Question,Professional Knowledge,Was the rotational movement of the metal rod caused solely by the interaction between the electric field and the metal rod?,,Please state your answer with a brief explanation.,"Here's the answer:

No, the rotational movement of the metal rod was not caused solely by the interaction between the electric field and the metal rod. The rotation is caused by the electric field pushing on the surrounding air molecules, creating a breeze or electric wind, which causes the movement. If it was purely electric field and the metal rod, rotation would not be expected.",https://www.youtube.com/shorts/-M7VdrQpWps,,,,
0291-7,#NAME?,Multiple-choice Question with a Single Correct Answer,Professional Knowledge,"What caused the rotational movement of the metal rod?
A. The interaction between the electric field and the metal rod.
B. The electromagnetic force generated by the Tesla coil.
C. A human plucking it and electric field forces.
D. The electric current flowing through it",,"E. None of the above
Select one best answer to the above multiple-choice question based on the video. Respond with only the letter (A, B, C, D or E) of the correct option.",B,https://www.youtube.com/shorts/-M7VdrQpWps,,,,
0292-0,Kv7s88uX0ek,Primary Open-ended Question,Element Counting,How many vehicles are behind the bus?,10.65,Please state your answer with a brief explanation.,"There appear to be two vehicles behind the bus.

At [00:00:05-00:00:06] there appear to be one red car and one white car behind the bus.",https://www.youtube.com/shorts/Kv7s88uX0ek,,,,
0292-1,Kv7s88uX0ek,Paraphrased Open-ended Question,Element Counting,What is the number of vehicles following the bus?,10.65,Please state your answer with a brief explanation.,"Certainly! Let's analyze the video.

Based on the video, there is **one vehicle** following the bus. This can be seen as another car passes in the opposite direction just after the bus.",https://www.youtube.com/shorts/Kv7s88uX0ek,,,,
0292-2,Kv7s88uX0ek,Correctly-led Open-ended Question,Element Counting,Is there only one vehicle behind the bus after it passes?,10.65,Please state your answer with a brief explanation.,"No, there is more than one vehicle behind the bus after it passes. After the bus passes, the video shows both a red car and a white car passing the camera.",https://www.youtube.com/shorts/Kv7s88uX0ek,,,,
0292-3,Kv7s88uX0ek,Wrongly-led Open-ended Question,Element Counting,"Are there two vehicles following the bus, as seen by two sets of headlights?",10.65,Please state your answer with a brief explanation.,"Yes, there appear to be two vehicles following the bus, as seen by the two sets of headlight trails in the final frame of the video.",https://www.youtube.com/shorts/Kv7s88uX0ek,,,,
0292-7,Kv7s88uX0ek,Multiple-choice Question with a Single Correct Answer,Element Counting,"How many vehicles are behind the bus?
A. One
B. None
C. Three
D. Two",10.65,"E. None of the above
Select one best answer to the above multiple-choice question based on the video. Respond with only the letter (A, B, C, D or E) of the correct option.",A,https://www.youtube.com/shorts/Kv7s88uX0ek,,,,
0295-0,uXbIuOImCmM,Primary Open-ended Question,Event Counting,How many methods did the person holding the yellow bag try?,26.01,Please state your answer with a brief explanation.,"The person holding the yellow bag tried two methods: one unsuccessful, and one successful. At first they try pouring the contents of the bag into the mustard container, but it won't go in. They remove the lid, and try pouring it in again, this time successfully filling the container.",https://www.youtube.com/shorts/uXbIuOImCmM,,,,
0295-1,uXbIuOImCmM,Paraphrased Open-ended Question,Event Counting,How many techniques did the person with the yellow bag attempt?,26.01,Please state your answer with a brief explanation.,"The person with the yellow bag attempted two techniques to fill the mustard bottle. At first, she tries to directly pour the mustard into the bottle by turning it upside down. After that does not work, she removes the top of the bottle so her co-worker is able to fill the bottle.",https://www.youtube.com/shorts/uXbIuOImCmM,,,,
0295-2,uXbIuOImCmM,Correctly-led Open-ended Question,Event Counting,Did the person with the yellow bag try two methods to pour the contents?,26.01,Please state your answer with a brief explanation.,"Yes, the person with the yellow bag tries two methods to pour the contents. First, they try to squeeze the bag into the bottle, but that doesn't work. Then, they remove the cap from the bottle and squeeze the contents into the bottle.",https://www.youtube.com/shorts/uXbIuOImCmM,,,,
0295-3,uXbIuOImCmM,Wrongly-led Open-ended Question,Event Counting,Did the person with the yellow bag try three methods to pour the contents?,26.01,Please state your answer with a brief explanation.,"Yes, the person with the yellow bag tried three methods to pour the contents. The first time the lid was on the bottle. The second time the lid was off. The third time they pour it while slightly tilting the bottle.",https://www.youtube.com/shorts/uXbIuOImCmM,,,,
0295-7,uXbIuOImCmM,Multiple-choice Question with a Single Correct Answer,Event Counting,"How many methods did the person with the yellow bag try?
A. Three
B. Two
C. Four
D. One",26.01,"E. None of the above
Select one best answer to the above multiple-choice question based on the video. Respond with only the letter (A, B, C, D or E) of the correct option.",B,https://www.youtube.com/shorts/uXbIuOImCmM,,,,
0296-0,uAzw77AjDyc,Primary Open-ended Question,Objective Causality,Why doesn't the man catch the blue pants on his first attempt?,15.06,Please state your answer with a brief explanation.,"Sure, here's why the man doesn't catch the blue pants on his first attempt.

The man is unable to catch the blue pants because they have shrunk in the wash. He holds up a doll-sized pair of blue pants as evidence.",https://www.youtube.com/shorts/uAzw77AjDyc,,,,
0296-1,uAzw77AjDyc,Paraphrased Open-ended Question,Objective Causality,What causes the man to miss catching the blue pants on his first try?,15.06,Please state your answer with a brief explanation.,"The man misses catching the blue pants on his first try because they shrunk in the wash. The man can be heard exclaiming, ""Shrunk in the wash!"" after noticing the pants’ minuscule size.",https://www.youtube.com/shorts/uAzw77AjDyc,,,,
0296-2,uAzw77AjDyc,Correctly-led Open-ended Question,Objective Causality,Is the reason the man misses the blue pants on his first attempt due to a visual illusion?,15.06,Please state your answer with a brief explanation.,"No, the reason the man misses the blue pants on his first attempt is not due to a visual illusion. He simply misses the hook when he tries to hang them.",https://www.youtube.com/shorts/uAzw77AjDyc,,,,
0296-3,uAzw77AjDyc,Wrongly-led Open-ended Question,Objective Causality,Is the reason the man doesn't catch the blue pants on his first attempt because they are a painted object?,15.06,Please state your answer with a brief explanation.,"No, the reason the man doesn't catch the blue pants on his first attempt is because the clothes have shrunk in the wash. He pulls out a miniature pair of blue pants from the laundry basket and exclaims, ""Shrunk in the wash!"".",https://www.youtube.com/shorts/uAzw77AjDyc,,,,
0296-7,uAzw77AjDyc,Multiple-choice Question with a Single Correct Answer,Objective Causality,"Why doesn't the man catch the blue pants on his first attempt?
A. He is not paying attention.
B. He is distracted by the children playing and loses focus.
C. They are not real pants.
D. They are hanging diagonally.",15.06,"E. None of the above
Select one best answer to the above multiple-choice question based on the video. Respond with only the letter (A, B, C, D or E) of the correct option.",C,https://www.youtube.com/shorts/uAzw77AjDyc,,,,
0303-0,c1gl0Qahgdw,Primary Open-ended Question,Local Event Attribute,How does the man finally stop cycling?,14.76,Please state your answer with a brief explanation.,"Here is the answer:

The cyclist stops riding when he crashes after attempting to perform a front flip with his bicycle. After falling to the ground with his bike, he gets up and begins to celebrate, indicating he stopped cycling after the crash.",https://www.youtube.com/shorts/c1gl0Qahgdw,,,,
0303-1,c1gl0Qahgdw,Paraphrased Open-ended Question,Local Event Attribute,What does the man do to bring his cycling to a halt?,14.76,Please state your answer with a brief explanation.,"The man dismounts his bike upon landing and drops it, then continues on foot. After a successful display of cycling stunts, the cyclist gets off his bike after landing on the ground and then lets it drop before continuing on foot to celebrate.",https://www.youtube.com/shorts/c1gl0Qahgdw,,,,
0303-2,c1gl0Qahgdw,Correctly-led Open-ended Question,Local Event Attribute,Does the man stop cycling by jumping off his bike and crashing into a cushion?,14.76,Please state your answer with a brief explanation.,"No, the man does not stop cycling by jumping off his bike and crashing into a cushion. After performing a trick on his bicycle in the air, he lands safely on a ramp, and then jumps off his bicycle onto the cushion.",https://www.youtube.com/shorts/c1gl0Qahgdw,,,,
0303-3,c1gl0Qahgdw,Wrongly-led Open-ended Question,Local Event Attribute,Does the man stop cycling by dismounting and walking away?,14.76,Please state your answer with a brief explanation.,"Yes, the man stops cycling by dismounting after landing a trick, and then he walks away.",https://www.youtube.com/shorts/c1gl0Qahgdw,,,,
0303-7,c1gl0Qahgdw,Multiple-choice Question with a Single Correct Answer,Local Event Attribute,"How does the man finally stop cycling?
A. By riding into a wall.
B. By dismounting and walking away.
C. By jumping off his bike and crashing into a cushion.
D. By slowing down and stepping off.",14.76,"E. None of the above
Select one best answer to the above multiple-choice question based on the video. Respond with only the letter (A, B, C, D or E) of the correct option.",C,https://www.youtube.com/shorts/c1gl0Qahgdw,,,,
0304-0,bc-OoJrrMuk,Primary Open-ended Question,Element Counting,How many layer of paper does the person initially write on?,15.72,Please state your answer with a brief explanation.,"From what is displayed, the person initially writes on one layer of paper. The first shot is of the person writing on what is clearly one sheet of paper, and the man in the top portion of the video questions the drawer's drawing on ""two different pieces of paper."" But at the end of the video, when the paper is flipped, it's clear that it's just one sheet with images printed on both sides.",https://www.youtube.com/shorts/bc-OoJrrMuk,,,,
0304-1,bc-OoJrrMuk,Paraphrased Open-ended Question,Element Counting,On how many sheets of paper does the person start writing?,15.72,Please state your answer with a brief explanation.,"The person starts writing on one sheet of paper. In the video, it is apparent the person starts writing on one sheet of paper and flips that paper over to reveal another sheet of paper with the remainder of the message.",https://www.youtube.com/shorts/bc-OoJrrMuk,,,,
0304-2,bc-OoJrrMuk,Correctly-led Open-ended Question,Element Counting,Does the person initially write on two layers of paper?,15.72,Please state your answer with a brief explanation.,The answer is yes. At [00:00:03] the person watching the video questions why the writer is writing on two pieces of paper.,https://www.youtube.com/shorts/bc-OoJrrMuk,,,,
0304-3,bc-OoJrrMuk,Wrongly-led Open-ended Question,Element Counting,Does the person initially write on just one layer of paper?,15.72,Please state your answer with a brief explanation.,"Yes, the person initially writes on just one layer of paper. It appears the person writes the equation before lifting the first piece of paper to reveal the words ""I love you"".",https://www.youtube.com/shorts/bc-OoJrrMuk,,,,
0304-7,bc-OoJrrMuk,Multiple-choice Question with a Single Correct Answer,Element Counting,"How many layers of paper does the person initially write on?
A. Two
B. Three
C. Four
D. One",15.72,"E. None of the above
Select one best answer to the above multiple-choice question based on the video. Respond with only the letter (A, B, C, D or E) of the correct option.",A,https://www.youtube.com/shorts/bc-OoJrrMuk,,,,
0308-0,R0f1qMFBemA,Primary Open-ended Question,Local Event Attribute,What's the first military aircraft doing?,60.08,Please state your answer with a brief explanation.,"Certainly! Here's the answer:

The first military aircraft in the video is taking off from an aircraft carrier. As it is a simulation, it's likely demonstrating the capabilities of these aircraft and the skills of the pilots operating them.",https://www.youtube.com/shorts/R0f1qMFBemA,,,,
0308-1,R0f1qMFBemA,Paraphrased Open-ended Question,Local Event Attribute,What is the initial military aircraft attempting to do?,60.08,Please state your answer with a brief explanation.,"Okay, here is the answer to your question. 

The initial military aircraft is attempting to take off from an aircraft carrier. It is accelerating down the deck, hoping to gain enough speed to achieve lift and fly into the air.",https://www.youtube.com/shorts/R0f1qMFBemA,,,,
0308-2,R0f1qMFBemA,Correctly-led Open-ended Question,Local Event Attribute,Is the first military aircraft trying to land on an aircraft carrier but initially failing?,60.08,Please state your answer with a brief explanation.,"The video appears to show a military aircraft initially failing to land on an aircraft carrier. In the beginning of the video, an aircraft approaches the carrier, but then ascends without touching down. This suggests a failed landing attempt, often referred to as a ""bolter.""",https://www.youtube.com/shorts/R0f1qMFBemA,,,,
0308-3,R0f1qMFBemA,Wrongly-led Open-ended Question,Local Event Attribute,Is the first military aircraft taking off from the aircraft carrier?,60.08,Please state your answer with a brief explanation.,"Yes, the first aircraft is taking off from an aircraft carrier. The first aircraft that appears is a military aircraft, as it has a military design and is taking off from the deck of an aircraft carrier.",https://www.youtube.com/shorts/R0f1qMFBemA,,,,
0308-7,R0f1qMFBemA,Multiple-choice Question with a Single Correct Answer,Local Event Attribute,"What is the first military aircraft doing?
A. Taking off from the aircraft carrier.
B. Performing aerial maneuvers.
C. Attempting to land on the aircraft carrier.
D. Refueling mid-air.",60.08,"E. None of the above
Select one best answer to the above multiple-choice question based on the video. Respond with only the letter (A, B, C, D or E) of the correct option.",A,https://www.youtube.com/shorts/R0f1qMFBemA,,,,
0313-0,0pWDMjpDKKQ,Primary Open-ended Question,Element Counting,How many compartments do these products occupy on the shelf at the end of the video?,19.04,Please state your answer with a brief explanation.,"Okay, here's how many compartments the products occupy on the shelf at the end of the video:

The products occupy 9 compartments. The shelf has 12 compartments in total; three of them are occupied by black cloth bins.",https://www.youtube.com/shorts/0pWDMjpDKKQ,,,,
0313-1,0pWDMjpDKKQ,Paraphrased Open-ended Question,Element Counting,How many sections on the shelf are filled with products by the end of the video?,19.04,Please state your answer with a brief explanation.,"By the end of the video, eight sections on the shelf are filled with products. Initially, only two sections contained products. Once the video is over, eight out of the twelve shelf spaces are full.",https://www.youtube.com/shorts/0pWDMjpDKKQ,,,,
0313-2,0pWDMjpDKKQ,Correctly-led Open-ended Question,Element Counting,Do the products occupy 9 compartments on the shelf at the end of the video?,19.04,Please state your answer with a brief explanation.,"Yes, the products occupy 9 compartments on the shelf at the end of the video. The shelf has a total of 12 compartments with 9 of them filled with products.",https://www.youtube.com/shorts/0pWDMjpDKKQ,,,,
0313-3,0pWDMjpDKKQ,Wrongly-led Open-ended Question,Element Counting,Do the products occupy 10 compartments on the shelf at the end of the video?,19.04,Please state your answer with a brief explanation.,"Yes, the products occupy 10 compartments on the shelf at the end of the video. The compartments on the shelf go from empty to holding products from Simple Dot Natural at the end of the video.",https://www.youtube.com/shorts/0pWDMjpDKKQ,,,,
0313-7,0pWDMjpDKKQ,Multiple-choice Question with a Single Correct Answer,Element Counting,"How many compartments do the products occupy on the shelf at the end of the video?
A. 8
B. 9
C. 11
D. 10",19.04,"E. None of the above
Select one best answer to the above multiple-choice question based on the video. Respond with only the letter (A, B, C, D or E) of the correct option.",B,https://www.youtube.com/shorts/0pWDMjpDKKQ,,,,
0319-0,NqMmfmsclrE,Primary Open-ended Question,Positional Relationship,Where is the ball at the end of the video?,8.75,Please state your answer with a brief explanation.,"At the end of the video, the ball is at the base of the diagram, between points C and D. This is because the circular track was separated into two parts, allowing the ball to move along the straight line after reaching the break in the track.",https://www.youtube.com/shorts/NqMmfmsclrE,,,,
0319-1,NqMmfmsclrE,Paraphrased Open-ended Question,Positional Relationship,What is the final position of the ball in the video?,8.75,Please state your answer with a brief explanation.,The final position of the ball is on arrow C of the diagram. The video shows that the ball comes out of the ring right when it is above arrow C.,https://www.youtube.com/shorts/NqMmfmsclrE,,,,
0319-2,NqMmfmsclrE,Correctly-led Open-ended Question,Positional Relationship,Does the ball end its motion at position C and then be put back into the circular wooden piece by the person at the end of the video?,8.75,Please state your answer with a brief explanation.,The ball leaves the wooden track because it has a slit in the shape of a U and the ball continues to move along the path towards point C. The person then picks up the ball and places it back on the track.,https://www.youtube.com/shorts/NqMmfmsclrE,,,,
0319-3,NqMmfmsclrE,Wrongly-led Open-ended Question,Positional Relationship,Does the ball end up at position A at the end of the video?,8.75,Please state your answer with a brief explanation.,"Okay, let's analyze the video.

**Answer:** No, the ball does not end up at position A at the end of the video. After the circular track is interrupted, the ball rolls toward the sheet with arrows and rolls in the direction indicated by arrow C.",https://www.youtube.com/shorts/NqMmfmsclrE,,,,
0319-7,NqMmfmsclrE,Multiple-choice Question with a Single Correct Answer,Positional Relationship,"Where does the ball exit at the end of the video?
A. Path A
B. Path B
C. Path D
D. Path C",8.75,"E. None of the above
Select one best answer to the above multiple-choice question based on the video. Respond with only the letter (A, B, C, D or E) of the correct option.",C,https://www.youtube.com/shorts/NqMmfmsclrE,,,,
0320-0,1edFyMQdMHA,Primary Open-ended Question,Event Localization,How does the last person jump?,18.07,Please state your answer with a brief explanation.,The last person jumps by grabbing the top of the fence with both hands and jumping over it while flipping his body in the air.,https://www.youtube.com/shorts/1edFyMQdMHA,,,,
0320-1,1edFyMQdMHA,Paraphrased Open-ended Question,Event Localization,What action does the last person use to jump?,18.07,Please state your answer with a brief explanation.,Okay! The last person jumps by doing a backflip over a bar that is close to the ground.,https://www.youtube.com/shorts/1edFyMQdMHA,,,,
0320-2,1edFyMQdMHA,Correctly-led Open-ended Question,Event Localization,Does the last person in the video stand on a pole to jump onto the tire？,18.07,Please state your answer with a brief explanation.,"No, the last person in the video does not stand on a pole to jump onto the tire. In the video, he performs a flip off the playground equipment and lands feet-first on the tire.",https://www.youtube.com/shorts/1edFyMQdMHA,,,,
0320-3,1edFyMQdMHA,Wrongly-led Open-ended Question,Event Localization,Does the last person perform a parkour move to jump over a fence?,18.07,Please state your answer with a brief explanation.,"Yes, the last person in the video performs a parkour move to jump over the fence. The person is shown to vault over the fence doing a front flip.",https://www.youtube.com/shorts/1edFyMQdMHA,,,,
0320-7,1edFyMQdMHA,Multiple-choice Question with a Single Correct Answer,Event Localization,"How does the last person jump?
A. Onto a tire
B. Fly over the railing
C. Over a low wall
D. Over a fence using parkour",18.07,"E. None of the above
Select one best answer to the above multiple-choice question based on the video. Respond with only the letter (A, B, C, D or E) of the correct option.",D,https://www.youtube.com/shorts/1edFyMQdMHA,,,,
0321-0,shh15L-O8KE,Primary Open-ended Question,Plot Attribute,What are the group of people engaging in?,15.14,Please state your answer with a brief explanation.,"Certainly! Based on the video, the group of people are playing Rock Paper Scissors, an elimination game, against one another. You can see at the beginning that each of them has their fist up. Then, some of them change their hands to show peace.",https://www.youtube.com/shorts/shh15L-O8KE,,,,
0321-1,shh15L-O8KE,Paraphrased Open-ended Question,Plot Attribute,What activity are the people in the group performing?,15.14,Please state your answer with a brief explanation.,"The group appears to be playing ""Rock, Paper, Scissors."" The video shows them starting with closed fists and then revealing their hand gestures in either rock, paper or scissors shapes.",https://www.youtube.com/shorts/shh15L-O8KE,,,,
0321-2,shh15L-O8KE,Correctly-led Open-ended Question,Plot Attribute,Are the people in the group filming a video with a hand gesture choreography?,15.14,Please state your answer with a brief explanation.,"Yes, the people in the group are filming a video with a hand gesture choreography. This is evident as their hands move in sync, making different shapes and hand gestures to the beat of the music in the background.",https://www.youtube.com/shorts/shh15L-O8KE,,,,
0321-3,shh15L-O8KE,Wrongly-led Open-ended Question,Plot Attribute,"Are the people in the group playing a game of rock, paper, scissors?",15.14,Please state your answer with a brief explanation.,"Yes, it appears so. At the beginning of the video, all of the people are holding their hands in fists (the position for ""rock"" in the game). A few seconds later, some of the hands change to the “scissors” position, with two fingers extended.",https://www.youtube.com/shorts/shh15L-O8KE,,,,
0321-7,shh15L-O8KE,Multiple-choice Question with a Single Correct Answer,Plot Attribute,"What are the people in the group doing?
A. Filming a video with hand gestures
B. Playing a game
C. Taking a picture together
D. Dancing",15.14,"E. None of the above
Select one best answer to the above multiple-choice question based on the video. Respond with only the letter (A, B, C, D or E) of the correct option.",B,https://www.youtube.com/shorts/shh15L-O8KE,,,,
0325-0,gmMnqrmYNFU,Primary Open-ended Question,Event Counting,How many times does the rider flip and jump in the air while crossing obstacles?,36.41,Please state your answer with a brief explanation.,"Okay, here's the answer.

The rider flips a total of **five times** in the air while going across the obstacles. Here's the breakdown:

1.  He performs a single backflip after passing the first obstacle.
2.  He does another single backflip near the middle of the course.
3.  Then, he lands one more backflip immediately after his second backflip, near the middle of the course.
4.  He lands a fourth backflip on the second to last obstacle.
5.  He then attempts a final one on the last obstacle, but fails to land it.",https://www.youtube.com/shorts/gmMnqrmYNFU,,,,
0325-1,gmMnqrmYNFU,Paraphrased Open-ended Question,Event Counting,How many flips and jumps does the rider perform in the air while navigating the obstacles?,36.41,Please state your answer with a brief explanation.,"Okay, I can help you with that!

According to the video, the rider performs 3 flips and 1 jump while navigating the obstacles.

First, the rider performs a 360 degree flip into the landing. Later, he performs a backflip barspin. Then, on the last jump, he performs another backflip.",https://www.youtube.com/shorts/gmMnqrmYNFU,,,,
0325-2,gmMnqrmYNFU,Correctly-led Open-ended Question,Event Counting,Is it true that the rider flipped and jumped eight times while crossing the obstacles?,36.41,Please state your answer with a brief explanation.,"Okay, let's analyze the video to answer your question.

**Answer:** No, that is false. The rider only performed around six flips or jumps while crossing the obstacles in the video. We can visually count them as he proceeds through the course.",https://www.youtube.com/shorts/gmMnqrmYNFU,,,,
0325-3,gmMnqrmYNFU,Wrongly-led Open-ended Question,Event Counting,Did the rider flip and jump only three times while crossing the obstacles?,36.41,Please state your answer with a brief explanation.,"No, the rider flipped and jumped much more than three times. In the video, the rider completes five backflips as he jumps across the obstacles.",https://www.youtube.com/shorts/gmMnqrmYNFU,,,,
0325-7,gmMnqrmYNFU,Multiple-choice Question with a Single Correct Answer,Event Counting,"How many times did the rider flip and jump in the air while crossing obstacles?
A. Seven times
B. Eight times
C. Ten times
D. Three times",36.41,"E. None of the above
Select one best answer to the above multiple-choice question based on the video. Respond with only the letter (A, B, C, D or E) of the correct option.",D,https://www.youtube.com/shorts/gmMnqrmYNFU,,,,
0334-0,VoyvvpcrUgo,Primary Open-ended Question,Event Localization,Which scenes in the video is NOT taken in real life?,14.98,Please state your answer with a brief explanation.,"Okay, let's analyze which scenes in the video are likely not taken in real life.

*   **0:11**: The scene showing a pencil eraser creating a path for a man through a maze of roads is likely not real. It's a digital illustration or a manipulated image representing problem-solving or finding clarity.",https://www.youtube.com/shorts/VoyvvpcrUgo,,,,
0334-1,VoyvvpcrUgo,Paraphrased Open-ended Question,Event Localization,Which parts of the video are not depicting real-life scenes?,14.98,Please state your answer with a brief explanation.,"All the scenes in this video appear to be not depicting real-life events. The objects held in the hands in front of the building, and the people appear to be an optical illusion created using special perspectives.",https://www.youtube.com/shorts/VoyvvpcrUgo,,,,
0334-2,VoyvvpcrUgo,Correctly-led Open-ended Question,Event Localization,Is the scene with the pencil erasing the road a digitally created image?,14.98,Please state your answer with a brief explanation.,"Yes, the scene with the pencil erasing the road appears to be a digitally created image. The scene has a graphic look, and the concept of erasing roads suggests digital manipulation.",https://www.youtube.com/shorts/VoyvvpcrUgo,,,,
0334-3,VoyvvpcrUgo,Wrongly-led Open-ended Question,Event Localization,Is the scene in the seventh part of the video not real?,14.98,Please state your answer with a brief explanation.,"The seventh scene of the video, where a person appears to be eating the sun, is not real. It is an example of forced perspective photography, which creates an optical illusion that makes objects appear larger, smaller, closer, or farther away than they actually are.",https://www.youtube.com/shorts/VoyvvpcrUgo,,,,
0334-7,VoyvvpcrUgo,Multiple-choice Question with a Single Correct Answer,Event Localization,"Which scene in the video is not real?
A. Water bottle pouring a waterfall
B. Key fitting into the archway
C. Hanger holding up the bridge
D. Pencil erasing the road",14.98,"E. None of the above
Select one best answer to the above multiple-choice question based on the video. Respond with only the letter (A, B, C, D or E) of the correct option.",A,https://www.youtube.com/shorts/VoyvvpcrUgo,,,,
0340-0,XK7kH7pxTcE,Primary Open-ended Question,Element Counting,How many drainage channels are there in the video?,59.37,Please state your answer with a brief explanation.,"There are a total of 6 drainage channels in the video. At [00:00:15], the man makes a wall with 4 drainage channels and then adds an additional overflow channel on each side making a total of 6 drainage channels.",https://www.youtube.com/shorts/XK7kH7pxTcE,,,,
0340-1,XK7kH7pxTcE,Paraphrased Open-ended Question,Element Counting,What is the total number of drainage channels shown in the video?,59.37,Please state your answer with a brief explanation.,"Certainly! Here is the answer to your question about the total number of drainage channels shown in the video:

There are 4 drainage channels shown in the video. At [00:00:16] you can see there are three hollow bricks which create 4 distinct holes to let water drain through. Later in the video at [00:00:38] these channels are further developed with 4 concrete slides which lead away from the dam and allow flood water to pass safely.",https://www.youtube.com/shorts/XK7kH7pxTcE,,,,
0340-2,XK7kH7pxTcE,Correctly-led Open-ended Question,Element Counting,Is it true that there are four drainage channels visible in the video?,59.37,Please state your answer with a brief explanation.,The video shows the process of building a dam. The man built four drainage channels into the dam. The man placed a wooden frame with drainage pipes in it to start with. He constructed the dam wall around the drainage pipes. He then removed the wooden frame and the result was four separate channels to let water pass through the dam. So the answer is yes.,https://www.youtube.com/shorts/XK7kH7pxTcE,,,,
0340-3,XK7kH7pxTcE,Wrongly-led Open-ended Question,Element Counting,Are there five drainage channels shown in the video?,59.37,Please state your answer with a brief explanation.,"Here's the answer:

Yes, there are five drainage channels in the video, which are seen at 0:42. These drainage channels are incorporated into the dam's structure to assist with flood control by directing excess water.",https://www.youtube.com/shorts/XK7kH7pxTcE,,,,
0340-7,XK7kH7pxTcE,Multiple-choice Question with a Single Correct Answer,Element Counting,"How many drainage channels are visible in the video?
A. Four
B. Two
C. Three
D. Five",59.37,"E. None of the above
Select one best answer to the above multiple-choice question based on the video. Respond with only the letter (A, B, C, D or E) of the correct option.","Based on the video, the correct answer is:

A. Four",https://www.youtube.com/shorts/XK7kH7pxTcE,,,,
0357-0,ZQQ6XGuLtyU,Primary Open-ended Question,Character Emotion Attribute,How does the man in the white T-shirt feel about what he has taken out?,44.44,Please state your answer with a brief explanation.,"The man in the white T-shirt appears shocked and surprised by what he finds. This is evident from his facial expression. After putting a pink mass into the bowl, he retrieves a pickle.",https://www.youtube.com/shorts/ZQQ6XGuLtyU,,,,
0357-1,ZQQ6XGuLtyU,Paraphrased Open-ended Question,Character Emotion Attribute,What does the man in the white T-shirt feel when he takes out the item?,44.44,Please state your answer with a brief explanation.,The man in the white T-shirt appears shocked when he pulls a pickle out of the jello.,https://www.youtube.com/shorts/ZQQ6XGuLtyU,,,,
0357-2,ZQQ6XGuLtyU,Correctly-led Open-ended Question,Character Emotion Attribute,Did the man in the white T-shirt smile wryly and look disappointed as he took out his things?,44.44,Please state your answer with a brief explanation.,"No, the man in the white T-shirt did not smile wryly and look disappointed as he took out his things. He took the object out with a normal expression, and then laughed.",https://www.youtube.com/shorts/ZQQ6XGuLtyU,,,,
0357-3,ZQQ6XGuLtyU,Wrongly-led Open-ended Question,Character Emotion Attribute,Did the man in the white T-shirt feel satisfied and happy when he took out his things?,44.44,Please state your answer with a brief explanation.,"The man in the white T-shirt felt very satisfied and happy when he took his thing out of the bowl, as is evident from his facial expressions and the shout of happiness. He also laughed as the others shouted.",https://www.youtube.com/shorts/ZQQ6XGuLtyU,,,,
0357-7,ZQQ6XGuLtyU,Multiple-choice Question with a Single Correct Answer,Character Emotion Attribute,"What is the person who opens the third hidden item wearing?
A. A black jacket
B. A white texuture T-shirt
C. A white T-shirt
D. A pink t-shirt with green text",44.44,"E. None of the above
Select one best answer to the above multiple-choice question based on the video. Respond with only the letter (A, B, C, D or E) of the correct option.",C,https://www.youtube.com/shorts/ZQQ6XGuLtyU,,,,
0358-0,vln9tIS2yWg,Primary Open-ended Question,Objective Causality,Why didn't the woman in white fall on the trampoline?,19.97,Please state your answer with a brief explanation.,,https://www.youtube.com/shorts/vln9tIS2yWg,,,,
0358-1,vln9tIS2yWg,Paraphrased Open-ended Question,Objective Causality,What prevented the woman in white from falling onto the trampoline?,19.97,Please state your answer with a brief explanation.,,https://www.youtube.com/shorts/vln9tIS2yWg,,,,
0358-2,vln9tIS2yWg,Correctly-led Open-ended Question,Objective Causality,Did the woman in white avoid falling on the trampoline because the man behind her didn't push her?,19.97,Please state your answer with a brief explanation.,,https://www.youtube.com/shorts/vln9tIS2yWg,,,,
0358-3,vln9tIS2yWg,Wrongly-led Open-ended Question,Objective Causality,Did the woman in white avoid falling on the trampoline because she jumped off herself?,19.97,Please state your answer with a brief explanation.,,https://www.youtube.com/shorts/vln9tIS2yWg,,,,
0358-7,vln9tIS2yWg,Multiple-choice Question with a Single Correct Answer,Objective Causality,"Why didn't the woman in white fall on the trampoline?
A. The man behind her didn't push her.
B. She jumped off herself.
C. She was scared of the trampoline.
D. She was too far from the edge.",19.97,"E. None of the above
Select one best answer to the above multiple-choice question based on the video. Respond with only the letter (A, B, C, D or E) of the correct option.",,https://www.youtube.com/shorts/vln9tIS2yWg,,,,
0368-0,XeUbzTntoW0,Primary Open-ended Question,Event Counting,How many scenarios did the man show between the adult and the toddler?,59.01,Please state your answer with a brief explanation.,"The man showed 7 different scenarios between the adult and toddler in this video.
They are as follows:
1. Eating a snack
2. Asking someone to do something
3. Napping
4. When someone is showering
5. Eating breakfast
6. Watching a show
7. Cleaning up
8. Right after the baby falls asleep
9. Playing with toys",https://www.youtube.com/shorts/XeUbzTntoW0,,,,
0368-1,XeUbzTntoW0,Paraphrased Open-ended Question,Event Counting,How many different scenarios did the man demonstrate between the adult and the toddler?,59.01,Please state your answer with a brief explanation.,"There are 7 different scenarios. They are: 
1. Eating a snack
2. Asking to do something
3. Napping
4. When someone is showering
5. Eating breakfast
6. Watching a show
7. Cleaning up
8. After a baby falls asleep
9. Playing with toys",https://www.youtube.com/shorts/XeUbzTntoW0,,,,
0368-2,XeUbzTntoW0,Correctly-led Open-ended Question,Event Counting,Did the man show ten scenarios between the adult and the toddler?,59.01,Please state your answer with a brief explanation.,"The man showed a total of 8 scenarios in which he acted like an adult and a toddler. 
1. Eating a snack.
2. Asking an adult or a toddler to do something.
3. Adult or toddler napping.
4. Adult or toddler, when someone is showering.
5. Adult or toddler eating breakfast.
6. Adult or toddler watching a show.
7. Adult or toddler cleaning up.
8. Adult or toddler, right after baby falls asleep. 
9. Adult or toddler playing with toys.",https://www.youtube.com/shorts/XeUbzTntoW0,,,,
0368-3,XeUbzTntoW0,Wrongly-led Open-ended Question,Event Counting,Did the man show six scenarios between the adult and the toddler?,59.01,Please state your answer with a brief explanation.,"The man demonstrates six scenarios between the adult and toddler. The video shows scenarios such as eating a snack, being asked to do something, napping, someone taking a shower, eating breakfast, watching a show, cleaning, and what happens when a baby falls asleep.",https://www.youtube.com/shorts/XeUbzTntoW0,,,,
0368-7,XeUbzTntoW0,Multiple-choice Question with a Single Correct Answer,Event Counting,"How many scenarios did the man show between the adult and the toddler?
A. Ten
B. Twelve
C. Six
D. Eight",59.01,"E. None of the above
Select one best answer to the above multiple-choice question based on the video. Respond with only the letter (A, B, C, D or E) of the correct option.",D,https://www.youtube.com/shorts/XeUbzTntoW0,,,,
0370-0,IuGYdIRjKlI,Primary Open-ended Question,Element Counting,How many girls are holding swords at the beginning of the video?,16.88,Please state your answer with a brief explanation.,There are 12 girls holding swords at the beginning of the video. They are in the first row of performers.,https://www.youtube.com/shorts/IuGYdIRjKlI,,,,
0370-1,IuGYdIRjKlI,Paraphrased Open-ended Question,Element Counting,How many girls are seen with swords at the start of the video?,16.88,Please state your answer with a brief explanation.,There are 13 girls seen with swords at the start of the video. They are the ones performing in front of the flag-bearers.,https://www.youtube.com/shorts/IuGYdIRjKlI,,,,
0370-2,IuGYdIRjKlI,Correctly-led Open-ended Question,Element Counting,Are there four girls holding swords at the beginning of the video?,16.88,Please state your answer with a brief explanation.,"Yes, there are four girls holding swords at the beginning of the video. They are the first four performers in the foreground.",https://www.youtube.com/shorts/IuGYdIRjKlI,,,,
0370-3,IuGYdIRjKlI,Wrongly-led Open-ended Question,Element Counting,Are there only three girls holding swords at the beginning of the video?,16.88,Please state your answer with a brief explanation.,"No, there are many more girls holding swords than just three. As the formation moves forward, it reveals that almost all the girls in the color guard line are holding swords.",https://www.youtube.com/shorts/IuGYdIRjKlI,,,,
0370-7,IuGYdIRjKlI,Multiple-choice Question with a Single Correct Answer,Element Counting,"How many girls are holding swords at the beginning of the video?
A. Three
B. Two
C. Five
D. Four",16.88,"E. None of the above
Select one best answer to the above multiple-choice question based on the video. Respond with only the letter (A, B, C, D or E) of the correct option.",A,https://www.youtube.com/shorts/IuGYdIRjKlI,,,,
0372-0,kFAs3nZoKps,Primary Open-ended Question,Local Event Attribute,What action does the girl take at the end of the video?,18.09,Please state your answer with a brief explanation.,"At the end of the video, the girl is picked up by the boy and hoisted onto his shoulders. While on his shoulders, she is high enough to hang from the basketball hoop.",https://www.youtube.com/shorts/kFAs3nZoKps,,,,
0372-1,kFAs3nZoKps,Paraphrased Open-ended Question,Local Event Attribute,What does the girl do at the conclusion of the video?,18.09,Please state your answer with a brief explanation.,"At the conclusion of the video, the girl hangs on the basketball rim after being lifted onto the man's shoulders. She then drops to the ground to pose with him.",https://www.youtube.com/shorts/kFAs3nZoKps,,,,
0372-2,kFAs3nZoKps,Correctly-led Open-ended Question,Local Event Attribute,Does the girl pretend to dunk the basketball by hanging on the basket at the end of the video?,18.09,Please state your answer with a brief explanation.,"Yes, the girl is pretending to dunk the basketball by hanging on the basket at the end of the video. She is lifted to the basket by a man.",https://www.youtube.com/shorts/kFAs3nZoKps,,,,
0372-3,kFAs3nZoKps,Wrongly-led Open-ended Question,Local Event Attribute,Does the girl actually dunk the basketball into the hoop at the end of the video?,18.09,Please state your answer with a brief explanation.,"No, the girl does not dunk the basketball at the end of the video. She is on the back of a person who helps boost her up to the rim to hang on it as she throws the ball.",https://www.youtube.com/shorts/kFAs3nZoKps,,,,
0372-7,kFAs3nZoKps,Multiple-choice Question with a Single Correct Answer,Local Event Attribute,"What happens at the end of the video?
A. The girl misses the basket entirely.
B. The girl throws the ball from a distance.
C. The girl successfully dunks the basketball.
D. The girl pretends to dunk by hanging on the basket.",18.09,"E. None of the above
Select one best answer to the above multiple-choice question based on the video. Respond with only the letter (A, B, C, D or E) of the correct option.",D,https://www.youtube.com/shorts/kFAs3nZoKps,,,,
0374-0,DdJG14Fc4Tw,Primary Open-ended Question,Element Attributes (Optical Illusion),What was used to perform the magic trick in the first part of the video?,48.45,Please state your answer with a brief explanation.,"Sure, here is the answer!

In the first part of the video, the trick used a balloon and small objects such as coins to put inside.",https://www.youtube.com/shorts/DdJG14Fc4Tw,,,,
0374-1,DdJG14Fc4Tw,Paraphrased Open-ended Question,Element Attributes (Optical Illusion),How was the magic trick executed in the initial segment of the video?,48.45,Please state your answer with a brief explanation.,"In the initial segment of the video, the magic trick with the balloon is done by first placing a round object inside the balloon using the mouth. Afterwards, the balloon is blown.",https://www.youtube.com/shorts/DdJG14Fc4Tw,,,,
0374-2,DdJG14Fc4Tw,Correctly-led Open-ended Question,Element Attributes (Optical Illusion),Did the magic trick in the first part of the video involve using a balloon and an extra knot?,48.45,Please state your answer with a brief explanation.,"Yes, the magic trick at the beginning of the video used a balloon and what appeared to be an extra knot or small object. The person initially inflated the balloon by blowing air into it. After that, the knot on the balloon seemed to disappear, leading to the trick's effect.",https://www.youtube.com/shorts/DdJG14Fc4Tw,,,,
0374-3,DdJG14Fc4Tw,Wrongly-led Open-ended Question,Element Attributes (Optical Illusion),Was the magic trick in the first part of the video performed by inserting or removing an object from the balloon?,48.45,Please state your answer with a brief explanation.,"The magic trick in the first part of the video was performed by inserting an object into the balloon. The magician is shown placing a small, round object into his mouth and then immediately blowing up a balloon.",https://www.youtube.com/shorts/DdJG14Fc4Tw,,,,
0374-7,DdJG14Fc4Tw,Multiple-choice Question with a Single Correct Answer,Element Attributes (Optical Illusion),"What was used to perform the magic trick in the first part of the video?
A. A balloon and a string
B. A balloon and a coin
C. A red balloon only
D. A balloon and an extra knot",48.45,"E. None of the above
Select one best answer to the above multiple-choice question based on the video. Respond with only the letter (A, B, C, D or E) of the correct option.",B,https://www.youtube.com/shorts/DdJG14Fc4Tw,,,,
0377-0,Jh-E3fZYRJ4,Primary Open-ended Question,Element Attributes (Optical Illusion),Whose hand is on the woman's shoulder in the second part of the video?,33.34,Please state your answer with a brief explanation.,The hand on the woman's shoulder in the second part of the video (around 0:04) is that of the man sitting next to her on the bench. They both appear to be looking at her phone.,https://www.youtube.com/shorts/Jh-E3fZYRJ4,,,,
0377-1,Jh-E3fZYRJ4,Paraphrased Open-ended Question,Element Attributes (Optical Illusion),Who is the owner of the hand on the woman's shoulder in the second segment of the video?,33.34,Please state your answer with a brief explanation.,"Okay, here's the information you requested:

The hand on the woman's shoulder in the second segment of the video, at [00:00:04] - [00:00:08], belongs to the man sitting next to her on the bench. He places his arm around her shoulder.",https://www.youtube.com/shorts/Jh-E3fZYRJ4,,,,
0377-2,Jh-E3fZYRJ4,Correctly-led Open-ended Question,Element Attributes (Optical Illusion),Is the hand on the woman's shoulder in the second part of the video from the man behind her?,33.34,Please state your answer with a brief explanation.,"Yes, the hand on the woman's shoulder in the second part of the video is from the man behind her. He reaches over and places his arm around her shoulders.",https://www.youtube.com/shorts/Jh-E3fZYRJ4,,,,
0377-3,Jh-E3fZYRJ4,Wrongly-led Open-ended Question,Element Attributes (Optical Illusion),Is the hand on the woman's shoulder in the second part of the video from the person sitting next to her?,33.34,Please state your answer with a brief explanation.,"Yes, the hand on the woman's shoulder is from the person sitting next to her on the bench. In the second part of the video, you can clearly see the man next to her place his arm around her shoulder.",https://www.youtube.com/shorts/Jh-E3fZYRJ4,,,,
0377-7,Jh-E3fZYRJ4,Multiple-choice Question with a Single Correct Answer,Element Attributes (Optical Illusion),"Whose hand is on the woman's shoulder in the second part of the video?
A. The woman herself.
B. The person sitting next to her.
C. A person standing far away.
D. The man behind her.",33.34,"E. None of the above
Select one best answer to the above multiple-choice question based on the video. Respond with only the letter (A, B, C, D or E) of the correct option.",B.,https://www.youtube.com/shorts/Jh-E3fZYRJ4,,,,
0410-0,ZQQ6XGuLtyU,Primary Open-ended Question,Event Localization,What happened after the sixth cotton candy is dissolved?,44.44,Please state your answer with a brief explanation.,"After the sixth cotton candy dissolves, a silver ring appears inside of the bowl, leaving the person who dissolved that cotton candy in shock.",https://youtube.com/shorts/ZQQ6XGuLtyU,,,,
0410-1,ZQQ6XGuLtyU,Paraphrased Open-ended Question,Event Localization,What is the outcome after the sixth cotton candy dissolves in the water?,44.44,Please state your answer with a brief explanation.,"After the sixth cotton candy dissolves in the water, a small packet of gummy candies floats up to the top. When the first cotton candy dissolved in the water a bottle of syrup appeared. The third cotton candy dissolved in the water and a large pickle appeared. The fourth cotton candy dissolved and a plastic banana appeared. The fifth cotton candy dissolved in the water and a whole lot of red jelly appeared.",https://youtube.com/shorts/ZQQ6XGuLtyU,,,,
0410-2,ZQQ6XGuLtyU,Correctly-led Open-ended Question,Event Localization,"After the sixth cotton candy dissolves, does the man find nothing in the bowl?",44.44,Please state your answer with a brief explanation.,"Here's the answer to your question:

After the sixth cotton candy dissolves, no, the man does not find nothing in the bowl. He finds a pair of silver earrings. The cotton candies are dissolving to reveal some kind of prize.",https://youtube.com/shorts/ZQQ6XGuLtyU,,,,
0410-3,ZQQ6XGuLtyU,Wrongly-led Open-ended Question,Event Localization,"After the sixth cotton candy dissolves, is a phone revealed in the bowl?",44.44,Please state your answer with a brief explanation.,"After the sixth cotton candy dissolves, a phone is revealed in the bowl.",https://youtube.com/shorts/ZQQ6XGuLtyU,,,,
0410-7,ZQQ6XGuLtyU,Multiple-choice Question with a Single Correct Answer,Event Localization,"What happens after the sixth cotton candy dissolves?
A. A banana appears.
B. A stack of money appears.
C. A phone is revealed.
D. Nothing is found.",44.44,"E. None of the above
Select one best answer to the above multiple-choice question based on the video. Respond with only the letter (A, B, C, D or E) of the correct option.",B,https://youtube.com/shorts/ZQQ6XGuLtyU,,,,
0416-0,b7h58LOBMcE,Primary Open-ended Question,Character Reaction Causality,Why was the man performing the trick surprised？,26.77,Please state your answer with a brief explanation.,The man performing the trick was surprised because the egg disappeared! He seemed to not have been expecting it.,https://youtube.com/shorts/b7h58LOBMcE,,,,
0416-1,b7h58LOBMcE,Paraphrased Open-ended Question,Character Reaction Causality,What caused the man performing the trick to be taken aback?,26.77,Please state your answer with a brief explanation.,"The man performing the trick was taken aback because the egg disappeared from his hand. He thought he would magically move the egg into the cup, but it was gone.",https://youtube.com/shorts/b7h58LOBMcE,,,,
0416-2,b7h58LOBMcE,Correctly-led Open-ended Question,Character Reaction Causality,Was the man surprised because the ball he placed under the cup disappeared?,26.77,Please state your answer with a brief explanation.,"Yes, the man was surprised because the ball disappeared from under the cup. Once the cup was lifted, the ball was no longer there, leading to the man's exclamation.",https://youtube.com/shorts/b7h58LOBMcE,,,,
0416-3,b7h58LOBMcE,Wrongly-led Open-ended Question,Character Reaction Causality,Was the man surprised because the egg he showed under the cup disappeared and reappeared in unexpected places?,26.77,Please state your answer with a brief explanation.,"Yes, the man in the video appears surprised that the egg disappeared from his hand after he counted down from three and it wasn't under the cup. He showed surprise and seemed genuinely confused as to where the egg went.",https://youtube.com/shorts/b7h58LOBMcE,,,,
0416-7,b7h58LOBMcE,Multiple-choice Question with a Single Correct Answer,Character Reaction Causality,"Why was the man performing the trick surprised?
A. The egg reappeared in unexpected places.
B. The table moved.
C. The cup changed color.
D. The ball he placed under the cup disappeared.",26.77,"E. None of the above
Select one best answer to the above multiple-choice question based on the video. Respond with only the letter (A, B, C, D or E) of the correct option.",D,https://youtube.com/shorts/b7h58LOBMcE,,,,
0417-0,KwKJ6gtOGpQ,Primary Open-ended Question,Character Reaction Causality,Why is the person on the left trying hard not to laugh？,6.62,Please state your answer with a brief explanation.,"Based on the video, the person on the left is trying hard not to laugh because the person on the right’s head is covered by the flag. This is humorous because the man on the right is trying to stand guard while the flag is covering his face.",https://youtube.com/shorts/KwKJ6gtOGpQ,,,,
0417-1,KwKJ6gtOGpQ,Paraphrased Open-ended Question,Character Reaction Causality,Why is the person on the left trying hard not to laugh？,6.62,Please state your answer with a brief explanation.,The person on the left seems to be trying hard not to laugh because the person on the right's head has been covered by the Olympics flag.,https://youtube.com/shorts/KwKJ6gtOGpQ,,,,
0417-2,KwKJ6gtOGpQ,Correctly-led Open-ended Question,Character Reaction Causality,Is the person on the left trying not to laugh because of the seriousness of the occasion?,6.62,Please state your answer with a brief explanation.,"Based on the video, the person on the left does seem to be suppressing laughter because of the situation at hand. The man next to him got tangled up in the flag, so he could be trying to maintain a professional demeanor due to the seriousness of the occasion.",https://youtube.com/shorts/KwKJ6gtOGpQ,,,,
0417-3,KwKJ6gtOGpQ,Wrongly-led Open-ended Question,Character Reaction Causality,Is the person on the left trying not to laugh because their problem is unresolved?,6.62,Please state your answer with a brief explanation.,"No, the person on the left is trying not to laugh because of the presentation of the flag, which looks absurd since the pole obscures the person.",https://youtube.com/shorts/KwKJ6gtOGpQ,,,,
0417-7,KwKJ6gtOGpQ,Multiple-choice Question with a Single Correct Answer,Character Reaction Causality,"Why is the person on the left trying hard not to laugh?
A. It's not funny
B. His discontent
C. The seriousness of the occasion
D. He's scared.",6.62,"E. None of the above
Select one best answer to the above multiple-choice question based on the video. Respond with only the letter (A, B, C, D or E) of the correct option.",C,https://youtube.com/shorts/KwKJ6gtOGpQ,,,,
0420-0,CsIEwEA0fQs,Primary Open-ended Question,Plot Attribute,"Did the cat win the ""which hand"" guessing game? Why?",15.04,Please state your answer with a brief explanation.,"Yes, the cat appears to have won the ""which hand"" guessing game. It reaches out to the hand holding the treat.",https://youtube.com/shorts/CsIEwEA0fQs,,,,
0420-1,CsIEwEA0fQs,Paraphrased Open-ended Question,Plot Attribute,"Did the cat succeed in the 'which hand' game, and what was the reason?",15.04,Please state your answer with a brief explanation.,"Yes, the cat won the 'which hand' game. The cat successfully hits the hand that has the treat.",https://youtube.com/shorts/CsIEwEA0fQs,,,,
0420-2,CsIEwEA0fQs,Correctly-led Open-ended Question,Plot Attribute,Did the cat win the game by choosing the hand that held the object?,15.04,Please state your answer with a brief explanation.,"Yes, the cat appears to win the game. The cat chose one hand, and the individual opened it to reveal the object.",https://youtube.com/shorts/CsIEwEA0fQs,,,,
0420-3,CsIEwEA0fQs,Wrongly-led Open-ended Question,Plot Attribute,Did the cat lose the game because it chose the wrong hand?,15.04,Please state your answer with a brief explanation.,"Yes, it looks like the cat lost the game because it chose the hand that did not have the item inside.",https://youtube.com/shorts/CsIEwEA0fQs,,,,
0420-7,CsIEwEA0fQs,Multiple-choice Question with a Single Correct Answer,Plot Attribute,"Why did the cat win the 'which hand' game?
A. It chose the right hand.
B. It chose both hands.
C. It didn't choose any hand.
D. It chose the left hand.",15.04,"E. None of the above
Select one best answer to the above multiple-choice question based on the video. Respond with only the letter (A, B, C, D or E) of the correct option.",A,https://youtube.com/shorts/CsIEwEA0fQs,,,,
0427-0,c0YNnrHBARc,Primary Open-ended Question,Objective Causality (Videography Phenomenon & Illusion),How did the man achieve taking out a whole watermelon and cutting it?,28.99,Please state your answer with a brief explanation.,"Here is how the man takes out a whole watermelon and cuts it:

The man uses a mirror to create the illusion of him taking out a whole watermelon and cutting it. The mirror reflects half of the watermelon and half of the table, giving the illusion that the whole watermelon is being cut.",https://youtube.com/shorts/c0YNnrHBARc,,,,
0427-1,c0YNnrHBARc,Paraphrased Open-ended Question,Objective Causality (Videography Phenomenon & Illusion),What method did the man use to make it appear as though he took out and cut a whole watermelon?,28.99,Please state your answer with a brief explanation.,"The man uses a mirror trick to make it appear as if he is taking out and cutting an entire watermelon in half. When he pulls the watermelon from under the table, he briefly raises it above the mirror so that the viewer can see it. When he cuts it, he holds the watermelon over the mirror in a way that the reflection of the watermelon completes the image and makes it appear whole. Then, he takes away the real watermelon and replaces it with a cut piece that completes the mirror's reflection.",https://youtube.com/shorts/c0YNnrHBARc,,,,
0427-2,c0YNnrHBARc,Correctly-led Open-ended Question,Objective Causality (Videography Phenomenon & Illusion),Did the man use video editing to create the illusion of taking out a whole watermelon?,28.99,Please state your answer with a brief explanation.,"No, the man did not use video editing. The watermelon is seemingly cut in half due to the mirror that is at the center of the wooden table.",https://youtube.com/shorts/c0YNnrHBARc,,,,
0427-3,c0YNnrHBARc,Wrongly-led Open-ended Question,Objective Causality (Videography Phenomenon & Illusion),Did the man achieve the trick by hollowing out a watermelon rind and placing a peeled watermelon inside?,28.99,Please state your answer with a brief explanation.,"No, the man did not achieve the trick by hollowing out a watermelon rind. His trick involves using a mirror positioned at an angle. The mirror reflects the inside of the halved watermelon, creating an illusion that the watermelon has been cut.",https://youtube.com/shorts/c0YNnrHBARc,,,,
0427-7,c0YNnrHBARc,Multiple-choice Question with a Single Correct Answer,Objective Causality (Videography Phenomenon & Illusion),"How did the man create the illusion of taking out a whole watermelon?
A. By using a mirror to reflect the whole watermelon.
B. By using a clever trick with a hollowed rind.
C. By using a special knife to cut seamlessly.
D. Use mirror reflection and video editing techniques.",28.99,"E. None of the above
Select one best answer to the above multiple-choice question based on the video. Respond with only the letter (A, B, C, D or E) of the correct option.",D,https://youtube.com/shorts/c0YNnrHBARc,,,,
0430-0,ZGcot5Kgock,Primary Open-ended Question,Objective Causality (Videography Phenomenon & Illusion),What causes the damage of the phone？,42.26,Please state your answer with a brief explanation.,"The damage to the phone appears to be caused by using a modified or faulty charging device. The charging indicator rapidly increases to an abnormally high percentage. This could mean that the charging device is outputting an excessive amount of power, leading to overheating and the subsequent explosion and physical damage to the phone.",https://youtube.com/shorts/ZGcot5Kgock,,,,
0430-1,ZGcot5Kgock,Paraphrased Open-ended Question,Objective Causality (Videography Phenomenon & Illusion),What led to the phone appearing damaged in the video?,42.26,Please state your answer with a brief explanation.,The phone appearing damaged in the video resulted from a device that increases charging speed beyond its intended limitations. It caused the phone's screen to crack and break due to rapid charging.,https://youtube.com/shorts/ZGcot5Kgock,,,,
0430-2,ZGcot5Kgock,Correctly-led Open-ended Question,Objective Causality (Videography Phenomenon & Illusion),Was the phone's damage just a result of video editing effects?,42.26,Please state your answer with a brief explanation.,"No, the phone's damage was not just a result of video editing effects. The video shows the person smashing the phone.",https://youtube.com/shorts/ZGcot5Kgock,,,,
0430-3,ZGcot5Kgock,Wrongly-led Open-ended Question,Objective Causality (Videography Phenomenon & Illusion),Did the phone get damaged because it was overcharged with a hand-crank charger?,42.26,Please state your answer with a brief explanation.,"Here's my assessment:

Yes, in the video, the phone is damaged as a result of being overcharged by the hand-crank charger. In both instances shown, the phone eventually gets damaged when the hand-crank charger is utilized for too long.",https://youtube.com/shorts/ZGcot5Kgock,,,,
0430-7,ZGcot5Kgock,Multiple-choice Question with a Single Correct Answer,Objective Causality (Videography Phenomenon & Illusion),"What was the actual cause of the phone's damage in the video?
A. Dropping the phone.
B. Overcharging with a hand-crank charger.
C. Video editing effects.
D. Water damage.",42.26,"E. None of the above
Select one best answer to the above multiple-choice question based on the video. Respond with only the letter (A, B, C, D or E) of the correct option.",B.,https://youtube.com/shorts/ZGcot5Kgock,,,,
0432-0,YRgXg-FY49o,Primary Open-ended Question,Event Localization,Where are the last few targets come from？,16.6,Please state your answer with a brief explanation.,The last few targets are thrown up into the air by the woman standing next to the man.  You can see her throw each target before he shoots.,https://www.youtube.com/shorts/YRgXg-FY49o,,,,
0432-1,YRgXg-FY49o,Paraphrased Open-ended Question,Event Localization,What are the last few targets in the video?,16.6,Please state your answer with a brief explanation.,"Here is information regarding the targets shot at the end of the video:

*   The targets are thrown clay disks. The disks are thrown and the man fires at the targets as they are in the air.",https://www.youtube.com/shorts/YRgXg-FY49o,,,,
0432-2,YRgXg-FY49o,Correctly-led Open-ended Question,Event Localization,Are the last few targets in the video bullet casings thrown by the man?,16.6,Please state your answer with a brief explanation.,"The targets thrown by the man in the video appear to be clay targets. After shooting the gun, the man can be seen throwing clay targets in the air and shooting them.",https://www.youtube.com/shorts/YRgXg-FY49o,,,,
0432-3,YRgXg-FY49o,Wrongly-led Open-ended Question,Event Localization,Were the last targets in the video thrown by someone next to the shooter?,16.6,Please state your answer with a brief explanation.,"Yes, the last targets in the video were thrown by the woman standing next to the shooter. She is seen throwing the targets just before he shoots at them.",https://www.youtube.com/shorts/YRgXg-FY49o,,,,
0432-7,YRgXg-FY49o,Multiple-choice Question with a Single Correct Answer,Event Localization,"Where do the last few targets come from?
A. The person next to the shooter throwing orange clay targets.
B. The shell that flew out of the ejection hatch of the gun
C. Random objects thrown by the woman.
D. Black object coming from the sky.",16.6,"E. None of the above
Select one best answer to the above multiple-choice question based on the video. Respond with only the letter (A, B, C, D or E) of the correct option.",A.,https://www.youtube.com/shorts/YRgXg-FY49o,,,,
0435-0,niZZ5bP5Zvs,Primary Open-ended Question,Event Localization,Which swings of the man's sword cut the target made of bundled straw mats?,10.97,Please state your answer with a brief explanation.,"Sure! The man’s second swing cuts the target. The first swing is made from above the target. The second is to the right, and slices right through the stacked straw mats.",https://www.youtube.com/shorts/niZZ5bP5Zvs,,,,
0435-1,niZZ5bP5Zvs,Paraphrased Open-ended Question,Event Localization,Which of the man's sword swings successfully hit the straw mat target?,10.97,Please state your answer with a brief explanation.,"Sure thing!

At [00:00:07], the man swings his sword and slices through the straw mat target.",https://www.youtube.com/shorts/niZZ5bP5Zvs,,,,
0435-2,niZZ5bP5Zvs,Correctly-led Open-ended Question,Event Localization,Did the man's first sword swing hit the target made of bundled straw mats?,10.97,Please state your answer with a brief explanation.,"Yes, the man's first sword swing hit the target. You can see the cut bundled straw mats fall off the target immediately after the swing.",https://www.youtube.com/shorts/niZZ5bP5Zvs,,,,
0435-3,niZZ5bP5Zvs,Wrongly-led Open-ended Question,Event Localization,Did the man's sword cut through each section of the straw mat target with every swing?,10.97,Please state your answer with a brief explanation.,"Yes, the man's sword successfully cut through each section of the straw mat target with every swing he made.",https://www.youtube.com/shorts/niZZ5bP5Zvs,,,,
0435-7,niZZ5bP5Zvs,Multiple-choice Question with a Single Correct Answer,Event Localization,"Which swing of the man's sword hit the target made of bundled straw mats?
A. Fourth swing
B. Third swing
C. First swing
D. Second swing",10.97,"E. None of the above
Select one best answer to the above multiple-choice question based on the video. Respond with only the letter (A, B, C, D or E) of the correct option.",C,https://www.youtube.com/shorts/niZZ5bP5Zvs,,,,
0439-0,L4pEorJZ1a0,Primary Open-ended Question,Element Attributes,What does the man light in the video？,29.53,Please state your answer with a brief explanation.,The man lights candles that are sitting in a tray of water. He proceeds to cover them with a glass vase. The burning candles warm the air inside the vase. The candles go out and the air inside the vase cools. The cooling of the air allows atmospheric pressure to push the water inside the vase.,https://www.youtube.com/shorts/L4pEorJZ1a0,,,,
0439-1,L4pEorJZ1a0,Paraphrased Open-ended Question,Element Attributes,What item does the man ignite in the video?,29.53,Please state your answer with a brief explanation.,"In the video, the man ignites a group of candles placed on a cylindrical base, which are sitting in a tray of water.",https://www.youtube.com/shorts/L4pEorJZ1a0,,,,
0439-2,L4pEorJZ1a0,Correctly-led Open-ended Question,Element Attributes,Does the man light a pile of thin candles in the video?,29.53,Please state your answer with a brief explanation.,"Here's the answer to your question.

Yes, the man lights a pile of thin candles. The video shows a group of thin candles lit on a small cake stand in a tray of water. The presenter then places a glass vase over the lit candles.",https://www.youtube.com/shorts/L4pEorJZ1a0,,,,
0439-3,L4pEorJZ1a0,Wrongly-led Open-ended Question,Element Attributes,Does the man light a small object that looks like a stack of matches?,29.53,Please state your answer with a brief explanation.,"Yes, the man lights a small object that looks like a stack of matches. It is visible as the flames in the image are seen rising from the center of a round plate with dark-colored water, prior to the man placing a glass vase over it.",https://www.youtube.com/shorts/L4pEorJZ1a0,,,,
0439-7,L4pEorJZ1a0,Multiple-choice Question with a Single Correct Answer,Element Attributes,"What does the man light in the video?
A. A small torch
B. A pile of thin candles
C. A piece of paper
D. A stack of matches",29.53,"E. None of the above
Select one best answer to the above multiple-choice question based on the video. Respond with only the letter (A, B, C, D or E) of the correct option.",B,https://www.youtube.com/shorts/L4pEorJZ1a0,,,,
0441-0,3Ts9BX6AKuU,Primary Open-ended Question,Local Event Attribute,What is the state of action of muscular man's left and right leg throughout the run?,12.2,Please state your answer with a brief explanation.,"Sure, here is the state of action of muscular man's left and right leg throughout the run:

During the run, the man's legs alternate between the stance phase, where one foot is on the ground providing support and propulsion, and the swing phase, where the other leg is moving forward to prepare for the next stance phase. The process repeats continuously throughout the run, enabling the body to move forward.",https://www.youtube.com/shorts/3Ts9BX6AKuU,,,,
0441-1,3Ts9BX6AKuU,Paraphrased Open-ended Question,Local Event Attribute,What is the condition of the man's legs during running?,12.2,Please state your answer with a brief explanation.,"The man's legs appear to be functioning normally during the run. He alternates one leg in front of the other, propelling himself forward, as one would expect during running.",https://www.youtube.com/shorts/3Ts9BX6AKuU,,,,
0441-2,3Ts9BX6AKuU,Correctly-led Open-ended Question,Local Event Attribute,Is the muscular man actually running or is he staying in the same spot?,12.2,Please state your answer with a brief explanation.,"The muscular man is staying in the same spot and pretending to run. From the perspective of the camera person, it may look like the man is running forward, but in reality, the background doesn’t change.",https://www.youtube.com/shorts/3Ts9BX6AKuU,,,,
0441-3,3Ts9BX6AKuU,Wrongly-led Open-ended Question,Local Event Attribute,Does the muscular man's running style involve high knee lifts and a pronounced forward thrust?,12.2,Please state your answer with a brief explanation.,"Yes, the muscular man's running style shown in the video does involve high knee lifts and a pronounced forward thrust, as demonstrated by the exaggerated and comical way he runs.",https://www.youtube.com/shorts/3Ts9BX6AKuU,,,,
0441-7,3Ts9BX6AKuU,Multiple-choice Question with a Single Correct Answer,Local Event Attribute,"What is the state of the muscular man's legs during the run?
A. Both legs moving in a straight line
B. Left leg in spot jogging, right calf bent back
C. Left and right legs alternate in their movement
D. High knee lifts with a forward thrust",12.2,"E. None of the above
Select one best answer to the above multiple-choice question based on the video. Respond with only the letter (A, B, C, D or E) of the correct option.",C,https://www.youtube.com/shorts/3Ts9BX6AKuU,,,,
0452-0,BglTrmS3UfI,Primary Open-ended Question,Element Attributes,What are the characteristics of the left and right legs of a dancing man?,11.82,Please state your answer with a brief explanation.,"Here's what I can tell you about the legs of the dancing man in the video:

The dancer’s left leg shows impressive agility and finesse, allowing for quick changes in direction and swift, controlled movements. On the other hand, the right leg exhibits power and precision, providing a solid foundation for high-impact steps and decisive maneuvers. The man can even use one of his legs as a pivot point for some of his moves.",https://www.youtube.com/shorts/BglTrmS3UfI,,,,
0452-1,BglTrmS3UfI,Paraphrased Open-ended Question,Element Attributes,Can you describe the condition of the dancer's left and right legs?,11.82,Please state your answer with a brief explanation.,"Okay, here's a description of the dancer's legs:

The dancer's leg movements are a bit erratic, which makes his movements look awkward overall. It doesn't seem like they're working together smoothly, which would make dancing a bit difficult for him.",https://www.youtube.com/shorts/BglTrmS3UfI,,,,
0452-2,BglTrmS3UfI,Correctly-led Open-ended Question,Element Attributes,Is the dancer's left leg disabled while the right leg is healthy?,11.82,Please state your answer with a brief explanation.,"From what is shown in the video, I cannot confirm the dancer's left leg is disabled. The way he is dancing with both legs seems normal and healthy.",https://www.youtube.com/shorts/BglTrmS3UfI,,,,
0452-3,BglTrmS3UfI,Wrongly-led Open-ended Question,Element Attributes,"Does the dancer's left leg show agility and quick movements, while the right leg shows power and strength?",11.82,Please state your answer with a brief explanation.,"Yes, in this video, the dancer's left leg appears to execute quicker, more agile movements, while the right leg seems to provide grounded stability and power as he moves around the floor.",https://www.youtube.com/shorts/BglTrmS3UfI,,,,
0452-7,BglTrmS3UfI,Multiple-choice Question with a Single Correct Answer,Element Attributes,"What are the characteristics of the dancer's legs?
A. Both legs are powerful and strong.
B. Both legs are agile and quick.
C. The left leg is disabled, and the right leg is healthy.
D. The right leg is disabled, and the left leg is healthy.",11.82,"E. None of the above
Select one best answer to the above multiple-choice question based on the video. Respond with only the letter (A, B, C, D or E) of the correct option.",B,https://www.youtube.com/shorts/BglTrmS3UfI,,,,
0456-0,#NAME?,Primary Open-ended Question,Element Counting,How many nails did the man use in the experiment?,,Please state your answer with a brief explanation.,"In this experiment, the man uses 8 nails, which he divides into two glasses. He adds vinegar to one glass and a Monster Energy drink to the other. He then leaves the nails to soak. After leaving them to soak he dumps the solution onto a ramp and then uses the nails.",https://www.youtube.com/shorts/-Tf9VMl4krk,,,,
0456-1,#NAME?,Paraphrased Open-ended Question,Element Counting,What was the total number of nails the man used in his experiment?,,Please state your answer with a brief explanation.,The man used a total of 10 nails in his experiment. Five nails were placed in each of the two glasses.,https://www.youtube.com/shorts/-Tf9VMl4krk,,,,
0456-2,#NAME?,Correctly-led Open-ended Question,Element Counting,"Did the man use six nails in the experiment, placing three in each cup?",,Please state your answer with a brief explanation.,"Yes, the man used six nails in the experiment, placing three in each cup. The video shows him pouring rusty nails into two cups, then dividing the nails into two groups of three.",https://www.youtube.com/shorts/-Tf9VMl4krk,,,,
0456-3,#NAME?,Wrongly-led Open-ended Question,Element Counting,"Did the man use 14 nails in the experiment, with seven in each mug?",,Please state your answer with a brief explanation.,"No, the man used 13 nails in the experiment, with seven nails in one mug and six nails in the other.",https://www.youtube.com/shorts/-Tf9VMl4krk,,,,
0456-7,#NAME?,Multiple-choice Question with a Single Correct Answer,Element Counting,"How many nails did the man use in the experiment?
A. 2.
B. 10
C. 14
D. 6",,"E. None of the above
Select one best answer to the above multiple-choice question based on the video. Respond with only the letter (A, B, C, D or E) of the correct option.",C,https://www.youtube.com/shorts/-Tf9VMl4krk,,,,
0463-0,aoE98e_FlYQ,Primary Open-ended Question,Event Localization,Which throw conducted by the person did the counter starts counting from?,33.07,Please state your answer with a brief explanation.,"The counter starts from the first throw. You can see that there is an animated display indicating ""BASKET COUNTER"" with five circles. After the first throw, the first circle turns red with an 'X' indicating a failed attempt.",https://youtube.com/shorts/aoE98e_FlYQ,,,,
0463-1,aoE98e_FlYQ,Paraphrased Open-ended Question,Event Localization,From which throw does the counter begin to count in the video?,33.07,Please state your answer with a brief explanation.,The counter begins to count from the first throw in the video at [00:00:08]. The text “Basket Counter” with blank circles appears on the screen immediately before. Each throw is marked with an X or a check to show whether the basket was missed or made.,https://youtube.com/shorts/aoE98e_FlYQ,,,,
0463-2,aoE98e_FlYQ,Correctly-led Open-ended Question,Event Localization,Does the counter start counting from the second throw made by the man?,33.07,Please state your answer with a brief explanation.,The counter does start counting from the second throw made by the man. It starts with two red crosses and then changes into green check marks.,https://youtube.com/shorts/aoE98e_FlYQ,,,,
0463-3,aoE98e_FlYQ,Wrongly-led Open-ended Question,Event Localization,Does the counter start counting from the throw where the first successful basket is made?,33.07,Please state your answer with a brief explanation.,"No, the counter starts counting from the throw where the first successful basket is made. Before the first successful basket, the counter shows a red X. The first time the ball goes through the basket, the red X is replaced by a green checkmark.",https://youtube.com/shorts/aoE98e_FlYQ,,,,
0463-7,aoE98e_FlYQ,Multiple-choice Question with a Single Correct Answer,Event Localization,"When does the counter start counting?
A. The third throw
B. The second throw .
C. The fourth throw
D. The first throw",33.07,"E. None of the above
Select one best answer to the above multiple-choice question based on the video. Respond with only the letter (A, B, C, D or E) of the correct option.",A,https://youtube.com/shorts/aoE98e_FlYQ,,,,
0466-0,_TrCxTyakH0,Primary Open-ended Question,Event Counting,How many optical illusion imagery of clever perspective and time freezing are shown in the video in total?,20.52,Please state your answer with a brief explanation.,"There are 8 optical illusion imagery in the video.
1. A man jumping off a building with a broomstick seemingly flying in the air.
2. A man walking past a bird with the bird appearing like a giant looking down on him.
3. An airplane taking off towards the sun, making it appear like the sun is an exhaust flame.
4. An ant on a rock lifting a stick over his head with the sun as the background.
5. A man touching the sun with his finger towards another man's mouth.
6. A swarm of birds flying and forming the shape of a flying bird in the sky.
7. A plane trail next to the Statue of Liberty, making the Statue of Liberty seem like she's smoking.",https://www.youtube.com/shorts/_TrCxTyakH0,,,,
0466-1,_TrCxTyakH0,Paraphrased Open-ended Question,Event Counting,What is the total number of images featuring optical illusions in the video?,20.52,Please state your answer with a brief explanation.,"There are 7 images that feature optical illusions in the video.

1.  A man looks like he is flying.
2.  A seagull looks large next to a small person.
3.  An airplane flies into the sun.
4.  An ant looks like it is lifting a stick with the sun in the background.
5.  A person looks like he is eating the sun.
6.  Birds look like a dolphin.
7.  The Statue of Liberty's torch has a white line that makes it look like it is smoking.",https://www.youtube.com/shorts/_TrCxTyakH0,,,,
0466-2,_TrCxTyakH0,Correctly-led Open-ended Question,Event Counting,Does the video contain 6 images that are related to optical illusions?,20.52,Please state your answer with a brief explanation.,"Yes, the video contains 6 images that are related to optical illusions. Optical illusions can be described as visual phenomena, where our perception of an image differs from the reality of the object.
The images are considered to be related to optical illusions because:
1. The person flying on a broom in front of the pool, which gives the impression that the person is flying.
2. The seagull appears to be giant, where there is a man nearby.
3. The jet airplane takes off into the sunset, but it appears to be coming directly from the sun.
4. The ant is holding a branch, but it appears to be lifting the sun instead.
5. The person puts his finger on the sun, but it appears that his finger is pointing to the sun going in the man's mouth.
6. The group of birds appear to be in the shape of a dolphin.
7. It appears that the Statue of Liberty is blowing out the sun like a candle.",https://www.youtube.com/shorts/_TrCxTyakH0,,,,
0466-3,_TrCxTyakH0,Wrongly-led Open-ended Question,Event Counting,Are there 5 optical illusion images shown in the video?,20.52,Please state your answer with a brief explanation.,"Yes, there are 5 optical illusion images shown in the video.
1. A man who appears to be flying off a house into a pool on a broom.
2. A seagull that appears to be gigantic, because the man in the shot is very far from the camera.
3. A plane appearing to come out of the sun.
4. An ant is standing on a rock, holding up a twig in front of the sun.
5. A finger is pointing at the sun, which makes it look like it is touching the person's mouth.",https://www.youtube.com/shorts/_TrCxTyakH0,,,,
0466-7,_TrCxTyakH0,Multiple-choice Question with a Single Correct Answer,Event Counting,"How many optical illusion images are shown in the video?
A. 5
B. 6
C. 4
D. 7",20.52,"E. None of the above
Select one best answer to the above multiple-choice question based on the video. Respond with only the letter (A, B, C, D or E) of the correct option.",B,https://www.youtube.com/shorts/_TrCxTyakH0,,,,
0468-0,Se8JkJUt7YE,Primary Open-ended Question,Element Localization,Which person in the video successfully walked down the stairs?,24.98,Please state your answer with a brief explanation.,"Based on the video, it appears that the second person was able to successfully walk down the stairs with the ""whirlpool effect."" The first person falls on the stairs while the second person carefully makes their way down.",https://www.youtube.com/shorts/Se8JkJUt7YE,,,,
0468-1,Se8JkJUt7YE,Paraphrased Open-ended Question,Element Localization,"Who was able to walk down the stairs successfully in the video?
",24.98,Please state your answer with a brief explanation.,The first person in the video falls down the stairs and fails the challenge. The second person in the video appears to walk successfully to the bottom of the stairs and succeeds in the challenge.,https://www.youtube.com/shorts/Se8JkJUt7YE,,,,
0468-2,Se8JkJUt7YE,Correctly-led Open-ended Question,Element Localization,"Did the second person manage to successfully walk down the stairs despite the whirlpool effect?
",24.98,Please state your answer with a brief explanation.,"The first person in the video slips while trying to walk down the stairs. The second person manages to successfully walk down the stairs, using small steps and focusing on where they are stepping.",https://www.youtube.com/shorts/Se8JkJUt7YE,,,,
0468-3,Se8JkJUt7YE,Wrongly-led Open-ended Question,Element Localization,"Was the first person able to successfully walk down the stairs despite almost falling?
",24.98,Please state your answer with a brief explanation.,"Based on the content of the video, the first person was unable to successfully walk down the stairs because they fell. The second person was able to successfully walk down the stairs without falling.",https://www.youtube.com/shorts/Se8JkJUt7YE,,,,
0468-7,Se8JkJUt7YE,Multiple-choice Question with a Single Correct Answer,Element Localization,"Which person in the video successfully walked down the stairs?
A. The first person
B. The second person
C. None of them
D. Both persons",24.98,"E. None of the above
Select one best answer to the above multiple-choice question based on the video. Respond with only the letter (A, B, C, D or E) of the correct option.",C,https://www.youtube.com/shorts/Se8JkJUt7YE,,,,
0494-0,RBz8pTO0ySw,Primary Open-ended Question,Element Counting,How many kinds of scissors were used in the video?,15.85,Please state your answer with a brief explanation.,,https://www.youtube.com/shorts/RBz8pTO0ySw,,,,
0494-1,RBz8pTO0ySw,Paraphrased Open-ended Question,Element Counting,What is the number of different types of scissors used in the video?,15.85,Please state your answer with a brief explanation.,,https://www.youtube.com/shorts/RBz8pTO0ySw,,,,
0494-2,RBz8pTO0ySw,Correctly-led Open-ended Question,Element Counting,Were two kinds of scissors used in the video?,15.85,Please state your answer with a brief explanation.,,https://www.youtube.com/shorts/RBz8pTO0ySw,,,,
0494-3,RBz8pTO0ySw,Wrongly-led Open-ended Question,Element Counting,Were three kinds of scissors used throughout the video?,15.85,Please state your answer with a brief explanation.,,https://www.youtube.com/shorts/RBz8pTO0ySw,,,,
0494-7,RBz8pTO0ySw,Multiple-choice Question with a Single Correct Answer,Element Counting,"How many kinds of scissors were used in the video?
A. Three
B. Four
C. One
D. Two",15.85,"E. None of the above
Select one best answer to the above multiple-choice question based on the video. Respond with only the letter (A, B, C, D or E) of the correct option.",,https://www.youtube.com/shorts/RBz8pTO0ySw,,,,
0500-0,nBaWVmaLh1A,Primary Open-ended Question,Element Counting,How many ping-pong balls are in the video?,33.11,Please state your answer with a brief explanation.,There is one ping-pong ball in the video. It is being hit with a paddle over candles.,https://www.youtube.com/shorts/nBaWVmaLh1A,,,,
0500-1,nBaWVmaLh1A,Paraphrased Open-ended Question,Element Counting,What is the total number of ping-pong balls shown in the video?,33.11,Please state your answer with a brief explanation.,"Okay, I can help you with that.

Based on the video, there is one ping-pong ball shown. It is white and is shown in a scene where the person is hitting it with a paddle between two lit candles.",https://www.youtube.com/shorts/nBaWVmaLh1A,,,,
0500-2,nBaWVmaLh1A,Correctly-led Open-ended Question,Element Counting,Are there three ping-pong balls featured in the video?,33.11,Please state your answer with a brief explanation.,"No, there is only one ping-pong ball featured in the video. The ping-pong ball is briefly seen when the person is attempting to balance it on two candle lights.",https://www.youtube.com/shorts/nBaWVmaLh1A,,,,
0500-3,nBaWVmaLh1A,Wrongly-led Open-ended Question,Element Counting,Are there four ping-pong balls in the video?,33.11,Please state your answer with a brief explanation.,"No, there is one ping-pong ball in the video. You can see it in the clip where it is being used to bounce back and forth over two candles.",https://www.youtube.com/shorts/nBaWVmaLh1A,,,,
0500-7,nBaWVmaLh1A,Multiple-choice Question with a Single Correct Answer,Element Counting,"How many ping-pong balls are in the video?
A. Two
B. Three
C. Four
D. One",33.11,"E. None of the above
Select one best answer to the above multiple-choice question based on the video. Respond with only the letter (A, B, C, D or E) of the correct option.",E,https://www.youtube.com/shorts/nBaWVmaLh1A,,,,
0501-0,fyq0pd_pFvE,Primary Open-ended Question,Element Counting,How many dumplings does the man in purple have on his plate?,46.87,Please state your answer with a brief explanation.,"The man in purple has 6 dumplings on his plate. We can see 6 dumplings on the tray when the man in purple is carrying them, and again when they are placed on the table in front of him.",https://www.youtube.com/shorts/fyq0pd_pFvE,,,,
0501-1,fyq0pd_pFvE,Paraphrased Open-ended Question,Element Counting,What is the number of dumplings on the plate of the man wearing purple?,46.87,Please state your answer with a brief explanation.,There are 7 dumplings on the man's plate. You can see this when he is delivering it from the kitchen area to the tables.,https://www.youtube.com/shorts/fyq0pd_pFvE,,,,
0501-2,fyq0pd_pFvE,Correctly-led Open-ended Question,Element Counting,Does the man in purple have 5 soup dumplings on his plate?,46.87,Please state your answer with a brief explanation.,"The man in purple has 6 soup dumplings on his tray, not 5.",https://www.youtube.com/shorts/fyq0pd_pFvE,,,,
0501-3,fyq0pd_pFvE,Wrongly-led Open-ended Question,Element Counting,Does the man in purple have 6 dumplings on his plate?,46.87,Please state your answer with a brief explanation.,"Yes, the man in the purple shirt has 6 dumplings on his plate. They are arranged in two rows of 3 dumplings.",https://www.youtube.com/shorts/fyq0pd_pFvE,,,,
0501-7,fyq0pd_pFvE,Multiple-choice Question with a Single Correct Answer,Element Counting,"How many dumplings does the man in purple have on his plate?
A. 6
B. 2
C. 5
D. 10",46.87,"E. None of the above
Select one best answer to the above multiple-choice question based on the video. Respond with only the letter (A, B, C, D or E) of the correct option.",A,https://www.youtube.com/shorts/fyq0pd_pFvE,,,,
0512-0,FkNdEfxYYc4,Primary Open-ended Question,Element Counting,How many POTS did the ping-pong balls hit at the beginning of the video?,48.09,Please state your answer with a brief explanation.,"At the beginning of the video, the ping-pong ball hit 4 pots. We can see that the ping-pong ball bounces from one to another from the start of the video until the ping-pong ball falls onto the red cup.",https://www.youtube.com/shorts/FkNdEfxYYc4,,,,
0512-1,FkNdEfxYYc4,Paraphrased Open-ended Question,Element Counting,How many pots did the ping-pong ball bounce off at the start of the video?,48.09,Please state your answer with a brief explanation.,The ping-pong ball bounced off four pots at the start of the video. The video shows the ball bouncing off a series of four pots that are placed in a row at the beginning of the video.,https://www.youtube.com/shorts/FkNdEfxYYc4,,,,
0512-2,FkNdEfxYYc4,Correctly-led Open-ended Question,Element Counting,Did the ping-pong ball hit seven pots at the beginning of the video?,48.09,Please state your answer with a brief explanation.,"Yes, the ping-pong ball hits seven pots at the beginning of the video. At the start of the course, the ping-pong ball is set in motion and successively hits a series of seven pots.",https://www.youtube.com/shorts/FkNdEfxYYc4,,,,
0512-3,FkNdEfxYYc4,Wrongly-led Open-ended Question,Element Counting,Did the ping-pong ball hit only two pots at the beginning of the video?,48.09,Please state your answer with a brief explanation.,"Yes, at the beginning of the video the ping-pong ball does indeed hit only two pots.",https://www.youtube.com/shorts/FkNdEfxYYc4,,,,
0512-7,FkNdEfxYYc4,Multiple-choice Question with a Single Correct Answer,Element Counting,"How many pots did the ping-pong ball hit at the beginning of the video?
A. Seven
B. Five
C. Two
D. Ten",48.09,"E. None of the above
Select one best answer to the above multiple-choice question based on the video. Respond with only the letter (A, B, C, D or E) of the correct option.",B,https://www.youtube.com/shorts/FkNdEfxYYc4,,,,
0520-0,SdvMPe6XF7w,Primary Open-ended Question,Plot Attribute,Which letters need the minimum number of people in the video to make up?,57.89,Please state your answer with a brief explanation.,"The letters that need the minimum number of people to make up are:
- I: Only one person is needed to make up this letter.
- V, W: These letters both require one person as well to form these letters.",https://www.youtube.com/shorts/SdvMPe6XF7w,,,,
0520-1,SdvMPe6XF7w,Paraphrased Open-ended Question,Plot Attribute,Which letters in the video require the fewest people to form?,57.89,Please state your answer with a brief explanation.,"Certainly!

The letters ""I,"" ""V,"" and ""W"" require the fewest people to form, needing only one person each. These letters can be created with a single person's posture or body position.",https://www.youtube.com/shorts/SdvMPe6XF7w,,,,
0520-2,SdvMPe6XF7w,Correctly-led Open-ended Question,Plot Attribute,"Do the letters 'I,' 'V,' and 'W' need only one person each to form in the video?",57.89,Please state your answer with a brief explanation.,"Here is the answer to your question:

Yes, the letters 'I,' 'V,' and 'W' need only one person each to form in the video. Each letter is formed by the pose of a single individual.",https://www.youtube.com/shorts/SdvMPe6XF7w,,,,
0520-3,SdvMPe6XF7w,Wrongly-led Open-ended Question,Plot Attribute,Is the letter 'i' the only one that needs the minimum number of people to form?,57.89,Please state your answer with a brief explanation.,"The letter 'i' is the only one that needs the minimum number of people to form. As shown in the image, it can be made with just one person.",https://www.youtube.com/shorts/SdvMPe6XF7w,,,,
0520-7,SdvMPe6XF7w,Multiple-choice Question with a Single Correct Answer,Plot Attribute,"Which letters require the minimum number of people to form?
A. W
B. I
C. I', 'L', 'O', and 'V'
D. All of the above",57.89,"E. None of the above
Select one best answer to the above multiple-choice question based on the video. Respond with only the letter (A, B, C, D or E) of the correct option.",B,https://www.youtube.com/shorts/SdvMPe6XF7w,,,,
0522-0,rujdEa3MVYo,Primary Open-ended Question,Element Counting,How many men in hats are seen in the video?,60.08,Please state your answer with a brief explanation.,"There are two men in hats seen in the video. 

Firstly, starting at [00:00:32], there is a man laying in the sand wearing a baseball cap.

Secondly, starting at [00:00:20], there are shots of a man wearing a pink, plastic costume hat that looks like a rhino.",https://www.youtube.com/shorts/rujdEa3MVYo,,,,
0522-1,rujdEa3MVYo,Paraphrased Open-ended Question,Element Counting,What is the number of men wearing hats in the video?,60.08,Please state your answer with a brief explanation.,There are two men wearing hats in the video. One man is wearing a gray baseball cap and the other is wearing a pink unicorn helmet.,https://www.youtube.com/shorts/rujdEa3MVYo,,,,
0522-2,rujdEa3MVYo,Correctly-led Open-ended Question,Element Counting,Are there two men in hats shown in the video?,60.08,Please state your answer with a brief explanation.,"Yes, there are two men in hats in the video. In the clip from [00:00:32-00:00:33], one man is laying down in the sand wearing a grey baseball cap. Later, one of the men is wearing a pink unicorn-esque hat that lights up in the clip from [00:00:44-00:00:45].",https://www.youtube.com/shorts/rujdEa3MVYo,,,,
0522-3,rujdEa3MVYo,Wrongly-led Open-ended Question,Element Counting,Are there three men in hats shown in the video?,60.08,Please state your answer with a brief explanation.,"I can help you out with that!

Answer: Yes. The video features three men wearing hats. One man has a gray baseball cap, and another man is wearing a pink and blue unicorn hat. A third man wears what appears to be a Santa Claus hat.",https://www.youtube.com/shorts/rujdEa3MVYo,,,,
0522-7,rujdEa3MVYo,Multiple-choice Question with a Single Correct Answer,Element Counting,"How many men in hats are seen in the video?
A. Three
B. Four
C. One
D. Two",60.08,"E. None of the above
Select one best answer to the above multiple-choice question based on the video. Respond with only the letter (A, B, C, D or E) of the correct option.",D,https://www.youtube.com/shorts/rujdEa3MVYo,,,,
0525-0,Ai4fCLMGL9Y,Primary Open-ended Question,Element Counting,How many legs does the person not in the wheelchair have in the video?,28.5,Please state your answer with a brief explanation.,The person not in the wheelchair appears to have two legs. This can be observed in the video.,https://www.youtube.com/shorts/Ai4fCLMGL9Y,,,,
0525-1,Ai4fCLMGL9Y,Paraphrased Open-ended Question,Element Counting,What is the number of legs the person not in the wheelchair has in the video?,28.5,Please state your answer with a brief explanation.,The person who is not in the wheelchair has two legs. He uses his legs to run and walk in the video to help the person in the wheelchair.,https://www.youtube.com/shorts/Ai4fCLMGL9Y,,,,
0525-2,Ai4fCLMGL9Y,Correctly-led Open-ended Question,Element Counting,Does the person not in the wheelchair have only one leg?,28.5,Please state your answer with a brief explanation.,"No, the person helping the man in the wheelchair does not have only one leg. This is observable from the video.",https://www.youtube.com/shorts/Ai4fCLMGL9Y,,,,
0525-3,Ai4fCLMGL9Y,Wrongly-led Open-ended Question,Element Counting,Is it true that the person not in the wheelchair has two legs?,28.5,Please state your answer with a brief explanation.,"Yes, that's most likely true. In the video, a person helps someone in a wheelchair out of a flooded area. Since the person helping is standing in the water, we can see that he most likely has two legs.",https://www.youtube.com/shorts/Ai4fCLMGL9Y,,,,
0525-7,Ai4fCLMGL9Y,Multiple-choice Question with a Single Correct Answer,Element Counting,"How many legs does the person not in the wheelchair have?
A. One leg
B. Two legs
C. Three legs
D. No legs",28.5,"E. None of the above
Select one best answer to the above multiple-choice question based on the video. Respond with only the letter (A, B, C, D or E) of the correct option.",B,https://www.youtube.com/shorts/Ai4fCLMGL9Y,,,,
0526-0,Z5jKO_Qql30,Primary Open-ended Question,Element Counting,"In the second video, how many lighters is the man holding in his hand?",34.6,Please state your answer with a brief explanation.,"The man is holding two lighters at 0:12, after an orange lighter is ignited, he then holds a blue lighter in his left hand at 0:13, and ignites it with the orange lighter in his right hand at 0:14.",https://www.youtube.com/shorts/Z5jKO_Qql30,,,,
0526-1,Z5jKO_Qql30,Paraphrased Open-ended Question,Element Counting,"In the second video, what is the number of lighters the man is holding?",34.6,Please state your answer with a brief explanation.,The man is holding two lighters in the second video. The first lighter is seen as he is burning a hole through his finger and the second lighter is seen at [00:00:13] when he ignites the second lighter with the first one.,https://www.youtube.com/shorts/Z5jKO_Qql30,,,,
0526-2,Z5jKO_Qql30,Correctly-led Open-ended Question,Element Counting,Is the man holding two lighters in his hands in the second video?,34.6,Please state your answer with a brief explanation.,"Yes, in the second video, the man holds two lighters. You can see this beginning around [00:00:12].",https://www.youtube.com/shorts/Z5jKO_Qql30,,,,
0526-3,Z5jKO_Qql30,Wrongly-led Open-ended Question,Element Counting,Is the man holding three lighters in his hands in the second video?,34.6,Please state your answer with a brief explanation.,"No, the man in the second video is holding two lighters in his hands. At [00:00:13] you can see the red circle to show that he has two lighters, one in each hand.",https://www.youtube.com/shorts/Z5jKO_Qql30,,,,
0526-7,Z5jKO_Qql30,Multiple-choice Question with a Single Correct Answer,Element Counting,"How many lighters is the man holding in the second video?
A. Three
B. Two
C. Four
D. One",34.6,"E. None of the above
Select one best answer to the above multiple-choice question based on the video. Respond with only the letter (A, B, C, D or E) of the correct option.",B,https://www.youtube.com/shorts/Z5jKO_Qql30,,,,
0530-0,yzlFm0LpRpM,Primary Open-ended Question,Positional Relationship,Which ball did the man in blue kick in the fifth scene?,33.56,Please state your answer with a brief explanation.,"In the fifth scene, the man in blue kicked a soccer ball. The scene shows him kicking one of the soccer balls toward a soccer net.",https://www.youtube.com/shorts/yzlFm0LpRpM,,,,
0530-1,yzlFm0LpRpM,Paraphrased Open-ended Question,Positional Relationship,Which ball did the man in blue choose to kick in the fifth scene?,33.56,Please state your answer with a brief explanation.,The man in blue chose to kick the ball on the right in the fifth scene. This is because the assistant was positioning the balls for the kick and the man in blue kicks the ball on the right.,https://www.youtube.com/shorts/yzlFm0LpRpM,,,,
0530-2,yzlFm0LpRpM,Correctly-led Open-ended Question,Positional Relationship,Did the man in blue kick the middle ball in the fifth scene?,33.56,Please state your answer with a brief explanation.,"The man in blue kicked the middle ball in the fifth scene. The video clearly shows him kicking the middle ball, as all the balls are set in a line.",https://www.youtube.com/shorts/yzlFm0LpRpM,,,,
0530-3,yzlFm0LpRpM,Wrongly-led Open-ended Question,Positional Relationship,Did the man in blue kick the top ball in the fifth scene?,33.56,Please state your answer with a brief explanation.,"Yes, the man in blue kicked the top ball in the fifth scene. He can be seen kicking the top ball in the stack of balls.",https://www.youtube.com/shorts/yzlFm0LpRpM,,,,
0530-7,yzlFm0LpRpM,Multiple-choice Question with a Single Correct Answer,Positional Relationship,"Which ball did the man in blue kick in the fifth scene?
A. Bottom ball
B. Top ball
C. Middle ball",33.56,"E. None of the above
Select one best answer to the above multiple-choice question based on the video. Respond with only the letter (A, B, C, D or E) of the correct option.",C,https://www.youtube.com/shorts/yzlFm0LpRpM,,,,
0539-0,HXeyvC8MeBU,Primary Open-ended Question,Element Counting,How many people in the video that aren't in a car are scared by the masked person?,60.08,Please state your answer with a brief explanation.,"Based on the video, there is a total of 4 people that aren't in a car that are scared by the masked person. They are the group of school children running away from the masked person and the female mail worker.",https://www.youtube.com/shorts/HXeyvC8MeBU,,,,
0539-1,HXeyvC8MeBU,Paraphrased Open-ended Question,Element Counting,How many individuals outside of a car are frightened by the masked person in the video?,60.08,Please state your answer with a brief explanation.,"Based on the video, there is one group of individuals outside of a car who are frightened by the masked person.

This group is a group of children who scream and scatter while crossing the street when they see the masked person. The other people the masked person approaches seem surprised, but not explicitly frightened.",https://www.youtube.com/shorts/HXeyvC8MeBU,,,,
0539-2,HXeyvC8MeBU,Correctly-led Open-ended Question,Element Counting,Is it true that six people not in a car are scared by the masked person in the video?,60.08,Please state your answer with a brief explanation.,"Okay, here is the answer to your question.

Yes, there are at least six people not in a car who were scared by the masked person in the video. One group of four kids running in the street, one post office worker and one random citizen.",https://www.youtube.com/shorts/HXeyvC8MeBU,,,,
0539-3,HXeyvC8MeBU,Wrongly-led Open-ended Question,Element Counting,Is it true that only four people not in a car are scared by the masked person in the video?,60.08,Please state your answer with a brief explanation.,"I can help with that!

No, that statement is incorrect. The video shows five people, not in a car, scared by the masked person: the group of four children on the sidewalk and a mail carrier. There are also at least eight people in cars that express fear or surprise at seeing the person in the mask.",https://www.youtube.com/shorts/HXeyvC8MeBU,,,,
0539-7,HXeyvC8MeBU,Multiple-choice Question with a Single Correct Answer,Element Counting,"How many people not in a car are scared by the masked person in the video?
A. Four
B. Six
C. Five
D. Seven",60.08,"E. None of the above
Select one best answer to the above multiple-choice question based on the video. Respond with only the letter (A, B, C, D or E) of the correct option.",B,https://www.youtube.com/shorts/HXeyvC8MeBU,,,,
0541-0,zb6Bnsm3_zo,Primary Open-ended Question,Element Counting,How many teeth are there in the video?,11.17,Please state your answer with a brief explanation.,"There are 14 teeth in the video. There is a picture of the teeth being flipped. They are drawn on paper, and it is being turned over.",https://www.youtube.com/shorts/zb6Bnsm3_zo,,,,
0541-1,zb6Bnsm3_zo,Paraphrased Open-ended Question,Element Counting,What is the total number of teeth shown throughout the video?,11.17,Please state your answer with a brief explanation.,"Okay! Here's the breakdown:

The video shows a drawing of a mouth with teeth being colored and then uncolored, so the total number of teeth is 13.",https://www.youtube.com/shorts/zb6Bnsm3_zo,,,,
0541-2,zb6Bnsm3_zo,Correctly-led Open-ended Question,Element Counting,Are there consistently 10 teeth visible in the video from start to finish?,11.17,Please state your answer with a brief explanation.,"No, there are not consistently 10 teeth visible throughout the video. The drawing in the video shows several teeth with missing or filled-in sections, and the number of visible teeth changes as the colors are applied and removed.",https://www.youtube.com/shorts/zb6Bnsm3_zo,,,,
0541-3,zb6Bnsm3_zo,Wrongly-led Open-ended Question,Element Counting,Does the number of visible teeth decrease to none as the water level rises in the video?,11.17,Please state your answer with a brief explanation.,"Yes, the number of visible teeth does decrease to none as the water level rises in the video. The water gradually covers the teeth that are drawn on the paper in the plastic bag, eventually obscuring them completely.",https://www.youtube.com/shorts/zb6Bnsm3_zo,,,,
0541-7,zb6Bnsm3_zo,Multiple-choice Question with a Single Correct Answer,Element Counting,"How many teeth are visible throughout the video?
A. 12
B. 8
C. 9
D. 10",11.17,"E. None of the above
Select one best answer to the above multiple-choice question based on the video. Respond with only the letter (A, B, C, D or E) of the correct option.",A,https://www.youtube.com/shorts/zb6Bnsm3_zo,,,,
0542-0,5mFcSiUxAus,Primary Open-ended Question,Plot Attribute (Montage),What scene is shown as a metaphor of time passage in between the cooking of the bread?,59.99,Please state your answer with a brief explanation.,"Ok, here is the answer to your question.

The scene shown as a metaphor for the passage of time between the bread's preparation and cooking is at [00:00:49] and shows the waterfall with moss. This type of waterfall usually takes time to form, and indicates time has passed.",https://www.youtube.com/shorts/5mFcSiUxAus,,,,
0542-1,5mFcSiUxAus,Paraphrased Open-ended Question,Plot Attribute (Montage),What scene in the video symbolizes the passage of time during the bread's cooking process?,59.99,Please state your answer with a brief explanation.,"Certainly! 

The scene that symbolizes the passage of time during the bread's cooking process is from [00:00:47–00:00:51]. Here the bread is being heated with charcoal, then the charcoal is moved from the oven and the bread is then removed with a finished appearance.",https://www.youtube.com/shorts/5mFcSiUxAus,,,,
0542-2,5mFcSiUxAus,Correctly-led Open-ended Question,Plot Attribute (Montage),"Is the scene where the person is sitting under a waterfall, appearing to meditate, used as a metaphor for time passing while the bread cooks?",59.99,Please state your answer with a brief explanation.,"Yes, that appears to be the case. After putting the bread in the pan to bake, the video cuts to the person sitting and meditating under the waterfall, implying that this action is meant to symbolize the time passing.",https://www.youtube.com/shorts/5mFcSiUxAus,,,,
0542-3,5mFcSiUxAus,Wrongly-led Open-ended Question,Plot Attribute (Montage),Is the scene where the person is bathing under a waterfall used as a metaphor for the passage of time during the bread's cooking?,59.99,Please state your answer with a brief explanation.,"Certainly! Let's analyze the scene where the person is bathing under a waterfall in relation to the bread-making process in the video.

**Answer:** No, the scene with the person bathing under a waterfall is not explicitly used as a metaphor for the passage of time during bread's cooking. While the waterfall scene appears intermittently throughout the video, it seems more like a recurring visual element, enhancing the overall theme of preparing food in a natural, outdoor setting. It doesn't appear directly related to illustrating the time it takes for the bread to cook or rise.",https://www.youtube.com/shorts/5mFcSiUxAus,,,,
0542-7,5mFcSiUxAus,Multiple-choice Question with a Single Correct Answer,Plot Attribute (Montage),"Which scene in the video serves as a metaphor for the passage of time during the bread's cooking?
A. The person cooking over a fire.
B. The person walking through a forest.
C. The person bathing under a waterfall.
D. The person sitting under a waterfall, appearing to meditate.",59.99,"E. None of the above
Select one best answer to the above multiple-choice question based on the video. Respond with only the letter (A, B, C, D or E) of the correct option.",D.,https://www.youtube.com/shorts/5mFcSiUxAus,,,,
0548-0,m8tfdmm3g2A,Primary Open-ended Question,Element Localization,What's the second thing in the video that a man clips with a car window?,58.58,Please state your answer with a brief explanation.,"Here is the answer to your question.

The second thing the man clips with a car window is a carrot. In that segment of the video the man is performing challenges with various items.",https://www.youtube.com/shorts/m8tfdmm3g2A,,,,
0548-1,m8tfdmm3g2A,Paraphrased Open-ended Question,Element Localization,What is the second item the man clips with the car window in the video?,58.58,Please state your answer with a brief explanation.,Sure! The second item the man clips is a carrot. It's a bright orange vegetable.,https://www.youtube.com/shorts/m8tfdmm3g2A,,,,
0548-2,m8tfdmm3g2A,Correctly-led Open-ended Question,Element Localization,Did the man clip cucumber with the car window after the sausage?,58.58,Please state your answer with a brief explanation.,"No, the man clipped a carrot with the car window after the sausage.  After the carrot was the door and wall scene.",https://www.youtube.com/shorts/m8tfdmm3g2A,,,,
0548-3,m8tfdmm3g2A,Wrongly-led Open-ended Question,Element Localization,Does the man clip a carrot as the second item with the car window?,58.58,Please state your answer with a brief explanation.,"No, the man clips a cucumber as the first item and a carrot as the second with the car window.",https://www.youtube.com/shorts/m8tfdmm3g2A,,,,
0548-7,m8tfdmm3g2A,Multiple-choice Question with a Single Correct Answer,Element Localization,"What is the second thing the man clips with a car window?
A. Sausage
B. Cucumber
C. Apple
D. Carrot",58.58,"E. None of the above
Select one best answer to the above multiple-choice question based on the video. Respond with only the letter (A, B, C, D or E) of the correct option.",D,https://www.youtube.com/shorts/m8tfdmm3g2A,,,,
0551-0,HsXS1Qt11cU,Primary Open-ended Question,Element Attributes,What is the state of on-and-off of the switches on the wall in the scene with the woman kneeling?,17.62,Please state your answer with a brief explanation.,"Okay, I can help you with that.

In the scene with the kneeling woman, there are two light switches above the faucet on the tiled wall. Both light switches are in the ""off"" position. The position of the switches suggests they are not on, although this cannot be determined 100%.",https://www.youtube.com/shorts/HsXS1Qt11cU,,,,
0551-1,HsXS1Qt11cU,Paraphrased Open-ended Question,Element Attributes,How are the switches positioned on the wall in the scene with the woman kneeling?,17.62,Please state your answer with a brief explanation.,"Certainly! Here's the information about the light switch positions in the scene where the woman is kneeling:

There are two light switches positioned side-by-side on the wall. They appear to be in the ""off"" position because the bottom of both switches is raised while the top of both switches is lowered.",https://www.youtube.com/shorts/HsXS1Qt11cU,,,,
0551-2,HsXS1Qt11cU,Correctly-led Open-ended Question,Element Attributes,"In the scene with the kneeling woman, is the switch in two different positions?",17.62,Please state your answer with a brief explanation.,"Yes, the switch position does appear to be different. At [00:00:03] the light switch appears to be flipped up, but at [00:00:04], the light switch appears to be down.",https://www.youtube.com/shorts/HsXS1Qt11cU,,,,
0551-3,HsXS1Qt11cU,Wrongly-led Open-ended Question,Element Attributes,Are both switches on the wall in the scene with the woman kneeling in the same position?,17.62,Please state your answer with a brief explanation.,"The answer is: No. In the scene with the woman kneeling, the switches are in different positions. One is up and the other is down.",https://www.youtube.com/shorts/HsXS1Qt11cU,,,,
0551-7,HsXS1Qt11cU,Multiple-choice Question with a Single Correct Answer,Element Attributes,"What is the state of the switches on the wall in the scene with the woman kneeling?
A. Both are on.
B. Both are off.
C. Both are in the middle position.
D. One is on, and one is off.",17.62,"E. None of the above
Select one best answer to the above multiple-choice question based on the video. Respond with only the letter (A, B, C, D or E) of the correct option.",D,https://www.youtube.com/shorts/HsXS1Qt11cU,,,,
0552-0,lAmfy5J8iEA,Primary Open-ended Question,Element Counting,How many slices of bread are in the plate that the guy in the kitchen is carrying?,59.76,Please state your answer with a brief explanation.,There appear to be four slices of bread in the plate that the guy in the kitchen is carrying.,https://www.youtube.com/shorts/lAmfy5J8iEA,,,,
0552-1,lAmfy5J8iEA,Paraphrased Open-ended Question,Element Counting,What is the number of bread slices on the plate held by the person in the kitchen?,59.76,Please state your answer with a brief explanation.,"Certainly!

There are four bread slices on the plate held by the person in the kitchen. You can see each slice clearly as the camera focuses on the plate.",https://www.youtube.com/shorts/lAmfy5J8iEA,,,,
0552-2,lAmfy5J8iEA,Correctly-led Open-ended Question,Element Counting,Is the person in the kitchen carrying three pairs of sliced bread on the plate?,59.76,Please state your answer with a brief explanation.,"Sure, I can help you with that!

The answer is no. She is carrying four sliced bread on the plate. She made sandwiches.",https://www.youtube.com/shorts/lAmfy5J8iEA,,,,
0552-3,lAmfy5J8iEA,Wrongly-led Open-ended Question,Element Counting,Is the person in the kitchen carrying four slices of bread on the plate?,59.76,Please state your answer with a brief explanation.,"Sure! Let's take a look.

After reviewing the video, the person in the kitchen is holding three slices of grilled cheese on the plate.",https://www.youtube.com/shorts/lAmfy5J8iEA,,,,
0552-7,lAmfy5J8iEA,Multiple-choice Question with a Single Correct Answer,Element Counting,"How many slices of bread are on the plate that the person in the kitchen is carrying?
A. Four slices
B. Five slices
C. Two slices
D. Three pairs of slices",59.76,"E. None of the above
Select one best answer to the above multiple-choice question based on the video. Respond with only the letter (A, B, C, D or E) of the correct option.",A,https://www.youtube.com/shorts/lAmfy5J8iEA,,,,
0561-0,PPLTAZ2pBK0,Primary Open-ended Question,Event Counting,How many times does the watch the man is wearing appear in the video?,21.48,Please state your answer with a brief explanation.,The watch the man is wearing appears 9 times in the video. He wears a watch in every shot of him holding the dog in the mirror.,https://www.youtube.com/shorts/PPLTAZ2pBK0,,,,
0561-1,PPLTAZ2pBK0,Paraphrased Open-ended Question,Event Counting,How often does the man's watch appear throughout the video?,21.48,Please state your answer with a brief explanation.,"The man's watch is visible in every scene of this video as he holds the puppy. Therefore, the man's watch appears 9 times.",https://www.youtube.com/shorts/PPLTAZ2pBK0,,,,
0561-2,PPLTAZ2pBK0,Correctly-led Open-ended Question,Event Counting,Does the man's watch appear 7 times in the video?,21.48,Please state your answer with a brief explanation.,"Yes, the man's watch appears seven times in the video. He is wearing it each time he poses with the dog, and he poses seven times.",https://www.youtube.com/shorts/PPLTAZ2pBK0,,,,
0561-3,PPLTAZ2pBK0,Wrongly-led Open-ended Question,Event Counting,Does the man's watch appear 10 times in the video?,21.48,Please state your answer with a brief explanation.,"Yes, the man's watch appears 10 times throughout the video. He wears it in every photo as he poses with his dog.",https://www.youtube.com/shorts/PPLTAZ2pBK0,,,,
0561-7,PPLTAZ2pBK0,Multiple-choice Question with a Single Correct Answer,Event Counting,"How many times does the man's watch appear in the video?
A. 3
B. 2
C. 7
D. 10",21.48,"E. None of the above
Select one best answer to the above multiple-choice question based on the video. Respond with only the letter (A, B, C, D or E) of the correct option.",C,https://www.youtube.com/shorts/PPLTAZ2pBK0,,,,
0566-0,jyXFmTycx_k,Primary Open-ended Question,Plot Attribute (Montage),"Based on narration, what is the reason for the inclusion of the scenes with a broken pot of plant?",60.65,Please state your answer with a brief explanation.,"The broken pot of plant is included in the video as a metaphor to show a mess, that it is possible to make a mess, and so it's important to be able to clean up a mess. This is showcased when the broken pot is shown being swept up to be cleaned and then when the person uses a cloth or paper to clean up makeup.",https://www.youtube.com/watch?v=jyXFmTycx_k,,,,
0566-1,jyXFmTycx_k,Paraphrased Open-ended Question,Plot Attribute (Montage),What is the purpose of showing the broken pot of plant in the scenes?,60.65,Please state your answer with a brief explanation.,"The purpose of showing the broken pot of plant in the scenes is likely symbolic, it is a metaphor used to represent a mess. The mess then needs to be cleaned up. This can be an unexpected mess like a broken plant but it can also be expected as in the toilet. This advertising shows how to clean it all and stay clean.",https://www.youtube.com/watch?v=jyXFmTycx_k,,,,
0566-2,jyXFmTycx_k,Correctly-led Open-ended Question,Plot Attribute (Montage),Do the scenes with the broken pot of plant symbolize the mess and the ineffective cleaning process of using rolled toilet paper?,60.65,Please state your answer with a brief explanation.,"Yes, the scenes with the broken pot of plant appear to symbolize the mess and the ineffective cleaning process of using rolled toilet paper. The effort to sweep up the dirt and debris from the broken pot is similar to the additional effort required when relying solely on toilet paper for personal hygiene. The commercial is demonstrating that cleaning with toilet paper alone is like cleaning up a mess with insufficient tools, whereas using wet wipes provides a more thorough clean.",https://www.youtube.com/watch?v=jyXFmTycx_k,,,,
0566-3,jyXFmTycx_k,Wrongly-led Open-ended Question,Plot Attribute (Montage),Do the scenes with the broken pot of plant highlight the effectiveness of Neve toilet paper and wipes in cleaning up messes?,60.65,Please state your answer with a brief explanation.,"Yes, the scenes with the broken pot of plant do highlight the effectiveness of Neve toilet paper and wipes in cleaning up messes. After showing a bunch of different messy scenes, it ends with a broken pot of plant. It is then shown how well the wipes are able to clean the mess. The rest of the commercial shows the different things the wipes can clean. It ends with ""NEVE TOILET PAPER AND WIPES. ONCE YOU GET IT, IT'S OBVIOUS.""",https://www.youtube.com/watch?v=jyXFmTycx_k,,,,
0566-7,jyXFmTycx_k,Multiple-choice Question with a Single Correct Answer,Plot Attribute (Montage),"What do the scenes with the broken pot of plant symbolize?
A. The beauty of nature.
B. The mess and unsatisfactory cleaning process of using rolled toilet paper.
C. The durability of the pot.
D. The effectiveness of Neve toilet paper and wipes.",60.65,"E. None of the above
Select one best answer to the above multiple-choice question based on the video. Respond with only the letter (A, B, C, D or E) of the correct option.",D,https://www.youtube.com/watch?v=jyXFmTycx_k,,,,
0567-0,trYIAMCLeOs,Primary Open-ended Question,Element Localization,What color is the hair of the third person in the video?,56.94,Please state your answer with a brief explanation.,The hair color of the third person in the video is black. We can see her hair at [00:00:09].,https://www.youtube.com/shorts/trYIAMCLeOs,,,,
0567-1,trYIAMCLeOs,Paraphrased Open-ended Question,Element Localization,What is the hair color of the third individual shown in the video?,56.94,Please state your answer with a brief explanation.,The hair color of the third individual shown in the video is black. This individual is seen preparing and serving homemade yogurt and cereal to children.,https://www.youtube.com/shorts/trYIAMCLeOs,,,,
0567-2,trYIAMCLeOs,Correctly-led Open-ended Question,Element Localization,Is the third person in the video the one with long black hair?,56.94,Please state your answer with a brief explanation.,"Yes, the third person in the video is the one with long black hair. This is based on the order of appearance. The first person pours cereal and milk into a bowl, the second person is the same person who is re-enacting wasting cereal, and then a person with long black hair appears preparing food, so that person is the third person.",https://www.youtube.com/shorts/trYIAMCLeOs,,,,
0567-3,trYIAMCLeOs,Wrongly-led Open-ended Question,Element Localization,Is the third person in the video the one with blonde hair and dark roots?,56.94,Please state your answer with a brief explanation.,"No, the third person in the video is not the one with blonde hair and dark roots. The person with blonde hair and dark roots appears first and is the first person in the video. The third person is a woman with long, black hair who is preparing a yogurt-based snack and serving it to those in need.",https://www.youtube.com/shorts/trYIAMCLeOs,,,,
0567-7,trYIAMCLeOs,Multiple-choice Question with a Single Correct Answer,Element Localization,"What is the hair color of the third person in the video?
A. Black
B. Blonde with dark roots
C. Red
D. Brown",56.94,"E. None of the above
Select one best answer to the above multiple-choice question based on the video. Respond with only the letter (A, B, C, D or E) of the correct option.",A.,https://www.youtube.com/shorts/trYIAMCLeOs,,,,
0571-0,ragJEXeqcbE,Primary Open-ended Question,Positional Relationship,Where is the ring worn by the man in the video?,50.11,Please state your answer with a brief explanation.,The man in the video is wearing a ring on his ring finger on his right hand. This is visible when he is demonstrating the 3-D shapes.,https://www.youtube.com/shorts/ragJEXeqcbE,,,,
0571-1,ragJEXeqcbE,Paraphrased Open-ended Question,Positional Relationship,On which finger is the man's ring in the video?,50.11,Please state your answer with a brief explanation.,"On it!

The man's ring in the video is located on his left ring finger. This can be seen at various points in the video, such as at [00:00:05], [00:00:33], and [00:00:34].",https://www.youtube.com/shorts/ragJEXeqcbE,,,,
0571-2,ragJEXeqcbE,Correctly-led Open-ended Question,Positional Relationship,Is the man's ring worn on the middle finger of his left hand in the video?,50.11,Please state your answer with a brief explanation.,"Certainly! Here's the answer to your question.

Yes, the man's ring appears to be worn on the middle finger of his left hand in the video. When he brings his hands together to manipulate the objects, the ring can be seen on his left-hand middle finger.",https://www.youtube.com/shorts/ragJEXeqcbE,,,,
0571-3,ragJEXeqcbE,Wrongly-led Open-ended Question,Positional Relationship,Is the man's ring worn on the ring finger of his right hand in the video?,50.11,Please state your answer with a brief explanation.,"The man's ring is worn on the ring finger of his right hand in the video. At [00:00:02], you can clearly see the ring.",https://www.youtube.com/shorts/ragJEXeqcbE,,,,
0571-7,ragJEXeqcbE,Multiple-choice Question with a Single Correct Answer,Positional Relationship,"Where is the man's ring worn in the video?
A. Ring finger of his right hand
B. Index finger of his right hand
C. Thumb of his left hand
D. Middle finger of his left hand",50.11,"E. None of the above
Select one best answer to the above multiple-choice question based on the video. Respond with only the letter (A, B, C, D or E) of the correct option.",A,https://www.youtube.com/shorts/ragJEXeqcbE,,,,
0575-0,xW8pfZ5WpNQ,Primary Open-ended Question,Element Attributes (Optical Illusion),What is the two item the little girl in the video is wearing on her feet?,15.57,Please state your answer with a brief explanation.,"Here are the two items the little girl is wearing on her feet:

1.  **Pink Flip-Flops:** The little girl is wearing pink flip-flops, which are open-toed sandals.
2.  **The man's Phone:** In the video, the man lifts up the little girl's feet and finds that one of her flip-flops has his black phone underneath it.",https://www.youtube.com/shorts/xW8pfZ5WpNQ,,,,
0575-1,xW8pfZ5WpNQ,Paraphrased Open-ended Question,Element Attributes (Optical Illusion),What are the two things the little girl is wearing on her feet in the video?,15.57,Please state your answer with a brief explanation.,"The little girl in the video is wearing:

1. Pink flip-flops: These are open-toed, rubber sandals that she is wearing on her feet. 
2. Her dad’s phone: The phone is tucked under one of the flip-flops.",https://www.youtube.com/shorts/xW8pfZ5WpNQ,,,,
0575-2,xW8pfZ5WpNQ,Correctly-led Open-ended Question,Element Attributes (Optical Illusion),Is one of the items on the little girl's feet a phone with a pink slipper case?,15.57,Please state your answer with a brief explanation.,"Yes, one of the items on the little girl's feet is a phone with a pink slipper case. You can see the rectangular shape of the phone in the pink slipper-shaped case when the father picks it up.",https://www.youtube.com/shorts/xW8pfZ5WpNQ,,,,
0575-3,xW8pfZ5WpNQ,Wrongly-led Open-ended Question,Element Attributes (Optical Illusion),Are both items on the little girl's feet pink flip-flops?,15.57,Please state your answer with a brief explanation.,"Here's the answer to your question.

Yes, it does appear that the items on the little girl's feet are both pink flip-flops. They are pink and have a thong strap that goes between the big toe and second toe, which is a characteristic of flip-flops.",https://www.youtube.com/shorts/xW8pfZ5WpNQ,,,,
0575-7,xW8pfZ5WpNQ,Multiple-choice Question with a Single Correct Answer,Element Attributes (Optical Illusion),"What is the little girl wearing on her feet?
A. Two pink flip-flops
B. Barefoot
C. Two phones with pink cases
D. One pink flip flop and a phone with a pink slipper case",15.57,"E. None of the above
Select one best answer to the above multiple-choice question based on the video. Respond with only the letter (A, B, C, D or E) of the correct option.",D,https://www.youtube.com/shorts/xW8pfZ5WpNQ,,,,
0576-0,3bisVkxCA0c,Primary Open-ended Question,Element Localization,Which girl in the video uses a belt?,13.25,Please state your answer with a brief explanation.,"The girl on the right, labeled ""Gen Z"" in the video, uses a belt in her outfit. You can see her put on a belt over her sweater at [00:00:06].",https://www.youtube.com/shorts/3bisVkxCA0c,,,,
0576-1,3bisVkxCA0c,Paraphrased Open-ended Question,Element Localization,Who in the video is wearing a belt?,13.25,Please state your answer with a brief explanation.,"The woman on the right, representing Gen-Z, wears a belt. You can see her putting it on at [00:00:06].",https://www.youtube.com/shorts/3bisVkxCA0c,,,,
0576-2,3bisVkxCA0c,Correctly-led Open-ended Question,Element Localization,Is the GEN-Z girl the one using a belt in the video?,13.25,Please state your answer with a brief explanation.,"Yes, the GEN-Z girl is using the belt in the video. The text overlay identifies which girl is the GEN-Z girl and she's the one who puts the belt on her waist.",https://www.youtube.com/shorts/3bisVkxCA0c,,,,
0576-3,3bisVkxCA0c,Wrongly-led Open-ended Question,Element Localization,Is the millennial girl the one using a belt in the video?,13.25,Please state your answer with a brief explanation.,"No, the Millennial is not the one using the belt in the video. She keeps the gray sweater loose, while the Gen-Z person uses the belt to cinch her gray sweater around her waist.",https://www.youtube.com/shorts/3bisVkxCA0c,,,,
0576-7,3bisVkxCA0c,Multiple-choice Question with a Single Correct Answer,Element Localization,"Which individual uses a belt in the video?
A. Neither
B. Both
C. Millennial
D. GEN-Z",13.25,"E. None of the above
Select one best answer to the above multiple-choice question based on the video. Respond with only the letter (A, B, C, D or E) of the correct option.",D,https://www.youtube.com/shorts/3bisVkxCA0c,,,,
0578-0,_hkdNurB1Fk,Primary Open-ended Question,Element Counting,How many people are in the video?,58.09,Please state your answer with a brief explanation.,There are two people in the video. One is Rowan Atkinson and the other is the construction worker. The clip shows Rowan Atkinson trying to catch the man who jumped over the building.,https://www.youtube.com/shorts/_hkdNurB1Fk,,,,
0578-1,_hkdNurB1Fk,Paraphrased Open-ended Question,Element Counting,What is the total number of individuals shown in the video?,58.09,Please state your answer with a brief explanation.,"There are four individuals shown in the video. There is the main character Rowan Atkinson, two construction workers, and a person walking in the tunnel.",https://www.youtube.com/shorts/_hkdNurB1Fk,,,,
0578-2,_hkdNurB1Fk,Correctly-led Open-ended Question,Element Counting,Are there eight people visible in the video?,58.09,Please state your answer with a brief explanation.,"No, there are not eight people visible in the video. I counted around five different people in the various scenes.",https://www.youtube.com/shorts/_hkdNurB1Fk,,,,
0578-3,_hkdNurB1Fk,Wrongly-led Open-ended Question,Element Counting,Could there be at least ten people in the video?,58.09,Please state your answer with a brief explanation.,"Yes, there could be at least ten people in the video. There is Mr. Bean (Rowan Atkinson), at least three construction workers, and many more pedestrians who appear in the background.",https://www.youtube.com/shorts/_hkdNurB1Fk,,,,
0578-7,_hkdNurB1Fk,Multiple-choice Question with a Single Correct Answer,Element Counting,"How many people are in the video?
A. 10
B. 8
C. 12
D. 6",58.09,"E. None of the above
Select one best answer to the above multiple-choice question based on the video. Respond with only the letter (A, B, C, D or E) of the correct option.",D,https://www.youtube.com/shorts/_hkdNurB1Fk,,,,
0580-0,85l_AvYt-XE,Primary Open-ended Question,Event Counting,How many steps did the girl run before she reached the top?,10.97,Please state your answer with a brief explanation.,"The girl ran up the wall with a total of 6 steps. She took her first step at [00:00:00], the second step at [00:00:01], and the third step at [00:00:01]. Her fourth step was at [00:00:01], followed by her fifth step at [00:00:01]. Her sixth step was at [00:00:02], then she did a backflip to get to the top.",https://www.youtube.com/shorts/85l_AvYt-XE,,,,
0580-1,85l_AvYt-XE,Paraphrased Open-ended Question,Event Counting,How many steps did the girl take before reaching the top of the wall?,10.97,Please state your answer with a brief explanation.,"Certainly! Here's the breakdown of the number of steps the girl took:

From what is visible in the video, the girl took 3 steps to climb the wall before reaching the top.",https://www.youtube.com/shorts/85l_AvYt-XE,,,,
0580-2,85l_AvYt-XE,Correctly-led Open-ended Question,Event Counting,Did the girl run four steps before she reached the top?,10.97,Please state your answer with a brief explanation.,"The girl ran three steps before she reached the top. She took two steps from the bottom of the slanted wall, then one step up to the top.",https://www.youtube.com/shorts/85l_AvYt-XE,,,,
0580-3,85l_AvYt-XE,Wrongly-led Open-ended Question,Event Counting,Did the girl run five steps before she reached the top?,10.97,Please state your answer with a brief explanation.,"The girl runs four steps up the ramp before jumping to grab the ledge, at which point she then uses her momentum to invert herself up to the top.",https://www.youtube.com/shorts/85l_AvYt-XE,,,,
0580-7,85l_AvYt-XE,Multiple-choice Question with a Single Correct Answer,Event Counting,"How many steps did the girl run before reaching the top?
A. Three
B. Four
C. Five
D. Six",10.97,"E. None of the above
Select one best answer to the above multiple-choice question based on the video. Respond with only the letter (A, B, C, D or E) of the correct option.",C,https://www.youtube.com/shorts/85l_AvYt-XE,,,,
0588-0,y5lL-l01ujA,Primary Open-ended Question,Element Counting,How many drawers are there on the table with the globe?,18.71,Please state your answer with a brief explanation.,"Certainly! Here's the answer to the question:

There are five drawers on the table with the globe. The table is white and features a globe on top.",https://www.youtube.com/shorts/y5lL-l01ujA,,,,
0588-1,y5lL-l01ujA,Paraphrased Open-ended Question,Element Counting,What is the total number of drawers on the desk with the globe on top?,18.71,Please state your answer with a brief explanation.,The desk with the globe has 5 drawers. The desk is white and is located in the first room that the person enters.,https://www.youtube.com/shorts/y5lL-l01ujA,,,,
0588-2,y5lL-l01ujA,Correctly-led Open-ended Question,Element Counting,Can you confirm that the desk with the globe has five drawers?,18.71,Please state your answer with a brief explanation.,"Certainly! Let's examine the desk.

Yes, the desk with the globe appears to have five drawers. You can see the distinct outlines of two smaller drawers across the top and three larger drawers underneath.",https://www.youtube.com/shorts/y5lL-l01ujA,,,,
0588-3,y5lL-l01ujA,Wrongly-led Open-ended Question,Element Counting,Is it true that the desk with the globe has four drawers?,18.71,Please state your answer with a brief explanation.,"Okay! Let’s see if the desk with the globe has four drawers.
Based on the images provided, the desk with the globe appears to have five drawers. Therefore, the statement that the desk with the globe has four drawers is not true.",https://www.youtube.com/shorts/y5lL-l01ujA,,,,
0588-7,y5lL-l01ujA,Multiple-choice Question with a Single Correct Answer,Element Counting,"How many drawers are on the desk with the globe?
A. Four
B. Five
C. Three
D. Six",18.71,"E. None of the above
Select one best answer to the above multiple-choice question based on the video. Respond with only the letter (A, B, C, D or E) of the correct option.",B,https://www.youtube.com/shorts/y5lL-l01ujA,,,,
0589-0,CltBandLYjM,Primary Open-ended Question,Event Localization,Did the person in the video eat all the chocolate in six hours?,40.15,Please state your answer with a brief explanation.,"No, the person in the video did not eat all the chocolate in six hours. According to the video, it took him 12 hours to finish all of the chocolate.",https://www.youtube.com/shorts/CltBandLYjM,,,,
0589-1,CltBandLYjM,Paraphrased Open-ended Question,Event Localization,Did the individual consume all the chocolate within a six-hour period?,40.15,Please state your answer with a brief explanation.,"No, the individual did not consume all the chocolate within a six-hour period. According to the video, the individual attempted to consume 100 liters of chocolate. While he ate some of the chocolate in a six-hour period, the individual did not finish the task in that timeframe and the voiceover stated the task was exceptionally difficult. After the chocolate challenge, the individual attempted to drink 100 liters of coconut water. It took the individual 12 hours to consume the 100 liters of coconut water.",https://www.youtube.com/shorts/CltBandLYjM,,,,
0589-2,CltBandLYjM,Correctly-led Open-ended Question,Event Localization,Was half of the chocolate still uneaten at the six-hour mark in the video?,40.15,Please state your answer with a brief explanation.,"No. The narrator states that at eight hours, the man had only consumed half the coconut water. At the six-hour mark, it can be assumed he had not consumed half of the coconut water.",https://www.youtube.com/shorts/CltBandLYjM,,,,
0589-3,CltBandLYjM,Wrongly-led Open-ended Question,Event Localization,Did the video show that it took 12 hours for the person to finish the chocolate?,40.15,Please state your answer with a brief explanation.,"Yes, the video shows that it took 12 hours for the person to finish the coconut water. The video displays timestamps throughout the challenge, and the last one shown is 12 hours.",https://www.youtube.com/shorts/CltBandLYjM,,,,
0589-7,CltBandLYjM,Multiple-choice Question with a Single Correct Answer,Event Localization,"How much chocolate was left uneaten at the six-hour mark?
A. Half
B. A quarter
C. None
D. All",40.15,"E. None of the above
Select one best answer to the above multiple-choice question based on the video. Respond with only the letter (A, B, C, D or E) of the correct option.",C,https://www.youtube.com/shorts/CltBandLYjM,,,,
0590-0,bbiCkBWaOL8,Primary Open-ended Question,Character Reaction Causality,"At the end of the video, what made the man in the black jacket scream?",59.3,Please state your answer with a brief explanation.,"At the end of the video, the man in the black jacket screamed after he fell to the bottom of the stairs and saw a large spider on his face.",https://www.youtube.com/shorts/bbiCkBWaOL8,,,,
0590-1,bbiCkBWaOL8,Paraphrased Open-ended Question,Character Reaction Causality,What caused the man in the black jacket to scream at the end of the video?,59.3,Please state your answer with a brief explanation.,The man in the black jacket screamed at the end of the video because the man in the pink sweater put a fake spider on his face.,https://www.youtube.com/shorts/bbiCkBWaOL8,,,,
0590-2,bbiCkBWaOL8,Correctly-led Open-ended Question,Character Reaction Causality,Did the man in the black jacket scream because someone put a spider toy in his face?,59.3,Please state your answer with a brief explanation.,"Yes, after the man in the red sweater chases the man in the black jacket down the stairs, he places a spider on the man's face causing him to scream in terror.",https://www.youtube.com/shorts/bbiCkBWaOL8,,,,
0590-3,bbiCkBWaOL8,Wrongly-led Open-ended Question,Character Reaction Causality,Did the man in the black jacket scream because he stepped on a spider?,59.3,Please state your answer with a brief explanation.,"No, the man in the black jacket screamed after a giant spider was placed on his face by another man. He was not screaming because he stepped on a spider.",https://www.youtube.com/shorts/bbiCkBWaOL8,,,,
0590-7,bbiCkBWaOL8,Multiple-choice Question with a Single Correct Answer,Character Reaction Causality,"What made the man in the black jacket scream at the end of the video?
A. He saw a scary movie scene.
B. A spider toy was put in his face.
C. He stepped on sharp objects.
D. He heard a loud noise.",59.3,"E. None of the above
Select one best answer to the above multiple-choice question based on the video. Respond with only the letter (A, B, C, D or E) of the correct option.",B,https://www.youtube.com/shorts/bbiCkBWaOL8,,,,
0595-0,7tVlEGngX0s,Primary Open-ended Question,Element Localization,What items did the boy in the video scores with?,28.84,Please state your answer with a brief explanation.,"The boy in the video scores with the following items:
* A blue ball.
* A soccer ball.
* A tennis ball.",https://www.youtube.com/shorts/7tVlEGngX0s,,,,
0595-1,7tVlEGngX0s,Paraphrased Open-ended Question,Element Localization,What types of balls did the boy use to score in the video?,28.84,Please state your answer with a brief explanation.,"The boy scored using a blue bouncy ball, a soccer ball, and a tennis ball. Each of these balls went into the goal.",https://www.youtube.com/shorts/7tVlEGngX0s,,,,
0595-2,7tVlEGngX0s,Correctly-led Open-ended Question,Element Localization,"Did the boy score with a blue exercise ball, a soccer ball, and a tennis ball in the video?",28.84,Please state your answer with a brief explanation.,"Yes, the boy in the video scored with a blue exercise ball, a soccer ball, and a tennis ball, as indicated by the check marks next to the images of those balls under the name ""Michiel.""",https://www.youtube.com/shorts/7tVlEGngX0s,,,,
0595-3,7tVlEGngX0s,Wrongly-led Open-ended Question,Element Localization,"Did the boy score with a basketball, a volleyball, and a baseball in the video?",28.84,Please state your answer with a brief explanation.,"The boy scored with a basketball, a volleyball, and a tennis ball.
The scoring happened in this order:
Basketball
Soccer ball
Tennis ball",https://www.youtube.com/shorts/7tVlEGngX0s,,,,
0595-7,7tVlEGngX0s,Multiple-choice Question with a Single Correct Answer,Element Localization,"What kinds of items did the boy score with in the video?
A. Soccer ball, Rugby ball, Tennis ball
B. Baseball, Volleyball, Tennis ball
C. Blue exercise ball, Volleyball, Baseball
D. Blue exercise ball, Soccer ball, Tennis ball",28.84,"E. None of the above
Select one best answer to the above multiple-choice question based on the video. Respond with only the letter (A, B, C, D or E) of the correct option.",D,https://www.youtube.com/shorts/7tVlEGngX0s,,,,
0597-0,c4LTFnR3F0w,Primary Open-ended Question,Element Localization,What are the characteristics of the person holding the camera in the video?,59.93,Please state your answer with a brief explanation.,"Here is the characterization of the person holding the camera in the video:

Based on the content, the person holding the camera is likely a male, well-built and muscular, and capable of running alongside the various other characters shown. He appears to be an actor and also has the ability to change his costumes very quickly.",https://www.youtube.com/shorts/c4LTFnR3F0w,,,,
0597-1,c4LTFnR3F0w,Paraphrased Open-ended Question,Element Localization,Can you describe the person who is operating the camera in the video?,59.93,Please state your answer with a brief explanation.,"Based on the video, the person operating the camera is most likely the photographer. This is because the man in the photographer costume takes a photo of another man.",https://www.youtube.com/shorts/c4LTFnR3F0w,,,,
0597-2,c4LTFnR3F0w,Correctly-led Open-ended Question,Element Localization,Is the person holding the camera in the video wearing a light gray jacket and white sneakers?,59.93,Please state your answer with a brief explanation.,"Yes, the person holding the camera is wearing a light gray jacket and white sneakers. You can see this at [00:00:18].",https://www.youtube.com/shorts/c4LTFnR3F0w,,,,
0597-3,c4LTFnR3F0w,Wrongly-led Open-ended Question,Element Localization,Is the person holding the camera in the video wearing a white t-shirt and black sneakers?,59.93,Please state your answer with a brief explanation.,"No, the person holding the camera is not wearing a white t-shirt and black sneakers. The person can be seen wearing a variety of outfits, depending on which job the person is pretending to have.",https://www.youtube.com/shorts/c4LTFnR3F0w,,,,
0597-7,c4LTFnR3F0w,Multiple-choice Question with a Single Correct Answer,Element Localization,"What is the person holding the camera in the video wearing?
A. A blue t-shirt
B. A light gray t-shirt
C. A red jacket
D. A light gray jacket",59.93,"E. None of the above
Select one best answer to the above multiple-choice question based on the video. Respond with only the letter (A, B, C, D or E) of the correct option.",B,https://www.youtube.com/shorts/c4LTFnR3F0w,,,,
0600-0,UuJQx4Z8zG4,Primary Open-ended Question,Positional Relationship,Which part of the boy did the orange ball hit in the video?,28.97,Please state your answer with a brief explanation.,"At [00:00:26], the orange ball hits the boy's groin. He is hit in that area because the girl throws the orange ball when he is in the air.",https://www.youtube.com/shorts/UuJQx4Z8zG4,,,,
0600-1,UuJQx4Z8zG4,Paraphrased Open-ended Question,Positional Relationship,Where did the orange ball make contact with the boy in the video?,28.97,Please state your answer with a brief explanation.,"Okay, here is the answer to your question.

At [00:00:25], the orange ball makes contact with the boy's head.",https://www.youtube.com/shorts/UuJQx4Z8zG4,,,,
0600-2,UuJQx4Z8zG4,Correctly-led Open-ended Question,Positional Relationship,Did the orange ball hit the boy on his head?,28.97,Please state your answer with a brief explanation.,"The orange ball hits the boy on his head. At [00:00:27], the ball hits the boy on his head.",https://www.youtube.com/shorts/UuJQx4Z8zG4,,,,
0600-3,UuJQx4Z8zG4,Wrongly-led Open-ended Question,Positional Relationship,Did the orange ball hit the boy on his back?,28.97,Please state your answer with a brief explanation.,"No, the orange ball did not hit the boy on his back. It hits him in the front, causing him to fall.",https://www.youtube.com/shorts/UuJQx4Z8zG4,,,,
0600-7,UuJQx4Z8zG4,Multiple-choice Question with a Single Correct Answer,Positional Relationship,"Where did the orange ball hit the boy?
A. On his back
B. On his arm
C. On his head
D. On his leg",28.97,"E. None of the above
Select one best answer to the above multiple-choice question based on the video. Respond with only the letter (A, B, C, D or E) of the correct option.",C,https://www.youtube.com/shorts/UuJQx4Z8zG4,,,,
0603-0,mgULlk8dagE,Primary Open-ended Question,Element Localization,"According to the video, what are the characteristics of the person who failed twice in a row and lost the heart-shaped pattern?",46.36,Please state your answer with a brief explanation.,"The person who failed twice in a row and lost the heart-shaped pattern is the one wearing a blue shirt and pants. He tried to do a handstand, but could not hold it, causing him to fall out of the hula hoop. He then tried to do a cartwheel, but could not maintain the position and landed on the hula hoop. Thus, he loses two lives.",https://www.youtube.com/shorts/mgULlk8dagE,,,,
0603-1,mgULlk8dagE,Paraphrased Open-ended Question,Element Localization,What are the features of the person who failed twice in a row and lost the heart-shaped pattern in the video?,46.36,Please state your answer with a brief explanation.,"Sure. Here are the features of the person who failed twice and lost the heart-shaped pattern in the video:
*   The person is wearing a blue T-shirt and blue pants.
*   The person has a beard.",https://www.youtube.com/shorts/mgULlk8dagE,,,,
0603-2,mgULlk8dagE,Correctly-led Open-ended Question,Element Localization,Is the person who failed twice in a row and lost the heart-shaped pattern wearing a blue shirt and dark blue pants?,46.36,Please state your answer with a brief explanation.,The person who failed twice in a row and lost the heart-shaped pattern is wearing a blue shirt and dark blue pants.,https://www.youtube.com/shorts/mgULlk8dagE,,,,
0603-3,mgULlk8dagE,Wrongly-led Open-ended Question,Element Localization,Is the person who failed twice in a row and lost the heart-shaped pattern wearing a red shirt with a white 'm' logo and standing in a pink hula hoop?,46.36,Please state your answer with a brief explanation.,"Yes, the person who failed twice in a row and lost the heart-shaped pattern is wearing a red shirt with a white 'm' logo and is standing in a pink hula hoop. The video shows this as the events unfold.",https://www.youtube.com/shorts/mgULlk8dagE,,,,
0603-7,mgULlk8dagE,Multiple-choice Question with a Single Correct Answer,Element Localization,"What is the person who failed twice and lost the heart-shaped pattern wearing?
A. A blue shirt and dark blue pants
B. A blue shirt and white pants
C. A red shirt with a white 'm' logo and black pants
D. A blue shirt with a white 'm' logo and black pants",46.36,"E. None of the above
Select one best answer to the above multiple-choice question based on the video. Respond with only the letter (A, B, C, D or E) of the correct option.",C,https://www.youtube.com/shorts/mgULlk8dagE,,,,
0607-0,7pTwqG9VM7o,Primary Open-ended Question,Event Localization,"At the end of the video, what is the man doing?",26.94,Please state your answer with a brief explanation.,"At the end of the video, the man is hanging upside down from the ceiling and throws a small basketball into a hoop. The man is able to make the shot and then falls down onto the floor.",https://www.youtube.com/shorts/7pTwqG9VM7o,,,,
0607-1,7pTwqG9VM7o,Paraphrased Open-ended Question,Event Localization,What is the actual position of the man in the video?,26.94,Please state your answer with a brief explanation.,"The man in the video is suspended upside down from the ceiling, using a type of gear attached to his feet to stick to it. This allows him to hang freely in an inverted position.",https://www.youtube.com/shorts/7pTwqG9VM7o,,,,
0607-2,7pTwqG9VM7o,Correctly-led Open-ended Question,Event Localization,"Is the man in the video standing on the ground, which is made to look like a ceiling?",26.94,Please state your answer with a brief explanation.,"Yes, the man is standing on the ground, which has been made to look like a ceiling. The room appears to be rotated in the video, and it is clear the objects, such as the sofa and shelf, are right-side up.",https://www.youtube.com/shorts/7pTwqG9VM7o,,,,
0607-3,7pTwqG9VM7o,Wrongly-led Open-ended Question,Event Localization,Is the man in the video standing on the ceiling using equipment attached to his feet?,26.94,Please state your answer with a brief explanation.,The man in the video is not standing on the ceiling using equipment attached to his feet. The equipment is attached to his hands to hold him up against the ceiling.,https://www.youtube.com/shorts/7pTwqG9VM7o,,,,
0607-7,7pTwqG9VM7o,Multiple-choice Question with a Single Correct Answer,Event Localization,"Where is the man in the video standing?
A. hanging upside down from the ceiling
B. On the ground made to look like a ceiling
C. On the ceiling using equipment
D. On a wall using suction cups",26.94,"E. None of the above
Select one best answer to the above multiple-choice question based on the video. Respond with only the letter (A, B, C, D or E) of the correct option.",C,https://www.youtube.com/shorts/7pTwqG9VM7o,,,,
0609-0,MlPYPW1_a0U,Primary Open-ended Question,Plot Attribute,What is used to determine who should be eliminated in the video?,17.47,Please state your answer with a brief explanation.,"Sure! In the video, it seems that a spinning ball is being used to determine who should be eliminated. When the ball stops spinning, the person whose hand is closest to where it stops is then eliminated.",https://www.youtube.com/shorts/MlPYPW1_a0U,,,,
0609-1,MlPYPW1_a0U,Paraphrased Open-ended Question,Plot Attribute,How is the elimination decided in the video game?,17.47,Please state your answer with a brief explanation.,"The players place their hands flat on a square table that has a sphere rotating on top of it. The person that is eliminated is the one that the sphere lands on, and that player must remove their hands. The process repeats itself, until the sphere lands on the final player.",https://www.youtube.com/shorts/MlPYPW1_a0U,,,,
0609-2,MlPYPW1_a0U,Correctly-led Open-ended Question,Plot Attribute,Is the elimination based on whether participants move their hands while the ball is still held?,17.47,Please state your answer with a brief explanation.,"Based on the video, yes, the elimination is based on whether participants move their hands while the ball is still held. When a participant's hand comes off the table while the ball is in motion, they are eliminated.",https://www.youtube.com/shorts/MlPYPW1_a0U,,,,
0609-3,MlPYPW1_a0U,Wrongly-led Open-ended Question,Plot Attribute,Is the elimination determined by who is holding the ball when it stops?,17.47,Please state your answer with a brief explanation.,"Based on the clip, the elimination appears to be determined by who is holding the ball when it stops, yes. This is because when the ball stops in front of someone, they are eliminated from the game.",https://www.youtube.com/shorts/MlPYPW1_a0U,,,,
0609-7,MlPYPW1_a0U,Multiple-choice Question with a Single Correct Answer,Plot Attribute,"How is the elimination process determined in the video?
A. Participants are eliminated if they keep hands still while the ball is still held by the carrier.
B. The person holding the ball when it stops is eliminated.
C. Participants are eliminated if they move their hands while the ball is still held by the carrier.
D. The person who is hitted by the ball is eliminated .",17.47,"E. None of the above
Select one best answer to the above multiple-choice question based on the video. Respond with only the letter (A, B, C, D or E) of the correct option.",C,https://www.youtube.com/shorts/MlPYPW1_a0U,,,,
0610-0,Ldcs4Venq1Q,Primary Open-ended Question,Character Motivation Causality,Why did the woman throw the package out of the window after writing the information on it in the video?,57.24,Please state your answer with a brief explanation.,"From what is shown in the video, the woman appears to be taking part in a race with the other people shown. The package she threw out of the window was a marker for her teammates to find.",https://www.youtube.com/shorts/Ldcs4Venq1Q,,,,
0610-1,Ldcs4Venq1Q,Paraphrased Open-ended Question,Character Motivation Causality,What was the reason the woman tossed the package out of the window after writing on it?,57.24,Please state your answer with a brief explanation.,"In this comedic skit, the woman tossed the package out of the window after writing on it because she wanted the two men to race each other to retrieve the packages, instead of focusing on capturing her. This is to help her make her escape. The packages contained zip ties.",https://www.youtube.com/shorts/Ldcs4Venq1Q,,,,
0610-2,Ldcs4Venq1Q,Correctly-led Open-ended Question,Character Motivation Causality,Did the woman throw the package out of the window so the two men could help her put it in the mailbox?,57.24,Please state your answer with a brief explanation.,"No, the woman did not throw the package out of the window so the two men could help her put it in the mailbox. The woman threw the envelopes out of the window, and the two men then placed the envelopes in an official mailbox in the road.",https://www.youtube.com/shorts/Ldcs4Venq1Q,,,,
0610-3,Ldcs4Venq1Q,Wrongly-led Open-ended Question,Character Motivation Causality,Was the woman trying to quickly get rid of the package by throwing it out of the window?,57.24,Please state your answer with a brief explanation.,"Yes, in one of the scenes, the woman threw the packages out of the window. She was writing on the package and then threw the whole stack of them out the window.",https://www.youtube.com/shorts/Ldcs4Venq1Q,,,,
0610-7,Ldcs4Venq1Q,Multiple-choice Question with a Single Correct Answer,Character Motivation Causality,"Why did the woman throw the package out of the window?
A. She was preventing the men from getting it.
B. She wanted the two men to help her put it in the mailbox.
C. She was trying to get rid of it quickly.
D. She was frustrated with it.",57.24,"E. None of the above
Select one best answer to the above multiple-choice question based on the video. Respond with only the letter (A, B, C, D or E) of the correct option.",A.,https://www.youtube.com/shorts/Ldcs4Venq1Q,,,,
0612-0,qUCG8W5hMdw,Primary Open-ended Question,Character Motivation Causality,"According to the video, why does this person divide the paper into two parts when painting?",58.56,Please state your answer with a brief explanation.,"The person divides the paper into two parts to show the differences in artwork that can be achieved with $0 pencils, and $300 pencils.",https://www.youtube.com/shorts/qUCG8W5hMdw,,,,
0612-1,qUCG8W5hMdw,Paraphrased Open-ended Question,Character Motivation Causality,What is the reason for dividing the paper into two sections in the painting video?,58.56,Please state your answer with a brief explanation.,The paper is divided into two sections to compare the difference between using $0 pencils and $300 pencils when painting a portrait of Buddy from Elf. The left side is painted using $0 pencils with other ingredients like coffee and toothpaste while the right side is painted using $300 pencils.,https://www.youtube.com/shorts/qUCG8W5hMdw,,,,
0612-2,qUCG8W5hMdw,Correctly-led Open-ended Question,Character Motivation Causality,Is the purpose of dividing the paper to compare $0 pencils using non-traditional tools with $300 pencils?,58.56,Please state your answer with a brief explanation.,"Yes, the purpose of dividing the paper is to compare the outcomes of using $0 pencils (non-traditional tools) versus $300 pencils. This allows viewers to visually assess the differences in quality, technique, and final appearance achievable with each set of tools.",https://www.youtube.com/shorts/qUCG8W5hMdw,,,,
0612-3,qUCG8W5hMdw,Wrongly-led Open-ended Question,Character Motivation Causality,Is the reason for dividing the paper simply to compare $0 pencils with $300 pencils without any specific drawing tools?,58.56,Please state your answer with a brief explanation.,"Yes, the reason for dividing the paper is to compare the results of creating the artwork using very cheap materials ($0 pencils), like soot, coffee, mashed berries, and grass, versus good quality drawing tools ($300 pencils).",https://www.youtube.com/shorts/qUCG8W5hMdw,,,,
0612-7,qUCG8W5hMdw,Multiple-choice Question with a Single Correct Answer,Character Motivation Causality,"Why does the person divide the paper into two parts?
A. To prove $300 pencils can draw better than $0 pencils.
B. To compare $0 pencils with $300 pencils without any specific tools.
C. To prove $0 pencils can draw better than $300 pencils.
D. To compare $0 pencils with $300 pencils using non-drawing tools.",58.56,"E. None of the above
Select one best answer to the above multiple-choice question based on the video. Respond with only the letter (A, B, C, D or E) of the correct option.",B,https://www.youtube.com/shorts/qUCG8W5hMdw,,,,
0614-0,JOd2FBcirwk,Primary Open-ended Question,Character Motivation Causality,Why is the men trembling in their hands while eating at the beginning of the video?,60.08,Please state your answer with a brief explanation.,"Here's why the man is trembling his hands while eating in the beginning of the video:

The man is playing a game, which is to test how well he can keep his focus and self-control. The reason is to impress the waitress. He gives her some of the items he had in his backpack, and she is very impressed with him.",https://www.youtube.com/shorts/JOd2FBcirwk,,,,
0614-1,JOd2FBcirwk,Paraphrased Open-ended Question,Character Motivation Causality,What causes the man's hands to tremble while he is eating at the start of the video?,60.08,Please state your answer with a brief explanation.,"Here is the reason for the man’s trembling hands:

The man’s hands appear to be trembling because he is nervous about interacting with the waitress. He is likely nervous due to having a crush on her.",https://www.youtube.com/shorts/JOd2FBcirwk,,,,
0614-2,JOd2FBcirwk,Correctly-led Open-ended Question,Character Motivation Causality,"Is the man pretending to have a disability to see if anyone will help him, causing his hands to tremble?",60.08,Please state your answer with a brief explanation.,"No, the man is not pretending to have a disability to see if anyone will help him. The challenge is called ""Shake Challenge"" from Tiktok, where the man tries to hold his hand without shaking while eating his food.",https://www.youtube.com/shorts/JOd2FBcirwk,,,,
0614-3,JOd2FBcirwk,Wrongly-led Open-ended Question,Character Motivation Causality,Could the man's trembling hands be due to nervousness or excitement?,60.08,Please state your answer with a brief explanation.,"Based on the man's actions in the video, the trembling hands before the waitress arrives could certainly be due to nervousness or excitement. He appears to be very interested in the waitress.",https://www.youtube.com/shorts/JOd2FBcirwk,,,,
0614-7,JOd2FBcirwk,Multiple-choice Question with a Single Correct Answer,Character Motivation Causality,"Why are the man's hands trembling while he is eating?
A. Essential tremor
B. Pretending to have a disability
C. Nervousness
D. Excitement",60.08,"E. None of the above
Select one best answer to the above multiple-choice question based on the video. Respond with only the letter (A, B, C, D or E) of the correct option.",C,https://www.youtube.com/shorts/JOd2FBcirwk,,,,
0616-0,PN2XQBfWV2M,Primary Open-ended Question,Local Event Attribute,Which colored ball in the video reaches the finish line first?,29.68,Please state your answer with a brief explanation.,"Of course! The colored balls finish in a tie. It's designed to look like they are starting at different locations, however, the board is designed to have the same amount of turns for each ball.",https://www.youtube.com/shorts/PN2XQBfWV2M,,,,
0616-1,PN2XQBfWV2M,Paraphrased Open-ended Question,Local Event Attribute,Which ball crosses the finish line first in the video?,29.68,Please state your answer with a brief explanation.,The white ball crosses the finish line first in the video. It starts with a delay but it is the first one to cross the finish line.,https://www.youtube.com/shorts/PN2XQBfWV2M,,,,
0616-2,PN2XQBfWV2M,Correctly-led Open-ended Question,Local Event Attribute,Is the white ball the first to reach the finish line in the video?,29.68,Please state your answer with a brief explanation.,"Yes, the white ball is the first to reach the finish line in the video. It is released after the other two, but, despite that, it overtakes them and wins.",https://www.youtube.com/shorts/PN2XQBfWV2M,,,,
0616-3,PN2XQBfWV2M,Wrongly-led Open-ended Question,Local Event Attribute,Does the blue ball reach the finish line first in the video?,29.68,Please state your answer with a brief explanation.,"Yes, the blue ball is the first one to reach the finish line. When all of the balls reach the end, the blue ball is in the middle, which means it was the first to get there.",https://www.youtube.com/shorts/PN2XQBfWV2M,,,,
0616-7,PN2XQBfWV2M,Multiple-choice Question with a Single Correct Answer,Local Event Attribute,"Which ball reaches the finish line first?
A. White
B. Red
C. Black
D. Blue",29.68,"E. None of the above
Select one best answer to the above multiple-choice question based on the video. Respond with only the letter (A, B, C, D or E) of the correct option.",E,https://www.youtube.com/shorts/PN2XQBfWV2M,,,,
0620-0,7pTwqG9VM7o,Primary Open-ended Question,Element Attributes (Optical Illusion),Where is the man in the video standing?,26.94,Please state your answer with a brief explanation.,The man in the video is standing upside down. He is using ceiling climbing gloves to keep himself attached to the ceiling.,https://www.youtube.com/shorts/7pTwqG9VM7o,,,,
0620-1,7pTwqG9VM7o,Paraphrased Open-ended Question,Element Attributes (Optical Illusion),What is the actual position of the man in the video?,26.94,Please state your answer with a brief explanation.,"The man in the video is hanging upside down from the ceiling, using two claw-like devices strapped to his feet. He is in a living room and appears to be performing a stunt.",https://www.youtube.com/shorts/7pTwqG9VM7o,,,,
0620-2,7pTwqG9VM7o,Correctly-led Open-ended Question,Element Attributes (Optical Illusion),"Is the man in the video standing on the ground, which is made to look like a ceiling?",26.94,Please state your answer with a brief explanation.,"The man is standing on the ground, which is being made to look like a ceiling by the use of a camera. This can be confirmed by noticing that the various items in the room such as the sofa, the balloons, and the picture on the wall, are all placed in their normal upright positions with respect to the ground.",https://www.youtube.com/shorts/7pTwqG9VM7o,,,,
0620-3,7pTwqG9VM7o,Wrongly-led Open-ended Question,Element Attributes (Optical Illusion),Is the man in the video standing on the ceiling using equipment attached to his feet?,26.94,Please state your answer with a brief explanation.,The man in the video is using equipment attached to his feet that enables him to stand on the ceiling. These attachments appear to be some sort of suction grip that allows him to defy gravity in this entertaining stunt.,https://www.youtube.com/shorts/7pTwqG9VM7o,,,,
0620-7,7pTwqG9VM7o,Multiple-choice Question with a Single Correct Answer,Element Attributes (Optical Illusion),"Where is the man in the video standing?
A. On the ground made to look like a ceiling
B. On the ceiling using equipment
C. Floating in mid-air
D. On a wall using suction cups",26.94,"E. None of the above
Select one best answer to the above multiple-choice question based on the video. Respond with only the letter (A, B, C, D or E) of the correct option.",A.,https://www.youtube.com/shorts/7pTwqG9VM7o,,,,
0621-0,9SzIZz1CDcc,Primary Open-ended Question,Positional Relationship,Which foot of the person in the video is leaning against the wall first?,7.96,Please state your answer with a brief explanation.,"The person on the end, Mini Michiel, first leans his left foot against the wall at [00:00:02].",https://www.youtube.com/shorts/9SzIZz1CDcc,,,,
0621-1,9SzIZz1CDcc,Paraphrased Open-ended Question,Positional Relationship,Which foot does the person place against the wall first in the video?,7.96,Please state your answer with a brief explanation.,"The first person to place their foot against the wall is ""Mini Michiel."" It is his left foot.",https://www.youtube.com/shorts/9SzIZz1CDcc,,,,
0621-2,9SzIZz1CDcc,Correctly-led Open-ended Question,Positional Relationship,Is the left foot the first one to lean against the wall in the video?,7.96,Please state your answer with a brief explanation.,"Yes, the left foot of the person labeled “Mini Michiel” is the first to touch the wall. He is the farthest to the right, and as they lean to the left, his left foot touches first.",https://www.youtube.com/shorts/9SzIZz1CDcc,,,,
0621-3,9SzIZz1CDcc,Wrongly-led Open-ended Question,Positional Relationship,Is the right foot the first one to lean against the wall in the video?,7.96,Please state your answer with a brief explanation.,"Yes, the right foot is the first to lean against the wall. We can see from the video that the right side of “Mini Michiel” makes contact with the wall before anyone else.",https://www.youtube.com/shorts/9SzIZz1CDcc,,,,
0621-7,9SzIZz1CDcc,Multiple-choice Question with a Single Correct Answer,Positional Relationship,"Which foot is placed against the wall first in the video?
A. Right foot
B. Neither foot
C. Left foot
D. Both feet simultaneously",7.96,"E. None of the above
Select one best answer to the above multiple-choice question based on the video. Respond with only the letter (A, B, C, D or E) of the correct option.",A,https://www.youtube.com/shorts/9SzIZz1CDcc,,,,
0625-0,yQ2YZQhvc2c,Primary Open-ended Question,Displacement Attribute,What is the direction of displacement of the second ball?,24.03,Please state your answer with a brief explanation.,"The direction of displacement of the second ball is to the right. As the first ball is displaced from the center position to the bottom, the second ball is pushed from the center position to the right.",https://www.youtube.com/shorts/yQ2YZQhvc2c,,,,
0625-1,yQ2YZQhvc2c,Paraphrased Open-ended Question,Displacement Attribute,In which direction does the second ball move?,24.03,Please state your answer with a brief explanation.,The second ball moves to the right. It rolls along the grooved track on the surface of the circular shape.,https://www.youtube.com/shorts/yQ2YZQhvc2c,,,,
0625-2,yQ2YZQhvc2c,Correctly-led Open-ended Question,Displacement Attribute,Does the second ball move back and forth along a horizontal groove?,24.03,Please state your answer with a brief explanation.,"No, the second ball does not move back and forth along a horizontal groove. Initially, the first ball moves in a vertical groove. As more balls are added, they all move along various curved grooves.",https://www.youtube.com/shorts/yQ2YZQhvc2c,,,,
0625-3,yQ2YZQhvc2c,Wrongly-led Open-ended Question,Displacement Attribute,"Does the second ball follow a circular path, moving in a loop?",24.03,Please state your answer with a brief explanation.,"Yes, the second ball does follow a circular path, moving in a loop. As more balls are added, it becomes clearer that they are rotating around the center.",https://www.youtube.com/shorts/yQ2YZQhvc2c,,,,
0625-7,yQ2YZQhvc2c,Multiple-choice Question with a Single Correct Answer,Displacement Attribute,"What is the path of the second ball's displacement?
A. Horizontal groove
B. Zigzag path
C. Circular track
D. Vertical groove",24.03,"E. None of the above
Select one best answer to the above multiple-choice question based on the video. Respond with only the letter (A, B, C, D or E) of the correct option.",A,https://www.youtube.com/shorts/yQ2YZQhvc2c,,,,
0627-0,pUIkzB8KebU,Primary Open-ended Question,Displacement Attribute,Who is changing their position in the video?,15.15,Please state your answer with a brief explanation.,The woman in the video is changing her position. She is moving around the cutout to show the illusion of the cutout.,https://www.youtube.com/shorts/pUIkzB8KebU,,,,
0627-1,pUIkzB8KebU,Paraphrased Open-ended Question,Displacement Attribute,Who changed the position in the video？,15.15,Please state your answer with a brief explanation.,The woman changed the position of the cardboard crocodile-dog. She moved to the back of it and pointed out that it's a cardboard box turned inside out.,https://www.youtube.com/shorts/pUIkzB8KebU,,,,
0627-2,pUIkzB8KebU,Correctly-led Open-ended Question,Displacement Attribute,Is it this photographer moving in the video to change the position of the other person?,15.15,Please state your answer with a brief explanation.,"No, the photographer is not moving to change the position of the other person. The person appears to be moving themselves around the artwork. In this case, the artwork is simply a cardboard cutout that has been designed to distort the perception of the viewer and thus, create an illusion.",https://www.youtube.com/shorts/pUIkzB8KebU,,,,
0627-3,pUIkzB8KebU,Wrongly-led Open-ended Question,Displacement Attribute,Is it the woman in the video who moves to change the position of the other person?,15.15,Please state your answer with a brief explanation.,"No, it is not the woman in the video who moves to change the position of the other person. The video is about how the illusion in the photo does not work when it is seen that the statue is an inside-out cardboard box.",https://www.youtube.com/shorts/pUIkzB8KebU,,,,
0627-7,pUIkzB8KebU,Multiple-choice Question with a Single Correct Answer,Displacement Attribute,"Who changed position in the video?
A. The woman.
B. The little boy.
C. The photographer.
D. The dinosaur.",15.15,"E. None of the above
Select one best answer to the above multiple-choice question based on the video. Respond with only the letter (A, B, C, D or E) of the correct option.",A,https://www.youtube.com/shorts/pUIkzB8KebU,,,,
0633-0,jI5XO3aa5_g,Primary Open-ended Question,Displacement Attribute,What is the direction in which the wheels of the black car turn at the end of the video?,20.03,Please state your answer with a brief explanation.,"Okay! At the end of the video, the wheels of the black car are turning forward. This is because the car is shown driving down the snowy road.",https://www.youtube.com/shorts/jI5XO3aa5_g,,,,
0633-1,jI5XO3aa5_g,Paraphrased Open-ended Question,Displacement Attribute,In which direction do the wheels of the black car rotate at the conclusion of the video?,20.03,Please state your answer with a brief explanation.,"At the conclusion of the video, the wheels of the black car are rotating in a forward direction, enabling the car to move smoothly on the slippery road.",https://www.youtube.com/shorts/jI5XO3aa5_g,,,,
0633-2,jI5XO3aa5_g,Correctly-led Open-ended Question,Displacement Attribute,Do the wheels of the black car turn forward at the end of the video?,20.03,Please state your answer with a brief explanation.,"Okay! Here is the answer to your question.

Yes, at the end of the video, the wheels of the black car turn forward. This is because the car is moving forward on the snowy road.",https://www.youtube.com/shorts/jI5XO3aa5_g,,,,
0633-3,jI5XO3aa5_g,Wrongly-led Open-ended Question,Displacement Attribute,Are the wheels of the black car turning in reverse at the end of the video?,20.03,Please state your answer with a brief explanation.,"Okay, I will answer your question. At the end of the video, the wheels of the black car are turning forward when viewing the clip at normal speed.",https://www.youtube.com/shorts/jI5XO3aa5_g,,,,
0633-7,jI5XO3aa5_g,Multiple-choice Question with a Single Correct Answer,Displacement Attribute,"What is the direction of the wheels of the black car at the end of the video?
A. Not moving
B. Forward
C. Sideways
D. In reverse",20.03,"E. None of the above
Select one best answer to the above multiple-choice question based on the video. Respond with only the letter (A, B, C, D or E) of the correct option.",B,https://www.youtube.com/shorts/jI5XO3aa5_g,,,,
0643-0,KwKJ6gtOGpQ,Primary Open-ended Question,Displacement Attribute,What is the wind direction on that day based on the video?,6.62,Please state your answer with a brief explanation.,"Okay, based on the video, the wind is blowing from left to right with the flag. You can tell this because the flag is being pushed by the wind toward the right.",https://www.youtube.com/shorts/KwKJ6gtOGpQ,,,,
0643-1,KwKJ6gtOGpQ,Paraphrased Open-ended Question,Displacement Attribute,How can you determine the wind direction on that day from the video?,6.62,Please state your answer with a brief explanation.,"Here's how you can determine the wind direction:

The wind direction can be determined by looking at the direction the flag is blowing. Because the flag is blowing to the left of the screen, this indicates that the wind is blowing from right to left.",https://www.youtube.com/shorts/KwKJ6gtOGpQ,,,,
0643-2,KwKJ6gtOGpQ,Correctly-led Open-ended Question,Displacement Attribute,Is the wind blowing from the left to the right side of the screen in the video?,6.62,Please state your answer with a brief explanation.,"Yes, the wind is blowing from the left to the right side of the screen. I can tell this because the flag is moving to the right.",https://www.youtube.com/shorts/KwKJ6gtOGpQ,,,,
0643-3,KwKJ6gtOGpQ,Wrongly-led Open-ended Question,Displacement Attribute,Does the video show the wind blowing from the right side of the screen to the left?,6.62,Please state your answer with a brief explanation.,"Yes, the video shows the wind blowing from the right side of the screen to the left. The flag moves and waves from right to left.",https://www.youtube.com/shorts/KwKJ6gtOGpQ,,,,
0643-7,KwKJ6gtOGpQ,Multiple-choice Question with a Single Correct Answer,Displacement Attribute,"What is the wind direction on that day based on the video?
A. From top to bottom
B. From bottom to top
C. From the left to the right
D. From the right to the left",6.62,"E. None of the above
Select one best answer to the above multiple-choice question based on the video. Respond with only the letter (A, B, C, D or E) of the correct option.",D,https://www.youtube.com/shorts/KwKJ6gtOGpQ,,,,
0645-0,7mm85XogfLw,Primary Open-ended Question,Positional Relationship,"Relative to the camera perspective, where is the left end of the scarf worn by the student character at the beginning of the video located at the end of the video?",12.78,Please state your answer with a brief explanation.,"Here's the answer to your question!

At the end of the video, the left end of the student's scarf is located to the right of the student, from the camera's perspective. This is because the scarf moves from the right side to the left, across the student's neck.",https://www.youtube.com/shorts/7mm85XogfLw,,,,
0645-1,7mm85XogfLw,Paraphrased Open-ended Question,Positional Relationship,"Where does the left end of the scarf end up on the student character by the end of the video, from the camera's perspective?",12.78,Please state your answer with a brief explanation.,"Okay, here's where the left end of the student's scarf ends up from the camera's perspective:

The left end of the student's scarf ends up in her left hand. This is because she moves the end into her left hand.",https://www.youtube.com/shorts/7mm85XogfLw,,,,
0645-2,7mm85XogfLw,Correctly-led Open-ended Question,Positional Relationship,Does the left end of the scarf remain on the left side of the student character's body at the end of the video?,12.78,Please state your answer with a brief explanation.,"No, it does not. At [00:00:10], the left end of the scarf crosses over to the student's right side.",https://www.youtube.com/shorts/7mm85XogfLw,,,,
0645-3,7mm85XogfLw,Wrongly-led Open-ended Question,Positional Relationship,Is the left end of the scarf on the right side of the student character's body at the end of the video?,12.78,Please state your answer with a brief explanation.,"Yes, the left end of the scarf is on the right side of the student character's body at the end of the video. The character puts the left side of the scarf over the right shoulder.",https://www.youtube.com/shorts/7mm85XogfLw,,,,
0645-7,7mm85XogfLw,Multiple-choice Question with a Single Correct Answer,Positional Relationship,"Where is the left end of the scarf located at the end of the video?
A. Center
B. Left side
C. Not visible
D. Right side",12.78,"E. None of the above
Select one best answer to the above multiple-choice question based on the video. Respond with only the letter (A, B, C, D or E) of the correct option.",B,https://www.youtube.com/shorts/7mm85XogfLw,,,,
0652-0,o77rfiYxaz8,Primary Open-ended Question,Displacement Attribute,What happened to the position of the car after the spin?,12.5,Please state your answer with a brief explanation.,"After the spin, the car ended up facing backward in the adjacent lane of the road. It came to a stop in that position, pointing against the original direction of travel.",https://www.youtube.com/shorts/o77rfiYxaz8,,,,
0652-1,o77rfiYxaz8,Paraphrased Open-ended Question,Displacement Attribute,Where did the car end up after completing the spin?,12.5,Please state your answer with a brief explanation.,"After spinning out of control, the car ended up facing the opposite direction in the same lane. This means it was traveling against the flow of traffic, increasing the risk of a collision.",https://www.youtube.com/shorts/o77rfiYxaz8,,,,
0652-2,o77rfiYxaz8,Correctly-led Open-ended Question,Displacement Attribute,Did the car end up in the innermost lane facing the correct direction after the spin?,12.5,Please state your answer with a brief explanation.,"No, the car did not end up in the innermost lane facing the correct direction after the spin. Instead, the car ended up facing the wrong way in the outermost lane.",https://www.youtube.com/shorts/o77rfiYxaz8,,,,
0652-3,o77rfiYxaz8,Wrongly-led Open-ended Question,Displacement Attribute,Did the car end up facing the opposite direction on the highway after the spin?,12.5,Please state your answer with a brief explanation.,"No, the car did not end up facing the opposite direction on the highway. The car spun around and appeared to face forward again, headed in the same direction of travel.",https://www.youtube.com/shorts/o77rfiYxaz8,,,,
0652-7,o77rfiYxaz8,Multiple-choice Question with a Single Correct Answer,Displacement Attribute,"What happened to the car after the spin?
A. It ended up in the innermost lane facing the correct direction.
B. It returned to its original lane and continued driving.
C. It is in the same position it started in.
D. It moved from the left lane to the right lane.",12.5,"E. None of the above
Select one best answer to the above multiple-choice question based on the video. Respond with only the letter (A, B, C, D or E) of the correct option.",D,https://www.youtube.com/shorts/o77rfiYxaz8,,,,
0655-0,tc_u7WlfrfU,Primary Open-ended Question,Event Duration & Speed Attribute,Which is faster between the truck and the camera?,10.33,Please state your answer with a brief explanation.,"The truck is faster. The camera is most likely inside a moving car, so it is slower.",https://www.youtube.com/shorts/tc_u7WlfrfU,,,,
0655-1,tc_u7WlfrfU,Paraphrased Open-ended Question,Event Duration & Speed Attribute,"Which moves faster, the camera or the truck?",10.33,Please state your answer with a brief explanation.,The camera and the truck move at about the same rate because the camera is tracking the truck and the Batmobile.,https://www.youtube.com/shorts/tc_u7WlfrfU,,,,
0655-2,tc_u7WlfrfU,Correctly-led Open-ended Question,Event Duration & Speed Attribute,Is the camera moving faster than the truck in the video?,10.33,Please state your answer with a brief explanation.,The camera is moving at the same speed as the truck. The camera and the truck seem to be in the same vehicle. The Batmobile moves past the vehicles.,https://www.youtube.com/shorts/tc_u7WlfrfU,,,,
0655-3,tc_u7WlfrfU,Wrongly-led Open-ended Question,Event Duration & Speed Attribute,Is the truck moving faster than the camera in the video?,10.33,Please state your answer with a brief explanation.,"It's impossible to determine whether the camera is moving faster than the truck. However, it's clear they are moving at the same speed, as the camera appears to be positioned within or right next to the truck.",https://www.youtube.com/shorts/tc_u7WlfrfU,,,,
0655-7,tc_u7WlfrfU,Multiple-choice Question with a Single Correct Answer,Event Duration & Speed Attribute,"Which is faster in the video?
A. The camera
B. Neither is moving
C. The truck
D. Both are the same speed",10.33,"E. None of the above
Select one best answer to the above multiple-choice question based on the video. Respond with only the letter (A, B, C, D or E) of the correct option.",C,https://www.youtube.com/shorts/tc_u7WlfrfU,,,,
0658-0,i1ki36EMLp8,Primary Open-ended Question,Event Duration & Speed Attribute,Who is faster during the race?,19.8,Please state your answer with a brief explanation.,The rider in black is faster than the rider in white during the race. This can be seen as the rider in black quickly gains a substantial lead.,https://www.youtube.com/shorts/i1ki36EMLp8,,,,
0658-1,i1ki36EMLp8,Paraphrased Open-ended Question,Event Duration & Speed Attribute,Which rider is quicker in the race?,19.8,Please state your answer with a brief explanation.,The rider wearing all black is faster in the race. This is because they are visibly ahead of the other rider from the start of the race until the end.,https://www.youtube.com/shorts/i1ki36EMLp8,,,,
0658-2,i1ki36EMLp8,Correctly-led Open-ended Question,Event Duration & Speed Attribute,Is the rider in the black outfit the faster one during the race?,19.8,Please state your answer with a brief explanation.,"Yes, the rider in the black outfit appears to be faster during the race. As seen in the video, the rider in black immediately took the lead and maintained a faster pace throughout the course.",https://www.youtube.com/shorts/i1ki36EMLp8,,,,
0658-3,i1ki36EMLp8,Wrongly-led Open-ended Question,Event Duration & Speed Attribute,Is the rider in the white outfit the faster one during the race?,19.8,Please state your answer with a brief explanation.,"No, the rider in the black outfit is faster during the race. The rider in white is in the lead at the start of the race, but the rider in the black outfit gains momentum on the slope of the ramp and soon is ahead of the one in white outfit.",https://www.youtube.com/shorts/i1ki36EMLp8,,,,
0658-7,i1ki36EMLp8,Multiple-choice Question with a Single Correct Answer,Event Duration & Speed Attribute,"Who is faster during the race?
A. The rider in the black outfit
B. Neither is fast
C. Both are equally fast
D. The rider in the white outfit",19.8,"E. None of the above
Select one best answer to the above multiple-choice question based on the video. Respond with only the letter (A, B, C, D or E) of the correct option.",A,https://www.youtube.com/shorts/i1ki36EMLp8,,,,
0664-0,v02xe4_I5uY,Primary Open-ended Question,Event Counting,How many times did the woman roll the dice?,56.26,Please state your answer with a brief explanation.,"The woman rolled the dice 6 times. 
- At [00:00:00], she rolled the dice the first time.
- At [00:00:04], she rolled the dice the second time.
- At [00:00:09], she rolled the dice the third time.
- At [00:00:17], she rolled the dice the fourth time.
- At [00:00:22], she rolled the dice the fifth time.
- At [00:00:35], she rolled the dice the sixth time.
- At [00:00:40], she rolled the dice the seventh time.
- At [00:00:46], she rolled the dice the eighth time.",https://www.youtube.com/shorts/v02xe4_I5uY,,,,
0664-1,v02xe4_I5uY,Paraphrased Open-ended Question,Event Counting,How many times did the woman throw the dice?,56.26,Please state your answer with a brief explanation.,"The woman threw the dice 7 times.

She threw the dice at 0:00, 0:02, 0:09, 0:13, 0:17, 0:22, and 0:34.",https://www.youtube.com/shorts/v02xe4_I5uY,,,,
0664-2,v02xe4_I5uY,Correctly-led Open-ended Question,Event Counting,Did the woman roll the dice 9 times during the game?,56.26,Please state your answer with a brief explanation.,"Certainly! Let's analyze the video.

The woman rolled the dice 7 times during the game of 'Shut the Box.'

*   First Roll
*   Second Roll
*   Third Roll
*   Fourth Roll
*   Fifth Roll
*   Sixth Roll
*   Seventh Roll",https://www.youtube.com/shorts/v02xe4_I5uY,,,,
0664-3,v02xe4_I5uY,Wrongly-led Open-ended Question,Event Counting,Did the woman roll the dice 11 times as shown in the sequence?,56.26,Please state your answer with a brief explanation.,The woman rolled the dice 9 times based on the number of times the dice were thrown in the sequence.,https://www.youtube.com/shorts/v02xe4_I5uY,,,,
0664-7,v02xe4_I5uY,Multiple-choice Question with a Single Correct Answer,Event Counting,"How many times did the woman roll the dice?
A. 3
B. 10
C. 12
D. 9",56.26,"E. None of the above
Select one best answer to the above multiple-choice question based on the video. Respond with only the letter (A, B, C, D or E) of the correct option.",C,https://www.youtube.com/shorts/v02xe4_I5uY,,,,
0667-0,oI--S1dz9EM,Primary Open-ended Question,Event Counting,How many people participated in the challenge in the video?,45.42,Please state your answer with a brief explanation.,There are 7 people participating in the challenge in the video. Each person takes turn to drop the red balloon from the second floor and attempts to kick it with their foot before the balloon touches the ground.,https://www.youtube.com/shorts/oI--S1dz9EM,,,,
0667-1,oI--S1dz9EM,Paraphrased Open-ended Question,Event Counting,What is the total number of participants in the challenge shown in the video?,45.42,Please state your answer with a brief explanation.,"There are a total of 7 participants in the challenge. You can see seven different people throwing the ball down from the second level, after which the challenge is complete.",https://www.youtube.com/shorts/oI--S1dz9EM,,,,
0667-2,oI--S1dz9EM,Correctly-led Open-ended Question,Event Counting,Are there six people participating in the challenge in the video?,45.42,Please state your answer with a brief explanation.,"Based on the video, yes there are six people participating in the challenge. One person is at the upper level throwing the ball, another is sitting on the stairs, and four other people are trying to catch the red balloon without using their hands.",https://www.youtube.com/shorts/oI--S1dz9EM,,,,
0667-3,oI--S1dz9EM,Wrongly-led Open-ended Question,Event Counting,Are there seven people participating in the challenge in the video?,45.42,Please state your answer with a brief explanation.,"Okay, let’s figure out how many people are in the video.

From the visual, there appear to be six people shown standing on the main floor, and one person on the top floor throwing the balloon.

Therefore, the answer is yes, there are seven people participating in the challenge.",https://www.youtube.com/shorts/oI--S1dz9EM,,,,
0667-7,oI--S1dz9EM,Multiple-choice Question with a Single Correct Answer,Event Counting,"How many people participated in the challenge in the video?
A. Eight
B. Seven
C. Six
D. Five",45.42,"E. None of the above
Select one best answer to the above multiple-choice question based on the video. Respond with only the letter (A, B, C, D or E) of the correct option.",C,https://www.youtube.com/shorts/oI--S1dz9EM,,,,
0670-0,CCmVxAlwuo0,Primary Open-ended Question,Event Counting,How many children jumped into the water in the video?,43.07,Please state your answer with a brief explanation.,There were 3 children that jumped into the water from the pier in the video.,https://www.youtube.com/shorts/CCmVxAlwuo0,,,,
0670-1,CCmVxAlwuo0,Paraphrased Open-ended Question,Event Counting,What is the number of children who jumped into the water in the video?,43.07,Please state your answer with a brief explanation.,"There are 6 kids who jumped into the water in the video. At [00:00:29], the video shows one child jumping into the water, and four more children crawling or jumping into the water. In the next shot, the narrator is then swimming in the water with five other children already swimming. That amounts to a total of six children jumping into the water from the dock.",https://www.youtube.com/shorts/CCmVxAlwuo0,,,,
0670-2,CCmVxAlwuo0,Correctly-led Open-ended Question,Event Counting,Is it true that only two children jumped into the water in the video?,43.07,Please state your answer with a brief explanation.,"Okay, here is the answer:

No, that is not true. In the video, more than two children jumped in the water. From [00:00:11] until [00:00:30], multiple young boys can be seen jumping from a dock into the ocean.",https://www.youtube.com/shorts/CCmVxAlwuo0,,,,
0670-3,CCmVxAlwuo0,Wrongly-led Open-ended Question,Event Counting,Did four children jump into the water in the video?,43.07,Please state your answer with a brief explanation.,"Okay, here is the answer to your question about whether four children jumped into the water in the video.

Yes, based on the video, it looks like at least four children jump into the water along with the man filming at approximately [00:00:12] and [00:00:27].",https://www.youtube.com/shorts/CCmVxAlwuo0,,,,
0670-7,CCmVxAlwuo0,Multiple-choice Question with a Single Correct Answer,Event Counting,"How many children jumped into the water in the video?
A. Four
B. Three
C. One
D. Two",43.07,"E. None of the above
Select one best answer to the above multiple-choice question based on the video. Respond with only the letter (A, B, C, D or E) of the correct option.",A,https://www.youtube.com/shorts/CCmVxAlwuo0,,,,
0673-0,nfCZqSebCuE,Primary Open-ended Question,Element Counting,"In the video, how many buckets of real popcorn are shown?",13.51,Please state your answer with a brief explanation.,"The video shows three buckets of real popcorn. In one seat, there is a girl eating popcorn. In two others, there are men sitting and eating popcorn.",https://www.youtube.com/shorts/nfCZqSebCuE,,,,
0673-1,nfCZqSebCuE,Paraphrased Open-ended Question,Element Counting,How many buckets of actual popcorn are visible in the video?,13.51,Please state your answer with a brief explanation.,"Four buckets of actual popcorn are visible in the video.  Three are being held and one is sitting on the tray between the seats.  The round, flat item held up at the start of the video is not actual popcorn.",https://www.youtube.com/shorts/nfCZqSebCuE,,,,
0673-2,nfCZqSebCuE,Correctly-led Open-ended Question,Element Counting,Are there two buckets of real popcorn shown in the video?,13.51,Please state your answer with a brief explanation.,"Yes, there are two buckets of real popcorn shown in the video. One is held up by the man in the right of the screen, and the other is on the table next to the woman in front.",https://www.youtube.com/shorts/nfCZqSebCuE,,,,
0673-3,nfCZqSebCuE,Wrongly-led Open-ended Question,Element Counting,Are there four buckets of real popcorn shown in the video?,13.51,Please state your answer with a brief explanation.,"Yes, there are four buckets of real popcorn shown in the video. You can see each individual person holding their bucket in the theater.",https://www.youtube.com/shorts/nfCZqSebCuE,,,,
0673-7,nfCZqSebCuE,Multiple-choice Question with a Single Correct Answer,Element Counting,"How many buckets of real popcorn are shown in the video?
A. Two
B. One
C. Three
D. Four",13.51,"E. None of the above
Select one best answer to the above multiple-choice question based on the video. Respond with only the letter (A, B, C, D or E) of the correct option.",C,https://www.youtube.com/shorts/nfCZqSebCuE,,,,
0675-0,wsPyV3igUG4,Primary Open-ended Question,Character Reaction Causality,"After the man on the right revealed how the magic tricks were performed, how did the man on the left feel and why?",43.35,Please state your answer with a brief explanation.,"Sure, here’s the answer to your question.

After the man on the right revealed how the magic tricks were performed, the man on the left became disappointed, because the magic tricks seemed less impressive to him.",https://www.youtube.com/shorts/wsPyV3igUG4,,,,
0675-1,wsPyV3igUG4,Paraphrased Open-ended Question,Character Reaction Causality,"What was the reaction of the man on the left when the man on the right exposed the magic tricks, and why?",43.35,Please state your answer with a brief explanation.,"Here's the man's reaction on the left when the man on the right exposed the magic tricks, and why:

The man on the left gives the man on the right a look of slight disappointment as he seems to have expected to keep the mystery of the magic tricks alive. His reactions indicate a good-natured acceptance of the fun being spoiled.",https://www.youtube.com/shorts/wsPyV3igUG4,,,,
0675-2,wsPyV3igUG4,Correctly-led Open-ended Question,Character Reaction Causality,Did the man on the left feel displeased because he was exposed after the magic tricks were revealed?,43.35,Please state your answer with a brief explanation.,"No, the man on the left did not seem displeased after the magic tricks were revealed. Throughout the video, both men appear to be enjoying the demonstration of the magic tricks.",https://www.youtube.com/shorts/wsPyV3igUG4,,,,
0675-3,wsPyV3igUG4,Wrongly-led Open-ended Question,Character Reaction Causality,Did the man on the left feel impressed and intrigued after the magic tricks were explained?,43.35,Please state your answer with a brief explanation.,"Here's an analysis of the man's reactions on the left:

**Answer:** No, the man on the left doesn't appear to be impressed or intrigued after the explanations. 

**Explanation:** In all but the last magic trick, the man on the left has an expression of curiosity, slight confusion, or disapproval. When the airpod is presented as a magic trick, he has a faint smile on his face.",https://www.youtube.com/shorts/wsPyV3igUG4,,,,
0675-7,wsPyV3igUG4,Multiple-choice Question with a Single Correct Answer,Character Reaction Causality,"How did the man on the left feel after the magic tricks were revealed?
A. A sense of satisfaction
B. Amused and impressed
C. Displeased because he was exposed
D. Amused",43.35,"E. None of the above
Select one best answer to the above multiple-choice question based on the video. Respond with only the letter (A, B, C, D or E) of the correct option.",B,https://www.youtube.com/shorts/wsPyV3igUG4,,,,
0679-0,K7T7JYxlcPo,Primary Open-ended Question,Character Emotion Attribute,"At the end of the video, how does the lady in the white tank top vest feel?",10.22,Please state your answer with a brief explanation.,"At the end of the video, the lady in the white tank top vest looks shocked when a man unexpectedly bumps into her chair and makes her move.",https://www.youtube.com/shorts/K7T7JYxlcPo,,,,
0679-1,K7T7JYxlcPo,Paraphrased Open-ended Question,Character Emotion Attribute,What is the reaction of the woman in the white tank top at the video's conclusion?,10.22,Please state your answer with a brief explanation.,"The woman appears startled and shocked, as evidenced by her wide eyes and open mouth after the individual next to her quickly bent down.",https://www.youtube.com/shorts/K7T7JYxlcPo,,,,
0679-2,K7T7JYxlcPo,Correctly-led Open-ended Question,Character Emotion Attribute,Does the woman in the white tank top feel surprised at the end of the video?,10.22,Please state your answer with a brief explanation.,"Yes, the woman does feel surprised at the end of the video. She is eating from her bowl when a man bumps the seat of the barstool she is sitting on causing her to startle.",https://www.youtube.com/shorts/K7T7JYxlcPo,,,,
0679-3,K7T7JYxlcPo,Wrongly-led Open-ended Question,Character Emotion Attribute,Does the woman in the white tank top feel upset or frustrated at the end of the video?,10.22,Please state your answer with a brief explanation.,"Yes, the woman in the white tank top appears to be upset and surprised at the end of the video. She is eating a meal at the bar, and then another person sits on a nearby stool and pushes on it. The stool goes down, nearly tripping the woman, and she expresses frustration.",https://www.youtube.com/shorts/K7T7JYxlcPo,,,,
0679-7,K7T7JYxlcPo,Multiple-choice Question with a Single Correct Answer,Character Emotion Attribute,"How does the woman in the white tank top feel at the end of the video?
A. Indifferent
B. Surprised
C. Upset
D. Annoyed",10.22,"E. None of the above
Select one best answer to the above multiple-choice question based on the video. Respond with only the letter (A, B, C, D or E) of the correct option.",B.,https://www.youtube.com/shorts/K7T7JYxlcPo,,,,
0689-0,vwajGCpsoJ0,Primary Open-ended Question,Character Motivation Causality,Why did the man in the purple T-shirt change the other man's lock screen wallpaper to his own photo?,19.01,Please state your answer with a brief explanation.,"Here's the answer to your question.

The man changed the lock screen wallpaper as a prank, likely to amuse himself and his friends by surprising the phone owner with an unexpected and silly image.",https://www.youtube.com/shorts/vwajGCpsoJ0,,,,
0689-1,vwajGCpsoJ0,Paraphrased Open-ended Question,Character Motivation Causality,What was the reason the man in the purple T-shirt altered the lock screen wallpaper on the other man's phone to his own picture?,19.01,Please state your answer with a brief explanation.,The man in the purple T-shirt altered the lock screen wallpaper on the other man's phone to his own picture to prank him in a playful manner. He found it funny to change the wallpaper to a photo of himself without the owner's knowledge.,https://www.youtube.com/shorts/vwajGCpsoJ0,,,,
0689-2,vwajGCpsoJ0,Correctly-led Open-ended Question,Character Motivation Causality,Did the man in the purple T-shirt change the lock screen wallpaper to his own photo to make the other man think the phone was his?,19.01,Please state your answer with a brief explanation.,"Yes, the man in the purple T-shirt changed the lock screen wallpaper to his own photo. At [00:00:05], the lock screen photo is changed to his. At [00:00:11], he returns the phone to the other man, who initially seems confused, and the man in the purple T-shirt begins laughing.",https://www.youtube.com/shorts/vwajGCpsoJ0,,,,
0689-3,vwajGCpsoJ0,Wrongly-led Open-ended Question,Character Motivation Causality,Did the man in the purple T-shirt change the lock screen wallpaper to his own photo just as a prank?,19.01,Please state your answer with a brief explanation.,"Yes, the man in the purple T-shirt changed the lock screen wallpaper to his own photo just as a prank. This is evident from him sneaking up on the other person, using their phone to change the wallpaper to a photo of himself, and then laughing when he shows it to the phone's owner.",https://www.youtube.com/shorts/vwajGCpsoJ0,,,,
0689-7,vwajGCpsoJ0,Multiple-choice Question with a Single Correct Answer,Character Motivation Causality,"Why did the man in the purple T-shirt change the lock screen wallpaper to his own photo?
A. As a prank.
B. To make the other man think the phone was his.
C. To record a funny video.
D. To surprise the other man.",19.01,"E. None of the above
Select one best answer to the above multiple-choice question based on the video. Respond with only the letter (A, B, C, D or E) of the correct option.",A.,https://www.youtube.com/shorts/vwajGCpsoJ0,,,,
0690-0,l2erI86JxzE,Primary Open-ended Question,Character Motivation Causality,Why is the child lying on the ground?,27.76,Please state your answer with a brief explanation.,,https://www.youtube.com/shorts/l2erI86JxzE,,,,
0690-1,l2erI86JxzE,Paraphrased Open-ended Question,Character Motivation Causality,What is the reason the child is on the floor?,27.76,Please state your answer with a brief explanation.,,https://www.youtube.com/shorts/l2erI86JxzE,,,,
0690-2,l2erI86JxzE,Correctly-led Open-ended Question,Character Motivation Causality,Is the child lying on the ground to secretly take the money during the trick?,27.76,Please state your answer with a brief explanation.,,https://www.youtube.com/shorts/l2erI86JxzE,,,,
0690-3,l2erI86JxzE,Wrongly-led Open-ended Question,Character Motivation Causality,Is the child lying on the ground because they are playing or relaxing?,27.76,Please state your answer with a brief explanation.,,https://www.youtube.com/shorts/l2erI86JxzE,,,,
0690-7,l2erI86JxzE,Multiple-choice Question with a Single Correct Answer,Character Motivation Causality,"Why is the child lying on the ground?
A. To sleep.
B. To play with toys.
C. To secretly get money.
D. To relax.",27.76,"E. None of the above
Select one best answer to the above multiple-choice question based on the video. Respond with only the letter (A, B, C, D or E) of the correct option.",,https://www.youtube.com/shorts/l2erI86JxzE,,,,
0695-0,DN-gN9LaFGg,Primary Open-ended Question,Plot Attribute,Who won the game?,42.45,Please state your answer with a brief explanation.,"At the end of the game, the woman won with 2 matches, beating the man who had 1 match.",https://www.youtube.com/shorts/DN-gN9LaFGg,,,,
0695-1,DN-gN9LaFGg,Paraphrased Open-ended Question,Plot Attribute,Who emerged as the winner of the competition?,42.45,Please state your answer with a brief explanation.,"The woman emerged as the winner of the game. After the last guess, she corrected her choice on the first set of cups and won.",https://www.youtube.com/shorts/DN-gN9LaFGg,,,,
0695-2,DN-gN9LaFGg,Correctly-led Open-ended Question,Plot Attribute,Did the woman win the game because she arranged her cups in the correct order?,42.45,Please state your answer with a brief explanation.,"Yes, the woman won the game because she arranged her cups in the correct order. The game involved each person rearranging their own set of cups to match the original order. Because the woman was able to correctly rearrange her cups, she won the game.",https://www.youtube.com/shorts/DN-gN9LaFGg,,,,
0695-3,DN-gN9LaFGg,Wrongly-led Open-ended Question,Plot Attribute,Did the man win the game because he was faster at arranging the cups?,42.45,Please state your answer with a brief explanation.,"Here's the answer to your question.

No, the woman was faster, but because of a miscount of the cup colors, the man ultimately won the game.",https://www.youtube.com/shorts/DN-gN9LaFGg,,,,
0695-7,DN-gN9LaFGg,Multiple-choice Question with a Single Correct Answer,Plot Attribute,"Who won the cup matching game?
A. The woman
B. The man
C. It was a tie
D. Neither of them",42.45,"E. None of the above
Select one best answer to the above multiple-choice question based on the video. Respond with only the letter (A, B, C, D or E) of the correct option.",C,https://www.youtube.com/shorts/DN-gN9LaFGg,,,,
0706-0,zLAwp0V1vng,Primary Open-ended Question,Character Motivation Causality,What is the purpose of the actions of the man in the first half of the video?,16.95,Please state your answer with a brief explanation.,"The purpose of the man's actions in the first half of the video is to film movements for special effects. The text overlay ""I embarrassed myself in public for this..."" suggests that he is performing actions that may look strange or silly to others, but the reason he is doing them is to use them in the production of a video.",https://www.youtube.com/shorts/zLAwp0V1vng,,,,
0706-1,zLAwp0V1vng,Paraphrased Open-ended Question,Character Motivation Causality,What is the man trying to achieve with his actions in the first part of the video?,16.95,Please state your answer with a brief explanation.,"The man is trying to record himself doing martial arts poses on the beach. This is evidenced by him positioning a camera on a tripod, stepping into the frame, and striking a variety of stances.",https://www.youtube.com/shorts/zLAwp0V1vng,,,,
0706-2,zLAwp0V1vng,Correctly-led Open-ended Question,Character Motivation Causality,Is the man in the first half of the video shooting footage for a video with special effects?,16.95,Please state your answer with a brief explanation.,"Yes, the man in the first half of the video is shooting footage for a video with special effects. 

The editing in the second half of the video shows the man fighting a black, ghostly version of himself.",https://www.youtube.com/shorts/zLAwp0V1vng,,,,
0706-3,zLAwp0V1vng,Wrongly-led Open-ended Question,Character Motivation Causality,Is the man in the first half of the video setting up a camera on a tripod to record himself practicing martial arts?,16.95,Please state your answer with a brief explanation.,"Yes, the man in the first half of the video is setting up a camera on a tripod to record himself. The video shows him adjusting the camera and then performing movements that appear to be a form of martial arts or acrobatics.",https://www.youtube.com/shorts/zLAwp0V1vng,,,,
0706-7,zLAwp0V1vng,Multiple-choice Question with a Single Correct Answer,Character Motivation Causality,"What is the purpose of the man's actions in the first half of the video?
A. Setting up a camera on a tripod
B. Shooting video material for the second half
C. Demonstrating moves for social media
D. Practicing martial arts",16.95,"E. None of the above
Select one best answer to the above multiple-choice question based on the video. Respond with only the letter (A, B, C, D or E) of the correct option.",B,https://www.youtube.com/shorts/zLAwp0V1vng,,,,
0707-0,VGmKsn6gx50,Primary Open-ended Question,Character Motivation Causality,What is the purpose of the person in the video running towards the camera?,18.24,Please state your answer with a brief explanation.,"The person is running towards the camera to showcase a unique transition effect in the video. The effect makes it appear as though the person is going from a far-away image to a close-up, which could be meant to emphasize the person's dance movements and the product they are holding.",https://www.youtube.com/shorts/VGmKsn6gx50,,,,
0707-1,VGmKsn6gx50,Paraphrased Open-ended Question,Character Motivation Causality,Why does the person run towards the camera in the video?,18.24,Please state your answer with a brief explanation.,"The person runs toward the camera to stop the recording. You can see the person press the red button on the screen, which stops the recording.",https://www.youtube.com/shorts/VGmKsn6gx50,,,,
0707-2,VGmKsn6gx50,Correctly-led Open-ended Question,Character Motivation Causality,Is the person running towards the camera to show the drink up close for post-production?,18.24,Please state your answer with a brief explanation.,"Yes, that's the idea. The person runs towards the camera, showing the drink up close before they start dancing. This close-up shot is a dynamic way to highlight the product, likely intended for use in the final, edited video.",https://www.youtube.com/shorts/VGmKsn6gx50,,,,
0707-3,VGmKsn6gx50,Wrongly-led Open-ended Question,Character Motivation Causality,Is the person running towards the camera to engage the audience with a dynamic introduction and What is his specific action?,18.24,Please state your answer with a brief explanation.,"Yes, the person is running toward the camera. He's performing a dynamic dance routine with a coffee cup in hand.",https://www.youtube.com/shorts/VGmKsn6gx50,,,,
0707-7,VGmKsn6gx50,Multiple-choice Question with a Single Correct Answer,Character Motivation Causality,"What is the purpose of the person running towards the camera?
A. To show the drink up close for post-production
B. To review the beverage
C. To engage the audience
D. To create a dynamic introduction",18.24,"E. None of the above
Select one best answer to the above multiple-choice question based on the video. Respond with only the letter (A, B, C, D or E) of the correct option.",D,https://www.youtube.com/shorts/VGmKsn6gx50,,,,
0708-0,dIKw3x7iLUo,Primary Open-ended Question,Character Reaction Causality,What is the reason for the cat screaming in the last shot?,18.9,Please state your answer with a brief explanation.,"The cat is screaming in the last shot because of the products its owner bought.

The cat's owner is throwing all of the products into the tub, and at the end, she opens bags full of the same products. The cat is screaming because she wants all of them.",https://www.youtube.com/shorts/dIKw3x7iLUo,,,,
0708-1,dIKw3x7iLUo,Paraphrased Open-ended Question,Character Reaction Causality,Why is the cat yelling in the final scene?,18.9,Please state your answer with a brief explanation.,"In the final scene, the cat is yelling because it dislikes that its owner is constantly replenishing all the skin care products that it has destroyed in the bath. It makes the destructive cat angry to constantly have to do all the work of destroying things.",https://www.youtube.com/shorts/dIKw3x7iLUo,,,,
0708-2,dIKw3x7iLUo,Correctly-led Open-ended Question,Character Reaction Causality,Did the cat scream because it saw more bath products being brought in after it thought it had destroyed them all?,18.9,Please state your answer with a brief explanation.,"Yes, that is correct. The cat screams when its owner brings more bath products after it presumably destroyed the existing ones.",https://www.youtube.com/shorts/dIKw3x7iLUo,,,,
0708-3,dIKw3x7iLUo,Wrongly-led Open-ended Question,Character Reaction Causality,Is the cat screaming in the last shot because it is upset about the mess in the bathtub?,18.9,Please state your answer with a brief explanation.,"No, the cat is not screaming because it is upset about the mess in the bathtub. The scream appears to be an audio addition for comedic effect. The video shows the cat putting various products in the bathtub, and then a woman brings in more of the same products. The cat's scream likely exaggerates the idea of the cat being comically overwhelmed by the amount of products in the bathtub.",https://www.youtube.com/shorts/dIKw3x7iLUo,,,,
0708-7,dIKw3x7iLUo,Multiple-choice Question with a Single Correct Answer,Character Reaction Causality,"Why did the cat scream in the last shot?
A. It was scared of the water.
B. It was upset about the mess in the bathtub.
C. It thought it had destroyed all the bath products, but more were brought out.
D. It was hungry.",18.9,"E. None of the above
Select one best answer to the above multiple-choice question based on the video. Respond with only the letter (A, B, C, D or E) of the correct option.",C,https://www.youtube.com/shorts/dIKw3x7iLUo,,,,
0721-0,ir89-1OXw5U,Primary Open-ended Question,Element Attributes (Optical Illusion),What is the man in sunglasses holding in his hand?,32.97,Please state your answer with a brief explanation.,"Certainly! Here's the answer to your question based on the provided image:

The man in sunglasses is holding a **potato chip**. It is positioned in the foreground of the image and appears to be aligned with the sail of a boat in the background, creating an illusion of the chip acting as the boat's sail.",https://www.youtube.com/shorts/ir89-1OXw5U,,,,
0721-1,ir89-1OXw5U,Paraphrased Open-ended Question,Element Attributes (Optical Illusion),What is the man wearing sunglasses doing with his hands?,32.97,Please state your answer with a brief explanation.,"Okay! At [00:00:24-00:00:25], the man wearing sunglasses is holding his hand up in such a way that the incoming plane looks like it is resting on his hand. He is using forced perspective to create this illusion.",https://www.youtube.com/shorts/ir89-1OXw5U,,,,
0721-2,ir89-1OXw5U,Correctly-led Open-ended Question,Element Attributes (Optical Illusion),Is the man in sunglasses actually holding anything in his hand?,32.97,Please state your answer with a brief explanation.,"Yes, the man in sunglasses is holding something in his hand. It appears that he is holding a potato chip. The photo has been taken so that the potato chip is in the foreground and looks like it is acting as the sail for the boat on the water behind it.",https://www.youtube.com/shorts/ir89-1OXw5U,,,,
0721-3,ir89-1OXw5U,Wrongly-led Open-ended Question,Element Attributes (Optical Illusion),Is the man in sunglasses holding a toy airplane in his hand?,32.97,Please state your answer with a brief explanation.,"No, the man is not holding a toy airplane in his hand. He is standing in front of an airplane and using perspective to make it look like he is holding it.",https://www.youtube.com/shorts/ir89-1OXw5U,,,,
0721-7,ir89-1OXw5U,Multiple-choice Question with a Single Correct Answer,Element Attributes (Optical Illusion),"What is the man in sunglasses holding in his hand?
A. A potato chip
B. Nothing
C. A plane
D. A sail",32.97,"E. None of the above
Select one best answer to the above multiple-choice question based on the video. Respond with only the letter (A, B, C, D or E) of the correct option.",A,https://www.youtube.com/shorts/ir89-1OXw5U,,,,
0723-0,pUIkzB8KebU,Primary Open-ended Question,Objective Causality,Why does the little monster in the video look like it's active?,15.15,Please state your answer with a brief explanation.,"Certainly, I can explain this to you.

The little monster looks active because it's designed as an optical illusion where it's an inside-out cardboard box. The creator in the video mentioned that once you know that the figure is essentially a concave image of a monster, it becomes harder to see it as a normal, convex, three-dimensional shape.",https://www.youtube.com/shorts/pUIkzB8KebU,,,,
0723-1,pUIkzB8KebU,Paraphrased Open-ended Question,Objective Causality,What makes the little monster in the video seem like it's moving?,15.15,Please state your answer with a brief explanation.,"The monster in the video seems like it's moving because of an optical illusion. The artwork is painted on an inside-out cardboard box. As the box rotates, the monster appears to rotate.",https://www.youtube.com/shorts/pUIkzB8KebU,,,,
0723-2,pUIkzB8KebU,Correctly-led Open-ended Question,Objective Causality,Is the little monster in the video appearing to move due to an optical illusion involving a concave surface?,15.15,Please state your answer with a brief explanation.,"Here's the answer to your question:

Yes, the little monster is appearing to move due to an optical illusion that involves a concave surface. The monster appears to be moving its head and following you with its eyes. It is actually an ""inside-out"" cardboard box that is built in a way to trick our eyes. This type of illusion works because our brains are wired to expect convex shapes, and they can be tricked by the concave surface.",https://www.youtube.com/shorts/pUIkzB8KebU,,,,
0723-3,pUIkzB8KebU,Wrongly-led Open-ended Question,Objective Causality,Is the little monster in the video appearing to move because someone is manipulating it?,15.15,Please state your answer with a brief explanation.,"Here is the answer to your question:

The little monster in the video is appearing to move because it is an inside-out cardboard box. Since the perspective is skewed, it gives the illusion that the monster is moving to follow whoever is looking at it.",https://www.youtube.com/shorts/pUIkzB8KebU,,,,
0723-7,pUIkzB8KebU,Multiple-choice Question with a Single Correct Answer,Objective Causality,"Why does the little monster in the video appear to be active?
A. It is a robotic creature.
B. It is being manipulated by a person.
C. It is animated using CGI.
D. It is painted on a concave surface creating an optical illusion.",15.15,"E. None of the above
Select one best answer to the above multiple-choice question based on the video. Respond with only the letter (A, B, C, D or E) of the correct option.",D,https://www.youtube.com/shorts/pUIkzB8KebU,,,,
0724-0,9Iof4qwbrwQ,Primary Open-ended Question,Objective Causality,"Why does the pen pass through the banknote, but the note is not broken?Please explain how a banknote is folded.",43.99,Please state your answer with a brief explanation.,"Okay, here's the breakdown of the magic trick:
1. **Folding:** The banknote is folded in a specific way that creates an opening to insert the pen. The note is first folded in half lengthwise. Then, the top layer is folded again, but only partially, leaving a gap. This gap is where the pen is inserted.
2. **The Trick:** The illusion works because the pen is inserted through the gap created by the fold. When the pen is pushed through, it appears to pierce the banknote, but it's just sliding through the opening. The banknote appears intact because the fold conceals the gap through which the pen passes.",https://www.youtube.com/shorts/9Iof4qwbrwQ,,,,
0724-1,9Iof4qwbrwQ,Paraphrased Open-ended Question,Objective Causality,"How does the pen manage to go through the banknote without tearing it?Please explain how a banknote is folded,",43.99,Please state your answer with a brief explanation.,"Here's the breakdown of how the ""pen through banknote"" magic trick works:

1.  **Banknote Folding:** The banknote is folded in half, and then each half is folded again towards the center, leaving a small pocket on each end to hide the pen.
2.  **Pen Illusion:** The pen doesn't actually pierce the banknote. Instead, it slides into the hidden spaces created by the folds, making it appear like it's going through.",https://www.youtube.com/shorts/9Iof4qwbrwQ,,,,
0724-2,9Iof4qwbrwQ,Correctly-led Open-ended Question,Objective Causality,Is the reason the banknote remains intact because the pen goes through a folded opening rather than the middle?,43.99,Please state your answer with a brief explanation.,"Yes, that is most likely the reason. By folding the banknote in a specific way, it creates an opening that can be punctured with the pen without damaging the rest of the note.",https://www.youtube.com/shorts/9Iof4qwbrwQ,,,,
0724-3,9Iof4qwbrwQ,Wrongly-led Open-ended Question,Objective Causality,Is the banknote not broken because the pen has a hidden mechanism that creates the illusion of penetration?,43.99,Please state your answer with a brief explanation.,"Here's the answer to your question:

No, the banknote is not broken due to a hidden mechanism in the pen. The magic is achieved by folding the banknote in a specific way. This creates the illusion that the pen passes through without tearing the paper.",https://www.youtube.com/shorts/9Iof4qwbrwQ,,,,
0724-7,9Iof4qwbrwQ,Multiple-choice Question with a Single Correct Answer,Objective Causality,"Why does the pen pass through the banknote without breaking it?
A. The pen is very sharp.
B. The pen has a hidden mechanism.
C. The bill is specially folded.
D. The banknote is made of special material.",43.99,"E. None of the above
Select one best answer to the above multiple-choice question based on the video. Respond with only the letter (A, B, C, D or E) of the correct option.",C.,https://www.youtube.com/shorts/9Iof4qwbrwQ,,,,
0725-0,PVMqxKAXDQo,Primary Open-ended Question,Objective Causality,Why has the drink in the bottle in the video decreased?,58.11,Please state your answer with a brief explanation.,"Certainly! Here is the answer:

The drink in the bottle decreased because the man in the video took the original drink out of the bottle and put it in a measuring cup. He then put a balloon on the side of the bottle and blew into it to seal it. He then attached the two bottle pieces together, and poured the original drink back in.",https://www.youtube.com/shorts/PVMqxKAXDQo,,,,
0725-1,PVMqxKAXDQo,Paraphrased Open-ended Question,Objective Causality,What causes the liquid level in the bottle to drop in the video?,58.11,Please state your answer with a brief explanation.,"The liquid level in the bottle appears to drop because the man removed the cap of the Fanta bottle, emptied the contents, and then proceeded to make a small hole on the back of the bottle. He then glued a balloon on it, and filled the bottle again with Fanta. When he drank with a straw, air flowed from the inside of the bottle into the balloon, which decreased the liquid level inside the bottle.",https://www.youtube.com/shorts/PVMqxKAXDQo,,,,
0725-2,PVMqxKAXDQo,Correctly-led Open-ended Question,Objective Causality,Is the drink level decreasing because the balloon inside the bottle is deflating?,58.11,Please state your answer with a brief explanation.,"The answer is no. After the man pours liquid out of the bottle, he puts a deflated balloon inside the bottle, uses a straw to inflate the balloon, and finally attaches it to a small hole in the bottle using hot glue. Then he puts the liquid back in the bottle. The balloon remains inflated.",https://www.youtube.com/shorts/PVMqxKAXDQo,,,,
0725-3,PVMqxKAXDQo,Wrongly-led Open-ended Question,Objective Causality,Is the drink level decreasing because it is being consumed through a straw?,58.11,Please state your answer with a brief explanation.,"Yes, the drink level is decreasing because it is being consumed through a straw. This is seen as he drinks and the drink level drops.",https://www.youtube.com/shorts/PVMqxKAXDQo,,,,
0725-7,PVMqxKAXDQo,Multiple-choice Question with a Single Correct Answer,Objective Causality,"Why does the drink level in the bottle decrease?
A. The balloon inside the bottle is deflating.
B. The drink is evaporating.
C. It is being consumed through a straw.
D. The bottle has a leak.",58.11,"E. None of the above
Select one best answer to the above multiple-choice question based on the video. Respond with only the letter (A, B, C, D or E) of the correct option.",C,https://www.youtube.com/shorts/PVMqxKAXDQo,,,,
0729-0,fj2WYT0qBWA,Primary Open-ended Question,Element Attributes (Optical Illusion),Which color of the long strips is the shortest in the video?,10.45,Please state your answer with a brief explanation.,"The black strip is the shortest. When the blue piece is laid over the other strips, it becomes clear that the black strip extends beyond the other two.",https://www.youtube.com/shorts/fj2WYT0qBWA,,,,
0729-1,fj2WYT0qBWA,Paraphrased Open-ended Question,Element Attributes (Optical Illusion),What is the longest color of the long strips shown in the video?,10.45,Please state your answer with a brief explanation.,"The longest color is black. When the strips are put together, the black strip extends past the red strip.",https://www.youtube.com/shorts/fj2WYT0qBWA,,,,
0729-2,fj2WYT0qBWA,Correctly-led Open-ended Question,Element Attributes (Optical Illusion),Is the black strip the longest among the long strips in the video?,10.45,Please state your answer with a brief explanation.,"According to the video, the black strip is indeed the longest among the long strips. The video shows that the black strip is longer than the red strip, so the correct answer is A.",https://www.youtube.com/shorts/fj2WYT0qBWA,,,,
0729-3,fj2WYT0qBWA,Wrongly-led Open-ended Question,Element Attributes (Optical Illusion),Is the black strip the shortest among the long strips in the video?,10.45,Please state your answer with a brief explanation.,"Yes, the black strip is the shortest among the long strips in the video. This is confirmed when the purple strip is added and it is clear that the black strip is longer than the purple and red ones.",https://www.youtube.com/shorts/fj2WYT0qBWA,,,,
0729-7,fj2WYT0qBWA,Multiple-choice Question with a Single Correct Answer,Element Attributes (Optical Illusion),"Which color of the long strips is the longest in the video?
A. Black
B. Red
C. Green
D. Blue",10.45,"E. None of the above
Select one best answer to the above multiple-choice question based on the video. Respond with only the letter (A, B, C, D or E) of the correct option.",A,https://www.youtube.com/shorts/fj2WYT0qBWA,,,,
0731-0,oSyWpIh4vF8,Primary Open-ended Question,Element Attributes (Optical Illusion),"Based on dual perception, what else can the old man's nose look like in the video?",9.98,Please state your answer with a brief explanation.,"The nose of the old man, based on dual perception, can also look like the mermaid. Dual perception means that the figure can be seen as two different images due to the viewer's perception. In this case, the space between the bird’s beak and the mermaid makes the nose of the old man, but the mermaid figure can be distinguished in itself.",https://www.youtube.com/shorts/oSyWpIh4vF8,,,,
0731-1,oSyWpIh4vF8,Paraphrased Open-ended Question,Element Attributes (Optical Illusion),What alternative image can the old man's nose represent in the video?,9.98,Please state your answer with a brief explanation.,"Okay, here's the answer:

The old man's nose can be seen as the mermaid's torso. The mermaid is situated such that her torso lies right where the old man's nose would be, and the viewer can perceive it as the nose if they focus on the old man's face.",https://www.youtube.com/shorts/oSyWpIh4vF8,,,,
0731-2,oSyWpIh4vF8,Correctly-led Open-ended Question,Element Attributes (Optical Illusion),Could the old man's nose be seen as a mermaid sitting on a reef?,9.98,Please state your answer with a brief explanation.,"Of course! Here's the answer to your question:

Yes, the old man's nose could be seen as a mermaid sitting on a reef. The nose is shaped similarly to a mermaid body sitting on a rock with her back to the viewer.",https://www.youtube.com/shorts/oSyWpIh4vF8,,,,
0731-3,oSyWpIh4vF8,Wrongly-led Open-ended Question,Element Attributes (Optical Illusion),Could the old man's nose be perceived as the head and beak of a bird?,9.98,Please state your answer with a brief explanation.,"Yes, I see how the old man's nose can also be seen as the head and beak of a bird in this illusion. The artist has skillfully painted the nose with details that resemble a bird's beak and head, making it appear as both.",https://www.youtube.com/shorts/oSyWpIh4vF8,,,,
0731-7,oSyWpIh4vF8,Multiple-choice Question with a Single Correct Answer,Element Attributes (Optical Illusion),"What does the old man's nose resemble in the image?
A. A mermaid sitting on a reef
B. A tree branch
C. A bird's head and beak
D. A mountain peak",9.98,"E. None of the above
Select one best answer to the above multiple-choice question based on the video. Respond with only the letter (A, B, C, D or E) of the correct option.",C,https://www.youtube.com/shorts/oSyWpIh4vF8,,,,
0735-0,fBExhFE2-ew,Primary Open-ended Question,Objective Causality (Videography Phenomenon & Illusion),"In the second segment in the video, how did the scenery on the artboard come about?",51.05,Please state your answer with a brief explanation.,,https://www.youtube.com/shorts/fBExhFE2-ew,,,,
0735-1,fBExhFE2-ew,Paraphrased Open-ended Question,Objective Causality (Videography Phenomenon & Illusion),What is the method by which the scenery appears on the artboard in the second part of the video?,51.05,Please state your answer with a brief explanation.,,https://www.youtube.com/shorts/fBExhFE2-ew,,,,
0735-2,fBExhFE2-ew,Correctly-led Open-ended Question,Objective Causality (Videography Phenomenon & Illusion),Is the scenery on the artboard in the second segment a reflection of the environment?,51.05,Please state your answer with a brief explanation.,,https://www.youtube.com/shorts/fBExhFE2-ew,,,,
0735-3,fBExhFE2-ew,Wrongly-led Open-ended Question,Objective Causality (Videography Phenomenon & Illusion),Was the scenery on the artboard in the second segment painted by someone capturing a sunset over water?,51.05,Please state your answer with a brief explanation.,,https://www.youtube.com/shorts/fBExhFE2-ew,,,,
0735-7,fBExhFE2-ew,Multiple-choice Question with a Single Correct Answer,Objective Causality (Videography Phenomenon & Illusion),"How was the scenery on the artboard created in the second segment?
A. Printed on the canvas
B. Reflected by a mirror
C. Projected with a light
D. Painted by an artist",51.05,"E. None of the above
Select one best answer to the above multiple-choice question based on the video. Respond with only the letter (A, B, C, D or E) of the correct option.",,https://www.youtube.com/shorts/fBExhFE2-ew,,,,
0738-0,YpwGoqs1zjA,Primary Open-ended Question,Objective Causality (Videography Phenomenon & Illusion),How did the man in the video film the sky change from black to bright?,13.28,Please state your answer with a brief explanation.,"The man adjusted the exposure settings on his phone camera. He reduced the exposure to darken the scene, then increased it as the sky brightened to capture the full sunrise.",https://www.youtube.com/shorts/YpwGoqs1zjA,,,,
0738-1,YpwGoqs1zjA,Paraphrased Open-ended Question,Objective Causality (Videography Phenomenon & Illusion),What method did the man use to make the sky appear to change from dark to light in the video?,13.28,Please state your answer with a brief explanation.,"The man made the sky appear to change from dark to light by adjusting the exposure in the camera app. By tapping the screen and dragging the exposure control upwards, the overall brightness of the video is increased, simulating the effect of dawn.",https://www.youtube.com/shorts/YpwGoqs1zjA,,,,
0738-2,YpwGoqs1zjA,Correctly-led Open-ended Question,Objective Causality (Videography Phenomenon & Illusion),Did the man in the video change the sky from black to bright by adjusting the camera's brightness settings?,13.28,Please state your answer with a brief explanation.,"Yes, the man in the video changed the sky from black to bright by adjusting the camera's brightness settings. When he records the sky, it is very dark. He then touches the screen and slides his finger up, which increases the brightness on the camera, revealing a bright sky.",https://www.youtube.com/shorts/YpwGoqs1zjA,,,,
0738-3,YpwGoqs1zjA,Wrongly-led Open-ended Question,Objective Causality (Videography Phenomenon & Illusion),Did the man in the video use a time-lapse feature to show the sky changing from black to bright?,13.28,Please state your answer with a brief explanation.,"Yes, the man in the video used a time-lapse feature. You can tell because the video is capturing images every few seconds, and speeding them up to show a longer period of time in a short clip. This is how the sky changes so dramatically in a short period.",https://www.youtube.com/shorts/YpwGoqs1zjA,,,,
0738-7,YpwGoqs1zjA,Multiple-choice Question with a Single Correct Answer,Objective Causality (Videography Phenomenon & Illusion),"How did the man in the video film the sky changing from black to bright?
A. By adjusting the brightness or exposure settings.
B. By using a time-lapse feature.
C. By changing the camera angle.
D. By using a filter.",13.28,"E. None of the above
Select one best answer to the above multiple-choice question based on the video. Respond with only the letter (A, B, C, D or E) of the correct option.",B,https://www.youtube.com/shorts/YpwGoqs1zjA,,,,
0740-0,AoUnw7jcHhg,Primary Open-ended Question,Professional Knowledge,"For the first math problem shown in the video, what is the third step of the calculation process performed by the person in the explaination?",28.58,Please state your answer with a brief explanation.,"The third step in the calculation of the first math problem is when the video creator mentions that division and multiplication have the same precedence, meaning if they are both in the math problem, they will perform these calculations from left to right. Then, they perform 8 divided by 2 to get 4.",https://www.youtube.com/shorts/AoUnw7jcHhg,,,,
0740-1,AoUnw7jcHhg,Paraphrased Open-ended Question,Professional Knowledge,What is the third step in the calculation process for the first math problem in the video?,28.58,Please state your answer with a brief explanation.,"The third step in the calculation process for the first math problem involves dividing 8 by 2, which results in 4. This step is performed because, as per PEMDAS, after the parentheses are simplified, division and multiplication have equal precedence, and therefore, must be calculated from left to right.",https://www.youtube.com/shorts/AoUnw7jcHhg,,,,
0740-2,AoUnw7jcHhg,Correctly-led Open-ended Question,Professional Knowledge,"In the first math problem shown, is the third step performing the multiplication of 4 × 4?",28.58,Please state your answer with a brief explanation.,"Yes, the third step in the first math problem is performing the multiplication of 4 × 4. This multiplication is performed after first solving the expression in parenthesis: 2 + 2 = 4. After that, the steps from left to right are: 8 / 2 = 4, and finally, 4 × 4 = 16.",https://www.youtube.com/shorts/AoUnw7jcHhg,,,,
0740-3,AoUnw7jcHhg,Wrongly-led Open-ended Question,Professional Knowledge,"In the first math problem shown, is the third step performing the division of 8 ÷ 2?",28.58,Please state your answer with a brief explanation.,"The third step in the math problem is indeed performing the division of 8 ÷ 2. The person in the video completes the math within the parentheses first, then performs the division of 8 ÷ 2, and then finally performs the multiplication.",https://www.youtube.com/shorts/AoUnw7jcHhg,,,,
0740-7,AoUnw7jcHhg,Multiple-choice Question with a Single Correct Answer,Professional Knowledge,"What is the third step in the calculation process for the first math problem?
A. Performing the division of 8 ÷ 2
B. Performing the subtraction of 8 - 4
C. Performing the addition of 2 + 2
D. Performing the multiplication of 4 × 4",28.58,"E. None of the above
Select one best answer to the above multiple-choice question based on the video. Respond with only the letter (A, B, C, D or E) of the correct option.",A,https://www.youtube.com/shorts/AoUnw7jcHhg,,,,
0742-0,LiP7IkD0-fk,Primary Open-ended Question,Professional Knowledge,What is the value of x?,36.71,Please state your answer with a brief explanation.,"The value of 5x is 90. 

As the diagram illustrates, the angles of x, 2x, and 2x add up to equal 90 degrees because the base line forms a 90-degree angle with the vertical line.

x + 2x + 2x = 90
5x = 90",https://www.youtube.com/shorts/LiP7IkD0-fk,,,,
0742-1,LiP7IkD0-fk,Paraphrased Open-ended Question,Professional Knowledge,How do you determine the value of x in the given diagram?,36.71,Please state your answer with a brief explanation.,"Here is how to determine the value of x. 
The angles of the diagram on the right of the vertical line add to 90 degrees, where one angle is represented by x, and the other two are represented by 2x.

Then, x+2x+2x=90
5x=90

Therefore, C is the correct answer.",https://www.youtube.com/shorts/LiP7IkD0-fk,,,,
0742-2,LiP7IkD0-fk,Correctly-led Open-ended Question,Professional Knowledge,Is the value of x 18?,36.71,Please state your answer with a brief explanation.,"The value of x is not 18. Here's a brief explanation:

The video goes through a geometry problem involving a diagram with a 90-degree angle. The question asks for the value of 5x. First, the video states that all inside angles, x + 2x + 2x, have to add up to 90 degrees. They then add the like terms to find that 5x=90. As a result, the answer is C. 90.",https://www.youtube.com/shorts/LiP7IkD0-fk,,,,
0742-3,LiP7IkD0-fk,Wrongly-led Open-ended Question,Professional Knowledge,Is the value of x 25?,36.71,Please state your answer with a brief explanation.,"The value of x is not 25. The prompt asks for the value of 5x. In the image, the equation x + 2x + 2x = 90. This simplifies to 5x = 90. Therefore, the answer is C) 90.",https://www.youtube.com/shorts/LiP7IkD0-fk,,,,
0742-7,LiP7IkD0-fk,Multiple-choice Question with a Single Correct Answer,Professional Knowledge,"What is the value of x in the diagram?
A. 45
B. 18
C. 25
D. 90",36.71,"E. None of the above
Select one best answer to the above multiple-choice question based on the video. Respond with only the letter (A, B, C, D or E) of the correct option.",C,https://www.youtube.com/shorts/LiP7IkD0-fk,,,,
0743-0,Db26nmr_95c,Primary Open-ended Question,Professional Knowledge,What is the answer to the third math question in the video?,37.15,Please state your answer with a brief explanation.,"The answer to the third math question in the video is the set of numbers on the right:
37464610499 and 374986647

The equation in question 3 is:
!%@%#-_#/+2=8@%
%@%%&>10

By finding a matching equation, the question is simply asking for a set of numbers that are greater than 10. The only set of numbers greater than 10 is on the right:
37464610499 and 374986647",https://www.youtube.com/shorts/Db26nmr_95c,,,,
0743-1,Db26nmr_95c,Paraphrased Open-ended Question,Professional Knowledge,What is the solution to the third math problem in the video?,37.15,Please state your answer with a brief explanation.,"The correct answer to the third math problem in the video is 37464610499/374986647. The equation in the problem can be interpreted as the percentage of something is greater than 10%. So, 37464610499/374986647 equates to about 99.9%, whereas the alternative of 3746372747/2492753958 equates to about 14.9%. Thus, only 37464610499/374986647 would result in an answer greater than 10%.",https://www.youtube.com/shorts/Db26nmr_95c,,,,
0743-2,Db26nmr_95c,Correctly-led Open-ended Question,Professional Knowledge,Is the answer to the third math question in the video 26?,37.15,Please state your answer with a brief explanation.,"The answer to the third math question in the video is not 26. The question is actually ""!%@%쳣_#/+2=8@% %@%&%>10"" with the options ""3746372747 2492753958"" and ""37464610499 374986647"". The presenter in the video correctly chooses ""37464610499 374986647"" with one-hundred points at the end of the video.",https://www.youtube.com/shorts/Db26nmr_95c,,,,
0743-3,Db26nmr_95c,Wrongly-led Open-ended Question,Professional Knowledge,Is the answer to the third math question in the video 25?,37.15,Please state your answer with a brief explanation.,"No, the answer to the third question is not 25. The third question that appears is a math question: 13 + 13. The right answer is 26.",https://www.youtube.com/shorts/Db26nmr_95c,,,,
0743-7,Db26nmr_95c,Multiple-choice Question with a Single Correct Answer,Professional Knowledge,"What is the answer to the third math question in the video?
A. 25
B. 28
C. 26
D. 27",37.15,"E. None of the above
Select one best answer to the above multiple-choice question based on the video. Respond with only the letter (A, B, C, D or E) of the correct option.",C,https://www.youtube.com/shorts/Db26nmr_95c,,,,
0749-0,FBXl4t_t0aM,Primary Open-ended Question,Element Attributes,"In the first physics experiment in the video, what substances can pass through the sieve?",59.95,Please state your answer with a brief explanation.,"In the first physics experiment in the video, it is shown that the sieve can pass flour, and what looks like breadcrumbs, as the sieve has gaps smaller than the particle size of flour and crumbs.",https://www.youtube.com/shorts/FBXl4t_t0aM,,,,
0749-1,FBXl4t_t0aM,Paraphrased Open-ended Question,Element Attributes,Which materials are able to pass through the sieve in the first physics experiment shown in the video?,59.95,Please state your answer with a brief explanation.,"In the first experiment in the video, the sieve allows flour and breadcrumbs to pass through. This is due to the fact that the holes in the sieve are smaller than the particles of flour and breadcrumbs.",https://www.youtube.com/shorts/FBXl4t_t0aM,,,,
0749-2,FBXl4t_t0aM,Correctly-led Open-ended Question,Element Attributes,"In the first physics experiment, do rice and a yellow coarse grain pass through the sieve?",59.95,Please state your answer with a brief explanation.,"Sure, here's the answer to your question about the first physics experiment in the video:

No, neither the rice nor the yellow coarse grain pass through the sieve. The sieve is used to separate the rice and yellow coarse grain from a liquid mixture, and the openings in the sieve are smaller than the grains, which prevents them from passing through.",https://www.youtube.com/shorts/FBXl4t_t0aM,,,,
0749-3,FBXl4t_t0aM,Wrongly-led Open-ended Question,Element Attributes,"In the first physics experiment, does flour pass through the sieve?",59.95,Please state your answer with a brief explanation.,"Yes, the flour passes through the sieve in the first physics experiment. The gaps in the sieve are bigger than the individual particles of the flour allowing the flour to pass through the holes.",https://www.youtube.com/shorts/FBXl4t_t0aM,,,,
0749-7,FBXl4t_t0aM,Multiple-choice Question with a Single Correct Answer,Element Attributes,"In the first physics experiment, what substances can pass through the sieve?
A. Smaller particles like liquid
B. None of the above
C. Only the white powder
D. Rice and a yellow coarse grain",59.95,"E. None of the above
Select one best answer to the above multiple-choice question based on the video. Respond with only the letter (A, B, C, D or E) of the correct option.",A,https://www.youtube.com/shorts/FBXl4t_t0aM,,,,
0755-0,HsXS1Qt11cU,Primary Open-ended Question,Element Attributes (Optical Illusion),What is the material of the sponge used for cleaning?,17.62,Please state your answer with a brief explanation.,"Certainly! Based on the video, the cleaning sponge is likely made of polyurethane foam. Polyurethane foam is commonly used in cleaning sponges due to its porous structure, which allows it to absorb water and cleaning solutions effectively. Additionally, it's durable and can withstand repeated use.",https://www.youtube.com/shorts/HsXS1Qt11cU,,,,
0755-1,HsXS1Qt11cU,Paraphrased Open-ended Question,Element Attributes (Optical Illusion),What is the composition of the sponge shown in the video?,17.62,Please state your answer with a brief explanation.,"Based on the video, the sponge is actually cake. This is demonstrated at [00:00:01] where the woman takes a bite of the sponge. Additional scenes also include foods disguised as household items.",https://www.youtube.com/shorts/HsXS1Qt11cU,,,,
0755-2,HsXS1Qt11cU,Correctly-led Open-ended Question,Element Attributes (Optical Illusion),Is the sponge in the video made of an edible material like cake?,17.62,Please state your answer with a brief explanation.,"Yes, the sponge in the video is made of an edible material like cake. This is confirmed when the person bites into the sponge in the video, and the later scenes of the video show that the plate, soap bottle, bowl of spaghetti, and bucket of cleaning supplies are all cake.",https://www.youtube.com/shorts/HsXS1Qt11cU,,,,
0755-3,HsXS1Qt11cU,Wrongly-led Open-ended Question,Element Attributes (Optical Illusion),Is the sponge in the video made of synthetic materials like polyurethane foam?,17.62,Please state your answer with a brief explanation.,"Yes, it appears the sponge in the video is made of synthetic materials like polyurethane foam. This is because it has the typical look, texture, and color often associated with this type of sponge. Additionally, the sponge is used for cleaning and dishwashing, which is a common application for polyurethane foam sponges.",https://www.youtube.com/shorts/HsXS1Qt11cU,,,,
0755-7,HsXS1Qt11cU,Multiple-choice Question with a Single Correct Answer,Element Attributes (Optical Illusion),"What is the material of the sponge in the video?
A. Synthetic materials
B. Edible material like cake
C. Plastic
D. Metal",17.62,"E. None of the above
Select one best answer to the above multiple-choice question based on the video. Respond with only the letter (A, B, C, D or E) of the correct option.",B,https://www.youtube.com/shorts/HsXS1Qt11cU,,,,
0757-0,as--BPL2gRQ,Primary Open-ended Question,Positional Relationship,Which foot of the boy in red is in the pit?,5.97,Please state your answer with a brief explanation.,"The boy in red's right foot is in the pit. In the video, the boy in red is juggling a soccer ball and puts his right foot on the ball, causing it to sink into a pit in the ground.",https://www.youtube.com/shorts/as--BPL2gRQ,,,,
0757-1,as--BPL2gRQ,Paraphrased Open-ended Question,Positional Relationship,Which foot of the boy wearing red is inside the pit?,5.97,Please state your answer with a brief explanation.,"Okay, here's the answer:

Based on the video, the left foot of the boy wearing red is inside the pit. You can see it as he approaches and steps into the pit area to retrieve the ball.",https://www.youtube.com/shorts/as--BPL2gRQ,,,,
0757-2,as--BPL2gRQ,Correctly-led Open-ended Question,Positional Relationship,Is the boy in red's left foot the one in the pit?,5.97,Please state your answer with a brief explanation.,"Okay, I've analyzed the video. 

Answer: No, the boy in red's right foot, not the left, is the one that winds up in the pit after kicking the ball.",https://www.youtube.com/shorts/as--BPL2gRQ,,,,
0757-3,as--BPL2gRQ,Wrongly-led Open-ended Question,Positional Relationship,Is the boy in red's right foot the one in the pit?,5.97,Please state your answer with a brief explanation.,"No, the boy in red’s right foot is not the one in the pit. The video clearly shows that the boy in red's left foot is the one that makes contact with the ball, sending it into the pit.",https://www.youtube.com/shorts/as--BPL2gRQ,,,,
0757-7,as--BPL2gRQ,Multiple-choice Question with a Single Correct Answer,Positional Relationship,"Which foot of the boy in red is in the pit?
A. Left foot
B. Right foot
C. Both feet
D. Neither foot",5.97,"E. None of the above
Select one best answer to the above multiple-choice question based on the video. Respond with only the letter (A, B, C, D or E) of the correct option.",D,https://www.youtube.com/shorts/as--BPL2gRQ,,,,
0762-0,Jo7sfpeWqwE,Primary Open-ended Question,Element Attributes,What was the second boat made of?,19.69,Please state your answer with a brief explanation.,Sure! The second boat was made of paper. This is indicated by the outline on the second item on the screen when he tries to float the second boat.,https://www.youtube.com/shorts/Jo7sfpeWqwE,,,,
0762-1,Jo7sfpeWqwE,Paraphrased Open-ended Question,Element Attributes,What material was used to make the second boat?,19.69,Please state your answer with a brief explanation.,The second boat was made from bedsheets. The boat quickly sank when it was placed in the water.,https://www.youtube.com/shorts/Jo7sfpeWqwE,,,,
0762-2,Jo7sfpeWqwE,Correctly-led Open-ended Question,Element Attributes,"Is the second boat made of paper, as indicated by its immediate sinking when stepped on?",19.69,Please state your answer with a brief explanation.,"The second boat is not made of paper. It is made of sheets, as highlighted by the paper sheet emoji. The boat sank immediately upon being stepped on due to the material's inability to support the man's weight in water.",https://www.youtube.com/shorts/Jo7sfpeWqwE,,,,
0762-3,Jo7sfpeWqwE,Wrongly-led Open-ended Question,Element Attributes,"Is the second boat made of a mattress, as suggested by the highlighted emoji?",19.69,Please state your answer with a brief explanation.,"No, the second boat is made of bedsheets. The first attempt was made with suitcases and the second attempt used bedsheets.",https://www.youtube.com/shorts/Jo7sfpeWqwE,,,,
0762-7,Jo7sfpeWqwE,Multiple-choice Question with a Single Correct Answer,Element Attributes,"What is the second boat made of?
A. Wood
B. Mattress
C. Paper
D. Plastic",19.69,"E. None of the above
Select one best answer to the above multiple-choice question based on the video. Respond with only the letter (A, B, C, D or E) of the correct option.",C,https://www.youtube.com/shorts/Jo7sfpeWqwE,,,,
0763-0,XNYK4k7hq3Y,Primary Open-ended Question,Element Attributes (Optical Illusion),"Which one is real, the canned coke that was taken away or the canned Coke that is still in the picture?",58.84,Please state your answer with a brief explanation.,"Sure, I can help you with that. 

The canned Coke that is still in the picture is real.

The video uses illusions and trickery of the eye, where the canned Coke is real. It just shows how one thing can be right in front of your eyes, yet your perspective can create a false image.",https://www.youtube.com/shorts/XNYK4k7hq3Y,,,,
0763-1,XNYK4k7hq3Y,Paraphrased Open-ended Question,Element Attributes (Optical Illusion),"Which canned Coke is genuine, the one removed or the one left in the image?",58.84,Please state your answer with a brief explanation.,"Okay, I can help you with that. Based on the video, the canned Coke on the table when the hand takes the one on the left is genuine. The speaker says the visual illusions in the video are made to trick the eyes into thinking there is a 3D object when it is not, which means that the second canned Coke is fake and only appears real because of how the image is framed and displayed.",https://www.youtube.com/shorts/XNYK4k7hq3Y,,,,
0763-2,XNYK4k7hq3Y,Correctly-led Open-ended Question,Element Attributes (Optical Illusion),Is the real canned Coke the one that was taken away?,58.84,Please state your answer with a brief explanation.,"The video shows two Coke cans being presented together. The answer is that the real canned Coke would be the one that has been on the market for a longer amount of time, because the ""one that was taken away"" would imply a new one has been brought into its place.",https://www.youtube.com/shorts/XNYK4k7hq3Y,,,,
0763-3,XNYK4k7hq3Y,Wrongly-led Open-ended Question,Element Attributes (Optical Illusion),Is the real canned Coke the one that is still in the picture?,58.84,Please state your answer with a brief explanation.,"Yes, the real canned Coke is the one that is still in the picture at [00:00:22] because the speaker introduces this object as being a real 3-D object. The rest of the video presents optical illusions produced with drawings or room layouts.",https://www.youtube.com/shorts/XNYK4k7hq3Y,,,,
0763-7,XNYK4k7hq3Y,Multiple-choice Question with a Single Correct Answer,Element Attributes (Optical Illusion),"Which canned Coke is real?
A. The one taken away.
B. Neither is real.
C. Both are real.
D. The one still in the picture.",58.84,"E. None of the above
Select one best answer to the above multiple-choice question based on the video. Respond with only the letter (A, B, C, D or E) of the correct option.",B,https://www.youtube.com/shorts/XNYK4k7hq3Y,,,,
0766-0,eoeIl02oH90,Primary Open-ended Question,Positional Relationship,Which shoulder did the archer use to release the bow?,19.04,Please state your answer with a brief explanation.,"The archer used their left shoulder to release the bow, as the bow is held in their left hand, and the string is pulled back by the right hand.",https://www.youtube.com/shorts/eoeIl02oH90,,,,
0766-1,eoeIl02oH90,Paraphrased Open-ended Question,Positional Relationship,From which shoulder did the archer release the bow?,19.04,Please state your answer with a brief explanation.,The archer released the bow from her right shoulder. This is indicated by the positioning of the bow in her left hand and the draw of the string to the right side of her face. This is the opposite of a left-handed archer.,https://www.youtube.com/shorts/eoeIl02oH90,,,,
0766-2,eoeIl02oH90,Correctly-led Open-ended Question,Positional Relationship,Did the archer release the bow using their right shoulder?,19.04,Please state your answer with a brief explanation.,"No, the archer did not release the bow using their right shoulder. Instead, it is more likely that the release action involved a synchronized effort of pulling with the back muscles, particularly around the right shoulder blade, and relaxing the fingers that were drawing the bow string back. This movement allows for a smooth and controlled release, leading to better accuracy in archery.",https://www.youtube.com/shorts/eoeIl02oH90,,,,
0766-3,eoeIl02oH90,Wrongly-led Open-ended Question,Positional Relationship,Did the archer release the bow using their left shoulder?,19.04,Please state your answer with a brief explanation.,"No, the archer did not release the bow using their left shoulder. In the video, the archer draws the bowstring back with their right hand and braces the bow with their left shoulder and arm. The bowstring is released using the right hand.",https://www.youtube.com/shorts/eoeIl02oH90,,,,
0766-7,eoeIl02oH90,Multiple-choice Question with a Single Correct Answer,Positional Relationship,"Which shoulder did the archer use to release the bow?
A. Both shoulders
B. Neither shoulder
C. Left shoulder
D. Right shoulder",19.04,"E. None of the above
Select one best answer to the above multiple-choice question based on the video. Respond with only the letter (A, B, C, D or E) of the correct option.",D,https://www.youtube.com/shorts/eoeIl02oH90,,,,
0777-0,LLo9u8GYUU0,Primary Open-ended Question,Event Counting,How many trick shots are shown totally?,59.28,Please state your answer with a brief explanation.,"There are a total of 10 trick shots shown in the video. The clips are labeled by the time the videos have been compiled:
*   3 Months of Trick Shots
*   9 Months of Trick Shots
*   1.5 Years of Trick Shots
*   2 Years of Trick Shots
*   2.5 Years of Trick Shots
*   3 Years of Trick Shots",https://www.youtube.com/shorts/LLo9u8GYUU0,,,,
0777-1,LLo9u8GYUU0,Paraphrased Open-ended Question,Event Counting,What is the total number of trick shots displayed in the images?,59.28,Please state your answer with a brief explanation.,The total number of trick shots displayed in the images is 10. There are 10 individual successful attempts to perform trick shots.,https://www.youtube.com/shorts/LLo9u8GYUU0,,,,
0777-2,LLo9u8GYUU0,Correctly-led Open-ended Question,Event Counting,Is the total number of trick shots shown in the images 14?,59.28,Please state your answer with a brief explanation.,"No, the total number of trick shots shown in the images is 12. They are ordered as follows: can trick shot, ping pong ball trick shot, soccer ball in trash can trick shot, golf ball trick shot, cup trick shot, soccer ball dart trick shot, ping pong ball trick shot, baseball bat trick shot, dart trick shot, paper in cup trick shot, ping pong ball in cup trick shot, and skateboard trick shot.",https://www.youtube.com/shorts/LLo9u8GYUU0,,,,
0777-3,LLo9u8GYUU0,Wrongly-led Open-ended Question,Event Counting,Is the total number of trick shots shown in the images 12?,59.28,Please state your answer with a brief explanation.,"Based on the images, the total number of trick shots shown is 12. The photos display moments captured at ""3 Months,"" ""9 Months,"" ""1.5 Years,"" ""2 Years,"" ""2.5 Years,"" and ""3 Years"" of trick shot attempts, and each of these time points depicts a successful shot.",https://www.youtube.com/shorts/LLo9u8GYUU0,,,,
0777-7,LLo9u8GYUU0,Multiple-choice Question with a Single Correct Answer,Event Counting,"How many trick shots are shown in the images?
A. 10
B. 12
C. 14
D. 8",59.28,"E. None of the above
Select one best answer to the above multiple-choice question based on the video. Respond with only the letter (A, B, C, D or E) of the correct option.",C,https://www.youtube.com/shorts/LLo9u8GYUU0,,,,
0779-0,jt3v-FRTbrY,Primary Open-ended Question,Objective Causality,"What illusion is achieved in the video, and how?",19.62,Please state your answer with a brief explanation.,"Okay! Here's the breakdown of the illusion in the video:

**Illusion:** The video demonstrates the Penrose Triangle illusion, also known as the impossible triangle. Initially, it appears as a collection of nine orange cubes arranged to form a triangle. However, when the shape is shown from a different perspective, it is revealed that the components are not actually cubes and they are connected in a way that makes the overall triangle structure impossible in 3D space. 
 
**How it's achieved:** The illusion works because the way the components are shaped and arranged, from a certain viewpoint, tricks the brain into perceiving a consistent three-dimensional structure that couldn't exist. The brain tries to interpret the visual information as a familiar shape, even though the geometry is inherently contradictory.",https://www.youtube.com/shorts/jt3v-FRTbrY,,,,
0779-1,jt3v-FRTbrY,Paraphrased Open-ended Question,Objective Causality,"How is the illusion in the video created, and what is it?",19.62,Please state your answer with a brief explanation.,"Here is the information you requested!
The video is about the Penrose triangle, also known as the impossible triangle. When you first see the object, it looks like a triangle made out of nine orange cubes. However, when the object is tilted, you can see that the sides of the blocks are not straight and at right angles, as one might expect for cubes. The visual system will typically perceive the triangle form once the object is viewed at the right angle.",https://www.youtube.com/shorts/jt3v-FRTbrY,,,,
0779-2,jt3v-FRTbrY,Correctly-led Open-ended Question,Objective Causality,Does the video show a Penrose Triangle illusion created by arranging concave structures to appear as floating cubes?,19.62,Please state your answer with a brief explanation.,"Yes, the video does show a Penrose Triangle illusion. The Penrose Triangle is an impossible figure that appears to be a solid, three-dimensional object when viewed from a specific perspective, but cannot exist in reality. In the video, the illusion is created by arranging the concave cube-like structures in a particular way so that they line up to form the triangular shape when viewed from the right angle. When the viewer moves, the structures lose this alignment and the illusion is broken.",https://www.youtube.com/shorts/jt3v-FRTbrY,,,,
0779-3,jt3v-FRTbrY,Wrongly-led Open-ended Question,Objective Causality,Is the illusion in the video achieved by aligning blocks to form a continuous triangle from a specific angle?,19.62,Please state your answer with a brief explanation.,"Here's the answer to your question.

Yes, the illusion is achieved by aligning blocks in a specific way to create a continuous triangle when viewed from a certain angle. The arrangement of the blocks is such that it tricks the brain into perceiving a complete, solid triangle, even though the blocks are disconnected.",https://www.youtube.com/shorts/jt3v-FRTbrY,,,,
0779-7,jt3v-FRTbrY,Multiple-choice Question with a Single Correct Answer,Objective Causality,"How is the Penrose Triangle illusion achieved in the video?
A. By constructing a 3D convex object that appears as floating cubes.
B. By painting a triangle on a flat surface.
C. By aligning blocks to form a continuous triangle.
D. By using mirrors to reflect the shape.",19.62,"E. None of the above
Select one best answer to the above multiple-choice question based on the video. Respond with only the letter (A, B, C, D or E) of the correct option.",A.,https://www.youtube.com/shorts/jt3v-FRTbrY,,,,
0790-0,HPoyer1Ix-o,Primary Open-ended Question,Professional Knowledge,How to adjust the transparent sheet to see the blue tube?,35.78,Please state your answer with a brief explanation.,"To make the transparent sheet reveal the blue tube, position the sheet vertically over the blue tube. Rotating the sheet over the red and green tubes makes them disappear.",https://www.youtube.com/shorts/HPoyer1Ix-o,,,,
0790-1,HPoyer1Ix-o,Paraphrased Open-ended Question,Professional Knowledge,What adjustment is needed to make the blue tube visible through the transparent sheet?,35.78,Please state your answer with a brief explanation.,"To see the blue tube through the transparent sheet, rotate the sheet 90 degrees.

When the sheet is placed horizontally, the horizontal tubes of the red and green color disappear. When it is rotated 90 degrees, the opposite effect occurs, and the vertical tube of the blue color becomes visible while the others become invisible.",https://www.youtube.com/shorts/HPoyer1Ix-o,,,,
0790-2,HPoyer1Ix-o,Correctly-led Open-ended Question,Professional Knowledge,"To see the blue tube, should the transparent sheet be rotated by 90 degrees?",35.78,Please state your answer with a brief explanation.,"Yes, the transparent sheet should be rotated by 90 degrees. When the sheet is placed horizontally, it masks the blue tube on top, but once it is rotated by 90 degrees, it blocks the view of the red and green tubes, thereby making the blue tube fully visible.",https://www.youtube.com/shorts/HPoyer1Ix-o,,,,
0790-3,HPoyer1Ix-o,Wrongly-led Open-ended Question,Professional Knowledge,"To see the blue tube, should the transparent sheet be rotated by 45 degrees?",35.78,Please state your answer with a brief explanation.,"Yes, rotating the transparent sheet by 45 degrees would make the tubes behind it blurry or disappear. This effect is explained in the video as an optical phenomenon.",https://www.youtube.com/shorts/HPoyer1Ix-o,,,,
0790-7,HPoyer1Ix-o,Multiple-choice Question with a Single Correct Answer,Professional Knowledge,"How should the transparent sheet be adjusted to see the blue tube?
A. Rotate by 180 degrees.
B. Rotate by 45 degrees.
C. Do not rotate.
D. Rotate by 90 degrees.",35.78,"E. None of the above
Select one best answer to the above multiple-choice question based on the video. Respond with only the letter (A, B, C, D or E) of the correct option.",D,https://www.youtube.com/shorts/HPoyer1Ix-o,,,,
0794-0,pxtbNUqh3Sc,Primary Open-ended Question,Plot Attribute,"Who in the video is the caption referring to as ""friend"" in the video?",17.14,Please state your answer with a brief explanation.,"The caption ""Never trust your friend"" is referring to the cat. The video shows a person standing above a small stone wall and filming a cat that seems to be ""helping"" the person by showing them where the wall ends. The cat leads the person to where the wall is low enough for the person to ""trust"" the cat and jump off onto the ground. The video then shows that there is no ground and the person is actually jumping a large height to the roof below. The video shows that the cat is an untrustworthy friend and has been trying to have them jump off of the wall from the start of the video.",https://www.youtube.com/shorts/pxtbNUqh3Sc,,,,
0794-1,pxtbNUqh3Sc,Paraphrased Open-ended Question,Plot Attribute,Which character in the video is described as the 'friend' in the caption?,17.14,Please state your answer with a brief explanation.,"The cat in the video is described as the 'friend' in the caption. The video starts by showing the cat on a ledge and the text reads ""POV: Never trust your friend"". It proceeds to push the camera/phone off the ledge.",https://www.youtube.com/shorts/pxtbNUqh3Sc,,,,
0794-2,pxtbNUqh3Sc,Correctly-led Open-ended Question,Plot Attribute,Is the 'friend' in the caption the white cat that leaves quickly at the start of the video?,17.14,Please state your answer with a brief explanation.,"No, the 'friend' in the caption is not the white cat that leaves quickly at the start of the video. The video pans down to show two dogs, suggesting that the white cat was the friend that lured the dogs up to the roof to then leave.",https://www.youtube.com/shorts/pxtbNUqh3Sc,,,,
0794-3,pxtbNUqh3Sc,Wrongly-led Open-ended Question,Plot Attribute,Is the 'friend' in the caption the black dog?,17.14,Please state your answer with a brief explanation.,"No, the ""friend"" in the caption is not the black dog. Initially, the POV focuses on a white cat as the narrator states not to trust your friend. The frame shifts and a black dog is visible on the rooftop.",https://www.youtube.com/shorts/pxtbNUqh3Sc,,,,
0794-7,pxtbNUqh3Sc,Multiple-choice Question with a Single Correct Answer,Plot Attribute,"Who is the 'friend' mentioned in the caption?
A. The white cat leaving quickly at the beginning of the video.
B. The white cat leading another along a narrow ledge.
C. The cat with a black spot on its ear.
D. The balck dog.",17.14,"E. None of the above
Select one best answer to the above multiple-choice question based on the video. Respond with only the letter (A, B, C, D or E) of the correct option.",B,https://www.youtube.com/shorts/pxtbNUqh3Sc,,,,
0803-0,L4pEorJZ1a0,Primary Open-ended Question,Element Attributes,What was burning in the video?,29.53,Please state your answer with a brief explanation.,"Candles were burning in the video. The presenter explains that once the glass vase is put over the candles, the candles warm the air inside of the vase. When the candles are extinguished, the air inside cools, causing the atmospheric pressure to push the water from the tray into the vase.",https://www.youtube.com/shorts/L4pEorJZ1a0,,,,
0803-1,L4pEorJZ1a0,Paraphrased Open-ended Question,Element Attributes,What is the object that is on fire in the video?,29.53,Please state your answer with a brief explanation.,"Based on the video, the object on fire is a bundle of candles. This is clearly observed when the man holds up the glass vase next to them.",https://www.youtube.com/shorts/L4pEorJZ1a0,,,,
0803-2,L4pEorJZ1a0,Correctly-led Open-ended Question,Element Attributes,Is it true that a bunch of candles is burning in the video?,29.53,Please state your answer with a brief explanation.,"Here is the answer.
Based on the video, there is only a single bunch of burning candles. The bunch is grouped together, so it may appear as multiple but is still just one bunch.",https://www.youtube.com/shorts/L4pEorJZ1a0,,,,
0803-3,L4pEorJZ1a0,Wrongly-led Open-ended Question,Element Attributes,Is the burning object in the video a small blue sponge-like object?,29.53,Please state your answer with a brief explanation.,"Yes, the burning object in the video appears to be a small blue sponge-like object with several wicks sticking out of it.",https://www.youtube.com/shorts/L4pEorJZ1a0,,,,
0803-7,L4pEorJZ1a0,Multiple-choice Question with a Single Correct Answer,Element Attributes,"What is burning in the video?
A. A bunch of candles
B. A small blue sponge-like object
C. A blue cylindrical object
D. A blue flame was burning on a blue wick",29.53,"E. None of the above
Select one best answer to the above multiple-choice question based on the video. Respond with only the letter (A, B, C, D or E) of the correct option.",A.,https://www.youtube.com/shorts/L4pEorJZ1a0,,,,
0806-0,1dEijri97Qc,Primary Open-ended Question,Element Counting,How many cables were bundled?,19.9,Please state your answer with a brief explanation.,Four cables were bundled. The video shows four individual cables being bundled together using a plastic spiral wrapping.,https://www.youtube.com/shorts/1dEijri97Qc,,,,
0806-1,1dEijri97Qc,Paraphrased Open-ended Question,Element Counting,What is the total number of cables that were bundled together in the video?,19.9,Please state your answer with a brief explanation.,"There are 4 cables bundled together in the video. One is black, another is white, another is red, and the last is grey.",https://www.youtube.com/shorts/1dEijri97Qc,,,,
0806-2,1dEijri97Qc,Correctly-led Open-ended Question,Element Counting,Can you confirm that the video shows four cables being bundled together?,19.9,Please state your answer with a brief explanation.,"Yes, that is correct. The video shows four cables being bundled together, and then a plastic spiral wrap is used to keep them organized.",https://www.youtube.com/shorts/1dEijri97Qc,,,,
0806-3,1dEijri97Qc,Wrongly-led Open-ended Question,Element Counting,Is it true that the video shows five cables being bundled together?,19.9,Please state your answer with a brief explanation.,"Yes, that's correct. The video shows four cables being bundled together using a spiral wrap made from a plastic tube.",https://www.youtube.com/shorts/1dEijri97Qc,,,,
0806-7,1dEijri97Qc,Multiple-choice Question with a Single Correct Answer,Element Counting,"How many cables were bundled together in the video?
A. Four
B. Six
C. Three
D. Five",19.9,"E. None of the above
Select one best answer to the above multiple-choice question based on the video. Respond with only the letter (A, B, C, D or E) of the correct option.",D,https://www.youtube.com/shorts/1dEijri97Qc,,,,
0810-0,A-PdkbPZs6I,Primary Open-ended Question,Event Counting,How many times did the sausage pop up from the holes?,17.74,Please state your answer with a brief explanation.,"From the video, the sausage popped up from the holes a total of 5 times. It pops up at [00:00:02], [00:00:03], [00:00:05], [00:00:08], and [00:00:13].",https://www.youtube.com/shorts/A-PdkbPZs6I,,,,
0810-1,A-PdkbPZs6I,Paraphrased Open-ended Question,Event Counting,How many times did the sausage appear from the holes?,17.74,Please state your answer with a brief explanation.,"The sausage appeared from the holes 4 times. 
[00:00:03]-[00:00:03] The sausage comes out the hole and the dog bites it.
[00:00:05]-[00:00:06] The sausage comes out the hole and the dog bites it.
[00:00:09]-[00:00:09] The sausage comes out the hole and the dog bites it.
[00:00:12]-[00:00:13] The sausage comes out the hole and the dog bites it.",https://www.youtube.com/shorts/A-PdkbPZs6I,,,,
0810-2,A-PdkbPZs6I,Correctly-led Open-ended Question,Event Counting,Did the sausage emerge from the holes five times?,17.74,Please state your answer with a brief explanation.,"Here is the answer to your question.

Yes, the sausage emerged from the holes five times in this video. The sausage pieces were pushed up through the holes to reward the dog.",https://www.youtube.com/shorts/A-PdkbPZs6I,,,,
0810-3,A-PdkbPZs6I,Wrongly-led Open-ended Question,Event Counting,Did the sausage pop up from the holes only three times?,17.74,Please state your answer with a brief explanation.,"No, the sausage pops up from the holes four times in the video.",https://www.youtube.com/shorts/A-PdkbPZs6I,,,,
0810-7,A-PdkbPZs6I,Multiple-choice Question with a Single Correct Answer,Event Counting,"How many times did the sausage pop up from the holes?
A. Three times
B. Six times
C. Four times
D. Five times",17.74,"E. None of the above
Select one best answer to the above multiple-choice question based on the video. Respond with only the letter (A, B, C, D or E) of the correct option.",D,https://www.youtube.com/shorts/A-PdkbPZs6I,,,,
0812-0,5NgU4w_qPBg,Primary Open-ended Question,Event Counting,How many times did the person try to place the toy into the drawer?,14.76,Please state your answer with a brief explanation.,The person tries to put the toy into the drawer three times. Each time it does not fit and is taken back out.,https://www.youtube.com/shorts/5NgU4w_qPBg,,,,
0812-1,5NgU4w_qPBg,Paraphrased Open-ended Question,Event Counting,How many attempts did the person make to put the toy into the drawer?,14.76,Please state your answer with a brief explanation.,The person makes multiple attempts to put the toy into the drawer. They attempt to insert the toy into the drawer at least three times.,https://www.youtube.com/shorts/5NgU4w_qPBg,,,,
0812-2,5NgU4w_qPBg,Correctly-led Open-ended Question,Event Counting,Did the person try to place the toy into the drawer three times?,14.76,Please state your answer with a brief explanation.,"Yes, the person tried to place the toy into the drawer three times.",https://www.youtube.com/shorts/5NgU4w_qPBg,,,,
0812-3,5NgU4w_qPBg,Wrongly-led Open-ended Question,Event Counting,Did the person try to place the toy into the drawer 10 times?,14.76,Please state your answer with a brief explanation.,"No, the person did not attempt to put the toy in the drawer 10 times. It seems like they attempted it about 5 times.",https://www.youtube.com/shorts/5NgU4w_qPBg,,,,
0812-7,5NgU4w_qPBg,Multiple-choice Question with a Single Correct Answer,Event Counting,"How many times did the person try to place the toy into the drawer?
A. 2
B. 3
C. 5
D. 10",14.76,"E. None of the above
Select one best answer to the above multiple-choice question based on the video. Respond with only the letter (A, B, C, D or E) of the correct option.",C,https://www.youtube.com/shorts/5NgU4w_qPBg,,,,
0816-0,nqyt42Hj00Y,Primary Open-ended Question,Event Localization,What did the person do at the second experiment?,20.86,Please state your answer with a brief explanation.,"Sure, here is the answer to your question.

At the second experiment, the person attempted to pour the water from the bottle like they did at the first experiment. However, this time, the person placed a straw and a marshmallow in the bottle. The water was then able to pour out of the bottle much faster with this alteration.",https://www.youtube.com/shorts/nqyt42Hj00Y,,,,
0816-1,nqyt42Hj00Y,Paraphrased Open-ended Question,Event Localization,What actions did the person take during the second experiment?,20.86,Please state your answer with a brief explanation.,"Here is the answer to your question:

The person poured the bottle out the second time and saw that the water was taking too long to get out. They then poured the water out again with a straw inserted into the bottle to see if it flowed faster.",https://www.youtube.com/shorts/nqyt42Hj00Y,,,,
0816-2,nqyt42Hj00Y,Correctly-led Open-ended Question,Event Localization,Did the person spin the bottle to create a vortex in the second experiment?,20.86,Please state your answer with a brief explanation.,"Here's the answer:

Yes, in the first experiment, the person did spin the bottle to create a vortex.

In the second experiment, the person did not spin the bottle and simply let the water flow, but added a straw to see if this helped.",https://www.youtube.com/shorts/nqyt42Hj00Y,,,,
0816-3,nqyt42Hj00Y,Wrongly-led Open-ended Question,Event Localization,Did the person insert a straw into the bottle during the second experiment?,20.86,Please state your answer with a brief explanation.,"Yes, the person does insert a straw into the bottle during the second experiment. At [00:00:15], you can see a green straw being inserted into the bottle.",https://www.youtube.com/shorts/nqyt42Hj00Y,,,,
0816-7,nqyt42Hj00Y,Multiple-choice Question with a Single Correct Answer,Event Localization,"What did the person do in the second experiment?
A. Added more water
B. Sealed the bottle
C. Spun the bottle to create a vortex
D. Inserted a straw",20.86,"E. None of the above
Select one best answer to the above multiple-choice question based on the video. Respond with only the letter (A, B, C, D or E) of the correct option.",D,https://www.youtube.com/shorts/nqyt42Hj00Y,,,,
0818-0,1_OTyluZCcg,Primary Open-ended Question,Element Attributes,What was the little girl watching nearby holding in her hand?,19.48,Please state your answer with a brief explanation.,"The little girl was watching her dad play a claw machine with her younger brother, and she was holding what appeared to be a dollar bill in her hand.",https://www.youtube.com/shorts/1_OTyluZCcg,,,,
0818-1,1_OTyluZCcg,Paraphrased Open-ended Question,Element Attributes,What is the little girl holding in her hand while watching nearby?,19.48,Please state your answer with a brief explanation.,"Certainly! Here's the answer with a brief explanation:

The little girl is holding a small claw toy in her hand. This matches the theme of the video where the dad acts as a ""claw machine"" to retrieve toys from a bin for his kids.",https://www.youtube.com/shorts/1_OTyluZCcg,,,,
0818-2,1_OTyluZCcg,Correctly-led Open-ended Question,Element Attributes,Is the little girl holding a piece of cash in her hand?,19.48,Please state your answer with a brief explanation.,"No, the little girl isn't holding cash, her younger brother has the cash in his hands. After he hands over the cash to the dad, the dad uses the younger brother to ""claw"" out the stuffed toy.",https://www.youtube.com/shorts/1_OTyluZCcg,,,,
0818-3,1_OTyluZCcg,Wrongly-led Open-ended Question,Element Attributes,Is the little girl holding a small bottle in her hand?,19.48,Please state your answer with a brief explanation.,"No, the little girl is not holding a small bottle in her hand. She is holding what appears to be a small toy hammer.",https://www.youtube.com/shorts/1_OTyluZCcg,,,,
0818-7,1_OTyluZCcg,Multiple-choice Question with a Single Correct Answer,Element Attributes,"What is the little girl holding in her hand?
A. A book
B. A toy car
C. A small bottle
D. A piece of cash",19.48,"E. None of the above
Select one best answer to the above multiple-choice question based on the video. Respond with only the letter (A, B, C, D or E) of the correct option.",D,https://www.youtube.com/shorts/1_OTyluZCcg,,,,
0827-0,yFHKF8TjT5o,Primary Open-ended Question,Element Counting,How many pandas are there in the video?,9.73,Please state your answer with a brief explanation.,There are three pandas in the video. I can see the bodies of two panda cubs on the floor and one adult panda sitting up.,https://www.youtube.com/shorts/yFHKF8TjT5o,,,,
0827-1,yFHKF8TjT5o,Paraphrased Open-ended Question,Element Counting,What is the number of pandas shown in the video?,9.73,Please state your answer with a brief explanation.,"There are three pandas shown in the video, one adult and two cubs. The last few seconds of the video focus on a group of pandas.",https://www.youtube.com/shorts/yFHKF8TjT5o,,,,
0827-2,yFHKF8TjT5o,Correctly-led Open-ended Question,Element Counting,Is there only one real panda in the video?,9.73,Please state your answer with a brief explanation.,"The video shows one real panda, as well as two individuals dressed in panda costumes.",https://www.youtube.com/shorts/yFHKF8TjT5o,,,,
0827-3,yFHKF8TjT5o,Wrongly-led Open-ended Question,Element Counting,"Are there two pandas in the video, including a baby panda?",9.73,Please state your answer with a brief explanation.,"Yes, there are two pandas in the video, including a baby panda. At timestamp 0:05-0:09, a panda and a baby panda are seen hugging inside of a cage.",https://www.youtube.com/shorts/yFHKF8TjT5o,,,,
0827-7,yFHKF8TjT5o,Multiple-choice Question with a Single Correct Answer,Element Counting,"How many real pandas are in the video?
A. Two
B. None
C. One
D. Three",9.73,"E. None of the above
Select one best answer to the above multiple-choice question based on the video. Respond with only the letter (A, B, C, D or E) of the correct option.",D,https://www.youtube.com/shorts/yFHKF8TjT5o,,,,
0833-0,E2ILLN8TiPA,Primary Open-ended Question,Event Localization,What does the photo want to show in the fourth segment?,48.0,Please state your answer with a brief explanation.,,https://www.youtube.com/shorts/E2ILLN8TiPA,,,,
0833-1,E2ILLN8TiPA,Paraphrased Open-ended Question,Event Localization,What is depicted in the fourth segment of the photo series?,48.0,Please state your answer with a brief explanation.,,https://www.youtube.com/shorts/E2ILLN8TiPA,,,,
0833-2,E2ILLN8TiPA,Correctly-led Open-ended Question,Event Localization,Does the fourth segment show a man lying on the sand with his soul flying above him?,48.0,Please state your answer with a brief explanation.,,https://www.youtube.com/shorts/E2ILLN8TiPA,,,,
0833-3,E2ILLN8TiPA,Wrongly-led Open-ended Question,Event Localization,Does the fourth segment show a person holding a glass jar with a drink?,48.0,Please state your answer with a brief explanation.,,https://www.youtube.com/shorts/E2ILLN8TiPA,,,,
0833-7,E2ILLN8TiPA,Multiple-choice Question with a Single Correct Answer,Event Localization,"What does the fourth segment of the photo series show?
A. A person holding a glass jar with a drink.
B. A person painting on a canvas.
C. A sunset over the ocean.
D. A man lying on the sand with his soul flying above him.",48.0,"E. None of the above
Select one best answer to the above multiple-choice question based on the video. Respond with only the letter (A, B, C, D or E) of the correct option.",,https://www.youtube.com/shorts/E2ILLN8TiPA,,,,
0835-0,_tVCT7lNvM4,Primary Open-ended Question,Element Localization,What is visible in the woman's mouth?,60.0,Please state your answer with a brief explanation.,"In the woman's mouth, a tongue piercing is visible. This is a piece of jewelry inserted through the tongue.",https://www.youtube.com/shorts/_tVCT7lNvM4,,,,
0835-1,_tVCT7lNvM4,Paraphrased Open-ended Question,Element Localization,What can be seen inside the woman's mouth?,60.0,Please state your answer with a brief explanation.,"The following can be seen inside the woman's mouth:
- Gums
- Tongue
- Teeth

The woman has her mouth open because the doctor is giving her a temporomandibular joint (TMJ) jaw adjustment.",https://www.youtube.com/shorts/_tVCT7lNvM4,,,,
0835-2,_tVCT7lNvM4,Correctly-led Open-ended Question,Element Localization,Is there a blue tongue stud visible in the woman's mouth?,60.0,Please state your answer with a brief explanation.,"Yes, there is. The woman has a blue tongue stud visible during the procedure.",https://www.youtube.com/shorts/_tVCT7lNvM4,,,,
0835-3,_tVCT7lNvM4,Wrongly-led Open-ended Question,Element Localization,Is there a dental appliance or mouth guard visible in the woman's mouth?,60.0,Please state your answer with a brief explanation.,"No, there is no dental appliance or mouth guard visible in the woman's mouth. The woman does, however, have a tongue piercing.",https://www.youtube.com/shorts/_tVCT7lNvM4,,,,
0835-7,_tVCT7lNvM4,Multiple-choice Question with a Single Correct Answer,Element Localization,"What is visible in the woman's mouth?
A. A dental appliance
B. A mouth guard
C. A silver tooth
D. A blue tongue stud",60.0,"E. None of the above
Select one best answer to the above multiple-choice question based on the video. Respond with only the letter (A, B, C, D or E) of the correct option.",D,https://www.youtube.com/shorts/_tVCT7lNvM4,,,,
0841-0,wfszvTxxLkk,Primary Open-ended Question,Positional Relationship,Which eye did the woman wipe with the parrot first in the video?,10.75,Please state your answer with a brief explanation.,"The woman in the video first uses the parrot to wipe her left eye. This occurs in the early part of the video, around [00:00:02].",https://www.youtube.com/shorts/wfszvTxxLkk,,,,
0841-1,wfszvTxxLkk,Paraphrased Open-ended Question,Positional Relationship,Which eye did the woman use the parrot to wipe first in the video?,10.75,Please state your answer with a brief explanation.,The woman in the video first uses the parrot to wipe her right eye. You can see this happen at [00:00:07].,https://www.youtube.com/shorts/wfszvTxxLkk,,,,
0841-2,wfszvTxxLkk,Correctly-led Open-ended Question,Positional Relationship,Did the woman first wipe her right eye with the parrot in the video?,10.75,Please state your answer with a brief explanation.,"Yes, the woman first uses the parrot to wipe her right eye. At [00:00:07] you can clearly see her dabbing the parrot at her right eye.",https://www.youtube.com/shorts/wfszvTxxLkk,,,,
0841-3,wfszvTxxLkk,Wrongly-led Open-ended Question,Positional Relationship,Did the woman first wipe her left eye with the parrot in the video?,10.75,Please state your answer with a brief explanation.,"Yes, the woman does first wipe her left eye with the parrot in the video.",https://www.youtube.com/shorts/wfszvTxxLkk,,,,
0841-7,wfszvTxxLkk,Multiple-choice Question with a Single Correct Answer,Positional Relationship,"Which eye did the woman wipe first with the parrot?
A. Left
B. Right",10.75,"E. None of the above
Select one best answer to the above multiple-choice question based on the video. Respond with only the letter (A, B, C, D or E) of the correct option.",B,https://www.youtube.com/shorts/wfszvTxxLkk,,,,
0848-0,wzf8uN_7hNc,Primary Open-ended Question,Element Attributes (Optical Illusion),Which one is a real cat in the video?,7.83,Please state your answer with a brief explanation.,"The cat on top is the real cat. Its shadow is projected on the ground beneath it, giving the illusion of two distinct cats.",https://www.youtube.com/shorts/wzf8uN_7hNc,,,,
0848-1,wzf8uN_7hNc,Paraphrased Open-ended Question,Element Attributes (Optical Illusion),Which cat in the video is the actual one?,7.83,Please state your answer with a brief explanation.,The cat at the top is the actual one. It walks and moves while casting its shadow below.,https://www.youtube.com/shorts/wzf8uN_7hNc,,,,
0848-2,wzf8uN_7hNc,Correctly-led Open-ended Question,Element Attributes (Optical Illusion),Is the real cat in the video the one at the top of the frame?,7.83,Please state your answer with a brief explanation.,"Yes, the real cat is the one at the top of the frame. The bottom one appears to be its shadow, based on the way it mimics the movements of the cat above.",https://www.youtube.com/shorts/wzf8uN_7hNc,,,,
0848-3,wzf8uN_7hNc,Wrongly-led Open-ended Question,Element Attributes (Optical Illusion),"Is the real cat in the video the one on top, casting a shadow below?",7.83,Please state your answer with a brief explanation.,"Yes, the real cat is the one on top. We can tell because it’s moving and its shape and features are more defined, while the “shadow” below looks more like a blurred version of the cat's shape, as a shadow would.",https://www.youtube.com/shorts/wzf8uN_7hNc,,,,
0848-7,wzf8uN_7hNc,Multiple-choice Question with a Single Correct Answer,Element Attributes (Optical Illusion),"Which one is the real cat in the video?
A. The one that becomes bigger at the end of the video.
B. The one that appears darker.
C. The one at the bottom with a glossy shine.
D. The one on top casting a shadow.",7.83,"E. None of the above
Select one best answer to the above multiple-choice question based on the video. Respond with only the letter (A, B, C, D or E) of the correct option.",D,https://www.youtube.com/shorts/wzf8uN_7hNc,,,,
0854-0,Rjq4L_aIBh0,Primary Open-ended Question,Character Motivation Causality,Why does the operator of the drop tower ride engage in conversation with the visitors?,36.4,Please state your answer with a brief explanation.,"Sure, here is an explanation as to why the operator of the drop tower ride engages in conversation with the visitors.

The operator of the drop tower ride chats with the visitors to distract them from the ride and increase the surprise element. This unexpected drop heightens the thrill and makes the experience more memorable for the riders.",https://www.youtube.com/shorts/Rjq4L_aIBh0,,,,
0854-1,Rjq4L_aIBh0,Paraphrased Open-ended Question,Character Motivation Causality,What is the reason the drop tower operator talks to the visitors?,36.4,Please state your answer with a brief explanation.,"The drop tower operator talks to the visitors in order to distract them before initiating the ride, making the experience scarier and more exciting. By engaging them in conversation and then suddenly dropping them without warning, the operator amplifies the thrill factor of the ride.",https://www.youtube.com/shorts/Rjq4L_aIBh0,,,,
0854-2,Rjq4L_aIBh0,Correctly-led Open-ended Question,Character Motivation Causality,Does the operator of the drop tower ride talk to visitors to make them more nervous and scared?,36.4,Please state your answer with a brief explanation.,"Sure, here's an answer to your question:

Yes, sometimes. The drop tower operator does sometimes talk to visitors to create a little more anxiety and surprise. It appears that the intent is to make the experience more memorable by engaging with the visitors and heightening the sense of excitement and surprise.",https://www.youtube.com/shorts/Rjq4L_aIBh0,,,,
0854-3,Rjq4L_aIBh0,Wrongly-led Open-ended Question,Character Motivation Causality,Is the operator's conversation with visitors meant to help them feel more at ease and prepared?,36.4,Please state your answer with a brief explanation.,"Here's the answer to your question:

No, based on the video, the operator's conversation is not meant to ease or prepare the visitors. Instead, it seems the conversation is meant to distract them before unexpectedly starting the ride. The narrator even mentions the operator sometimes claims there's a technical issue before suddenly releasing the ride.",https://www.youtube.com/shorts/Rjq4L_aIBh0,,,,
0854-7,Rjq4L_aIBh0,Multiple-choice Question with a Single Correct Answer,Character Motivation Causality,"Why does the operator of the drop tower ride engage in conversation with the visitors?
A. To provide safety instructions.
B. To make them pay more
C. To make them feel more at ease.
D. To make them more nervous and scared.",36.4,"E. None of the above
Select one best answer to the above multiple-choice question based on the video. Respond with only the letter (A, B, C, D or E) of the correct option.",D.,https://www.youtube.com/shorts/Rjq4L_aIBh0,,,,
0857-0,POwncb1HzPQ,Primary Open-ended Question,Plot Attribute,What scenario is the woman in the video imitating with her actions?,10.22,Please state your answer with a brief explanation.,"The woman in the video is imitating the new movie, *Barbie*! The tune playing in the background is from the movie, and the girl is rolling around in the sand as a reference to scenes from the movie.",https://www.youtube.com/shorts/POwncb1HzPQ,,,,
0857-1,POwncb1HzPQ,Paraphrased Open-ended Question,Plot Attribute,What is the woman in the video trying to depict with her movements?,10.22,Please state your answer with a brief explanation.,"The woman in the video is likely having fun. She starts by standing up, then dramatically bending backwards before letting herself fall and roll down the hill. She also flails around and does a sort of swim through the sand.",https://www.youtube.com/shorts/POwncb1HzPQ,,,,
0857-2,POwncb1HzPQ,Correctly-led Open-ended Question,Plot Attribute,Is the man in the video imitating the experience of being shot?,10.22,Please state your answer with a brief explanation.,"No, the person in the video is not imitating the experience of being shot. They are moving around on a sand dune, falling and sliding in a playful manner.",https://www.youtube.com/shorts/POwncb1HzPQ,,,,
0857-3,POwncb1HzPQ,Wrongly-led Open-ended Question,Plot Attribute,Is the woman in the video imitating the act of fainting?,10.22,Please state your answer with a brief explanation.,"Yes, the woman in the video is imitating the act of fainting. She dramatically arches her back before collapsing on the sand, as if losing consciousness.",https://www.youtube.com/shorts/POwncb1HzPQ,,,,
0857-7,POwncb1HzPQ,Multiple-choice Question with a Single Correct Answer,Plot Attribute,"What scenario is the woman in the video imitating?
A. Being shot
B. Sleeping
C. Dancing
D. Fainting",10.22,"E. None of the above
Select one best answer to the above multiple-choice question based on the video. Respond with only the letter (A, B, C, D or E) of the correct option.",A,https://www.youtube.com/shorts/POwncb1HzPQ,,,,
0858-0,3xCt7E3t3Pc,Primary Open-ended Question,Element Attributes (Optical Illusion),Which armrest did the man in the white short-sleeved shirt initially sit on when he tried to sit on the chair in the video?,53.82,Please state your answer with a brief explanation.,"The man in the white short-sleeved shirt initially tried to sit on the chair's right armrest. The narrator mentioned that people thought the man sat on the chair's left armrest, but he actually sat on the chair's right armrest due to a visual illusion.",https://www.youtube.com/shorts/3xCt7E3t3Pc,,,,
0858-1,3xCt7E3t3Pc,Paraphrased Open-ended Question,Element Attributes (Optical Illusion),On which armrest did the man in the white short-sleeved shirt first try to sit in the video?,53.82,Please state your answer with a brief explanation.,The man in the white short-sleeved shirt first tried to sit on the left armrest of the chair. The video narrator explains that everyone thought he would be sitting on the left armrest.,https://www.youtube.com/shorts/3xCt7E3t3Pc,,,,
0858-2,3xCt7E3t3Pc,Correctly-led Open-ended Question,Element Attributes (Optical Illusion),Did the man in the white short-sleeved shirt initially sit on the right armrest of the chair?,53.82,Please state your answer with a brief explanation.,"Yes, the man in the white short-sleeved shirt initially sat on the right armrest of the chair. The narrator explains that while it looks like he is sitting on the left armrest, he is actually on the right one.",https://www.youtube.com/shorts/3xCt7E3t3Pc,,,,
0858-3,3xCt7E3t3Pc,Wrongly-led Open-ended Question,Element Attributes (Optical Illusion),Did the man in the white short-sleeved shirt initially sit on the left armrest of the chair?,53.82,Please state your answer with a brief explanation.,"No, the man in the white short-sleeved shirt did not initially sit on the left armrest of the chair. He sat on the right armrest.",https://www.youtube.com/shorts/3xCt7E3t3Pc,,,,
0858-7,3xCt7E3t3Pc,Multiple-choice Question with a Single Correct Answer,Element Attributes (Optical Illusion),"Which armrest did the man in the white short-sleeved shirt initially sit on?
A. Left armrest
B. Both armrests
C. Right armrest
D. No armrest",53.82,"E. None of the above
Select one best answer to the above multiple-choice question based on the video. Respond with only the letter (A, B, C, D or E) of the correct option.",C,https://www.youtube.com/shorts/3xCt7E3t3Pc,,,,
0865-0,NnjqjqMFdA0,Primary Open-ended Question,Element Counting,"
At the end of the video, how many worms are there?",6.76,Please state your answer with a brief explanation.,"Okay, I can help with that!

At the end of the video, there are two worms.",https://www.youtube.com/shorts/NnjqjqMFdA0,,,,
0865-1,NnjqjqMFdA0,Paraphrased Open-ended Question,Element Counting,How many worms can be seen at the conclusion of the video?,6.76,Please state your answer with a brief explanation.,"There are two worms visible at the conclusion of the video. The first worm is thin and tan in color, while the second worm appears green and is a different shape than the first.",https://www.youtube.com/shorts/NnjqjqMFdA0,,,,
0865-2,NnjqjqMFdA0,Correctly-led Open-ended Question,Element Counting,Is there only one worm visible at the end of the video?,6.76,Please state your answer with a brief explanation.,"There appear to be two organisms visible at the end of the video. One is a brown worm, and the other one is a green insect.",https://www.youtube.com/shorts/NnjqjqMFdA0,,,,
0865-3,NnjqjqMFdA0,Wrongly-led Open-ended Question,Element Counting,"Are there two worms visible at the end of the video, with one in the bird's beak?",6.76,Please state your answer with a brief explanation.,"Yes, there are two worms visible at the end of the video: one is in the bird's beak and the other is on the ground next to a green object that looks like foliage.",https://www.youtube.com/shorts/NnjqjqMFdA0,,,,
0865-7,NnjqjqMFdA0,Multiple-choice Question with a Single Correct Answer,Element Counting,"How many worms are visible at the end of the video?
A. Three
B. Two
C. None
D. One",6.76,"E. None of the above
Select one best answer to the above multiple-choice question based on the video. Respond with only the letter (A, B, C, D or E) of the correct option.",B,https://www.youtube.com/shorts/NnjqjqMFdA0,,,,
0868-0,XCkJcIeGhS0,Primary Open-ended Question,Element Localization,What color is the tool that the person swings at the beginning of the video?,57.75,Please state your answer with a brief explanation.,,https://www.youtube.com/shorts/XCkJcIeGhS0,,,,
0868-1,XCkJcIeGhS0,Paraphrased Open-ended Question,Element Localization,What is the color of the tool used by the person at the start of the video?,57.75,Please state your answer with a brief explanation.,,https://www.youtube.com/shorts/XCkJcIeGhS0,,,,
0868-2,XCkJcIeGhS0,Correctly-led Open-ended Question,Element Localization,Is the tool that the person swings at the beginning of the video a silver-brownish metal hammer?,57.75,Please state your answer with a brief explanation.,,https://www.youtube.com/shorts/XCkJcIeGhS0,,,,
0868-3,XCkJcIeGhS0,Wrongly-led Open-ended Question,Element Localization,Is the tool that the person swings at the beginning of the video red?,57.75,Please state your answer with a brief explanation.,,https://www.youtube.com/shorts/XCkJcIeGhS0,,,,
0868-7,XCkJcIeGhS0,Multiple-choice Question with a Single Correct Answer,Element Localization,"What color is the tool that the person swings at the beginning of the video?
A. Green
B. Red
C. Silver-brownish
D. Blue",57.75,"E. None of the above
Select one best answer to the above multiple-choice question based on the video. Respond with only the letter (A, B, C, D or E) of the correct option.",,https://www.youtube.com/shorts/XCkJcIeGhS0,,,,
0870-0,Po_UemYmEyg,Primary Open-ended Question,Character Motivation Causality,Why did this man give his belongings to the photographer?,59.24,Please state your answer with a brief explanation.,"From what I can tell, the man did not ""give his belongings"" but rather the photographer made a kind gesture by providing food, drinks, and an umbrella to the homeless man and his child. The man was very emotional due to this generous act, and the video shows the photographer purchasing these items.",https://www.youtube.com/shorts/Po_UemYmEyg,,,,
0870-1,Po_UemYmEyg,Paraphrased Open-ended Question,Character Motivation Causality,What motivated the man to hand over his belongings to the photographer?,59.24,Please state your answer with a brief explanation.,"Here is an answer to your question.

In the video, the man and his daughter are shown in the rain, appearing to be in need. The man seems to be handing over his cardboard shelter and makeshift hat to the photographer because they are offering him help in the form of food, drinks, and money. This act demonstrates his willingness to give up what little he has in exchange for the support being offered, indicating his desperation and gratitude for the assistance.",https://www.youtube.com/shorts/Po_UemYmEyg,,,,
0870-2,Po_UemYmEyg,Correctly-led Open-ended Question,Character Motivation Causality,Did the man give his belongings to the photographer because he was asked and wanted to help out of kindness?,59.24,Please state your answer with a brief explanation.,"The man initially offered his only possessions, a piece of cardboard and a straw hat, because he was likely asked and wanted to help out of kindness despite his own hardship. Later in the video, the man's face lights up when the photographer returns with an umbrella, a bag of goodies, and money. This suggests that he was willing to give what little he had, and then, his kindness was rewarded with support.",https://www.youtube.com/shorts/Po_UemYmEyg,,,,
0870-3,Po_UemYmEyg,Wrongly-led Open-ended Question,Character Motivation Causality,Did the man give his belongings to the photographer in exchange for food and other necessities?,59.24,Please state your answer with a brief explanation.,"No, the man did not give his belongings to the photographer in exchange for food and necessities. The photographer offered food and an umbrella to the man and the child at no cost.",https://www.youtube.com/shorts/Po_UemYmEyg,,,,
0870-7,Po_UemYmEyg,Multiple-choice Question with a Single Correct Answer,Character Motivation Causality,"Why did the man give his belongings to the photographer?
A. In exchange for food and drinks.
B. Because he was asked and wanted to help out of kindness.
C. To receive money.
D. To get shelter.",59.24,"E. None of the above
Select one best answer to the above multiple-choice question based on the video. Respond with only the letter (A, B, C, D or E) of the correct option.",A.,https://www.youtube.com/shorts/Po_UemYmEyg,,,,
0871-0,eFW0FRHH1u8,Primary Open-ended Question,Element Attributes (Optical Illusion),What's in the middle of the road?,13.91,Please state your answer with a brief explanation.,"In the middle of the road, there is a girl playing with a pink paddle ball. She is bouncing the ball on the paddle as she stands in the road.",https://www.youtube.com/shorts/eFW0FRHH1u8,,,,
0871-1,eFW0FRHH1u8,Paraphrased Open-ended Question,Element Attributes (Optical Illusion),What is located in the center of the road?,13.91,Please state your answer with a brief explanation.,"In the center of the road, there's a person in light blue attire holding a pink object in each hand. From their movements, they seem to be picking things up off the street.",https://www.youtube.com/shorts/eFW0FRHH1u8,,,,
0871-2,eFW0FRHH1u8,Correctly-led Open-ended Question,Element Attributes (Optical Illusion),Is there a chalk drawing of a young boy picking up a pink ball in the middle of the road?,13.91,Please state your answer with a brief explanation.,"Yes, there is. In the video, a young boy is depicted as a chalk drawing on a road and picks up a pink ball in the middle of the road.",https://www.youtube.com/shorts/eFW0FRHH1u8,,,,
0871-3,eFW0FRHH1u8,Wrongly-led Open-ended Question,Element Attributes (Optical Illusion),Is there a person holding two bags in the middle of the road?,13.91,Please state your answer with a brief explanation.,"Yes, it appears there is a person in the middle of the road holding two bags. The person seems to be picking up two things.",https://www.youtube.com/shorts/eFW0FRHH1u8,,,,
0871-7,eFW0FRHH1u8,Multiple-choice Question with a Single Correct Answer,Element Attributes (Optical Illusion),"What is in the middle of the road?
A. A person holding two bags
B. A real child playing
C. A traffic cone
D. A chalk drawing of a young boy",13.91,"E. None of the above
Select one best answer to the above multiple-choice question based on the video. Respond with only the letter (A, B, C, D or E) of the correct option.",A,https://www.youtube.com/shorts/eFW0FRHH1u8,,,,
0872-0,6O-PTTfiq48,Primary Open-ended Question,Displacement Attribute,"After the man puts down two water bottle packs, which direction did he move the upper pack relative to the camera's perspective?",59.97,Please state your answer with a brief explanation.,"Okay, I'm happy to help! Here's the answer:

The upper water bottle pack moved to the **right** relative to the camera's perspective. The man takes the bottle pack and moves it to the side of the cart. Given the angle of the camera, the right direction is the same direction to the side of the cart.",https://www.youtube.com/shorts/6O-PTTfiq48,,,,
0872-1,6O-PTTfiq48,Paraphrased Open-ended Question,Displacement Attribute,"In which direction did the man move the top water bottle pack after placing them down, from the camera's viewpoint?",59.97,Please state your answer with a brief explanation.,"Okay, here's the answer to your question:

From the camera's perspective, the man moved the top water bottle pack down and to the right of where he initially set it down. He moved it away from himself and further into the frame.",https://www.youtube.com/shorts/6O-PTTfiq48,,,,
0872-2,6O-PTTfiq48,Correctly-led Open-ended Question,Displacement Attribute,"Did the man move the upper water bottle pack to the left after placing them down, from the camera's perspective?",59.97,Please state your answer with a brief explanation.,"Yes, after placing the water bottle pack down, the man appears to move it slightly to the left from the camera's view.",https://www.youtube.com/shorts/6O-PTTfiq48,,,,
0872-3,6O-PTTfiq48,Wrongly-led Open-ended Question,Displacement Attribute,"Did the man move the upper water bottle pack to the right after placing them down, from the camera's perspective?",59.97,Please state your answer with a brief explanation.,"Yes, the man moved the upper water bottle pack to the right after placing them down, from the camera's perspective. Right after the man placed them down, he pushed the water bottle pack towards the right in an apparent effort to stack them directly on top of the other water bottle pack beneath.",https://www.youtube.com/shorts/6O-PTTfiq48,,,,
0872-7,6O-PTTfiq48,Multiple-choice Question with a Single Correct Answer,Displacement Attribute,"After the man puts down two water bottle packs, which direction did he move the upper pack relative to the camera's perspective?
A. Backward
B. Right
C. Forward
D. Left",59.97,"E. None of the above
Select one best answer to the above multiple-choice question based on the video. Respond with only the letter (A, B, C, D or E) of the correct option.",A.,https://www.youtube.com/shorts/6O-PTTfiq48,,,,
0875-0,f3fywt6uJBM,Primary Open-ended Question,Element Counting,How many cell phones are on the piano in the video?,60.08,Please state your answer with a brief explanation.,"There is one cell phone on the piano in the video. You can see a cell phone in the upper left-hand corner of the screen, placed against the left side of the piano.",https://www.youtube.com/shorts/f3fywt6uJBM,,,,
0875-1,f3fywt6uJBM,Paraphrased Open-ended Question,Element Counting,What is the number of cell phones placed on the piano in the video?,60.08,Please state your answer with a brief explanation.,"There are three cell phones placed on top of the piano. One white iPhone, one clear case iPhone, and one green case iPhone. You can see these at the beginning of the video.",https://www.youtube.com/shorts/f3fywt6uJBM,,,,
0875-2,f3fywt6uJBM,Correctly-led Open-ended Question,Element Counting,"Are there two cell phones on the piano, one with a green case and another with a light-colored case?",60.08,Please state your answer with a brief explanation.,"Yes, there are two cell phones on the piano. I see one with a green case and another one with a light-colored case, sitting next to it on the right side of the keyboard.",https://www.youtube.com/shorts/f3fywt6uJBM,,,,
0875-3,f3fywt6uJBM,Wrongly-led Open-ended Question,Element Counting,"Is there only one cell phone on the piano, positioned to the left of the pianist's hands?",60.08,Please state your answer with a brief explanation.,"Yes, there is one cell phone visible on the piano. At [00:00:17] one can see a white cell phone resting on the piano to the pianist’s left.",https://www.youtube.com/shorts/f3fywt6uJBM,,,,
0875-7,f3fywt6uJBM,Multiple-choice Question with a Single Correct Answer,Element Counting,"How many cell phones are on the piano in the video?
A. None
B. Two
C. Three
D. One",60.08,"E. None of the above
Select one best answer to the above multiple-choice question based on the video. Respond with only the letter (A, B, C, D or E) of the correct option.",D,https://www.youtube.com/shorts/f3fywt6uJBM,,,,
0879-0,WVtaMmL93Vs,Primary Open-ended Question,Element Attributes (Optical Illusion),What do people standing on the same plane have in common after the fourth second？,15.05,Please state your answer with a brief explanation.,"After the fourth second, the people standing on the same plane have in common that the plane they are standing on is demonstrably continuous. The pencil reveals that the seemingly disconnected platforms form a continuous loop, a type of optical illusion often referred to as a Penrose triangle.",https://www.youtube.com/shorts/WVtaMmL93Vs,,,,
0879-1,WVtaMmL93Vs,Paraphrased Open-ended Question,Element Attributes (Optical Illusion),What characteristics do people who are on the same plane share starting from the fourth second?,15.05,Please state your answer with a brief explanation.,"Certainly! Here's the breakdown of the characteristics shared by the Lego figures on the plane from the fourth second onwards:

**Characteristic Shared:**

The Lego figures are placed on an impossible triangular structure. What's interesting is that, although the triangle appears to loop back on itself, a pencil demonstrates that any point on it lies on the same plane. In a real sense, they are all on the same plane despite the optical illusion.

Let me know if you have any other questions!",https://www.youtube.com/shorts/WVtaMmL93Vs,,,,
0879-2,WVtaMmL93Vs,Correctly-led Open-ended Question,Element Attributes (Optical Illusion),Are the two figures that are standing on the same plane physically one with a white head and the other with a black outfit?,15.05,Please state your answer with a brief explanation.,"The figures that are on the same plane is not physical one with a white head and the other with a black outfit. Although they look like they are on the same plane, the creator uses a pencil to show that they are not.",https://www.youtube.com/shorts/WVtaMmL93Vs,,,,
0879-3,WVtaMmL93Vs,Wrongly-led Open-ended Question,Element Attributes (Optical Illusion),Are the two figures on the same plane one wearing a blue outfit and one with a white head?,15.05,Please state your answer with a brief explanation.,"No, the figures on the blue outfit and white head are not on the same plane. The impossible triangle creates an illusion where different parts of the triangle appear connected when they are not.",https://www.youtube.com/shorts/WVtaMmL93Vs,,,,
0879-7,WVtaMmL93Vs,Multiple-choice Question with a Single Correct Answer,Element Attributes (Optical Illusion),"What are the hair colors of the figures on the same plane physically?
A. Brunette and blonde
B. Black and white
C. White and black
D. Blonde and white",15.05,"E. None of the above
Select one best answer to the above multiple-choice question based on the video. Respond with only the letter (A, B, C, D or E) of the correct option.",A,https://www.youtube.com/shorts/WVtaMmL93Vs,,,,
0880-0,0cKKHnAmncI,Primary Open-ended Question,Element Attributes (Optical Illusion),How does the state of direction of the structure change when the person holds up with a hand?,42.98,Please state your answer with a brief explanation.,"Okay, let's analyze the change in the arrow's direction when touched by a hand in the video.

**Analysis:**

The arrow appears to change direction by spinning, regardless of which side the hand touches. This direction change can be explained by considering the orientation of the arrow relative to the mirror. The direction change appears only in the mirror. The real-life object is still facing right.",https://www.youtube.com/shorts/0cKKHnAmncI,,,,
0880-1,0cKKHnAmncI,Paraphrased Open-ended Question,Element Attributes (Optical Illusion),What happens to the perceived direction of the structure when it is lifted by hand?,42.98,Please state your answer with a brief explanation.,"The perceived direction of the structure changes from pointing right to pointing left when it is viewed from the other side, after it is lifted by hand. This happens because the structure is designed with features that create the illusion of pointing in a specific direction when viewed from one side. When it is lifted, it gets rotated 180 degrees and the other side is revealed, reversing the perceived direction.",https://www.youtube.com/shorts/0cKKHnAmncI,,,,
0880-2,0cKKHnAmncI,Correctly-led Open-ended Question,Element Attributes (Optical Illusion),Does the structure lose its directional illusion when held up towards the camera?,42.98,Please state your answer with a brief explanation.,"Yes, the structure loses its directional illusion when held up toward the camera and viewed in the mirror. This is because the illusion is created by the specific angles and shapes of the object, which are designed to trick the eye into perceiving a different direction than the actual one. When the structure is reflected in a mirror, the reflected image reveals the true shape and direction of the object, breaking the illusion.",https://www.youtube.com/shorts/0cKKHnAmncI,,,,
0880-3,0cKKHnAmncI,Wrongly-led Open-ended Question,Element Attributes (Optical Illusion),Does the structure appear to change direction when lifted due to its interaction with a mirror?,42.98,Please state your answer with a brief explanation.,"Yes, the structure appears to change direction when lifted in front of a mirror. This is because mirrors invert the image left to right. When you lift the real arrow, the reflection in the mirror also lifts but it still shows a mirrored image. Since the real object and its reflection are symmetric to each other, the object and its reflection move away from the center of mirror in the opposite direction. This makes it seem like the object is pointing in the opposite direction of what it shows in the mirror.",https://www.youtube.com/shorts/0cKKHnAmncI,,,,
0880-7,0cKKHnAmncI,Multiple-choice Question with a Single Correct Answer,Element Attributes (Optical Illusion),"What happens to the structure's direction when it is lifted?
A. It points in the opposite direction.
B. It points upwards.
C. It loses its directional illusion.
D. It spins around.",42.98,"E. None of the above
Select one best answer to the above multiple-choice question based on the video. Respond with only the letter (A, B, C, D or E) of the correct option.",E,https://www.youtube.com/shorts/0cKKHnAmncI,,,,
0886-0,5QLh5ias93M,Primary Open-ended Question,Positional Relationship,Where is the watch worn by the man in black in the video?,19.29,Please state your answer with a brief explanation.,The watch is worn on the man's left wrist. We can see it on his wrist clearly as he raises his hands in the air in the video.,https://www.youtube.com/shorts/5QLh5ias93M,,,,
0886-1,5QLh5ias93M,Paraphrased Open-ended Question,Positional Relationship,On which wrist is the man in black wearing his watch in the video?,19.29,Please state your answer with a brief explanation.,"The man in black is wearing his watch on his left wrist. At [00:00:02], you can see the watch on his left wrist as he raises his hands.",https://www.youtube.com/shorts/5QLh5ias93M,,,,
0886-2,5QLh5ias93M,Correctly-led Open-ended Question,Positional Relationship,Is the watch worn on the right wrist of the man in black?,19.29,Please state your answer with a brief explanation.,"Yes, the watch is worn on the right wrist of the man in black. It is visible on his right wrist in the video.",https://www.youtube.com/shorts/5QLh5ias93M,,,,
0886-3,5QLh5ias93M,Wrongly-led Open-ended Question,Positional Relationship,Is the watch worn on the left wrist of the man in black?,19.29,Please state your answer with a brief explanation.,"Yes, the watch is worn on the left wrist of the man in black. We can see the watch on his left wrist as he raises his arms at [00:00:00] and [00:00:16].",https://www.youtube.com/shorts/5QLh5ias93M,,,,
0886-7,5QLh5ias93M,Multiple-choice Question with a Single Correct Answer,Positional Relationship,"Where is the watch worn by the man in black?
A. On his ankle
B. Not wearing a watch
C. Left wrist
D. Right wrist",19.29,"E. None of the above
Select one best answer to the above multiple-choice question based on the video. Respond with only the letter (A, B, C, D or E) of the correct option.",C,https://www.youtube.com/shorts/5QLh5ias93M,,,,
0895-0,7hg7oglAyKc,Primary Open-ended Question,Event Localization,What scene is cut to after a basketball smaller than standard is thrown?,34.99,Please state your answer with a brief explanation.,"After a basketball smaller than standard is thrown into the spiked hoop, the scene cuts to a basketball being thrown into a mini hoop. It looks like a normal basketball, just smaller than standard.",https://www.youtube.com/shorts/7hg7oglAyKc,,,,
0895-1,7hg7oglAyKc,Paraphrased Open-ended Question,Event Localization,What happens in the scene following the throw of a smaller basketball?,34.99,Please state your answer with a brief explanation.,"Following the throw of the smaller basketball, a man wearing a red shirt and tan shorts throws a regular-sized basketball into a small-sized basketball hoop. The basketball goes through the hoop and the man celebrates.",https://www.youtube.com/shorts/7hg7oglAyKc,,,,
0895-2,7hg7oglAyKc,Correctly-led Open-ended Question,Event Localization,Does the scene cut to a person shooting a basketball into a chainsaw-rim hoop after the smaller basketball is thrown?,34.99,Please state your answer with a brief explanation.,"Yes, the scene cuts to a person shooting a basketball into a chainsaw-rim hoop after the smaller basketball is thrown into a mini hoop.",https://www.youtube.com/shorts/7hg7oglAyKc,,,,
0895-3,7hg7oglAyKc,Wrongly-led Open-ended Question,Event Localization,Does the scene cut to a person shooting a basketball into a mini hoop after the smaller basketball is thrown?,34.99,Please state your answer with a brief explanation.,"Yes, after the spiked hoop shot, the scene cuts to a person shooting a basketball into a mini hoop.",https://www.youtube.com/shorts/7hg7oglAyKc,,,,
0895-7,7hg7oglAyKc,Multiple-choice Question with a Single Correct Answer,Event Localization,"What scene is shown after the smaller basketball is thrown?
A. A person shooting into a mini hoop.
B. A person shooting into a chainsaw-rim hoop.
C. A person missing a shot.
D. A person shooting into a regular hoop.",34.99,"E. None of the above
Select one best answer to the above multiple-choice question based on the video. Respond with only the letter (A, B, C, D or E) of the correct option.",A,https://www.youtube.com/shorts/7hg7oglAyKc,,,,
0898-0,fD02ePuiOtU,Primary Open-ended Question,Displacement Attribute,In which direction did the man move the first pillow after it is on the water?,9.49,Please state your answer with a brief explanation.,The man moves the first pillow in a forward direction toward the edge of the vortex.,https://www.youtube.com/shorts/fD02ePuiOtU,,,,
0898-1,fD02ePuiOtU,Paraphrased Open-ended Question,Displacement Attribute,Which way did the man move the first pillow once it was on the water?,9.49,Please state your answer with a brief explanation.,"The man moved the first pillow in a forward direction. He placed one foot on the pillow, and then used his hands to push the pillow forwards so that he could move further into the water.",https://www.youtube.com/shorts/fD02ePuiOtU,,,,
0898-2,fD02ePuiOtU,Correctly-led Open-ended Question,Displacement Attribute,"Did the man move the first pillow to the front, closer to the camera, after it was on the water?",9.49,Please state your answer with a brief explanation.,"Yes, the man moved the first pillow after it was on the water. We see the man place a pillow onto the water, followed by him moving that pillow to the front, closer to the camera.",https://www.youtube.com/shorts/fD02ePuiOtU,,,,
0898-3,fD02ePuiOtU,Wrongly-led Open-ended Question,Displacement Attribute,Did the man move the first pillow to the right after it was on the water?,9.49,Please state your answer with a brief explanation.,"Yes, the man did move the first pillow to the right after placing it on the water. After he placed the pillow in the water, you can see him push the pillow a little further to the right.",https://www.youtube.com/shorts/fD02ePuiOtU,,,,
0898-7,fD02ePuiOtU,Multiple-choice Question with a Single Correct Answer,Displacement Attribute,"In which direction did the man move the first pillow after it was on the water?
A. Right
B. Left
C. Back
D. Front, nearer to the camera",9.49,"E. None of the above
Select one best answer to the above multiple-choice question based on the video. Respond with only the letter (A, B, C, D or E) of the correct option.",B,https://www.youtube.com/shorts/fD02ePuiOtU,,,,
0901-0,pPiXRxb2Vfo,Primary Open-ended Question,Element Counting,"At the beginning of the video, how many rubber bands are held in the hands?",18.24,Please state your answer with a brief explanation.,There is one rubber band shown in the video at the beginning. This is because the rubber band can be seen being held in a triangular position on the fingers of each hand.,https://www.youtube.com/shorts/pPiXRxb2Vfo,,,,
0901-1,pPiXRxb2Vfo,Paraphrased Open-ended Question,Element Counting,How many rubber bands are being held at the start of the video?,18.24,Please state your answer with a brief explanation.,"At the start of the video, one rubber band is being held. As the trick progresses, the person makes it appear as if there are two.",https://www.youtube.com/shorts/pPiXRxb2Vfo,,,,
0901-2,pPiXRxb2Vfo,Correctly-led Open-ended Question,Element Counting,Is the hand holding two rubber bands at the beginning of the video?,18.24,Please state your answer with a brief explanation.,The hand is holding two rubber bands at the beginning of the video. Both hands have a rubber band wrapped around the thumb and index finger.,https://www.youtube.com/shorts/pPiXRxb2Vfo,,,,
0901-3,pPiXRxb2Vfo,Wrongly-led Open-ended Question,Element Counting,Is the hand holding only one rubber band at the beginning of the video?,18.24,Please state your answer with a brief explanation.,"Yes, the hand is holding only one green rubber band at the beginning of the video. At [00:00:01] to [00:00:18], the rubber band is shown to move from the index finger to the ring finger.",https://www.youtube.com/shorts/pPiXRxb2Vfo,,,,
0901-7,pPiXRxb2Vfo,Multiple-choice Question with a Single Correct Answer,Element Counting,"How many rubber bands are held in the hand at the start of the video?
A. Three
B. Four
C. One
D. Two",18.24,"E. None of the above
Select one best answer to the above multiple-choice question based on the video. Respond with only the letter (A, B, C, D or E) of the correct option.",C,https://www.youtube.com/shorts/pPiXRxb2Vfo,,,,
0905-0,cUxIb3Pt-hQ,Primary Open-ended Question,Element Attributes (Optical Illusion),"At the beginning of the video, is the slope where the ball is located an uphill or downhill?",31.81,Please state your answer with a brief explanation.,"The slope at the start of the video is a downhill slope. This is because when the person lets go of the ball, the ball rolls downwards from its initial location.",https://www.youtube.com/shorts/cUxIb3Pt-hQ,,,,
0905-1,cUxIb3Pt-hQ,Paraphrased Open-ended Question,Element Attributes (Optical Illusion),"At the start of the video, is the ball positioned on an incline or a decline?",31.81,Please state your answer with a brief explanation.,"Okay! At the start of the video, the ball is positioned on a decline. The creator asks the viewer whether the ball would go up or down when released. According to gravity, the answer would be down.",https://www.youtube.com/shorts/cUxIb3Pt-hQ,,,,
0905-2,cUxIb3Pt-hQ,Correctly-led Open-ended Question,Element Attributes (Optical Illusion),Is the slope where the ball is located at the beginning of the video a downhill slope?,31.81,Please state your answer with a brief explanation.,"The slope where the ball is located at the beginning of the video is a downhill slope. It may appear to be an uphill slope due to an optical illusion, but the design is intended to have a downhill slope in the view from which the object is being recorded.",https://www.youtube.com/shorts/cUxIb3Pt-hQ,,,,
0905-3,cUxIb3Pt-hQ,Wrongly-led Open-ended Question,Element Attributes (Optical Illusion),Is the slope where the ball is located at the beginning of the video an uphill slope?,31.81,Please state your answer with a brief explanation.,"Sure, here's the answer to your question.

At the beginning of the video, the slope where the ball is located is actually a downhill slope. The video explains that the entire shape consists of slopes that all point downwards, so when the video is shot at the right angle, it creates the illusion of the ball traveling uphill.",https://www.youtube.com/shorts/cUxIb3Pt-hQ,,,,
0905-7,cUxIb3Pt-hQ,Multiple-choice Question with a Single Correct Answer,Element Attributes (Optical Illusion),"At the beginning of the video, what type of slope is the ball on?
A. Curved
B. Uphill
C. Downhill
D. Flat",31.81,"E. None of the above
Select one best answer to the above multiple-choice question based on the video. Respond with only the letter (A, B, C, D or E) of the correct option.",C,https://www.youtube.com/shorts/cUxIb3Pt-hQ,,,,
0907-0,DP4eZl-4QOY,Primary Open-ended Question,Positional Relationship,What does the dog land on at the end of the video?,16.96,Please state your answer with a brief explanation.,"The dog lands on the grass at the end of the video. After the man and dog attempt to cross a wood plank being balanced on a stump, they lose their balance and fall off the wood plank, with the dog landing in the grass.",https://www.youtube.com/shorts/DP4eZl-4QOY,,,,
0907-1,DP4eZl-4QOY,Paraphrased Open-ended Question,Positional Relationship,Where does the dog end up landing at the conclusion of the video?,16.96,Please state your answer with a brief explanation.,"At the conclusion of the video, the dog lands on the grass, after having been launched from the board.",https://www.youtube.com/shorts/DP4eZl-4QOY,,,,
0907-2,DP4eZl-4QOY,Correctly-led Open-ended Question,Positional Relationship,Does the dog land on the man's body at the end of the video?,16.96,Please state your answer with a brief explanation.,"Here is the answer to your question.

Yes, the dog lands on the man's body at the end of the video. The man jumps in the air, and the dog jumps simultaneously. The dog lands on the man's side and knocks him to the ground.",https://www.youtube.com/shorts/DP4eZl-4QOY,,,,
0907-3,DP4eZl-4QOY,Wrongly-led Open-ended Question,Positional Relationship,Does the dog land on the grass at the end of the video?,16.96,Please state your answer with a brief explanation.,"Yes, the dog lands on the grass at the end of the video. After the board tips over, the dog lands and runs across the grass in the backyard.",https://www.youtube.com/shorts/DP4eZl-4QOY,,,,
0907-7,DP4eZl-4QOY,Multiple-choice Question with a Single Correct Answer,Positional Relationship,"Where does the dog land at the end of the video?
A. On a bench
B. On the grass
C. On the man's body
D. On a tree",16.96,"E. None of the above
Select one best answer to the above multiple-choice question based on the video. Respond with only the letter (A, B, C, D or E) of the correct option.",B.,https://www.youtube.com/shorts/DP4eZl-4QOY,,,,
0910-0,7_jo2loOZ9Q,Primary Open-ended Question,Character Motivation Causality,Why does the man in the video keep picking up the child?,47.85,Please state your answer with a brief explanation.,"From the video, it appears that the man picks up the child for playful or affectionate reasons. They seem to be engaging in some playful roughhousing and physical interaction, so it looks like he's simply having fun with the kid.",https://www.youtube.com/shorts/7_jo2loOZ9Q,,,,
0910-1,7_jo2loOZ9Q,Paraphrased Open-ended Question,Character Motivation Causality,What is the reason the man repeatedly picks up the child in the video?,47.85,Please state your answer with a brief explanation.,"It seems like the man is playfully picking up the child, possibly as a form of affection or to engage in a lighthearted game.",https://www.youtube.com/shorts/7_jo2loOZ9Q,,,,
0910-2,7_jo2loOZ9Q,Correctly-led Open-ended Question,Character Motivation Causality,Is the man picking up the child to see if anyone will intervene in a social experiment?,47.85,Please state your answer with a brief explanation.,"While there is no explicit confirmation in the video that it is a social experiment, there are a few factors that suggest it may be. Here is a breakdown: 

1.  **Unusual Behavior**: The man's actions of picking up the child and swiftly moving inside a building are unusual and could be designed to provoke a reaction. 
2.  **Lack of Intervention**: No one in the video seems to react to the behavior, and if people recognized an abduction they might intervene or at least show some sign of concern.
3.  **The location**: The video is filmed in a public space with many people, which could provide ample opportunity to observe people’s reactions to the behavior. 

**It is important to note that there is no way to confirm that it is a social experiment without additional information. However, due to the unusual behavior in a public space, it may be a social experiment.**",https://www.youtube.com/shorts/7_jo2loOZ9Q,,,,
0910-3,7_jo2loOZ9Q,Wrongly-led Open-ended Question,Character Motivation Causality,Is the man picking up the child to help them cross the street safely?,47.85,Please state your answer with a brief explanation.,"No, the man is not picking up the child to help them cross the street safely. In the video, the man is carrying the child in his arms and the two appear to be laughing as they enter a building.",https://www.youtube.com/shorts/7_jo2loOZ9Q,,,,
0910-7,7_jo2loOZ9Q,Multiple-choice Question with a Single Correct Answer,Character Motivation Causality,"Why does the man keep picking up the child in the video?
A. To teach the child how to walk.
B. To help the child cross the street safely.
C. To play a game with the child.
D. To conduct a social experiment.",47.85,"E. None of the above
Select one best answer to the above multiple-choice question based on the video. Respond with only the letter (A, B, C, D or E) of the correct option.",C,https://www.youtube.com/shorts/7_jo2loOZ9Q,,,,
0914-0,3TSZfcowUus,Primary Open-ended Question,Professional Knowledge,Why is the beer bottle placed under the faucet in the video?,16.75,Please state your answer with a brief explanation.,"Sure, here's an analysis of why the beer bottle is being rinsed:

The beer bottle is being rinsed under the faucet, likely to clean the outside of the bottle. This could be done for sanitary reasons, to remove any dirt or residue, or perhaps to cool down the bottle quickly under cold water.",https://www.youtube.com/shorts/3TSZfcowUus,,,,
0914-1,3TSZfcowUus,Paraphrased Open-ended Question,Professional Knowledge,What is the purpose of placing the beer bottle under the faucet in the video?,16.75,Please state your answer with a brief explanation.,"Sure! Here's the answer to your question.

The purpose of placing the beer bottle under the faucet in the video is to wash off the bottle before drinking from it.  This practice helps remove any dirt, germs, or residue that may have accumulated on the bottle's surface.",https://www.youtube.com/shorts/3TSZfcowUus,,,,
0914-2,3TSZfcowUus,Correctly-led Open-ended Question,Professional Knowledge,Is the beer bottle placed under the faucet to show how hot water can shrink plastic packaging around it?,16.75,Please state your answer with a brief explanation.,The person in the video is removing the bottle's shrink wrap with hot water.,https://www.youtube.com/shorts/3TSZfcowUus,,,,
0914-3,3TSZfcowUus,Wrongly-led Open-ended Question,Professional Knowledge,Is the beer bottle placed under the faucet to demonstrate a quick cooling method for the beer?,16.75,Please state your answer with a brief explanation.,"No, the beer bottle is not placed under the faucet to demonstrate a quick cooling method. The video shows someone rinsing off a beer bottle with water, likely to clean it. It's not clear whether this is done before or after the beer has been consumed.",https://www.youtube.com/shorts/3TSZfcowUus,,,,
0914-7,3TSZfcowUus,Multiple-choice Question with a Single Correct Answer,Professional Knowledge,"Why is the beer bottle placed under the faucet in the video?
A. To demonstrate how hot water can shrink plastic packaging.
B. To clean the bottle.
C. To quickly cool the beer.
D. To fill the bottle with water.",16.75,"E. None of the above
Select one best answer to the above multiple-choice question based on the video. Respond with only the letter (A, B, C, D or E) of the correct option.",B.,https://www.youtube.com/shorts/3TSZfcowUus,,,,
0918-0,KOhSr62NQAY,Primary Open-ended Question,Positional Relationship,Which hand does the man put the soap in the box?,20.42,Please state your answer with a brief explanation.,"The man puts the soap into the box using both of his hands. He uses his hands to place the soap pieces into the jar, therefore neither hand is being used more than the other.",https://www.youtube.com/shorts/KOhSr62NQAY,,,,
0918-1,KOhSr62NQAY,Paraphrased Open-ended Question,Positional Relationship,With which hand does the man place the soap into the box?,20.42,Please state your answer with a brief explanation.,"The man uses his left hand to place the soap into the box. He is holding the soap in his right hand as he takes a cube of soap with his left hand, then places it into the container.",https://www.youtube.com/shorts/KOhSr62NQAY,,,,
0918-2,KOhSr62NQAY,Correctly-led Open-ended Question,Positional Relationship,Does the man use his right hand to put the soap in the box?,20.42,Please state your answer with a brief explanation.,"Yes, the man does use his right hand to put the soap in the box. In the scene at [00:00:06], the man uses his right hand to put the soap pieces into the clear jar.",https://www.youtube.com/shorts/KOhSr62NQAY,,,,
0918-3,KOhSr62NQAY,Wrongly-led Open-ended Question,Positional Relationship,Does the man use his left hand to put the soap in the box?,20.42,Please state your answer with a brief explanation.,"Yes, the man uses his left hand to put the soap in the box. You can see the man cutting up soap and putting pieces of it into a box using both hands but he is using his left to drop it into the box.",https://www.youtube.com/shorts/KOhSr62NQAY,,,,
0918-7,KOhSr62NQAY,Multiple-choice Question with a Single Correct Answer,Positional Relationship,"Which hand does the man use to put the soap in the box?
A. Left hand
B. Both hands
C. Neither hand
D. Right hand",20.42,"E. None of the above
Select one best answer to the above multiple-choice question based on the video. Respond with only the letter (A, B, C, D or E) of the correct option.",B,https://www.youtube.com/shorts/KOhSr62NQAY,,,,
0919-0,mtLq3F4lIfY,Primary Open-ended Question,Plot Attribute,How does the man create the rainbow?,40.83,Please state your answer with a brief explanation.,"Here is how the man creates a rainbow in the video.

He takes a roll of clear tape and draws a rainbow design on the surface. When he shines his phone’s light through the tape, the light refracts into a spectrum of colors, thus creating a rainbow.",https://www.youtube.com/shorts/mtLq3F4lIfY,,,,
0919-1,mtLq3F4lIfY,Paraphrased Open-ended Question,Plot Attribute,What method does the man use to make a rainbow appear?,40.83,Please state your answer with a brief explanation.,"Here is the answer to your question.

The man uses a roll of transparent tape to create a rainbow. First, he peels a strip of tape away from the roll. After this, he colors a rainbow design on the tape strip with colored markers. Once the rainbow is colored on the tape, he holds it in front of the flashlight beam from his phone to project a rainbow.",https://www.youtube.com/shorts/mtLq3F4lIfY,,,,
0919-2,mtLq3F4lIfY,Correctly-led Open-ended Question,Plot Attribute,Does the man create the rainbow by using colored markers on clear tape?,40.83,Please state your answer with a brief explanation.,"Yes, the man makes a rainbow by drawing colorful lines on clear tape. He then shines a light through the tape.",https://www.youtube.com/shorts/mtLq3F4lIfY,,,,
0919-3,mtLq3F4lIfY,Wrongly-led Open-ended Question,Plot Attribute,Does the man create the rainbow by using a prism to refract light?,40.83,Please state your answer with a brief explanation.,"The man in the video does not create a rainbow by using a prism to refract light. Instead, he colors on clear tape. With the phone camera's light source shining through the colored tape it creates a colorful display that is reminiscent of a rainbow.",https://www.youtube.com/shorts/mtLq3F4lIfY,,,,
0919-7,mtLq3F4lIfY,Multiple-choice Question with a Single Correct Answer,Plot Attribute,"How does the man create the rainbow?
A. By painting on a wall
B. By using colored glass
C. By coloring clear tape with markers
D. By using a prism",40.83,"E. None of the above
Select one best answer to the above multiple-choice question based on the video. Respond with only the letter (A, B, C, D or E) of the correct option.",C,https://www.youtube.com/shorts/mtLq3F4lIfY,,,,
0924-0,ubFbhebEchE,Primary Open-ended Question,Element Localization,"At the end of the video, what is the red object in the hand of the woman in the white top?",24.57,Please state your answer with a brief explanation.,"Okay, I can help you with that! At the end of the video, the red object in the hand of the woman in the white top is the book that she was reading.",https://www.youtube.com/shorts/ubFbhebEchE,,,,
0924-1,ubFbhebEchE,Paraphrased Open-ended Question,Element Localization,What is the red item the woman in the white top is holding at the video's conclusion?,24.57,Please state your answer with a brief explanation.,"The red item in the woman's hand at the conclusion of the video is a glass with some sort of red liquid inside it. This is because she had been pranked earlier in the video by the man holding the mug of blue liquid, so she retaliates.",https://www.youtube.com/shorts/ubFbhebEchE,,,,
0924-2,ubFbhebEchE,Correctly-led Open-ended Question,Element Localization,Is the woman in the white top holding a red book at the end of the video?,24.57,Please state your answer with a brief explanation.,"No, the woman at the end of the video is wearing a pink top and holding a clear glass that contains blue liquid. The man in the chair that gets pranked is the one reading a red book.",https://www.youtube.com/shorts/ubFbhebEchE,,,,
0924-3,ubFbhebEchE,Wrongly-led Open-ended Question,Element Localization,Is the woman in the white top holding a red bottle at the end of the video?,24.57,Please state your answer with a brief explanation.,"No, the woman in the pink top is holding a blue and white bottle, not a red one, at the end of the video.",https://www.youtube.com/shorts/ubFbhebEchE,,,,
0924-7,ubFbhebEchE,Multiple-choice Question with a Single Correct Answer,Element Localization,"What is the red object the woman in the white top is holding at the end of the video?
A. A red bottle
B. A red book
C. A red bag
D. A red cup",24.57,"E. None of the above
Select one best answer to the above multiple-choice question based on the video. Respond with only the letter (A, B, C, D or E) of the correct option.",B,https://www.youtube.com/shorts/ubFbhebEchE,,,,
0926-0,XaP6KFsFnp4,Primary Open-ended Question,Positional Relationship,Which hand is pulling the thread?,13.89,Please state your answer with a brief explanation.,The left hand is pulling the thread. The thread is inserted through the needle and is being pulled by the left hand while the other hand remains relatively still.,https://www.youtube.com/shorts/XaP6KFsFnp4,,,,
0926-1,XaP6KFsFnp4,Paraphrased Open-ended Question,Positional Relationship,Which hand is used to pull the thread through the needle?,13.89,Please state your answer with a brief explanation.,"Both hands are used. In this video, one hand is used to hold the thread taut across the palm while the other hand moves the eye of the needle repeatedly across the thread until it slips through.",https://www.youtube.com/shorts/XaP6KFsFnp4,,,,
0926-2,XaP6KFsFnp4,Correctly-led Open-ended Question,Positional Relationship,Is the right hand responsible for pulling the thread through the needle?,13.89,Please state your answer with a brief explanation.,The right hand is responsible for pulling the thread through the needle. The right hand moves the needle while the left hand holds the thread.,https://www.youtube.com/shorts/XaP6KFsFnp4,,,,
0926-3,XaP6KFsFnp4,Wrongly-led Open-ended Question,Positional Relationship,Is the left hand responsible for pulling the thread through the needle?,13.89,Please state your answer with a brief explanation.,"In the video, the left hand appears to be responsible for pulling the thread through the needle. 

By holding the thread across the left palm, the right hand then rubs the needle eye across the thread, making it pass through the eye of the needle.",https://www.youtube.com/shorts/XaP6KFsFnp4,,,,
0926-7,XaP6KFsFnp4,Multiple-choice Question with a Single Correct Answer,Positional Relationship,"Which hand is pulling the thread through the needle?
A. Neither hand
B. Left hand
C. Both hands
D. Right hand",13.89,"E. None of the above
Select one best answer to the above multiple-choice question based on the video. Respond with only the letter (A, B, C, D or E) of the correct option.",C,https://www.youtube.com/shorts/XaP6KFsFnp4,,,,
0927-0,2DEz3_PwR80,Primary Open-ended Question,Positional Relationship,With which arm does the man in black in the video hold the child?,18.55,Please state your answer with a brief explanation.,The man in black holds the child with his left arm. This is clear from the video as he's holding the baby on his left side and it is his left arm that is supporting the child.,https://youtube.com/shorts/2DEz3_PwR80,,,,
0927-1,2DEz3_PwR80,Paraphrased Open-ended Question,Positional Relationship,Which arm does the man in black use to hold the child in the video?,18.55,Please state your answer with a brief explanation.,"Okay, here's the answer.

The man in the video is holding the child in his left arm. This allows him to use his right hand to open the popsicle and feed the baby.",https://youtube.com/shorts/2DEz3_PwR80,,,,
0927-2,2DEz3_PwR80,Correctly-led Open-ended Question,Positional Relationship,Does the man in black hold the child with his left arm while his right hand holds the popsicle?,18.55,Please state your answer with a brief explanation.,"Yes, that is correct. The man in black is holding the child with his left arm and has the popsicle in his right hand.",https://youtube.com/shorts/2DEz3_PwR80,,,,
0927-3,2DEz3_PwR80,Wrongly-led Open-ended Question,Positional Relationship,Does the man in black hold the child with his right arm while his left hand holds the popsicle?,18.55,Please state your answer with a brief explanation.,"Yes, the man holds the child with his right arm, and his left hand holds the popsicle.",https://youtube.com/shorts/2DEz3_PwR80,,,,
0927-7,2DEz3_PwR80,Multiple-choice Question with a Single Correct Answer,Positional Relationship,"With which arm does the man in black hold the child?
A. Left arm
B. Both arms
C. Right arm
D. Neither arm",18.55,"E. None of the above
Select one best answer to the above multiple-choice question based on the video. Respond with only the letter (A, B, C, D or E) of the correct option.",C,https://youtube.com/shorts/2DEz3_PwR80,,,,
0929-0,9y91My_upXU,Primary Open-ended Question,Plot Attribute (Montage),What are the similarities between the actions of the little girl in the green dress and the little girl in the blue dress in the video?,38.02,Please state your answer with a brief explanation.,"Okay, here are the similarities between the actions of the little girl in the green dress and the little girl in the blue dress:

Both girls initially approached the statue tentatively, seeming curious but also a bit unsure. When the statue came alive, both of them were surprised and scared, and they ran back to their mothers for comfort.",https://youtube.com/shorts/9y91My_upXU,,,,
0929-1,9y91My_upXU,Paraphrased Open-ended Question,Plot Attribute (Montage),In what ways do the little girl in the green dress and the little girl in the blue dress behave similarly towards the statue in the video?,38.02,Please state your answer with a brief explanation.,"Both girls in the video share similar behavior towards the statue. They cautiously approach the statue, tentatively touch it, and then immediately retreat from it after it moves. This behavior indicates a shared initial curiosity followed by a surprise or slight fear when the statue turns out to be a living person.",https://youtube.com/shorts/9y91My_upXU,,,,
0929-2,9y91My_upXU,Correctly-led Open-ended Question,Plot Attribute (Montage),Do the little girl in the green dress and the little girl in the blue dress both try to support the statue when it pretends to fall?,38.02,Please state your answer with a brief explanation.,"Yes, both the little girl in the green dress and the little girl in the blue dress try to support the statue when it pretends to fall.",https://youtube.com/shorts/9y91My_upXU,,,,
0929-3,9y91My_upXU,Wrongly-led Open-ended Question,Plot Attribute (Montage),Are the little girl in the green dress and the little girl in the blue dress trying to determine if the statue is real or not?,38.02,Please state your answer with a brief explanation.,"Based on the video, here's my answer:

Yes, both the little girl in the green dress and the little girl in the blue dress are trying to determine if the statue is real or not. The little girl in the green dress first touches the statue and steps away in shock when it moves. Similarly, the little girl in the blue dress reaches out to touch the statue before quickly pulling back when it moves.",https://youtube.com/shorts/9y91My_upXU,,,,
0929-7,9y91My_upXU,Multiple-choice Question with a Single Correct Answer,Plot Attribute (Montage),"What did the little girl in the green dress and the little girl in the blue dress do when the statue pretended to fall?
A. They tried to support it, thinking they had broken it.
B. They laughed and walked away.
C. They ignored it and continued playing.
D. They asked an adult for help.",38.02,"E. None of the above
Select one best answer to the above multiple-choice question based on the video. Respond with only the letter (A, B, C, D or E) of the correct option.",A.,https://youtube.com/shorts/9y91My_upXU,,,,
0933-0,bLr422lyAyY,Primary Open-ended Question,Character Motivation Causality,Why did the man in the costume light the fire?,8.62,Please state your answer with a brief explanation.,"I am unable to respond to your query as the information required to provide an answer is not contained within the video. Instead, the man in the costume splatters the woman with a pie.",https://youtube.com/shorts/bLr422lyAyY,,,,
0933-1,bLr422lyAyY,Paraphrased Open-ended Question,Character Motivation Causality,What was the reason the man in the costume started the fire?,8.62,Please state your answer with a brief explanation.,I cannot infer that the man in the costume started a fire from the short video. The video shows a man in a costume throwing something that looks like a pie at a woman in a yellow cardigan.,https://youtube.com/shorts/bLr422lyAyY,,,,
0933-2,bLr422lyAyY,Correctly-led Open-ended Question,Character Motivation Causality,Did the man in the costume light the fire to catch the woman's attention for a prank?,8.62,Please state your answer with a brief explanation.,"No, the man in the costume did not light a fire to catch the woman's attention. Instead, he put a pie in her face as a prank.",https://youtube.com/shorts/bLr422lyAyY,,,,
0933-3,bLr422lyAyY,Wrongly-led Open-ended Question,Character Motivation Causality,Was the fire lit by the man in the costume to surprise the person being pranked?,8.62,Please state your answer with a brief explanation.,"The video did not involve lighting a fire. The man in the costume threw a pie in the woman's face, as a surprise prank.",https://youtube.com/shorts/bLr422lyAyY,,,,
0933-7,bLr422lyAyY,Multiple-choice Question with a Single Correct Answer,Character Motivation Causality,"Why did the man in the costume light the fire?
A. To catch the woman's attention for a prank.
B. To surprise the person unexpectedly.
C. To start a campfire.
D. To signal the end of an event.",8.62,"E. None of the above
Select one best answer to the above multiple-choice question based on the video. Respond with only the letter (A, B, C, D or E) of the correct option.",B,https://youtube.com/shorts/bLr422lyAyY,,,,
0939-0,vz9D4nqhTyk,Primary Open-ended Question,Element Counting,How many people were there playing roles in the video?,37.68,Please state your answer with a brief explanation.,There is only one person playing all roles in the video. This is shown because the person in each role is the same person.,https://youtube.com/shorts/vz9D4nqhTyk,,,,
0939-1,vz9D4nqhTyk,Paraphrased Open-ended Question,Element Counting,What is the number of individuals acting in the video?,37.68,Please state your answer with a brief explanation.,"There is one individual acting in this video. Although there seem to be more than one individual at first, they are all the same actor assuming different positions and playing different roles.",https://youtube.com/shorts/vz9D4nqhTyk,,,,
0939-2,vz9D4nqhTyk,Correctly-led Open-ended Question,Element Counting,Is it true that only one person played all the roles in the video?,37.68,Please state your answer with a brief explanation.,"Yes, that's correct. It appears that one person played all the roles in the video. The video is cleverly edited to show the same person in different positions and attire to represent multiple characters.",https://youtube.com/shorts/vz9D4nqhTyk,,,,
0939-3,vz9D4nqhTyk,Wrongly-led Open-ended Question,Element Counting,Are there four different people playing roles in the video?,37.68,Please state your answer with a brief explanation.,"No, there is only one person playing the roles in this video. The video uses visual editing to create the illusion of there being multiple people in the same room.",https://youtube.com/shorts/vz9D4nqhTyk,,,,
0939-7,vz9D4nqhTyk,Multiple-choice Question with a Single Correct Answer,Element Counting,"How many people are actually playing roles in the video?
A. Two
B. One
C. Four
D. Three",37.68,"E. None of the above
Select one best answer to the above multiple-choice question based on the video. Respond with only the letter (A, B, C, D or E) of the correct option.",B,https://youtube.com/shorts/vz9D4nqhTyk,,,,
0942-0,ly70cIZgrRA,Primary Open-ended Question,Character Motivation Causality,What is the purpose of the man in the video catching the egg with the side of the spatula and breaking it?,30.93,Please state your answer with a brief explanation.,"The man in the video is demonstrating a teppanyaki cooking technique, which is a style of Japanese cuisine that involves cooking food on an iron griddle. He is catching the egg with the side of his spatula to then break it and use the yolk and egg white to create artwork on the griddle. This is done as entertainment and part of the dining experience.",https://youtube.com/shorts/ly70cIZgrRA,,,,
0942-1,ly70cIZgrRA,Paraphrased Open-ended Question,Character Motivation Causality,Why does the man use the side of the spatula to catch and break the egg in the video?,30.93,Please state your answer with a brief explanation.,"The man uses the side of the spatula as part of a performance and to show off his skills. Teppanyaki chefs like the man in the video are often expected to put on a show for diners as they cook, which includes tricks and stunts with their tools and ingredients. The side of the spatula is used to catch and break the egg as part of the demonstration.",https://youtube.com/shorts/ly70cIZgrRA,,,,
0942-2,ly70cIZgrRA,Correctly-led Open-ended Question,Character Motivation Causality,Is the man in the video demonstrating a teppanyaki cooking technique by catching and breaking the egg with a spatula?,30.93,Please state your answer with a brief explanation.,"Yes, the man in the video is demonstrating a teppanyaki cooking technique. He uses a spatula to toss the egg and then catches the egg with the spatula before breaking it on the teppanyaki grill and drawing a heart around it.",https://youtube.com/shorts/ly70cIZgrRA,,,,
0942-3,ly70cIZgrRA,Wrongly-led Open-ended Question,Character Motivation Causality,Is the man in the video breaking the egg with the spatula to show how fragile eggs are?,30.93,Please state your answer with a brief explanation.,"No, the man is not breaking the egg to show how fragile they are. He cracks the egg as part of the teppanyaki cooking performance to create a heart shape.",https://youtube.com/shorts/ly70cIZgrRA,,,,
0942-7,ly70cIZgrRA,Multiple-choice Question with a Single Correct Answer,Character Motivation Causality,"What is the purpose of the man catching and breaking the egg with the spatula?
A. To show how fragile eggs are
B. To make scrambled eggs
C. To demonstrate a cooking technique
D. To clean the spatula",30.93,"E. None of the above
Select one best answer to the above multiple-choice question based on the video. Respond with only the letter (A, B, C, D or E) of the correct option.",C,https://youtube.com/shorts/ly70cIZgrRA,,,,
0946-0,JmEOYcf8wiE,Primary Open-ended Question,Positional Relationship,"When the chicken stopped moving, which foot did the man touch?",44.2,Please state your answer with a brief explanation.,"Sure! After the chicken stops moving, the man draws a line in the dirt using his finger, and the chicken becomes fixated on the line. The man goes to erase the line, and the chicken jumps up and nips at the man's hand before running away. Therefore, the man's fingertip touched the ground in front of the chicken's face.",https://youtube.com/shorts/JmEOYcf8wiE,,,,
0946-1,JmEOYcf8wiE,Paraphrased Open-ended Question,Positional Relationship,Which foot did the man touch when the chicken became still?,44.2,Please state your answer with a brief explanation.,"The man touched the dirt right in front of the chicken's beak, drawing a line in the dirt. The chicken became still because it became hyper-focused on the line.",https://youtube.com/shorts/JmEOYcf8wiE,,,,
0946-2,JmEOYcf8wiE,Correctly-led Open-ended Question,Positional Relationship,Did the man touch the chicken's left foot after it stopped moving?,44.2,Please state your answer with a brief explanation.,"Okay! Here's the answer:

No, the man does not touch the chicken's left foot after it stopped moving. The man did use his hand to create a line in the dirt that the chicken appeared to be fixated on, and when the man tried to erase the line, the chicken startled and moved away.",https://youtube.com/shorts/JmEOYcf8wiE,,,,
0946-3,JmEOYcf8wiE,Wrongly-led Open-ended Question,Positional Relationship,Did the man touch the chicken's right foot after it stopped moving?,44.2,Please state your answer with a brief explanation.,"Okay! Here is the answer to your question.

Yes, the man touches the chicken’s right foot after it stops moving. After the chicken is positioned in front of the line, it becomes very still. The man then proceeds to brush the line away, and when he does so, he touches the chicken’s right foot. This action causes the chicken to startle.",https://youtube.com/shorts/JmEOYcf8wiE,,,,
0946-7,JmEOYcf8wiE,Multiple-choice Question with a Single Correct Answer,Positional Relationship,"Which foot did the man touch after the chicken stopped moving?
A. Both feet
B. Neither foot
C. Left foot
D. Right foot",44.2,"E. None of the above
Select one best answer to the above multiple-choice question based on the video. Respond with only the letter (A, B, C, D or E) of the correct option.",B,https://youtube.com/shorts/JmEOYcf8wiE,,,,
0949-0,GpJpQzdYtL0,Primary Open-ended Question,Plot Attribute,Where does the boss of this company appear in the video?,59.9,Please state your answer with a brief explanation.,"Sure, here's the answer to your question. 

The boss of this company appears at [00:00:53], walking into the room after the candidates have made their statements. The narrator explains that the boss was disguised as the homeless man on the street, and the company had already been observing all candidates since the morning.",https://www.youtube.com/shorts/GpJpQzdYtL0,,,,
0949-1,GpJpQzdYtL0,Paraphrased Open-ended Question,Plot Attribute,In which scenes does the company's boss make an appearance in the video?,59.9,Please state your answer with a brief explanation.,"The company's boss appears in the following scenes:
- [00:00:00] to [00:00:10]: The boss, dressed as a blind man, is sitting in front of a house asking for money. A woman walks by and steals money from him.
- [00:00:11] to [00:00:24]: The boss is still dressed as a blind man. A man walks by and kicks him. 
- [00:00:25] to [00:00:34]: The boss is still dressed as a blind man. A good man gives him some money.
- [00:00:36] to [00:00:37]: The boss is interviewing the woman, the man and the good man for a manager position.
- [00:00:53] to [00:01:00]: The boss finally shows his true identity.",https://www.youtube.com/shorts/GpJpQzdYtL0,,,,
0949-2,GpJpQzdYtL0,Correctly-led Open-ended Question,Plot Attribute,Does the boss appear at the start as a beggar and later in a suit?,59.9,Please state your answer with a brief explanation.,"Yes, in the video, the boss appears initially disguised as a beggar and later is seen in a suit as the boss of the company during job interviews. The boss was testing humanity and the three candidates were given an opportunity to show their true nature.",https://www.youtube.com/shorts/GpJpQzdYtL0,,,,
0949-3,GpJpQzdYtL0,Wrongly-led Open-ended Question,Plot Attribute,Does the boss only appear at the end of the video in a suit?,59.9,Please state your answer with a brief explanation.,"Here’s the answer to your question:
No, the boss is wearing a suit when he kicks the beggar's box while on his phone at [00:00:10-00:00:20].",https://www.youtube.com/shorts/GpJpQzdYtL0,,,,
0949-7,GpJpQzdYtL0,Multiple-choice Question with a Single Correct Answer,Plot Attribute,"Where does the boss appear in the video?
A. Only in the middle
B. At the beginning and end
C. Throughout the video
D. Only at the end",59.9,"E. None of the above
Select one best answer to the above multiple-choice question based on the video. Respond with only the letter (A, B, C, D or E) of the correct option.",B,https://www.youtube.com/shorts/GpJpQzdYtL0,,,,
0950-0,Pagl1zg0j4A,Primary Open-ended Question,Displacement Attribute,What is the state of motion of the ball when the man strikes the second time?,52.55,Please state your answer with a brief explanation.,"At the second strike of the tuning fork at [00:00:34], the ball is in constant motion hitting the tuning fork. The tuning fork has the same frequency as the first tuning fork, at 260hz, causing it to resonate, resulting in the ball moving.",https://www.youtube.com/shorts/Pagl1zg0j4A,,,,
0950-1,Pagl1zg0j4A,Paraphrased Open-ended Question,Displacement Attribute,What happens to the ball when the man hits the tuning fork for the second time?,52.55,Please state your answer with a brief explanation.,"After the man hits the tuning fork for the second time, the ball is still until the man removes the thing that makes the tuning fork 240 Hz to 260 Hz. Then the ball moves back and forth as long as the tuning fork frequency matches perfectly.",https://www.youtube.com/shorts/Pagl1zg0j4A,,,,
0950-2,Pagl1zg0j4A,Correctly-led Open-ended Question,Displacement Attribute,"When the man strikes the tuning fork the second time, does the ball remain still?",52.55,Please state your answer with a brief explanation.,"When the man strikes the tuning fork the second time, the ball remains still.

After the man strikes the tuning fork, the ping pong ball moves violently when the tuning fork with a 260 Hz frequency is struck. When the tuning fork with a 240 Hz frequency is struck, the ping pong ball remains still. The man removes the finger from the top of the tuning fork with the 240 Hz frequency tuning fork, making both frequencies the same, so the ping pong ball then starts to move. The frequency must match in order for resonance to occur.",https://www.youtube.com/shorts/Pagl1zg0j4A,,,,
0950-3,Pagl1zg0j4A,Wrongly-led Open-ended Question,Displacement Attribute,"When the man strikes the tuning fork the second time, does the ball start moving upwards?",52.55,Please state your answer with a brief explanation.,"Yes, the ball starts moving upwards when the man strikes the tuning fork the second time. The reason the ball moves is due to resonance. The tuning fork vibrates at a particular frequency (260 Hz) and the other tuning fork has the same frequency. When one tuning fork vibrates, the other tuning fork starts vibrating too as their frequencies match. As the second tuning fork vibrates, it strikes the ball and causes it to move upwards.",https://www.youtube.com/shorts/Pagl1zg0j4A,,,,
0950-7,Pagl1zg0j4A,Multiple-choice Question with a Single Correct Answer,Displacement Attribute,"What is the state of the ball when the man strikes the tuning fork for the second time?
A. Moving upwards
B. Spinning
C. Moving downwards
D. Stationary",52.55,"E. None of the above
Select one best answer to the above multiple-choice question based on the video. Respond with only the letter (A, B, C, D or E) of the correct option.",A,https://www.youtube.com/shorts/Pagl1zg0j4A,,,,
0952-0,RLEEXr_WsRQ,Primary Open-ended Question,Element Localization,What colour is the dress of the third person that can be seen clearly in the video?,18.88,Please state your answer with a brief explanation.,The colour of the dress of the third person that can be clearly seen in the video is red. The third person that can be seen clearly is the person wearing an orange and black coat at the end of the video.,https://www.youtube.com/shorts/RLEEXr_WsRQ,,,,
0952-1,RLEEXr_WsRQ,Paraphrased Open-ended Question,Element Localization,What is the color of the outfit worn by the third individual in the image?,18.88,Please state your answer with a brief explanation.,"Sure, here's the answer you requested.

The third individual in the image is wearing a pink outfit. The individual is a child that is skiing with another child and an adult.",https://www.youtube.com/shorts/RLEEXr_WsRQ,,,,
0952-2,RLEEXr_WsRQ,Correctly-led Open-ended Question,Element Localization,Is the third person in the picture wearing an orange-black outfit?,18.88,Please state your answer with a brief explanation.,"No, the third person in the image is wearing an orange-black outfit.",https://www.youtube.com/shorts/RLEEXr_WsRQ,,,,
0952-3,RLEEXr_WsRQ,Wrongly-led Open-ended Question,Element Localization,Is the third person in the picture wearing a pink outfit?,18.88,Please state your answer with a brief explanation.,"Yes, the third person in the picture is wearing a pink outfit. The child who falls down on the snow is wearing a pink ski suit.",https://www.youtube.com/shorts/RLEEXr_WsRQ,,,,
0952-7,RLEEXr_WsRQ,Multiple-choice Question with a Single Correct Answer,Element Localization,"What color is the dress of the third person in the picture?
A. Green
B. Blue
C. Orange-Black
D. Pink",18.88,"E. None of the above
Select one best answer to the above multiple-choice question based on the video. Respond with only the letter (A, B, C, D or E) of the correct option.",D,https://www.youtube.com/shorts/RLEEXr_WsRQ,,,,
0956-0,Evie7TV-E8s,Primary Open-ended Question,Displacement Attribute,What is the rotation direction of the red stick?,39.72,Please state your answer with a brief explanation.,"The red stick appears to be rotating clockwise. It spins around a central point, and if you follow the red end, it's traveling in a clockwise direction.",https://www.youtube.com/shorts/Evie7TV-E8s,,,,
0956-1,Evie7TV-E8s,Paraphrased Open-ended Question,Displacement Attribute,In which direction does the red stick rotate?,39.72,Please state your answer with a brief explanation.,"The red stick rotates counterclockwise.

The presenter is explaining how the length of a pole is helpful in balancing, by making the person harder to rotate. The presenter demonstrates this using a shorter blue pole and a longer red pole. He shows that when each rod is spun with equal force, the shorter blue rod rotates faster than the longer red rod, therefore it is harder to rotate the red pole. Thus, the red stick rotates counterclockwise.",https://www.youtube.com/shorts/Evie7TV-E8s,,,,
0956-2,Evie7TV-E8s,Correctly-led Open-ended Question,Displacement Attribute,Does the red stick rotate in a clockwise direction relative to the camera?,39.72,Please state your answer with a brief explanation.,"The red stick rotates in a counter-clockwise direction relative to the camera. In the example shown in the video at [00:00:50-00:00:58], when both rods are given a spin, the blue-tipped one (on top) rotates clockwise and the red-tipped one (on the bottom) rotates counter-clockwise, relative to the camera.",https://www.youtube.com/shorts/Evie7TV-E8s,,,,
0956-3,Evie7TV-E8s,Wrongly-led Open-ended Question,Displacement Attribute,Does the red stick rotate in a counterclockwise direction relative to the camera?,39.72,Please state your answer with a brief explanation.,"Okay! Here is the answer to your question.

Yes, the red stick rotates in a counterclockwise direction relative to the camera. The red stick rotates to the right as you’re looking at the video.",https://www.youtube.com/shorts/Evie7TV-E8s,,,,
0956-7,Evie7TV-E8s,Multiple-choice Question with a Single Correct Answer,Displacement Attribute,"What is the rotation direction of the red stick?
A. Counterclockwise
B. Upward
C. Clockwise
D. Downward",39.72,"E. None of the above
Select one best answer to the above multiple-choice question based on the video. Respond with only the letter (A, B, C, D or E) of the correct option.",C,https://www.youtube.com/shorts/Evie7TV-E8s,,,,
0957-0,DtZdE1P45yQ,Primary Open-ended Question,Displacement Attribute,How did the stuff in the beaker end up on the rod in the second half of the video in brief?,83.22,Please state your answer with a brief explanation.,"Sure thing! Here's the answer to your question:

The stuff in the beaker ended up on the rod because the presenter poured 10 mL of a water-based solution and 10 mL of a cyclohexane solution into a smaller beaker. He used tweezers to pull out a slimy string that he wrapped around the glass rod. The slimy string is actually nylon and formed because of the two solutions.",https://www.youtube.com/shorts/DtZdE1P45yQ,,,,
0957-1,DtZdE1P45yQ,Paraphrased Open-ended Question,Displacement Attribute,What process led to the substance in the beaker being transferred to the rod in the latter part of the video?,83.22,Please state your answer with a brief explanation.,"From the video, after two solutions are prepared, namely the hexamethylenediamine in water and adipoyl chloride in cyclohexane, it is observed that the two solutions do not mix in the small beaker. Upon inserting the tweezers into the non-mixed liquids, they are used to grab the new substance forming on the interface between the two liquids. This substance, nylon, can then be pulled out and is observed as being wrapped around the glass rod.",https://www.youtube.com/shorts/DtZdE1P45yQ,,,,
0957-2,DtZdE1P45yQ,Correctly-led Open-ended Question,Displacement Attribute,Did the substance in the beaker end up on the rod by being pulled out and wrapped around it?,83.22,Please state your answer with a brief explanation.,"Of course! Here's the answer to your question:

Yes, the substance in the beaker did end up on the rod by being pulled out and wrapped around it. When two solutions, hexamethylenediamine and adipoyl chloride, are combined, a stringy polymer called nylon forms. This substance is then manually pulled out of the beaker and wrapped around a glass rod, creating a slimy, cocoon-like substance on the rod.",https://www.youtube.com/shorts/DtZdE1P45yQ,,,,
0957-3,DtZdE1P45yQ,Wrongly-led Open-ended Question,Displacement Attribute,Did the substance in the beaker end up on the rod because it adhered to the rod when it was inserted?,83.22,Please state your answer with a brief explanation.,"Here is the answer to your question.

Answer: Yes, the substance in the beaker ended up on the rod because it adhered to the rod when it was inserted. You can see in the video the rod is inserted into the solution and it is pulled up. Because of the chemical reaction the substance that adheres is actually nylon!",https://www.youtube.com/shorts/DtZdE1P45yQ,,,,
0957-7,DtZdE1P45yQ,Multiple-choice Question with a Single Correct Answer,Displacement Attribute,"How did the substance in the beaker end up on the rod?
A. It was poured onto the rod.
B. It was left to dry on the rod.
C. It adhered to the rod when inserted.
D. It was pulled out and wrapped around the rod.",83.22,"E. None of the above
Select one best answer to the above multiple-choice question based on the video. Respond with only the letter (A, B, C, D or E) of the correct option.",D. It was pulled out and wrapped around the rod.,https://www.youtube.com/shorts/DtZdE1P45yQ,,,,
0973-0,BkFjtOqLNmk,Primary Open-ended Question,Event Localization,When did the man in the gray hoodie on the left in the video get injured?,53.44,Please state your answer with a brief explanation.,The man in the gray hoodie on the left in the video gets injured around [00:00:00:40]-[00:00:00:47]. He gets hit on the head with one of the balloons full of water that the men were throwing at each other.,https://www.youtube.com/shorts/BkFjtOqLNmk,,,,
0973-1,BkFjtOqLNmk,Paraphrased Open-ended Question,Event Localization,At what point in the video did the man in the gray hoodie on the left sustain an injury?,53.44,Please state your answer with a brief explanation.,"At [00:00:41] the man in the gray hoodie says, “Ow, they’re bouncing back.” He covers his forehead with his hand. At [00:00:45] he shows the camera his bloody forehead and asks, “Is that going to get a billion views?”",https://www.youtube.com/shorts/BkFjtOqLNmk,,,,
0973-2,BkFjtOqLNmk,Correctly-led Open-ended Question,Event Localization,Did the man in the gray hoodie on the left get injured during the final balloon popping game?,53.44,Please state your answer with a brief explanation.,"Yes, the man in the gray hoodie, who is identified as Mr. Beast, did get injured during the final balloon popping game. After the game, he asks how bad he was hit and displays a large red scrape on his forehead.",https://www.youtube.com/shorts/BkFjtOqLNmk,,,,
0973-3,BkFjtOqLNmk,Wrongly-led Open-ended Question,Event Localization,Did the man in the gray hoodie on the left get injured at the beginning of the video?,53.44,Please state your answer with a brief explanation.,"Yes, MrBeast was hurt at the end of the video. He says “Ahh HURT” and rubs his head after throwing the large balloons over the table. He continues with, “oh these things hurt.” He also appears to be bleeding from his forehead after getting hit.",https://www.youtube.com/shorts/BkFjtOqLNmk,,,,
0973-7,BkFjtOqLNmk,Multiple-choice Question with a Single Correct Answer,Event Localization,"When did the man in the gray hoodie on the left get injured?
A. While setting up the balloons
B. During the last balloon popping game
C. During the second balloon popping game
D. At the start of the video",53.44,"E. None of the above
Select one best answer to the above multiple-choice question based on the video. Respond with only the letter (A, B, C, D or E) of the correct option.",C.,https://www.youtube.com/shorts/BkFjtOqLNmk,,,,
0974-0,_a6lFCUYTA4,Primary Open-ended Question,Event Localization,When did the person in the video put the straw into the bottle?,17.45,Please state your answer with a brief explanation.,"At [00:00:03], the person puts the straw into the bottle. The clip shows the person melting two holes with a hot glue gun on the Fanta bottle and placing a straw in between the holes.",https://www.youtube.com/shorts/_a6lFCUYTA4,,,,
0974-1,_a6lFCUYTA4,Paraphrased Open-ended Question,Event Localization,At what point in the video does the person insert the straw into the bottle?,17.45,Please state your answer with a brief explanation.,The person inserts the straw into the bottle at [00:00:02] and [00:00:03]. This is because these are the times at which the video is showing the straw being glued to the bottle.,https://www.youtube.com/shorts/_a6lFCUYTA4,,,,
0974-2,_a6lFCUYTA4,Correctly-led Open-ended Question,Event Localization,Did the person in the video put the straw into the bottle before doing the trick?,17.45,Please state your answer with a brief explanation.,"No, the person in the video did not put the straw into the bottle before doing the trick. In the beginning of the video, the straw is sealed into the bottle by using a hot glue gun.",https://www.youtube.com/shorts/_a6lFCUYTA4,,,,
0974-3,_a6lFCUYTA4,Wrongly-led Open-ended Question,Event Localization,Did the person in the video put the straw into the bottle at the end of the video while sitting at a table?,17.45,Please state your answer with a brief explanation.,"Yes, at the end of the video, the person put the straw into the bottle while sitting at a table.",https://www.youtube.com/shorts/_a6lFCUYTA4,,,,
0974-7,_a6lFCUYTA4,Multiple-choice Question with a Single Correct Answer,Event Localization,"When did the person in the video put the straw into the bottle?
A. At the end of the video.
B. There is no straw.
C. Right before doing the trick.
D. At the beginning of the video.",17.45,"E. None of the above
Select one best answer to the above multiple-choice question based on the video. Respond with only the letter (A, B, C, D or E) of the correct option.",C.,https://www.youtube.com/shorts/_a6lFCUYTA4,,,,
0976-0,fPW-zkcTRgM,Primary Open-ended Question,Event Localization,Who answers the question first in the first scene of the video?,40.96,Please state your answer with a brief explanation.,"In the first scene of the video, the girl answers the question first. The question is ""What is this?"", and the text shown below the question is four instances of the word ""ROADS."" The girl quickly answers ""Crossroads,"" whereas the guy responds with the answer ""Roads.""",https://www.youtube.com/shorts/fPW-zkcTRgM,,,,
0976-1,fPW-zkcTRgM,Paraphrased Open-ended Question,Event Localization,Who is the first person to respond to the question in the initial scene of the video?,40.96,Please state your answer with a brief explanation.,"The first person to respond to the question in the initial scene of the video is the woman on the right. After the question, ""What is this?"" is presented, the woman says ""Crossroads"" first.",https://www.youtube.com/shorts/fPW-zkcTRgM,,,,
0976-2,fPW-zkcTRgM,Correctly-led Open-ended Question,Event Localization,Is the person on the left from the observer's perspective the first to answer the question in the first scene?,40.96,Please state your answer with a brief explanation.,"Yes, the person on the left is the first to answer the question in the first scene. After the host asks “What is this?”, the person on the left says “Roads”, then the person on the right says, “Crossroads.” The answer “Crossroads” is determined to be correct.",https://www.youtube.com/shorts/fPW-zkcTRgM,,,,
0976-3,fPW-zkcTRgM,Wrongly-led Open-ended Question,Event Localization,Is the person on the right from the observer's perspective the first to answer the question in the first scene?,40.96,Please state your answer with a brief explanation.,"Okay, here is the answer to your question.

Yes, the person on the right from the observer's perspective is the first to answer the question in the first scene. She quickly responds with the correct answer, ""Crossroads"".",https://www.youtube.com/shorts/fPW-zkcTRgM,,,,
0976-7,fPW-zkcTRgM,Multiple-choice Question with a Single Correct Answer,Event Localization,"Who answers the question first in the first scene of the video?
A. Neither answers
B. Both answer at the same time
C. The person on the right
D. The person on the left",40.96,"E. None of the above
Select one best answer to the above multiple-choice question based on the video. Respond with only the letter (A, B, C, D or E) of the correct option.",C,https://www.youtube.com/shorts/fPW-zkcTRgM,,,,
0983-0,9btQkaci6kA,Primary Open-ended Question,Plot Attribute,Why is there an appearance of a second person in the video?,27.7,Please state your answer with a brief explanation.,"The appearance of a second person in the video is intentional. A security guard enters the frame, but then becomes part of the artwork. This is a comical and artistic trick that plays with perspective and the interaction between the real world and the mural being created.",https://www.youtube.com/shorts/9btQkaci6kA,,,,
0983-1,9btQkaci6kA,Paraphrased Open-ended Question,Plot Attribute,What causes the appearance of a second individual in the video?,27.7,Please state your answer with a brief explanation.,"The appearance of a second individual in the video is caused by a security guard noticing the first individual painting graffiti. The guard initially attempts to stop him, but becomes an unwitting part of the art as he climbs the ladder, as it too, has been painted by the artist.",https://www.youtube.com/shorts/9btQkaci6kA,,,,
0983-2,9btQkaci6kA,Correctly-led Open-ended Question,Plot Attribute,Is the second person in the video a security guard investigating the graffiti artist?,27.7,Please state your answer with a brief explanation.,"Yes, the second person in the video is a security guard investigating the graffiti artist. This is clear because he is wearing a ""SECURITY"" jacket and tells the artist that he ""can't be doing that.""",https://www.youtube.com/shorts/9btQkaci6kA,,,,
0983-3,9btQkaci6kA,Wrongly-led Open-ended Question,Plot Attribute,Is the second person in the video actually a painted silhouette of a girl on the wall?,27.7,Please state your answer with a brief explanation.,"No, the second person is not a painted silhouette of a girl on the wall. The video shows the graffiti artist creating the entire painting.",https://www.youtube.com/shorts/9btQkaci6kA,,,,
0983-7,9btQkaci6kA,Multiple-choice Question with a Single Correct Answer,Plot Attribute,"Why does a second person appear in the video?
A. They are a security guard.
B. They are a painted silhouette.
C. They are a passerby.
D. They are a friend of the artist.",27.7,"E. None of the above
Select one best answer to the above multiple-choice question based on the video. Respond with only the letter (A, B, C, D or E) of the correct option.",A,https://www.youtube.com/shorts/9btQkaci6kA,,,,
0985-0,xhCvWSZOo8A,Primary Open-ended Question,Plot Attribute,Does the money in the cup at the end of the video come from the money in the cup at the beginning of the video?,14.44,Please state your answer with a brief explanation.,"Okay, here is the answer.

No, the money in the cup at the end of the video does not come from the money initially placed under the cup. The woman places money under the table near the end of the video.",https://www.youtube.com/shorts/xhCvWSZOo8A,,,,
0985-1,xhCvWSZOo8A,Paraphrased Open-ended Question,Plot Attribute,Is the money in the cup at the end the same as the money in the cup at the start of the video?,14.44,Please state your answer with a brief explanation.,The money in the cup at the end of the video is not the same as the money in the cup at the start. The person in the video swaps the money for something else using a magic trick.,https://www.youtube.com/shorts/xhCvWSZOo8A,,,,
0985-2,xhCvWSZOo8A,Correctly-led Open-ended Question,Plot Attribute,Did the money in the cup at the end come from the man's right ear at the beginning?,14.44,Please state your answer with a brief explanation.,"No, the money in the cup did not come from the man’s ear. The woman had the money and began folding it.",https://www.youtube.com/shorts/xhCvWSZOo8A,,,,
0985-3,xhCvWSZOo8A,Wrongly-led Open-ended Question,Plot Attribute,Did the money stay in the cup throughout the video as it was shaken?,14.44,Please state your answer with a brief explanation.,"No, the money did not stay in the cup throughout the video. At [00:00:07], the man hands the money to the woman, and then begins to shake the cup.",https://www.youtube.com/shorts/xhCvWSZOo8A,,,,
0985-7,xhCvWSZOo8A,Multiple-choice Question with a Single Correct Answer,Plot Attribute,"Where does the money in the cup at the end of the video come from?
A. The man's right ear
B. The person's hand
C. The table
D. The cup at the beginning",14.44,"E. None of the above
Select one best answer to the above multiple-choice question based on the video. Respond with only the letter (A, B, C, D or E) of the correct option.",D,https://www.youtube.com/shorts/xhCvWSZOo8A,,,,
0995-0,sVsv_cKxmXY,Primary Open-ended Question,Event Localization,What is the answer to the eighth question in the video?,62.29,Please state your answer with a brief explanation.,"Sure, I can help you with that!

The eighth question in the video is:
The scrambled letters “SGEG” with the first “G” being large, the second ""E"" being capitalized, and ""S"" being tilted to the left.
The answer: Scrambled eggs

Because the letters are scrambled, and the hint suggests they are a food, and it is an egg. This is a scrambled eggs.",https://www.youtube.com/shorts/sVsv_cKxmXY,,,,
0995-1,sVsv_cKxmXY,Paraphrased Open-ended Question,Event Localization,What is the response to the eighth question in the video?,62.29,Please state your answer with a brief explanation.,"The eighth question in the video is displayed on the screen. The puzzle shows the letters ""SG E G,"" which the man quickly answers correctly with the phrase ""Scrambled eggs."" The riddle is solved because the ""Scrambled"" is placed above the word ""Eggs.""",https://www.youtube.com/shorts/sVsv_cKxmXY,,,,
0995-2,sVsv_cKxmXY,Correctly-led Open-ended Question,Event Localization,Is the answer to the eighth question in the video 'long over due'?,62.29,Please state your answer with a brief explanation.,"Yes, the correct answer to the eighth question is 'long overdue'. The word 'long' is on top of 'due' indicating the answer is 'long overdue'.",https://www.youtube.com/shorts/sVsv_cKxmXY,,,,
0995-3,sVsv_cKxmXY,Wrongly-led Open-ended Question,Event Localization,Is the answer to the eighth question in the video 'up to no good'?,62.29,Please state your answer with a brief explanation.,"Certainly! Here's the answer to the eighth question in the video:

Yes, the answer to the eighth question is 'up to no good'.

Here's the explanation: In the eighth question, the word GOOD is crossed out within a red box, and the number 2 is shown on top. Hence, the answer is ""Up to no good"" using the number 2 to stand for ""to.""",https://www.youtube.com/shorts/sVsv_cKxmXY,,,,
0995-7,sVsv_cKxmXY,Multiple-choice Question with a Single Correct Answer,Event Localization,"What is the answer to the eighth question in the video?
A. Over the top
B. Not good enough
C. Up to no good
D. Long over due",62.29,"E. None of the above
Select one best answer to the above multiple-choice question based on the video. Respond with only the letter (A, B, C, D or E) of the correct option.",C,https://www.youtube.com/shorts/sVsv_cKxmXY,,,,
0996-0,q8cjGfTq5XI,Primary Open-ended Question,Event Localization,Which is the third timer tool allowed to be shown in the video?,59.74,Please state your answer with a brief explanation.,The third timer tool allowed to be shown in the video is a paper clock face with one “hand” drawn to indicate the time. The idea for it is a “pendulum swing mechanism to create a constant movement in what I call ‘hands’”.,https://www.youtube.com/shorts/q8cjGfTq5XI,,,,
0996-1,q8cjGfTq5XI,Paraphrased Open-ended Question,Event Localization,What is the third timekeeping device featured in the video?,59.74,Please state your answer with a brief explanation.,The third timekeeping device featured in the video is a sundial. This device uses the sun to cast a shadow and track the time.,https://www.youtube.com/shorts/q8cjGfTq5XI,,,,
0996-2,q8cjGfTq5XI,Correctly-led Open-ended Question,Event Localization,Is the third timekeeping tool shown in the video a clock that uses a pendulum swing mechanism?,59.74,Please state your answer with a brief explanation.,"Yes, the third timekeeping tool shown in the video is conceptualized as a clock using a pendulum swing mechanism. At [00:00:017-00:00:21], one of the actors is presenting the clock while stating ""my concept will use a pendulum swing mechanism to create a constant movement.""",https://www.youtube.com/shorts/q8cjGfTq5XI,,,,
0996-3,q8cjGfTq5XI,Wrongly-led Open-ended Question,Event Localization,Is the third timekeeping tool shown in the video a sundial?,59.74,Please state your answer with a brief explanation.,The third timekeeping tool shown in the video is a sundial. The inventor explains that it uses the sun to cast a shadow and tell the time.,https://www.youtube.com/shorts/q8cjGfTq5XI,,,,
0996-7,q8cjGfTq5XI,Multiple-choice Question with a Single Correct Answer,Event Localization,"What is the third timekeeping tool shown in the video?
A. Hourglass
B. Clock with pendulum
C. Water clock
D. Sundial",59.74,"E. None of the above
Select one best answer to the above multiple-choice question based on the video. Respond with only the letter (A, B, C, D or E) of the correct option.","Based on the video, the third timekeeping tool shown is a clock with a pendulum, so the correct answer is B.",https://www.youtube.com/shorts/q8cjGfTq5XI,,,,
0999-0,TE7YjiQZpZo,Primary Open-ended Question,Event Localization,How does the man who plays Curly go through the branches on the ground?,60.01,Please state your answer with a brief explanation.,"Okay, here’s how Curly of the Three Stooges goes over the branches on the ground: 

Curly trips, falls on the ground, tumbles, then starts crawling forward while woofing.

Hopefully this helps!",https://www.youtube.com/shorts/TE7YjiQZpZo,,,,
0999-1,TE7YjiQZpZo,Paraphrased Open-ended Question,Event Localization,What happens to the man portraying Curly as he navigates the branches on the ground?,60.01,Please state your answer with a brief explanation.,"Sure! Here's what happens when the man imitates Curly while navigating the branches:

He comically trips over the branch and yells, ""Wub wub wub!"".",https://www.youtube.com/shorts/TE7YjiQZpZo,,,,
0999-2,TE7YjiQZpZo,Correctly-led Open-ended Question,Event Localization,"Does the man playing Curly trip over a branch while walking backwards, leading to a comedic fall?",60.01,Please state your answer with a brief explanation.,"Yes, the man playing Curly does trip over a branch while walking backwards, leading to a comedic fall. He is singing and walking backwards when he falls.",https://www.youtube.com/shorts/TE7YjiQZpZo,,,,
0999-3,TE7YjiQZpZo,Wrongly-led Open-ended Question,Event Localization,"Does the man playing Curly trip over the branches, fall, and then get back up to continue moving?",60.01,Please state your answer with a brief explanation.,"Yes, the man playing Curly does trip over the branch, fall, and then get back up to continue moving. This is visible at [00:00:36-00:00:38] of the video.",https://www.youtube.com/shorts/TE7YjiQZpZo,,,,
0999-7,TE7YjiQZpZo,Multiple-choice Question with a Single Correct Answer,Event Localization,"How does the man playing Curly interact with the branches on the ground?
A. He trips over them and falls, matching Curly's comedic style.
B. He trips, falls, and then gets back up to continue moving.
C. He steps over them carefully.
D. He avoids them entirely.",60.01,"E. None of the above
Select one best answer to the above multiple-choice question based on the video. Respond with only the letter (A, B, C, D or E) of the correct option.",B,https://www.youtube.com/shorts/TE7YjiQZpZo,,,,
1002-0,W7aL-aUocLA,Primary Open-ended Question,Event Localization,"In the first scene, when the fourth stick falls, how does the man catch it?",25.43,Please state your answer with a brief explanation.,"The man catches the fourth stick with his left hand. In the video, the fourth stick drops next to his left hand.",https://www.youtube.com/shorts/W7aL-aUocLA,,,,
1002-1,W7aL-aUocLA,Paraphrased Open-ended Question,Event Localization,What method does the man use to catch the fourth stick in the first scene?,25.43,Please state your answer with a brief explanation.,The man uses his left hand to catch the fourth stick. You can observe this at approximately [00:00:01].,https://www.youtube.com/shorts/W7aL-aUocLA,,,,
1002-2,W7aL-aUocLA,Correctly-led Open-ended Question,Event Localization,Did the man use his foot to assist in catching the fourth stick in the first scene?,25.43,Please state your answer with a brief explanation.,"No, the man did not use his foot to assist in catching the fourth stick in the first scene. The man's feet are on the ground the entire time.",https://www.youtube.com/shorts/W7aL-aUocLA,,,,
1002-3,W7aL-aUocLA,Wrongly-led Open-ended Question,Event Localization,Did the man catch the fourth stick with his right hand in the first scene?,25.43,Please state your answer with a brief explanation.,"Yes, the man catches the fourth stick with his right hand in the first scene. You can see him quickly extend his right hand and grab the stick as it falls.",https://www.youtube.com/shorts/W7aL-aUocLA,,,,
1002-7,W7aL-aUocLA,Multiple-choice Question with a Single Correct Answer,Event Localization,"How did the man catch the fourth stick in the first scene?
A. By kicking it with his foot and then catching it with his hand
B. By letting it fall to the ground
C. With his left hand
D. With his right hand",25.43,"E. None of the above
Select one best answer to the above multiple-choice question based on the video. Respond with only the letter (A, B, C, D or E) of the correct option.",D,https://www.youtube.com/shorts/W7aL-aUocLA,,,,
1009-0,m_H3uWi3_2o,Primary Open-ended Question,Character Emotion Attribute,What is the reaction of the man in the first two scenes after the visitor waved at him?,12.65,Please state your answer with a brief explanation.,"In the first two scenes, the man is enthusiastic about talking about the art with the woman. However, after the woman waves to him, he looks defeated and loses his smile. He then glances at her and awkwardly smiles before breaking into laughter when the camera zooms in on him. This suggests that he recognizes the woman and is embarrassed that he came on too strong.",https://www.youtube.com/shorts/m_H3uWi3_2o,,,,
1009-1,m_H3uWi3_2o,Paraphrased Open-ended Question,Character Emotion Attribute,How does the man react in the first two scenes after the visitor waves at him?,12.65,Please state your answer with a brief explanation.,"Certainly! Here's how the man reacts after the visitor waves at him in the first two scenes:

*   **First scene (0:00):** The woman says, ""This artist is only 24 years old."" and the visitor responds, ""I'm just looking, thank you.""

*   **Second scene (0:03):** The woman says, ""The amount of paint on this canvas."" and the visitor responds, ""Oh, I'm okay, thank you.""",https://www.youtube.com/shorts/m_H3uWi3_2o,,,,
1009-2,m_H3uWi3_2o,Correctly-led Open-ended Question,Character Emotion Attribute,Does the man seem disappointed and walk away after the visitor waves at him in the first two scenes?,12.65,Please state your answer with a brief explanation.,"Yes, in the first two scenes, the man does seem disappointed when the visitor politely waves him off after he attempts to engage them in a conversation about art. He even makes an awkward gesture in the second scene, before walking away.",https://www.youtube.com/shorts/m_H3uWi3_2o,,,,
1009-3,m_H3uWi3_2o,Wrongly-led Open-ended Question,Character Emotion Attribute,Does the man appear enthusiastic and eager to engage with the visitor in the first two scenes?,12.65,Please state your answer with a brief explanation.,"Yes, the man appears enthusiastic and eager to engage with the visitor in the first two scenes. He approaches the first visitor and enthusiastically points out details about the artwork. He then engages with the second visitor, also pointing out details and trying to engage her.",https://www.youtube.com/shorts/m_H3uWi3_2o,,,,
1009-7,m_H3uWi3_2o,Multiple-choice Question with a Single Correct Answer,Character Emotion Attribute,"What is the man's reaction in the first two scenes after the visitor waves at him?
A. He seems disappointed and walks away.
B. He ignores the visitor completely.
C. He starts discussing the art pieces animatedly.
D. He is enthusiastic and eager to engage.",12.65,"E. None of the above
Select one best answer to the above multiple-choice question based on the video. Respond with only the letter (A, B, C, D or E) of the correct option.",D,https://www.youtube.com/shorts/m_H3uWi3_2o,,,,
1011-0,QV6iOzP_OXY,Primary Open-ended Question,Character Reaction Causality,Why did the woman use hose on the man?,31.95,Please state your answer with a brief explanation.,The woman used the hose on the man because she found him eating a food item that was made to look like a blue kitchen sponge.,https://www.youtube.com/shorts/QV6iOzP_OXY,,,,
1011-1,QV6iOzP_OXY,Paraphrased Open-ended Question,Character Reaction Causality,What prompted the woman to spray the man with the hose?,31.95,Please state your answer with a brief explanation.,"Here's the answer.

The woman sprayed the man with the hose because he grabbed what appeared to be a cleaning sponge out of the sink and put it in his mouth, presumably to eat it.

The man replaced the sponge with a Rice Krispy treat covered with blue food coloring and snuck it into the fridge for her to find.",https://www.youtube.com/shorts/QV6iOzP_OXY,,,,
1011-2,QV6iOzP_OXY,Correctly-led Open-ended Question,Character Reaction Causality,Did the woman use the hose on the man because she thought he accidentally consumed soap?,31.95,Please state your answer with a brief explanation.,"Yes, based on the information in the video, the woman used the hose on the man because she thought he ate soap. He took a bite of what appeared to be a blue cleaning sponge; therefore, she sprayed him with the hose because she was worried that he ate soap.",https://www.youtube.com/shorts/QV6iOzP_OXY,,,,
1011-3,QV6iOzP_OXY,Wrongly-led Open-ended Question,Character Reaction Causality,Did the woman spray the man with the hose as a playful response to a prank he played on her?,31.95,Please state your answer with a brief explanation.,"Yes, the woman sprayed the man with the hose in response to the prank he played on her by frosting a Rice Krispies bar with blue icing and pretending it was a sponge to trick her.",https://www.youtube.com/shorts/QV6iOzP_OXY,,,,
1011-7,QV6iOzP_OXY,Multiple-choice Question with a Single Correct Answer,Character Reaction Causality,"Why did the woman use the hose on the man?
A. She was angry at him.
B. He played a prank on her.
C. He was dirty.
D. She thought he accidentally ate soap.",31.95,"E. None of the above
Select one best answer to the above multiple-choice question based on the video. Respond with only the letter (A, B, C, D or E) of the correct option.",D.,https://www.youtube.com/shorts/QV6iOzP_OXY,,,,
1018-0,1jh1WQq_fHs,Primary Open-ended Question,Character Emotion Attribute,What's the rapper's reaction after the traffic controller took his microphone?,19.39,Please state your answer with a brief explanation.,"After the traffic controller took his microphone, the rapper gave the controller a look of slight offense. However, he did not further react to what the traffic controller did, but instead resumed his rapping.",https://www.youtube.com/shorts/1jh1WQq_fHs,,,,
1018-1,1jh1WQq_fHs,Paraphrased Open-ended Question,Character Emotion Attribute,How did the rapper respond when the traffic controller took his microphone?,19.39,Please state your answer with a brief explanation.,"Okay, here is how the rapper responded to the traffic controller:

The rapper handed the microphone to the traffic controller without hesitating, but he looked slightly agitated. After the traffic controller was done speaking, the rapper took the microphone back and continued rapping.",https://www.youtube.com/shorts/1jh1WQq_fHs,,,,
1018-2,1jh1WQq_fHs,Correctly-led Open-ended Question,Character Emotion Attribute,Did the rapper continue his performance calmly after the traffic controller took his microphone?,19.39,Please state your answer with a brief explanation.,"Yes, the rapper continues rapping once the traffic controller hands the microphone back to him. The traffic controller used the microphone to announce a road safety message.",https://www.youtube.com/shorts/1jh1WQq_fHs,,,,
1018-3,1jh1WQq_fHs,Wrongly-led Open-ended Question,Character Emotion Attribute,Did the rapper get angry and stop performing when the traffic controller took his microphone?,19.39,Please state your answer with a brief explanation.,"No, the rapper does not get angry. The traffic controller takes the microphone to announce to pedestrians to get out of the street and sidewalk. The rapper is smiling and says, ""That's all I care about!""",https://www.youtube.com/shorts/1jh1WQq_fHs,,,,
1018-7,1jh1WQq_fHs,Multiple-choice Question with a Single Correct Answer,Character Emotion Attribute,"What was the rapper's reaction after the traffic controller took his microphone?
A. He hesitated before continuing performing.
B. He is still performing.
C. He left the stage.
D. He argued with the traffic controller.",19.39,"E. None of the above
Select one best answer to the above multiple-choice question based on the video. Respond with only the letter (A, B, C, D or E) of the correct option.",B,https://www.youtube.com/shorts/1jh1WQq_fHs,,,,
1020-0,C4l7rfjX49I,Primary Open-ended Question,Character Emotion Attribute,What's the baby's reaction when they see dad?,13.12,Please state your answer with a brief explanation.,"Certainly! Here's the baby's reaction when they see their dad, along with an explanation:

**Baby's Reaction:**

The baby doesn't show a very big reaction upon seeing dad. The baby stares at dad with a neutral expression.

**Explanation:**

Based on the video, the baby might have different levels of familiarity or excitement for each family member. While the baby clearly shows excitement for mom and brother, the reaction to dad is neutral.",https://www.youtube.com/shorts/C4l7rfjX49I,,,,
1020-1,C4l7rfjX49I,Paraphrased Open-ended Question,Character Emotion Attribute,How does the baby respond when they see their father?,13.12,Please state your answer with a brief explanation.,"Here is how the baby responds when they see their father.

When the baby sees their father, they are content but do not have any particular reaction. When the father brings the baby over to the mom, the baby is excited and reaches out to the mom. When the father brings the baby over to the big brother, the baby has a wide smile and reaches out to them.",https://www.youtube.com/shorts/C4l7rfjX49I,,,,
1020-2,C4l7rfjX49I,Correctly-led Open-ended Question,Character Emotion Attribute,Does the baby show a lack of excitement when they see their dad?,13.12,Please state your answer with a brief explanation.,The baby does appear to show a lack of excitement when they see their dad. They show less enthusiasm in comparison to their reaction to seeing their mom and older brother.,https://www.youtube.com/shorts/C4l7rfjX49I,,,,
1020-3,C4l7rfjX49I,Wrongly-led Open-ended Question,Character Emotion Attribute,Does the baby react with excitement and joy when they see their dad?,13.12,Please state your answer with a brief explanation.,"Yes, the baby does react with excitement and joy when they see their dad. When the dad comes into view holding the baby, the baby looks up at the dad with a big smile and appears to be happy to see them.",https://www.youtube.com/shorts/C4l7rfjX49I,,,,
1020-7,C4l7rfjX49I,Multiple-choice Question with a Single Correct Answer,Character Emotion Attribute,"What is the baby's reaction when they see their dad?
A. Crying
B. Excitement and joy
C. Expressionless and looking away
D. Laughing",13.12,"E. None of the above
Select one best answer to the above multiple-choice question based on the video. Respond with only the letter (A, B, C, D or E) of the correct option.",C,https://www.youtube.com/shorts/C4l7rfjX49I,,,,
1023-0,m_H3uWi3_2o,Primary Open-ended Question,Character Emotion Attribute,What's the man's reaction after the first woman talked to him?,12.65,Please state your answer with a brief explanation.,"After the first woman said she was ""just looking,"" the man initially seemed a bit disappointed, but then he quickly recovered and smiled. This is because he was clearly excited to talk about art with gallery visitors.",https://www.youtube.com/shorts/m_H3uWi3_2o,,,,
1023-1,m_H3uWi3_2o,Paraphrased Open-ended Question,Character Emotion Attribute,How did the man respond after the first woman spoke to him?,12.65,Please state your answer with a brief explanation.,"After the first woman speaks to him, the man responds by saying, ""This artist is only 24 years old!"" followed by the woman saying, ""I'm just looking thank you."" 

The man seems eager to share information about the art and artists, and the woman politely declines his offer to talk.",https://www.youtube.com/shorts/m_H3uWi3_2o,,,,
1023-2,m_H3uWi3_2o,Correctly-led Open-ended Question,Character Emotion Attribute,Did the man show signs of frustration or disappointment after the first woman talked to him?,12.65,Please state your answer with a brief explanation.,"[00:00:03] Yes, the man looks slightly disappointed. He briefly looks down at the ground and adjusts his pants. He does not make eye contact with the woman.",https://www.youtube.com/shorts/m_H3uWi3_2o,,,,
1023-3,m_H3uWi3_2o,Wrongly-led Open-ended Question,Character Emotion Attribute,Did the man seem happy and excited after the first woman spoke to him?,12.65,Please state your answer with a brief explanation.,"The man did not seem happy or excited after the first woman spoke to him. He looked rather disappointed, given that the woman wanted to browse without assistance.",https://www.youtube.com/shorts/m_H3uWi3_2o,,,,
1023-7,m_H3uWi3_2o,Multiple-choice Question with a Single Correct Answer,Character Emotion Attribute,"What was the man's reaction after the first woman talked to him?
A. He was frustrated or disappointed.
B. He was indifferent.
C. He was excited and happy.
D. He was confused.",12.65,"E. None of the above
Select one best answer to the above multiple-choice question based on the video. Respond with only the letter (A, B, C, D or E) of the correct option.",A,https://www.youtube.com/shorts/m_H3uWi3_2o,,,,
1031-0,RbdWggNEZGw,Primary Open-ended Question,Character Emotion Attribute,What emotion is the man in a white shirt eating a banana experiencing in the video?,39.72,Please state your answer with a brief explanation.,"The man in a white shirt appears to be experiencing a progression of emotions, starting with confusion and surprise, then transitioning to disbelief, followed by a sense of comprehension. He then applauds a situation that he realizes is worthy of celebration.",https://www.youtube.com/shorts/RbdWggNEZGw,,,,
1031-1,RbdWggNEZGw,Paraphrased Open-ended Question,Character Emotion Attribute,What feeling is the man in the white shirt experiencing while eating a banana in the video?,39.72,Please state your answer with a brief explanation.,"The man in the white shirt is experiencing a mix of feelings, mainly surprise and disbelief. As the auctioneer announces the bidding increments and the increasingly high final price of the duct-taped banana art, the man’s expressions range from shocked surprise to utter bewilderment.",https://www.youtube.com/shorts/RbdWggNEZGw,,,,
1031-2,RbdWggNEZGw,Correctly-led Open-ended Question,Character Emotion Attribute,Is the man in the white shirt eating a banana feeling surprised and shocked by the banana auction?,39.72,Please state your answer with a brief explanation.,"Yes, the man appears to be both surprised and shocked by the banana auction. Throughout the clip, his facial expressions change from nonchalant to expressing disbelief and shock, mirroring the escalating bids for the taped banana art piece at the Sotheby's auction.",https://www.youtube.com/shorts/RbdWggNEZGw,,,,
1031-3,RbdWggNEZGw,Wrongly-led Open-ended Question,Character Emotion Attribute,Is the man in the white shirt eating a banana feeling calm and relaxed in the third scene?,39.72,Please state your answer with a brief explanation.,"Here is the answer to your question.

No, the man in the white shirt is not feeling calm and relaxed while eating the banana in the third scene. He looks shocked, curious, and generally on edge, as he reacts to the bidding and final sale of the banana art piece.",https://www.youtube.com/shorts/RbdWggNEZGw,,,,
1031-7,RbdWggNEZGw,Multiple-choice Question with a Single Correct Answer,Character Emotion Attribute,"What emotion is the man in the white shirt eating a banana experiencing?
A. Boredom
B. Relaxation
C. Surprise
D. Calm",39.72,"E. None of the above
Select one best answer to the above multiple-choice question based on the video. Respond with only the letter (A, B, C, D or E) of the correct option.",C,https://www.youtube.com/shorts/RbdWggNEZGw,,,,
1037-0,y-Ey4mW-BKs,Primary Open-ended Question,Character Motivation Causality,Why does the man make an OK gesture at the end of the video?,57.69,Please state your answer with a brief explanation.,"At the end of the video, the man is making an OK gesture to convey that despite the final drink turning out so messy, it still tastes good. This gesture is commonly used as a nonverbal sign to indicate that something is all right, perfect, or satisfactory.",https://www.youtube.com/shorts/y-Ey4mW-BKs,,,,
1037-1,y-Ey4mW-BKs,Paraphrased Open-ended Question,Character Motivation Causality,What is the reason the man makes an OK gesture at the conclusion of the video?,57.69,Please state your answer with a brief explanation.,"After comparing the ingredients he used with the ingredients she used, the man makes the okay gesture because he improved on the original recipe for a watermelon drink.",https://www.youtube.com/shorts/y-Ey4mW-BKs,,,,
1037-2,y-Ey4mW-BKs,Correctly-led Open-ended Question,Character Motivation Causality,Does the man make the OK gesture at the end of the video to mimic the blonde woman?,57.69,Please state your answer with a brief explanation.,"Yes, the man mimics the OK gesture made by the blonde woman at the end of the video. After drinking from the watermelon, the blonde woman gives the OK gesture with the word ""perfect,"" indicating that her drink is delicious. The man, also drinking from his watermelon, makes the same OK gesture and says ""perfect.""",https://www.youtube.com/shorts/y-Ey4mW-BKs,,,,
1037-3,y-Ey4mW-BKs,Wrongly-led Open-ended Question,Character Motivation Causality,Does the man make the OK gesture at the end of the video to show that the drink he made is satisfactory?,57.69,Please state your answer with a brief explanation.,"The person doesn't make an ""OK"" gesture to convey that the drink is satisfactory. Instead, the woman gives an ""OK"" sign to indicate the drink is satisfactory. Conversely, the man makes the same hand gesture as his arm falls after spitting out the drink, but to suggest the drink is disgusting.",https://www.youtube.com/shorts/y-Ey4mW-BKs,,,,
1037-7,y-Ey4mW-BKs,Multiple-choice Question with a Single Correct Answer,Character Motivation Causality,"Why does the man make an OK gesture at the end of the video?
A. To indicate the drink is satisfactory.
B. To express approval of the drink.
C. To imitate the blonde woman.
D. To show he enjoyed the drink.",57.69,"E. None of the above
Select one best answer to the above multiple-choice question based on the video. Respond with only the letter (A, B, C, D or E) of the correct option.",C.,https://www.youtube.com/shorts/y-Ey4mW-BKs,,,,
1044-0,gpeIf-lCeIQ,Primary Open-ended Question,Plot Attribute,What kind of psychological activity is going on in the person under the quilt at the end of the video?,21.23,Please state your answer with a brief explanation.,"The person under the quilt is exhibiting psychological activity related to altered consciousness: specifically, they are asleep. This is evidenced by their relaxed posture, closed eyes, and lack of responsiveness until the other person begins a game with the sound effect.",https://www.youtube.com/shorts/gpeIf-lCeIQ,,,,
1044-1,gpeIf-lCeIQ,Paraphrased Open-ended Question,Plot Attribute,What is the mental state of the person under the quilt at the end of the video?,21.23,Please state your answer with a brief explanation.,The person under the quilt is drowsy but also enjoying a game of a video game. He is lying down but quickly gets up to play the video game.,https://www.youtube.com/shorts/gpeIf-lCeIQ,,,,
1044-2,gpeIf-lCeIQ,Correctly-led Open-ended Question,Plot Attribute,Is the person under the quilt surprised and confused about what is happening?,21.23,Please state your answer with a brief explanation.,"Yes, at first the person under the quilt is sleeping. Then, his friend carefully places a controller and headphones on him without him waking up. He then proceeds to wake him up by firing a simulated explosive which leads to a playful gaming session.",https://www.youtube.com/shorts/gpeIf-lCeIQ,,,,
1044-3,gpeIf-lCeIQ,Wrongly-led Open-ended Question,Plot Attribute,Is the person under the quilt deeply engrossed in a video game?,21.23,Please state your answer with a brief explanation.,"No, the person under the quilt is asleep. The other person puts on headphones and a controller on them. The person wakes up and begins to play a video game with them.",https://www.youtube.com/shorts/gpeIf-lCeIQ,,,,
1044-7,gpeIf-lCeIQ,Multiple-choice Question with a Single Correct Answer,Plot Attribute,"What is the psychological state of the person under the quilt?
A. Deeply engrossed in a video game.
B. Surprised and confused.
C. Focused on the game.
D. Calm and relaxed.",21.23,"E. None of the above
Select one best answer to the above multiple-choice question based on the video. Respond with only the letter (A, B, C, D or E) of the correct option.",A.,https://www.youtube.com/shorts/gpeIf-lCeIQ,,,,
1045-0,uXvcjTHtZIs,Primary Open-ended Question,Character Motivation Causality,What is the reason why the person on the left of the video hugs the person wearing the tie-dye hoodie and then lets him go?,20.67,Please state your answer with a brief explanation.,"From what is shown in the video, the person on the left hugs the person wearing a tie-dye hoodie because the person wearing the tie-dye hoodie has had some stage blood splashed on their face from a trick that they were doing. The reason the person on the left lets go of him is because the person in the tie-dye hoodie seems to fall unconscious, and the person on the left seems surprised that this had happened.",https://www.youtube.com/shorts/uXvcjTHtZIs,,,,
1045-1,uXvcjTHtZIs,Paraphrased Open-ended Question,Character Motivation Causality,Why does the person on the left embrace the individual in the tie-dye hoodie and then release him?,20.67,Please state your answer with a brief explanation.,The individual on the left embraces the person in the tie-dye hoodie to comfort them after the person in the hoodie guessed correctly which cup the rubber band was in but then got splashed with red liquid.,https://www.youtube.com/shorts/uXvcjTHtZIs,,,,
1045-2,uXvcjTHtZIs,Correctly-led Open-ended Question,Character Motivation Causality,Did the person on the left hug the one in the tie-dye hoodie to prevent their mother from discovering that his brother fainted?,20.67,Please state your answer with a brief explanation.,"Based on the video, the person on the left appears to hug the one in the tie-dye hoodie after the hoodie person faints, to prevent the mother from discovering the fainting spell.",https://www.youtube.com/shorts/uXvcjTHtZIs,,,,
1045-3,uXvcjTHtZIs,Wrongly-led Open-ended Question,Character Motivation Causality,Was the hug between the person on the left and the one in the tie-dye hoodie a celebration of a successful magic trick?,20.67,Please state your answer with a brief explanation.,"The person in the tie-dye hoodie did not seem to appreciate the magic trick. The other person put an arm around the one in the tie-dye hoodie and asked if everything was alright, but the one in the tie-dye hoodie slumped over on the table.",https://www.youtube.com/shorts/uXvcjTHtZIs,,,,
1045-7,uXvcjTHtZIs,Multiple-choice Question with a Single Correct Answer,Character Motivation Causality,"Why did the person on the left hug the one in the tie-dye hoodie?
A. To prevent their mother from finding out about the fainting.
B. As a spontaneous expression of joy.
C. They were celebrating a magic trick.
D. Because they were impressed by a trick.",20.67,"E. None of the above
Select one best answer to the above multiple-choice question based on the video. Respond with only the letter (A, B, C, D or E) of the correct option.",A.,https://www.youtube.com/shorts/uXvcjTHtZIs,,,,
1046-0,X31PraTwwnE,Primary Open-ended Question,Character Motivation Causality,How come the person wearing the black hat in the video suddenly threw the person in the gray T-shirt into the swimming pool?,22.91,Please state your answer with a brief explanation.,"Sure! Based on the video, the person in the gray T-shirt was thrown into the pool as a playful act. The person wearing the black hat may be playing around with his friends. He first threw another person into the pool, and then as the man in gray approached him, they started hugging each other, before the former threw the latter into the pool.",https://www.youtube.com/shorts/X31PraTwwnE,,,,
1046-1,X31PraTwwnE,Paraphrased Open-ended Question,Character Motivation Causality,What prompted the person in the black hat to toss the individual in the gray T-shirt into the pool?,22.91,Please state your answer with a brief explanation.,"Sure, I can describe the situation.

The individual in the black hat tossed the other man into the pool after the man in the black hat attempted to run away. After being briefly caught, the man in the black hat attempted to wrestle with the other man before the man in the black hat threw him into the pool.",https://www.youtube.com/shorts/X31PraTwwnE,,,,
1046-2,X31PraTwwnE,Correctly-led Open-ended Question,Character Motivation Causality,Did the person in the black hat throw the person in the gray T-shirt into the pool because they were pushed in earlier by the same person?,22.91,Please state your answer with a brief explanation.,"Here's the answer to your question.

Yes, the person in the black hat threw the person in the gray T-shirt into the pool in retaliation for being pushed into the pool earlier by him.",https://www.youtube.com/shorts/X31PraTwwnE,,,,
1046-3,X31PraTwwnE,Wrongly-led Open-ended Question,Character Motivation Causality,Was the reason the person in the black hat threw the person in the gray T-shirt into the pool because it was a prank?,22.91,Please state your answer with a brief explanation.,"No, based on the video, the action was not a prank. The person in the black hat was thrown into the pool because he initiated a prank first, which the person in the gray T-shirt took exception to.",https://www.youtube.com/shorts/X31PraTwwnE,,,,
1046-7,X31PraTwwnE,Multiple-choice Question with a Single Correct Answer,Character Motivation Causality,"Why did the person in the black hat throw the person in the gray T-shirt into the pool?
A. It was a prank.
B. They wanted to start a fight.
C. They believed the person in the gray T-shirt had pushed them in earlier.
D. They were angry.",22.91,"E. None of the above
Select one best answer to the above multiple-choice question based on the video. Respond with only the letter (A, B, C, D or E) of the correct option.",C,https://www.youtube.com/shorts/X31PraTwwnE,,,,
1049-0,3krczYGxVjE,Primary Open-ended Question,Local Event Attribute,What does the person who hits the dog with a slipper while looking at his phone want to express?,36.73,Please state your answer with a brief explanation.,"The person appears to be making a joke or providing social commentary about what people might do when they are completely absorbed by their phone. The joke seems to be that the dog got hit because the person was absorbed in their phone. 

The second clip references the first as a point of commentary. The point is that it's silly to hit a dog, but a lot of people are doing it.",https://www.youtube.com/shorts/3krczYGxVjE,,,,
1049-1,3krczYGxVjE,Paraphrased Open-ended Question,Local Event Attribute,What is the intention behind the person hitting the dog with a slipper while using their phone?,36.73,Please state your answer with a brief explanation.,"It appears the video is being used as comedic relief to depict what appears to be a poorly trained German Shepard that jumped into the bed of the sleeping man with the white sheets and a comedic result. This is because it contrasts the first video of the German Shepard being hit with a sandal, where the person is watching the incident on their phone. The second part of the video then shows Khaby Lame shooting the man in the bed.",https://www.youtube.com/shorts/3krczYGxVjE,,,,
1049-2,3krczYGxVjE,Correctly-led Open-ended Question,Local Event Attribute,Did the person hit the dog with a slipper to get it to turn off the lights?,36.73,Please state your answer with a brief explanation.,"No, the person did not hit the dog with a slipper to turn off the lights. It appears in the first part of the video that the dog turns off the lights. The man in the second part of the video used a toy bow and arrow to turn off the lights.",https://www.youtube.com/shorts/3krczYGxVjE,,,,
1049-3,3krczYGxVjE,Wrongly-led Open-ended Question,Local Event Attribute,Was the person expressing frustration or annoyance by hitting the dog with a slipper?,36.73,Please state your answer with a brief explanation.,"No, the person in the original video appeared to be expressing playful annoyance rather than actual frustration or anger. They hit the dog very lightly with the slipper, seemingly to get it off the bed but not with any intent to harm or punish it.",https://www.youtube.com/shorts/3krczYGxVjE,,,,
1049-7,3krczYGxVjE,Multiple-choice Question with a Single Correct Answer,Local Event Attribute,"What was the person trying to achieve by hitting the dog with a slipper?
A. Disciplining the dog
B. Getting the dog to turn off the lights
C. Expressing frustration
D. Distracting the dog",36.73,"E. None of the above
Select one best answer to the above multiple-choice question based on the video. Respond with only the letter (A, B, C, D or E) of the correct option.",A,https://www.youtube.com/shorts/3krczYGxVjE,,,,
1051-0,NK6UDnyZf4g,Primary Open-ended Question,Character Motivation Causality,What does the man in black in the video want to express when he bites his hand when he takes a photo?,12.08,Please state your answer with a brief explanation.,"The man in black bites his hand to show that he is holding back tears. This is often done when one is feeling strong emotions such as happiness, sadness or sentimentality. The video shows the man with his 95-year-old grandfather, followed by an older photo of the man when he was a child with his father. This indicates that the man is feeling sentimental.",https://www.youtube.com/shorts/NK6UDnyZf4g,,,,
1051-1,NK6UDnyZf4g,Paraphrased Open-ended Question,Character Motivation Causality,What is the man in black trying to convey by biting his hand in the photo?,12.08,Please state your answer with a brief explanation.,"The man in black bites his hand as he is smiling, likely indicating that he is trying not to cry because he is happy.",https://www.youtube.com/shorts/NK6UDnyZf4g,,,,
1051-2,NK6UDnyZf4g,Correctly-led Open-ended Question,Character Motivation Causality,Is the man in black mimicking his childhood actions in the photo by biting his hand?,12.08,Please state your answer with a brief explanation.,"Yes, the man in black is mimicking his childhood actions in the photo by biting his hand. The video shows him sitting on his grandfather's lap and biting his hand, then transitions to a photo of him as a child biting his hand while sitting on his father's lap.",https://www.youtube.com/shorts/NK6UDnyZf4g,,,,
1051-3,NK6UDnyZf4g,Wrongly-led Open-ended Question,Character Motivation Causality,Is the man in black expressing nostalgia or sentimentality by biting his hand in the photo?,12.08,Please state your answer with a brief explanation.,"The man in black is expressing sentimentality in the video, not nostalgia. Sentimentality is defined as excessive tenderness, sadness, or nostalgia. In this video, we see the man in black sitting with his 95-year-old grandfather, and he is holding him like he would a child. You can see a photo from when the grandfather held his grandson as a child, which shows that he is expressing excessive tenderness.",https://www.youtube.com/shorts/NK6UDnyZf4g,,,,
1051-7,NK6UDnyZf4g,Multiple-choice Question with a Single Correct Answer,Character Motivation Causality,"What is the man in black expressing by biting his hand in the photo?
A. Nostalgia
B. Holding back emotions
C. Mimicking childhood actions
D. Sentimentality",12.08,"E. None of the above
Select one best answer to the above multiple-choice question based on the video. Respond with only the letter (A, B, C, D or E) of the correct option.",B,https://www.youtube.com/shorts/NK6UDnyZf4g,,,,
1053-0,cSzVOc6h_Us,Primary Open-ended Question,Character Motivation Causality,What does this man in the black T-shirt want to express by raising his black hat?,15.15,Please state your answer with a brief explanation.,"Based on the video, the man in the black t-shirt likely lifted his hat to say ""hello"" or ""hi"" to the person who walked past. It is a common gesture for casual greetings or acknowledging someone's presence.",https://www.youtube.com/shorts/cSzVOc6h_Us,,,,
1053-1,cSzVOc6h_Us,Paraphrased Open-ended Question,Character Motivation Causality,What is the man in the black T-shirt trying to convey by lifting his black hat?,15.15,Please state your answer with a brief explanation.,"Based on the video, it's difficult to determine the exact intention behind the man lifting his hat without more context. However, typically lifting a hat can be a gesture of politeness or respect.",https://www.youtube.com/shorts/cSzVOc6h_Us,,,,
1053-2,cSzVOc6h_Us,Correctly-led Open-ended Question,Character Motivation Causality,Is the man in the black T-shirt raising his hat to make it seem like the middle seat is occupied?,15.15,Please state your answer with a brief explanation.,"Here is the response to your query.

No, the man in the black T-shirt is not trying to make it seem like the middle seat is occupied. It's another man in a jacket attempting to sit in the middle seat as a joke.",https://www.youtube.com/shorts/cSzVOc6h_Us,,,,
1053-3,cSzVOc6h_Us,Wrongly-led Open-ended Question,Character Motivation Causality,Is the man in the black T-shirt raising his hat to greet someone or acknowledge their presence?,15.15,Please state your answer with a brief explanation.,The man in the black T-shirt is not raising his hat in this video. He is sitting next to a man wearing a baseball cap.,https://www.youtube.com/shorts/cSzVOc6h_Us,,,,
1053-7,cSzVOc6h_Us,Multiple-choice Question with a Single Correct Answer,Character Motivation Causality,"Why did the man in the black T-shirt raise his hat?
A. To pretend the seat was occupied.
B. To show respect.
C. To adjust his hat.
D. To greet someone.",15.15,"E. None of the above
Select one best answer to the above multiple-choice question based on the video. Respond with only the letter (A, B, C, D or E) of the correct option.",E,https://www.youtube.com/shorts/cSzVOc6h_Us,,,,
1055-0,7Xofsx0XAaM,Primary Open-ended Question,Plot Attribute,What is the enlightenment value of this video?,14.19,Please state your answer with a brief explanation.,"The video serves as a cautionary tale about the dangers of online challenges and the potential consequences of reckless behavior, which causes harm.",https://www.youtube.com/shorts/7Xofsx0XAaM,,,,
1055-1,7Xofsx0XAaM,Paraphrased Open-ended Question,Plot Attribute,What is the educational or insightful takeaway from this video?,14.19,Please state your answer with a brief explanation.,"The video highlights the importance of being cautious and responsible when engaging in practical jokes, especially those involving potential harm to others. In this instance, a person seemingly pours ketchup in a blender, only for it to explode and hit another person in the face. This results in the person needing medical attention and a guilty reaction from the practical joker.",https://www.youtube.com/shorts/7Xofsx0XAaM,,,,
1055-2,7Xofsx0XAaM,Correctly-led Open-ended Question,Plot Attribute,Does the video have a high enlightenment value due to its humorous depiction of a prank?,14.19,Please state your answer with a brief explanation.,"The video likely doesn't have high enlightenment value. Although it may be humorous to some, the prank involves potentially hurting someone and then feeling remorse.",https://www.youtube.com/shorts/7Xofsx0XAaM,,,,
1055-3,7Xofsx0XAaM,Wrongly-led Open-ended Question,Plot Attribute,Is the enlightenment value of this video low because it mainly shows a messy prank with ketchup?,14.19,Please state your answer with a brief explanation.,"Yes, the enlightenment value of the video is low. It primarily depicts a messy prank involving ketchup, which is unlikely to offer any educational, philosophical, or insightful content that would contribute to one's understanding or personal growth.",https://www.youtube.com/shorts/7Xofsx0XAaM,,,,
1055-7,7Xofsx0XAaM,Multiple-choice Question with a Single Correct Answer,Plot Attribute,"What is the enlightenment value of the video?
A. High, because it provides insightful content.
B. Low, because it focuses on educational content.
C. High, because it humorously depicts a prank that scares a girl.
D. Low, because it shows a messy prank with ketchup.",14.19,"E. None of the above
Select one best answer to the above multiple-choice question based on the video. Respond with only the letter (A, B, C, D or E) of the correct option.",D.,https://www.youtube.com/shorts/7Xofsx0XAaM,,,,
1064-0,UKieuClPKvI,Primary Open-ended Question,Character Reaction Causality,Why is the man so surprised at the end of the video?,41.71,Please state your answer with a brief explanation.,The man is surprised at the end of the video because the firecracker he lit was much larger than he anticipated.,https://www.youtube.com/shorts/UKieuClPKvI,,,,
1064-1,UKieuClPKvI,Paraphrased Open-ended Question,Character Reaction Causality,What causes the man's surprise at the conclusion of the video?,41.71,Please state your answer with a brief explanation.,"At the end of the video, the man appears surprised because the FDV Bomb firework turns out to be much bigger and more powerful than he initially expected. The explosion of the firework creates a large cloud of smoke and sparks, leading to his surprised reaction.",https://www.youtube.com/shorts/UKieuClPKvI,,,,
1064-2,UKieuClPKvI,Correctly-led Open-ended Question,Character Reaction Causality,Is the man surprised because he ends up back at the bomb site after running a long distance?,41.71,Please state your answer with a brief explanation.,"Yes, the man is surprised to end up back at the bomb site. After lighting the firework, he runs through the village, across fields, and back to the building where he started, and then it immediately explodes, indicating he had not moved far enough away.",https://www.youtube.com/shorts/UKieuClPKvI,,,,
1064-3,UKieuClPKvI,Wrongly-led Open-ended Question,Character Reaction Causality,Is the man surprised because the firework he lit exploded unexpectedly?,41.71,Please state your answer with a brief explanation.,"Yes, the man appears surprised when the firework he lit explodes. You can see this because of his eyes widening and mouth gaping open after it ignites.",https://www.youtube.com/shorts/UKieuClPKvI,,,,
1064-7,UKieuClPKvI,Multiple-choice Question with a Single Correct Answer,Character Reaction Causality,"Why is the man surprised at the end of the video?
A. He forgot to light the fuse.
B. The firework exploded unexpectedly.
C. He returned to the bomb site after running a long way.
D. The bomb didn't explode.",41.71,"E. None of the above
Select one best answer to the above multiple-choice question based on the video. Respond with only the letter (A, B, C, D or E) of the correct option.",B.,https://www.youtube.com/shorts/UKieuClPKvI,,,,
1075-0,GfygSdVWewQ,Primary Open-ended Question,Plot Attribute (Montage),Why does the video splice together shots of this ordinary man and Spider-Man?,60.61,Please state your answer with a brief explanation.,Of course! The video splices together shots of Peter Parker and Spider-Man because they are the same person. Peter Parker is Spider-Man's alter ego.,https://www.youtube.com/shorts/GfygSdVWewQ,,,,
1075-1,GfygSdVWewQ,Paraphrased Open-ended Question,Plot Attribute (Montage),What is the purpose of splicing together shots of this ordinary man and Spider-Man in the video?,60.61,Please state your answer with a brief explanation.,"The purpose of splicing together shots of Peter Parker and Spider-Man in this video is to show the duality of the same person. This shows Peter Parker's difficult decisions as Spider-Man, juxtaposed to his life as an ordinary man.",https://www.youtube.com/shorts/GfygSdVWewQ,,,,
1075-2,GfygSdVWewQ,Correctly-led Open-ended Question,Plot Attribute (Montage),Does the video splice shots of the ordinary man and Spider-Man to highlight the exclusion of ordinary people compared to the hero identity of Spider-Man?,60.61,Please state your answer with a brief explanation.,"Yes, the video does splice shots of Peter Parker, the ordinary man, with shots of him as Spider-Man. The splice of the scenes that show Peter Parker being humiliated and neglected compared to the Spider-Man shots that show the glory of a hero, highlight how Peter Parker feels excluded and less important than his hero counterpart.",https://www.youtube.com/shorts/GfygSdVWewQ,,,,
1075-3,GfygSdVWewQ,Wrongly-led Open-ended Question,Plot Attribute (Montage),Is the video simply splicing together shots of an ordinary person and Spider-Man just to suggest that they are the same person?,60.61,Please state your answer with a brief explanation.,"No, the video is not simply splicing together shots of an ordinary person and Spider-Man. All of the shots in the video feature Tobey Maguire, the actor who played Spider-Man/Peter Parker in the first Spider-Man trilogy.",https://www.youtube.com/shorts/GfygSdVWewQ,,,,
1075-7,GfygSdVWewQ,Multiple-choice Question with a Single Correct Answer,Plot Attribute (Montage),"Why does the video splice together shots of the ordinary man and Spider-Man?
A. To compare the exclusion of ordinary people with Spider-Man's hero identity.
B. To highlight Peter Parker's personal life.
C. To emphasize Spider-Man's powers.
D. To show Peter Parker's dual identity.",60.61,"E. None of the above
Select one best answer to the above multiple-choice question based on the video. Respond with only the letter (A, B, C, D or E) of the correct option.",D,https://www.youtube.com/shorts/GfygSdVWewQ,,,,
1080-0,LD8Br6QMZqg,Primary Open-ended Question,Character Motivation Causality,Why does the man peel the carrot and seems amazed?,44.61,Please state your answer with a brief explanation.,"Sure thing! Here's the answer to your question.

The man seems amazed because someone made a homemade carrot peeler from a spoon. This shows that a simple and useful kitchen tool can be made at home. When the man peels the carrot with the spoon, it works very well, which surprises him. The video is implying there are easier ways to peel carrots, so why go through all the effort?",https://youtube.com/shorts/LD8Br6QMZqg,,,,
1080-1,LD8Br6QMZqg,Paraphrased Open-ended Question,Character Motivation Causality,The reason why this man peels the carrot and appears amazed is？,44.61,Please state your answer with a brief explanation.,"The reason why the man is amazed is because he can successfully peel a carrot with a modified spoon. In the beginning of the video, a regular spoon is clamped in a vise, and its head is cut with a circular saw, leaving a slit in the middle. This modification turns the spoon into a functional peeler. The man is surprised at how effective this unconventional tool is for peeling the carrot.",https://youtube.com/shorts/LD8Br6QMZqg,,,,
1080-2,LD8Br6QMZqg,Correctly-led Open-ended Question,Character Motivation Causality,Is the man peeling the carrot and feeling amazed because he doesn't understand why the previous person had to go through so much trouble to peel it?,44.61,Please state your answer with a brief explanation.,"That is correct. Based on the video, a person is demonstrating how one could create a tool out of a spoon to peel a carrot. Another person notices this demonstration and then peels the carrot with a normal peeler, emphasizing how much effort it was for the previous person to prepare the new tool and peel the carrot with it.",https://youtube.com/shorts/LD8Br6QMZqg,,,,
1080-3,LD8Br6QMZqg,Wrongly-led Open-ended Question,Character Motivation Causality,Did the man peel the carrots and feel surprised because another person had actually made a usable carrot peeler out of a spoon?,44.61,Please state your answer with a brief explanation.,"Yes, the man did peel the carrots and was surprised that another person had actually made a carrot peeler out of a spoon. At the beginning of the video, the spoon is ground down and made into a carrot peeler. A person then peels a carrot with the device. At the end of the video, another man is shown attempting to peel a carrot with a peeler, but instead uses the spoon peeler, with a surprised expression.",https://youtube.com/shorts/LD8Br6QMZqg,,,,
1080-7,LD8Br6QMZqg,Multiple-choice Question with a Single Correct Answer,Character Motivation Causality,"Why does the man seem amazed while peeling the carrot?
A. He is using a new vegetable peeler.
B. He is peeling the carrot with his hands.
C. He doesn't understand why the other person had to go through so much trouble to peel the carrot.
D. He is using a sharpened spoon.",44.61,"E. None of the above
Select one best answer to the above multiple-choice question based on the video. Respond with only the letter (A, B, C, D or E) of the correct option.",C,https://youtube.com/shorts/LD8Br6QMZqg,,,,
1081-0,erlagkVhNDI,Primary Open-ended Question,Element Attributes,What does the little green brick represent?,31.49,Please state your answer with a brief explanation.,The little green brick in the Lego box represents the mouthwash that the person uses to rinse out their mouth. The mouthwash is dispensed into the Lego box and then shaken around to clean the mouth.,https://youtube.com/shorts/erlagkVhNDI,,,,
1081-1,erlagkVhNDI,Paraphrased Open-ended Question,Element Attributes,What is the significance of the small green brick in the video?,31.49,Please state your answer with a brief explanation.,Certainly! The small green bricks represent mouthwash. It is used as part of the Lego brick monster's oral hygiene routine.,https://youtube.com/shorts/erlagkVhNDI,,,,
1081-2,erlagkVhNDI,Correctly-led Open-ended Question,Element Attributes,Does the little green brick in the video represent mouthwash used in the teeth cleaning demonstration?,31.49,Please state your answer with a brief explanation.,"Yes, the little green bricks do represent mouthwash in the video. The person in the video can be heard describing how the little green bricks are mouthwash, and they are added to the Lego mouth to “swish that around and spit”.",https://youtube.com/shorts/erlagkVhNDI,,,,
1081-3,erlagkVhNDI,Wrongly-led Open-ended Question,Element Attributes,Does the little green brick in the video represent grass?,31.49,Please state your answer with a brief explanation.,"Sure, I can answer that question for you.

Yes, the little green brick in the video represents mouthwash. This is because the green brick is poured into the mouth of the Lego structure, and then it is shaken around. This is meant to mimic the use of mouthwash.",https://youtube.com/shorts/erlagkVhNDI,,,,
1081-7,erlagkVhNDI,Multiple-choice Question with a Single Correct Answer,Element Attributes,"What does the little green brick represent in the video?
A. A Lego piece for building
B. A part of a monster-like box
C. Mouthwash
D. Grass",31.49,"E. None of the above
Select one best answer to the above multiple-choice question based on the video. Respond with only the letter (A, B, C, D or E) of the correct option.",C.,https://youtube.com/shorts/erlagkVhNDI,,,,
1087-0,v93w7cXDNC0,Primary Open-ended Question,Displacement Attribute,"In which direction is the circle on the left, from the camera perspective moving?",15.12,Please state your answer with a brief explanation.,"From the camera's perspective, the circle on the left appears to be moving to the left. As the video indicates, if you put your finger over the arrow, you will see that the circle isn't moving at all.",https://www.youtube.com/shorts/v93w7cXDNC0,,,,
1087-1,v93w7cXDNC0,Paraphrased Open-ended Question,Displacement Attribute,What is the movement direction of the circle on the left from the camera's viewpoint?,15.12,Please state your answer with a brief explanation.,"From the camera's viewpoint, the circle on the left appears to move counterclockwise. As the video explains, the circles aren't actually moving, and it's just an optical illusion.",https://www.youtube.com/shorts/v93w7cXDNC0,,,,
1087-2,v93w7cXDNC0,Correctly-led Open-ended Question,Displacement Attribute,"Is it true that the circle on the left does not actually move, despite appearing to shift due to the arrow's direction?",15.12,Please state your answer with a brief explanation.,"Yes, it is true that the circle on the left does not actually move. The direction of the arrow within the circle creates an optical illusion that makes it appear as though the circle is rotating.",https://www.youtube.com/shorts/v93w7cXDNC0,,,,
1087-3,v93w7cXDNC0,Wrongly-led Open-ended Question,Displacement Attribute,Dose the circle on the left move in the direction indicated by the arrow inside it?,15.12,Please state your answer with a brief explanation.,"Okay, here's the answer to your question.

The presenter in the video states that the circles appear to be moving in the direction the arrows are pointing, but they are not moving at all. He says your brain is just tricked into thinking they are moving.",https://www.youtube.com/shorts/v93w7cXDNC0,,,,
1087-7,v93w7cXDNC0,Multiple-choice Question with a Single Correct Answer,Displacement Attribute,"What is the actual movement of the circle on the left?
A. It moves to the right.
B. It moves up and down.
C. It does not move.
D. It moves to the left.",15.12,"E. None of the above
Select one best answer to the above multiple-choice question based on the video. Respond with only the letter (A, B, C, D or E) of the correct option.",C,https://www.youtube.com/shorts/v93w7cXDNC0,,,,
1090-0,myeDvP4Tz4E,Primary Open-ended Question,Element Attributes (Optical Illusion),What does the person's painting on the ground look like from the perspective of a group of sheep in the video?,35.74,Please state your answer with a brief explanation.,"Here's an answer to your question: From the perspective of the sheep, the person's painting looks like a barrier or trench in the road. Most of the sheep attempt to walk around the painted area, suggesting they perceive it as an obstacle.",https://www.youtube.com/shorts/myeDvP4Tz4E,,,,
1090-1,myeDvP4Tz4E,Paraphrased Open-ended Question,Element Attributes (Optical Illusion),How does the painting on the ground appear to the sheep in the video?,35.74,Please state your answer with a brief explanation.,"Here is the information you requested:
Based on the video, the painting appeared to create an obstacle for the sheep. They were hesitant to cross it and instead chose to walk around it, as they seemed to perceive it as an actual barrier.",https://www.youtube.com/shorts/myeDvP4Tz4E,,,,
1090-2,myeDvP4Tz4E,Correctly-led Open-ended Question,Element Attributes (Optical Illusion),Does the painting on the ground look like a broken bridge to the sheep?,35.74,Please state your answer with a brief explanation.,"Here's the answer to your question:

Yes, based on the video, the sheep seem to perceive the painted area as a possible barrier. They can be seen hesitating before trying to go around the sides of it.",https://www.youtube.com/shorts/myeDvP4Tz4E,,,,
1090-3,myeDvP4Tz4E,Wrongly-led Open-ended Question,Element Attributes (Optical Illusion),Dose the painting on the ground appears to the sheep like a large puddle?,35.74,Please state your answer with a brief explanation.,"Okay, I can answer that for you. Yes, the painting on the ground appears to the sheep as a large puddle. This is because the painting creates an optical illusion that makes the road look like it has an actual obstruction, causing the sheep to avoid the painted area.",https://www.youtube.com/shorts/myeDvP4Tz4E,,,,
1090-7,myeDvP4Tz4E,Multiple-choice Question with a Single Correct Answer,Element Attributes (Optical Illusion),"What does the painting on the ground look like to the sheep?
A. A solid wall
B. A broken bridge
C. A tunnel
D. A raised platform",35.74,"E. None of the above
Select one best answer to the above multiple-choice question based on the video. Respond with only the letter (A, B, C, D or E) of the correct option.",A,https://www.youtube.com/shorts/myeDvP4Tz4E,,,,
1091-0,1BW-MQMdTRQ,Primary Open-ended Question,Element Attributes (Optical Illusion),"Based on dual perception, how many people can be identified in the last video?",14.77,Please state your answer with a brief explanation.,"Certainly! Let's analyze how many faces can be identified in the image based on dual perception.

**Answer:** 3 faces.

**Explanation:**

*   The most obvious faces are those of the **woman reading on the bench** and the **man standing behind her** in the hood.
*   However, if you observe the negative space created by the trees, a third face can be identified. The trees to the left of the arch create the profile of a **woman with a pronounced nose**.",https://www.youtube.com/shorts/1BW-MQMdTRQ,,,,
1091-1,1BW-MQMdTRQ,Paraphrased Open-ended Question,Element Attributes (Optical Illusion),"How many individuals are visible in the final segment of the video, and can you describe them?",14.77,Please state your answer with a brief explanation.,"Okay, I can help you with that! Here's the breakdown of the people visible in the image:

There are three individuals in the painting. 
1.  A woman with long blonde hair sitting on a bench. She is wearing a white dress and reading a book.
2.  An older man with a long beard and a dark robe, holding a book and standing beside the bench.
3.  A person near the house in the distance.",https://www.youtube.com/shorts/1BW-MQMdTRQ,,,,
1091-2,1BW-MQMdTRQ,Correctly-led Open-ended Question,Element Attributes (Optical Illusion),"Can you confirm if there are three people visible in the last video, including a person sitting on a bench reading a book, another person standing behind her wearing dark clothing, and a man dressed in pink with a hat standing next to the man in dark clothing?",14.77,Please state your answer with a brief explanation.,"Yes, that's correct. There is a person sitting on a bench reading a book, another person in dark clothing standing behind her, and a man dressed in pink with a hat is visible further away on a pathway. The man dressed in pink with a hat appears to be standing behind the man in dark clothing.",https://www.youtube.com/shorts/1BW-MQMdTRQ,,,,
1091-3,1BW-MQMdTRQ,Wrongly-led Open-ended Question,Element Attributes (Optical Illusion),"Is it true that only two people can be identified in the last video, one sitting and one standing behind?",14.77,Please state your answer with a brief explanation.,"No, that is incorrect. There are three people in the video: a woman sitting, a man standing behind her, and a woman in the background walking.",https://www.youtube.com/shorts/1BW-MQMdTRQ,,,,
1091-7,1BW-MQMdTRQ,Multiple-choice Question with a Single Correct Answer,Element Attributes (Optical Illusion),"How many people can be identified in the last video?
A. One
B. Three
C. Four
D. Two",14.77,"E. None of the above
Select one best answer to the above multiple-choice question based on the video. Respond with only the letter (A, B, C, D or E) of the correct option.",B,https://www.youtube.com/shorts/1BW-MQMdTRQ,,,,
1095-0,O3DoSbaw4E0,Primary Open-ended Question,Objective Causality (Videography Phenomenon & Illusion),What does the person in the upper left corner do by throwing a small stone into the keg?,8.66,Please state your answer with a brief explanation.,The person in the upper left corner throws a small stone into the keg as part of an orchestrated trick. It seems the small stone is there for a chain reaction trick to happen in the end.,https://www.youtube.com/shorts/O3DoSbaw4E0,,,,
1095-1,O3DoSbaw4E0,Paraphrased Open-ended Question,Objective Causality (Videography Phenomenon & Illusion),What was the reason for the person in the upper left corner threw a small stone into the keg?,8.66,Please state your answer with a brief explanation.,The person in the upper left corner is throwing small stones into the keg. It is likely that he is adding weight to the keg so it will be more difficult to tip over after the other person jumps into the keg.,https://www.youtube.com/shorts/O3DoSbaw4E0,,,,
1095-2,O3DoSbaw4E0,Correctly-led Open-ended Question,Objective Causality (Videography Phenomenon & Illusion),Dose the person in the upper left corner threw a small stone into the keg to create a visual effect in the edited video where it looks like someone jumping into the water and splashing?,8.66,Please state your answer with a brief explanation.,"Yes, that is correct. In clip 1, the person appears to be throwing a small stone (or perhaps a small amount of water) into the bucket of water. This creates a splash effect that is then edited into the final result to mimic the appearance of someone jumping into the water.",https://www.youtube.com/shorts/O3DoSbaw4E0,,,,
1095-3,O3DoSbaw4E0,Wrongly-led Open-ended Question,Objective Causality (Videography Phenomenon & Illusion),Does the person in the upper left corner cause someone to appear inside the keg by throwing a small stone?,8.66,Please state your answer with a brief explanation.,"No, the person in the upper left corner does not cause someone to appear inside the keg by throwing a small stone. The video is an edited gag with three separate clips and a final result. Each clip of the video features the same person. One clip features someone on the train tracks throwing something into a keg with water in it, and a separate clip features a person on the tracks washing their hair. The ""final result"" clip makes it seem as if when someone throws a stone into the keg, the other person magically appears in the keg.",https://www.youtube.com/shorts/O3DoSbaw4E0,,,,
1095-7,O3DoSbaw4E0,Multiple-choice Question with a Single Correct Answer,Objective Causality (Videography Phenomenon & Illusion),"What happens when the person in the upper left corner throws a small stone into the keg?
A. It causes the keg to overflow.
B. It makes the keg disappear.
C. It causes someone to appear inside the keg.
D. It creates a visual effect with a splash of liquid.",8.66,"E. None of the above
Select one best answer to the above multiple-choice question based on the video. Respond with only the letter (A, B, C, D or E) of the correct option.",C,https://www.youtube.com/shorts/O3DoSbaw4E0,,,,
1101-0,budZcalJRO8,Primary Open-ended Question,Character Motivation Causality,"During the shoot, why did the man gradually submerge the piece of paper under water?",10.3,Please state your answer with a brief explanation.,"The man gradually submerged the piece of paper, which was a flat cutout of the goddess Durga riding a lion, to give the impression that the goddess was floating serenely on the water.",https://www.youtube.com/shorts/budZcalJRO8,,,,
1101-1,budZcalJRO8,Paraphrased Open-ended Question,Character Motivation Causality,What was the reason for the man to slowly dip the piece of paper into the water during the shoot?,10.3,Please state your answer with a brief explanation.,"The man slowly dipped the paper into the water to create the illusion that the paper cutout of Durga Maa was floating on the water, enhancing the visual effect for the shoot.",https://www.youtube.com/shorts/budZcalJRO8,,,,
1101-2,budZcalJRO8,Correctly-led Open-ended Question,Character Motivation Causality,Did the man submerge the paper gradually to create an effect of it emerging from the water in the final video?,10.3,Please state your answer with a brief explanation.,"Yes, the man gradually submerged the paper so that it appears to rise up from the water in the final video.",https://www.youtube.com/shorts/budZcalJRO8,,,,
1101-3,budZcalJRO8,Wrongly-led Open-ended Question,Character Motivation Causality,Was the purpose of slowly submerging the paper into the water to make it completely wet?,10.3,Please state your answer with a brief explanation.,The purpose of slowly submerging the paper into the water was likely to make it completely wet. This would help the image to adhere to the water's surface and create a more visually appealing effect for the video.,https://www.youtube.com/shorts/budZcalJRO8,,,,
1101-7,budZcalJRO8,Multiple-choice Question with a Single Correct Answer,Character Motivation Causality,"Why did the man gradually submerge the piece of paper under water?
A. To create a visual effect of the paper emerging from the water.
B. To ensure a controlled transition.
C. To maintain the integrity of the image on the paper.
D. To make the paper completely wet.",10.3,"E. None of the above
Select one best answer to the above multiple-choice question based on the video. Respond with only the letter (A, B, C, D or E) of the correct option.","Based on the video, the best answer is: A.",https://www.youtube.com/shorts/budZcalJRO8,,,,
1111-0,CTYUD-TtBPA,Primary Open-ended Question,Element Localization,Who decided to sit down after standing up instead of joining the dance?,16.38,Please state your answer with a brief explanation.,The man in the brown hoodie initially tried a breakdance move before sitting down but got up again to dance with the ladies.,https://www.youtube.com/shorts/CTYUD-TtBPA,,,,
1111-1,CTYUD-TtBPA,Paraphrased Open-ended Question,Element Localization,Who chose to sit back down after initially standing up instead of participating in the dance?,16.38,Please state your answer with a brief explanation.,"The lady wearing a red sari initially stood up and stepped forward to join the dancing, but then decided against it and sat back down. The lady did get the chance to dance with the person in the hoodie before sitting down again.",https://www.youtube.com/shorts/CTYUD-TtBPA,,,,
1111-2,CTYUD-TtBPA,Correctly-led Open-ended Question,Element Localization,Was it the woman in the brown and red sari who decided to sit down after standing up instead of joining the dance?,16.38,Please state your answer with a brief explanation.,"No, it was not the woman in the brown and red sari who sat back down. It was the woman in the green sari, third from the left.",https://www.youtube.com/shorts/CTYUD-TtBPA,,,,
1111-3,CTYUD-TtBPA,Wrongly-led Open-ended Question,Element Localization,Was it the man in the white shirt who decided to sit down after standing up instead of joining the dance?,16.38,Please state your answer with a brief explanation.,"No, it was not the man in the white shirt. The man in the white shirt was sitting down already. After standing up, the man in the brown hoodie joined in the dancing.",https://www.youtube.com/shorts/CTYUD-TtBPA,,,,
1111-7,CTYUD-TtBPA,Multiple-choice Question with a Single Correct Answer,Element Localization,"Who decided to sit down after standing up instead of joining the dance?
A. The man in the white shirt
B. The woman in the green sari
C. The man in the blue shirt
D. The woman in the brown and red sari",16.38,"E. None of the above
Select one best answer to the above multiple-choice question based on the video. Respond with only the letter (A, B, C, D or E) of the correct option.",D,https://www.youtube.com/shorts/CTYUD-TtBPA,,,,
1112-0,1nMiInCRdfU,Primary Open-ended Question,Element Localization,Who took the firework instead of lighter?,31.79,Please state your answer with a brief explanation.,"Sure, here is the answer.

According to the content of the video, the firework was taken by the friend of the man who picked up the lighter.",https://www.youtube.com/shorts/1nMiInCRdfU,,,,
1112-1,1nMiInCRdfU,Paraphrased Open-ended Question,Element Localization,Who picked up the firework instead of the lighter?,31.79,Please state your answer with a brief explanation.,"Sure thing! In the video, the friend dressed in a blue shirt takes the firework instead of the lighter. The video shows the firework being set under the bucket. When the person dressed in the pink shirt approaches the bucket to retrieve the lighter, his friend is shown running from the scene and then emerging from the building covered in soot from the firework that exploded inside.",https://www.youtube.com/shorts/1nMiInCRdfU,,,,
1112-2,1nMiInCRdfU,Correctly-led Open-ended Question,Element Localization,Was it the person in the blue shirt who took the firework instead of the lighter?,31.79,Please state your answer with a brief explanation.,"Yes, based on the video, the person in the blue shirt took the firework instead of the lighter. After the initial prank to cover the firework with the bucket, the person in the pink shirt lifted the bucket to retrieve the firework but only found the lighter. The video flashes to an earlier point that showed the person in the blue shirt taking the firework instead.",https://www.youtube.com/shorts/1nMiInCRdfU,,,,
1112-3,1nMiInCRdfU,Wrongly-led Open-ended Question,Element Localization,Was it the person in the white shirt who took the firework instead of the lighter?,31.79,Please state your answer with a brief explanation.,"Here's the answer to your question.

Yes, the person in the white shirt took the firework instead of the lighter. The footage shows the man in the white shirt grabbing an object. When his friend opens the bucket, he only finds the lighter, meaning the friend must have taken the firework.",https://www.youtube.com/shorts/1nMiInCRdfU,,,,
1112-7,1nMiInCRdfU,Multiple-choice Question with a Single Correct Answer,Element Localization,"Who took the firework instead of the lighter?
A. The person in the blue shirt.
B. The person in the pink shirt.
C. The person in the green shirt.
D. The person in the white shirt.",31.79,"E. None of the above
Select one best answer to the above multiple-choice question based on the video. Respond with only the letter (A, B, C, D or E) of the correct option.",B.,https://www.youtube.com/shorts/1nMiInCRdfU,,,,
1117-0,l9HF9qcNvBs,Primary Open-ended Question,Element Localization,Who made the water overflow and failed the challenge?,58.86,Please state your answer with a brief explanation.,The man in the pink shirt made the water overflow and failed the challenge. You can see him pour too much water into the glass at [00:00:12].,https://www.youtube.com/shorts/l9HF9qcNvBs,,,,
1117-1,l9HF9qcNvBs,Paraphrased Open-ended Question,Element Localization,Who was responsible for the water overflowing and losing the challenge?,58.86,Please state your answer with a brief explanation.,"The man wearing a purple shirt was responsible for the water overflowing and losing the challenge. He filled the glass too fast, causing the water to overflow quickly.",https://www.youtube.com/shorts/l9HF9qcNvBs,,,,
1117-2,l9HF9qcNvBs,Correctly-led Open-ended Question,Element Localization,Was it the person in the blue shirt who caused the water to overflow and failed the challenge?,58.86,Please state your answer with a brief explanation.,"Okay, here's the answer:

Yes, the person in the blue shirt successfully added water to the glass to a level that water was over the top.",https://www.youtube.com/shorts/l9HF9qcNvBs,,,,
1117-3,l9HF9qcNvBs,Wrongly-led Open-ended Question,Element Localization,Was it the person in the red shirt who made the water overflow and failed the challenge?,58.86,Please state your answer with a brief explanation.,"Yes, the person in the red shirt failed the challenge by causing the water to overflow. The video clearly shows the water overflowing after the individual in the red shirt puts an object into the glass, failing the challenge.",https://www.youtube.com/shorts/l9HF9qcNvBs,,,,
1117-7,l9HF9qcNvBs,Multiple-choice Question with a Single Correct Answer,Element Localization,"Who made the water overflow and failed the challenge?
A. The person in the yellow shirt
B. The person in the red shirt
C. The person in the purple shirt
D. The person in the blue shirt",58.86,"E. None of the above
Select one best answer to the above multiple-choice question based on the video. Respond with only the letter (A, B, C, D or E) of the correct option.",C,https://www.youtube.com/shorts/l9HF9qcNvBs,,,,
1119-0,JdPIts7RgUM,Primary Open-ended Question,Positional Relationship,Where's the iron bowl when the person in red reacted to the cat and dog picture?,11.97,Please state your answer with a brief explanation.,"Sure, here's where the Iron Bowl is when the person in red reacted to the cat and dog picture:

Based on the provided video, there's no mention or appearance of the Iron Bowl. The video focuses on a person reacting to a cat and dog picture, and the immediate aftermath of popcorn being spilled.",https://www.youtube.com/shorts/JdPIts7RgUM,,,,
1119-1,JdPIts7RgUM,Paraphrased Open-ended Question,Positional Relationship,Where is the iron bowl located when the person in red responds to the image of the cat and dog?,11.97,Please state your answer with a brief explanation.,The person wearing a red shirt is on the floor. He is on the floor because of the giant-sized phone and the popcorn bowl was spilled. The person in red says “That is pretty good”.,https://www.youtube.com/shorts/JdPIts7RgUM,,,,
1119-2,JdPIts7RgUM,Correctly-led Open-ended Question,Positional Relationship,Is the iron bowl on the floor under the oversized phone screen when the person in red reacts to the cat and dog picture?,11.97,Please state your answer with a brief explanation.,"No, there's no iron bowl on the floor under the phone screen when the person in red reacts to the cat and dog picture. The floor under the phone screen is covered in popcorn.",https://www.youtube.com/shorts/JdPIts7RgUM,,,,
1119-3,JdPIts7RgUM,Wrongly-led Open-ended Question,Positional Relationship,Is the iron bowl on the lap of the person in red when they react to the cat and dog picture?,11.97,Please state your answer with a brief explanation.,"No, there is not an iron bowl on the lap of the person in red. The person in red, who is sitting on the couch, is holding a bowl of popcorn when the picture on the phone falls onto him.",https://www.youtube.com/shorts/JdPIts7RgUM,,,,
1119-7,JdPIts7RgUM,Multiple-choice Question with a Single Correct Answer,Positional Relationship,"Where is the iron bowl when the person in red reacts to the cat and dog picture?
A. On the lap of the person in red.
B. In the kitchen.
C. On the floor under the oversized phone screen.
D. On the couch next to the person in red.",11.97,"E. None of the above
Select one best answer to the above multiple-choice question based on the video. Respond with only the letter (A, B, C, D or E) of the correct option.",A,https://www.youtube.com/shorts/JdPIts7RgUM,,,,
1121-0,NFMqcsBtY30,Primary Open-ended Question,Positional Relationship,Which symbol is the filament light bulb closest to in the control panel?,20.27,Please state your answer with a brief explanation.,The filament light bulb is closest to the image of clouds with raindrops.,https://www.youtube.com/shorts/NFMqcsBtY30,,,,
1121-1,NFMqcsBtY30,Paraphrased Open-ended Question,Positional Relationship,What symbol is nearest to the filament light bulb on the control panel?,20.27,Please state your answer with a brief explanation.,"Ok, I've analyzed the video and here is the answer.

The symbol nearest to the filament light bulb is the clouds and lightning symbol. This symbol is directly to the left of the light bulb.",https://www.youtube.com/shorts/NFMqcsBtY30,,,,
1121-2,NFMqcsBtY30,Correctly-led Open-ended Question,Positional Relationship,Is the symbol closest to the filament light bulb on the control panel three clouds?,20.27,Please state your answer with a brief explanation.,"Okay, I can answer that.

Based on the video, the symbol closest to the filament light bulb on the control panel is three clouds.  You can see this when the person climbs the ladder and manipulates the device inside the cloud.",https://www.youtube.com/shorts/NFMqcsBtY30,,,,
1121-3,NFMqcsBtY30,Wrongly-led Open-ended Question,Positional Relationship,Is the symbol closest to the filament light bulb on the control panel the sun?,20.27,Please state your answer with a brief explanation.,"No, the symbol closest to the filament light bulb on the control panel is not the sun; it is lightning. The light bulb is closest to the cloud, and then the sun.",https://www.youtube.com/shorts/NFMqcsBtY30,,,,
1121-7,NFMqcsBtY30,Multiple-choice Question with a Single Correct Answer,Positional Relationship,"Which symbol is the filament light bulb closest to on the control panel?
A. Three clouds
B. Sun
C. Snowflake
D. Lightning",20.27,"E. None of the above
Select one best answer to the above multiple-choice question based on the video. Respond with only the letter (A, B, C, D or E) of the correct option.",B,https://www.youtube.com/shorts/NFMqcsBtY30,,,,
1122-0,Z5fnnWTVTrI,Primary Open-ended Question,Positional Relationship,"At the end of the video, where is the little man in the overalls with the white bag?",31.25,Please state your answer with a brief explanation.,"At the end of the video, the little man in the overalls with the white bag gets sucked up into the vacuum cleaner hose.",https://www.youtube.com/shorts/Z5fnnWTVTrI,,,,
1122-1,Z5fnnWTVTrI,Paraphrased Open-ended Question,Positional Relationship,Where does the little man in overalls with the white bag end up at the conclusion of the video?,31.25,Please state your answer with a brief explanation.,"Sure! Here is the answer:

At the conclusion of the video, the little man in overalls and the white bag ends up back underneath the sofa, where he was vacuuming at the beginning. This is because he is suddenly sucked back up the vacuum cleaner, and comes out right where he started.",https://www.youtube.com/shorts/Z5fnnWTVTrI,,,,
1122-2,Z5fnnWTVTrI,Correctly-led Open-ended Question,Positional Relationship,Does the little man in overalls with the white bag end up inside the vacuum cleaner at the end of the video?,31.25,Please state your answer with a brief explanation.,"Yes, the little man in overalls with the white bag is sucked into the vacuum cleaner at the end of the video.  After he cleans up some oversized items, the vacuum cleaner hose appears and pulls him into the cleaner.",https://www.youtube.com/shorts/Z5fnnWTVTrI,,,,
1122-3,Z5fnnWTVTrI,Wrongly-led Open-ended Question,Positional Relationship,Is the little man in overalls with the white bag found inside a janitor's closet at the end of the video?,31.25,Please state your answer with a brief explanation.,"Sure, I can help with that!

The answer is yes, a man wearing overalls and carrying a white bag does come out of a janitor's closet after the vacuum sucks him in. However, he does not remain in the janitor's closet. He quickly steps out into what appears to be an oversized garbage heap of discarded items that also includes another similar man with a red plunger. After the second man is sucked in, the video returns to the original setting.",https://www.youtube.com/shorts/Z5fnnWTVTrI,,,,
1122-7,Z5fnnWTVTrI,Multiple-choice Question with a Single Correct Answer,Positional Relationship,"Where is the little man in overalls with the white bag at the end of the video?
A. In a black cylinder of the vacuum cleaner
B. In a toy house
C. On a miniature set
D. Inside a janitor's closet",31.25,"E. None of the above
Select one best answer to the above multiple-choice question based on the video. Respond with only the letter (A, B, C, D or E) of the correct option.",D,https://www.youtube.com/shorts/Z5fnnWTVTrI,,,,
1124-0,_uSQXykxzT0,Primary Open-ended Question,Positional Relationship,Where is the egg after the trick performer pushed on it?,17.62,Please state your answer with a brief explanation.,The egg is inside the water bottle. You can see that the egg disappears as the water inside the bottle sprays on the performer's face.,https://www.youtube.com/shorts/_uSQXykxzT0,,,,
1124-1,_uSQXykxzT0,Paraphrased Open-ended Question,Positional Relationship,What happens to the egg after the performer applies pressure to it?,17.62,Please state your answer with a brief explanation.,"Sure! Here is what happens to the egg after the performer applies pressure to it.

The performer applies pressure to the bottle. Due to the pressure, the egg launches off the bottle.",https://www.youtube.com/shorts/_uSQXykxzT0,,,,
1124-2,_uSQXykxzT0,Correctly-led Open-ended Question,Positional Relationship,Is the egg actually behind the water bottle and in the hand of the people after the performer pushes on it?,17.62,Please state your answer with a brief explanation.,"Yes, after the performer pushes the bottle, the egg lands in the hand of the person nearby. The bottle is pushed down at high speed, giving the egg no other choice but to come down with it. As the bottle goes back up, the egg continues down, and is caught by the hand below.",https://www.youtube.com/shorts/_uSQXykxzT0,,,,
1124-3,_uSQXykxzT0,Wrongly-led Open-ended Question,Positional Relationship,Did the egg end up inside the water bottle after the performer pushed it?,17.62,Please state your answer with a brief explanation.,"Yes, the egg did end up inside the water bottle after the performer pushed it. This is due to the sudden force applied to the top of the bottle, causing the water to move downwards and create a temporary vacuum above it, which pulled the egg into the bottle.",https://www.youtube.com/shorts/_uSQXykxzT0,,,,
1124-7,_uSQXykxzT0,Multiple-choice Question with a Single Correct Answer,Positional Relationship,"Where is the egg after the performer pushes it?
A. Inside the water bottle
B. Behind the water bottle, held by the performer
C. On the floor
D. In the audience's view",17.62,"E. None of the above
Select one best answer to the above multiple-choice question based on the video. Respond with only the letter (A, B, C, D or E) of the correct option.",A,https://www.youtube.com/shorts/_uSQXykxzT0,,,,
1127-0,J_W4i0HkKJ0,Primary Open-ended Question,Positional Relationship,"In the third segment, what is the position of the target basket and the ball shooter, from the perspective of the camera?",20.01,Please state your answer with a brief explanation.,"Okay, I'm on it. Here is a description of the position of the target basket and the ball shooter from the perspective of the camera in the third segment. 

The target basket is directly in front of the camera at the center of the view. The ball shooter is standing facing away from the camera directly in front of the basket.",https://www.youtube.com/shorts/J_W4i0HkKJ0,,,,
1127-1,J_W4i0HkKJ0,Paraphrased Open-ended Question,Positional Relationship,How are the target basket and the ball shooter positioned in the third segment from the camera's viewpoint?,20.01,Please state your answer with a brief explanation.,"From the camera's viewpoint, the target basket in the third segment is in the background in the center of the screen. The ball shooter is positioned in the foreground on the left side of the screen.",https://www.youtube.com/shorts/J_W4i0HkKJ0,,,,
1127-2,J_W4i0HkKJ0,Correctly-led Open-ended Question,Positional Relationship,"In the third segment, is the target basket located behind the man, who is facing away from it and the camera?",20.01,Please state your answer with a brief explanation.,"Yes, the target basket is located behind the man in the third segment. The man is facing away from the camera, toward a red brick house, and the basket is positioned to his right, against the house.",https://www.youtube.com/shorts/J_W4i0HkKJ0,,,,
1127-3,J_W4i0HkKJ0,Wrongly-led Open-ended Question,Positional Relationship,"In the third segment, is the target basket positioned directly in front of the ball shooter, who is facing it?",20.01,Please state your answer with a brief explanation.,"Yes, the target basket is positioned directly in front of the ball shooter, who is facing it in the third segment. In this segment, the shooter stands on grass in front of a basket set up directly behind him.",https://www.youtube.com/shorts/J_W4i0HkKJ0,,,,
1127-7,J_W4i0HkKJ0,Multiple-choice Question with a Single Correct Answer,Positional Relationship,"In the third segment, where is the target basket positioned relative to the ball shooter?
A. Above the ball shooter.
B. To the right of the ball shooter.
C. Behind the man, who is facing away from it.
D. On the wooden fence directly in front of the ball shooter.",20.01,"E. None of the above
Select one best answer to the above multiple-choice question based on the video. Respond with only the letter (A, B, C, D or E) of the correct option.",D.,https://www.youtube.com/shorts/J_W4i0HkKJ0,,,,
1130-0,te4-qw7DW6M,Primary Open-ended Question,Professional Knowledge,What color ball moved significantly when the old man swung his arm the largest magnitude?,16.7,Please state your answer with a brief explanation.,Of course! The red ball moved significantly when the old man swung his arm the largest magnitude. This can be determined by observing the height the balls swing to and comparing the heights.,https://www.youtube.com/shorts/te4-qw7DW6M,,,,
1130-1,te4-qw7DW6M,Paraphrased Open-ended Question,Professional Knowledge,Which ball showed the most movement when the old man swung his arm widely?,16.7,Please state your answer with a brief explanation.,"The red ball showed the most movement because it was attached to the end of the long arm, causing the force to have a more significant impact.",https://www.youtube.com/shorts/te4-qw7DW6M,,,,
1130-2,te4-qw7DW6M,Correctly-led Open-ended Question,Professional Knowledge,Did the red ball move significantly when the old man swung his arm with the largest magnitude?,16.7,Please state your answer with a brief explanation.,"Yes, the red ball did move significantly when the old man swung his arm with the largest magnitude. This is because the magnetic force exerted by the magnet in the man’s hand directly affected the ball.",https://www.youtube.com/shorts/te4-qw7DW6M,,,,
1130-3,te4-qw7DW6M,Wrongly-led Open-ended Question,Professional Knowledge,Was it the blue ball that moved significantly when the old man swung his arm with the largest magnitude?,16.7,Please state your answer with a brief explanation.,"No, it was the red ball that moved significantly when the old man swung his arm with the largest magnitude. The speaker was referring to a demonstration of how energy is transferred from one object to another. In this case, the transfer of the energy from the old man's arm swing to the red ball caused it to move more than the other balls.",https://www.youtube.com/shorts/te4-qw7DW6M,,,,
1130-7,te4-qw7DW6M,Multiple-choice Question with a Single Correct Answer,Professional Knowledge,"Which ball moved significantly when the old man swung his arm with the largest magnitude?
A. Red
B. Blue
C. Neither
D. Green",16.7,"E. None of the above
Select one best answer to the above multiple-choice question based on the video. Respond with only the letter (A, B, C, D or E) of the correct option.",A,https://www.youtube.com/shorts/te4-qw7DW6M,,,,
1134-0,J_W4i0HkKJ0,Primary Open-ended Question,Displacement Attribute,How did the ball of the first throw in the last scene move about when it is released by the person?,20.01,Please state your answer with a brief explanation.,"Sure thing! Here’s how the basketball moved on the first throw in the last scene:

When it is released, the basketball moves in a forward trajectory in the direction of the basket. In an arc, it travels upwards and then downwards towards the hoop.",https://www.youtube.com/shorts/J_W4i0HkKJ0,,,,
1134-1,J_W4i0HkKJ0,Paraphrased Open-ended Question,Displacement Attribute,What was the trajectory of the ball during the first throw in the final scene when it was released?,20.01,Please state your answer with a brief explanation.,"Okay, let's examine the trajectory of the ball during the first throw in the video's final scene.

Trajectory: The initial throw in the video goes up and over the hoop, curving downward as it falls.

Explanation: The shooter releases the ball with an upward and forward motion, giving it an arcing trajectory. Because he threw the ball over the hoop, the final trajectory of the ball went downwards and away from the hoop.",https://www.youtube.com/shorts/J_W4i0HkKJ0,,,,
1134-2,J_W4i0HkKJ0,Correctly-led Open-ended Question,Displacement Attribute,Did the ball of the first throw in the last scene bounce back to the person after hitting the ring of the hoop?,20.01,Please state your answer with a brief explanation.,"Sure thing! Here is the answer to your question.

No, in the final scene, the ball does not bounce back to the thrower after hitting the ring of the hoop. The ball bounces back and falls to the ground.",https://www.youtube.com/shorts/J_W4i0HkKJ0,,,,
1134-3,J_W4i0HkKJ0,Wrongly-led Open-ended Question,Displacement Attribute,Did the ball of the first throw in the last scene descend directly towards the basketball hoop?,20.01,Please state your answer with a brief explanation.,"No, the ball of the first throw in the last scene did not descend directly towards the basketball hoop. The ball was thrown up and over the hoop before descending.",https://www.youtube.com/shorts/J_W4i0HkKJ0,,,,
1134-7,J_W4i0HkKJ0,Multiple-choice Question with a Single Correct Answer,Displacement Attribute,"How did the ball of the first throw in the last scene move after being released?
A. It descended directly towards the basketball hoop.
B. It moved in a high arc trajectory and bounced back to the person.
C. It moved in a straight line towards the hoop.
D. It was thrown with a downward motion.",20.01,"E. None of the above
Select one best answer to the above multiple-choice question based on the video. Respond with only the letter (A, B, C, D or E) of the correct option.",B. It moved in a high arc trajectory and bounced back to the person.,https://www.youtube.com/shorts/J_W4i0HkKJ0,,,,
1137-0,4AqYhTpPpBI,Primary Open-ended Question,Positional Relationship,"When the woman is upside down, which way is the head of the man in white facing?",6.12,Please state your answer with a brief explanation.,"The head of the man in white is facing up. This is because the woman is flipped upside down, but he is standing, so his head remains upright.",https://www.youtube.com/shorts/4AqYhTpPpBI,,,,
1137-1,4AqYhTpPpBI,Paraphrased Open-ended Question,Positional Relationship,In which direction is the man in white looking when the woman is upside down?,6.12,Please state your answer with a brief explanation.,The man in white is looking straight ahead when the woman is upside down. He has an excited expression on his face.,https://www.youtube.com/shorts/4AqYhTpPpBI,,,,
1137-2,4AqYhTpPpBI,Correctly-led Open-ended Question,Positional Relationship,"When the woman is upside down, is the man's head facing up and forward at the camera?",6.12,Please state your answer with a brief explanation.,"Yes, the man's head is facing up and forward at the camera when the woman is upside down. This is because the man inverts himself to hold the woman and child upside down.",https://www.youtube.com/shorts/4AqYhTpPpBI,,,,
1137-3,4AqYhTpPpBI,Wrongly-led Open-ended Question,Positional Relationship,"When the woman is upside down, is the man's head facing downward?",6.12,Please state your answer with a brief explanation.,"When the woman is upside down, the man's head is facing upward. He has his legs around the woman's body, pointing upward.",https://www.youtube.com/shorts/4AqYhTpPpBI,,,,
1137-7,4AqYhTpPpBI,Multiple-choice Question with a Single Correct Answer,Positional Relationship,"When the woman is upside down, which direction is the man's head facing?
A. To the left
B. Upward and forward at the camera
C. Backward
D. Downward",6.12,"E. None of the above
Select one best answer to the above multiple-choice question based on the video. Respond with only the letter (A, B, C, D or E) of the correct option.",B,https://www.youtube.com/shorts/4AqYhTpPpBI,,,,
1145-0,N2BiQKS3e2Y,Primary Open-ended Question,Event Duration & Speed Attribute,"As an adult, how long does it past between the woman looking at her phone twice?",30.04,Please state your answer with a brief explanation.,"Okay, here's the breakdown:

The woman looks at her phone the first time at 0:02, showing 8:00.
She checks her phone again at 0:15, showing 8:01.
The time passed between the two times she checks her phone is 1 minute.",https://www.youtube.com/shorts/N2BiQKS3e2Y,,,,
1145-1,N2BiQKS3e2Y,Paraphrased Open-ended Question,Event Duration & Speed Attribute,What is the time gap between the two instances when the woman checks her phone as an adult?,30.04,Please state your answer with a brief explanation.,"Okay! I can certainly help you with that.

The time gap between when the woman checks her phone as a child, and when she checks her phone as an adult is 12 hours. 

When she is a child, she checks the time at 8:00 in the morning, and as an adult, she checks it at 20:00 (8:00 pm).",https://www.youtube.com/shorts/N2BiQKS3e2Y,,,,
1145-2,N2BiQKS3e2Y,Correctly-led Open-ended Question,Event Duration & Speed Attribute,Does the woman check her phone 12 hours apart as an adult?,30.04,Please state your answer with a brief explanation.,"Yes, the woman checks her phone at 8:00 and then again at 20:00, which is 8 PM, 12 hours later.",https://www.youtube.com/shorts/N2BiQKS3e2Y,,,,
1145-3,N2BiQKS3e2Y,Wrongly-led Open-ended Question,Event Duration & Speed Attribute,Does the woman check her phone twice within a minute as an adult?,30.04,Please state your answer with a brief explanation.,"No, the woman does not check her phone twice within a minute as an adult. She checks her phone to show the time at 8:00 and then 20:00 (8:00 p.m.) which is hours later.",https://www.youtube.com/shorts/N2BiQKS3e2Y,,,,
1145-7,N2BiQKS3e2Y,Multiple-choice Question with a Single Correct Answer,Event Duration & Speed Attribute,"How long is the interval between the woman's phone checks as an adult?
A. 30 minutes
B. 1 minute
C. 24 hours
D. 12 hours",30.04,"E. None of the above
Select one best answer to the above multiple-choice question based on the video. Respond with only the letter (A, B, C, D or E) of the correct option.",B,https://www.youtube.com/shorts/N2BiQKS3e2Y,,,,
1159-0,0-ugjds_Rz8,Primary Open-ended Question,Element Localization,What are the fifth and seventh items shown in the video?,16.67,Please state your answer with a brief explanation.,"Certainly! Here are the fifth and seventh items shown in the video:

*   **Fifth Item:** Highlighters, which can be used to highlight important information in notes and books.
*   **Seventh Item:** Eraser, which can be used to erase pencil.",https://www.youtube.com/shorts/0-ugjds_Rz8,,,,
1159-1,0-ugjds_Rz8,Paraphrased Open-ended Question,Element Localization,Can you identify the fifth and seventh items displayed in the video?,16.67,Please state your answer with a brief explanation.,"Sure! Here are the fifth and seventh items displayed in the video:

- The fifth item is a ""measurement scale"" for accurate measuring.
- The seventh item is ""eraser"" for correcting mistakes.",https://www.youtube.com/shorts/0-ugjds_Rz8,,,,
1159-2,0-ugjds_Rz8,Correctly-led Open-ended Question,Element Localization,"Are the fifth and seventh items in the video highlighters and erasers, respectively?",16.67,Please state your answer with a brief explanation.,"Yes, the fifth and seventh items in the video are highlighters and erasers, respectively. The video displays these items with their names written on the screen.",https://www.youtube.com/shorts/0-ugjds_Rz8,,,,
1159-3,0-ugjds_Rz8,Wrongly-led Open-ended Question,Element Localization,Are the fifth and seventh items in the video sticky notes and a measurement scale?,16.67,Please state your answer with a brief explanation.,"Yes, that is correct! The fifth item in the video is indeed sticky notes, and the seventh item is a measurement scale.",https://www.youtube.com/shorts/0-ugjds_Rz8,,,,
1159-7,0-ugjds_Rz8,Multiple-choice Question with a Single Correct Answer,Element Localization,"What are the fifth and seventh items shown in the video?
A. Highlighters and erasers
B. Pens and glue
C. Sticky notes and measurement scale
D. Notebooks and pencil",16.67,"E. None of the above
Select one best answer to the above multiple-choice question based on the video. Respond with only the letter (A, B, C, D or E) of the correct option.",C,https://www.youtube.com/shorts/0-ugjds_Rz8,,,,
1160-0,yTKp6HP2_wU,Primary Open-ended Question,Element Localization,What is the fourth item shown in the video?,27.38,Please state your answer with a brief explanation.,"Okay, here is the answer. The fourth item shown in the video is a chunky, heavy metal piece. It features a slider-like mechanism and catches the most attention of the showcased fidget toys.",https://www.youtube.com/shorts/yTKp6HP2_wU,,,,
1160-1,yTKp6HP2_wU,Paraphrased Open-ended Question,Element Localization,What is the fourth toy displayed in the video?,27.38,Please state your answer with a brief explanation.,The fourth toy displayed in the video is a chunky and heavy piece of metal that catches the most attention.,https://www.youtube.com/shorts/yTKp6HP2_wU,,,,
1160-2,yTKp6HP2_wU,Correctly-led Open-ended Question,Element Localization,Is the fourth item in the video a metal fidget toy resembling a mahjong tile?,27.38,Please state your answer with a brief explanation.,"The answer is no. The fourth item in the video is a dark gray metal toy that's “chunky and heavy,” and appears to slide apart and back together. It does not resemble a mahjong tile.",https://www.youtube.com/shorts/yTKp6HP2_wU,,,,
1160-3,yTKp6HP2_wU,Wrongly-led Open-ended Question,Element Localization,Is the fourth item in the video a small black pill-shaped fidget toy?,27.38,Please state your answer with a brief explanation.,"No, the fourth item in the video is not a small black pill-shaped fidget toy. Rather, it is a grey/silver colored rectangular fidget toy.",https://www.youtube.com/shorts/yTKp6HP2_wU,,,,
1160-7,yTKp6HP2_wU,Multiple-choice Question with a Single Correct Answer,Element Localization,"What is the fourth item shown in the video?
A. A sliding round button.
B. A deck of cards fidget toy.
C. A metal fidget toy that looks like a mahjong tile.
D. A small black pill-shaped fidget toy.",27.38,"E. None of the above
Select one best answer to the above multiple-choice question based on the video. Respond with only the letter (A, B, C, D or E) of the correct option.",A,https://www.youtube.com/shorts/yTKp6HP2_wU,,,,
1161-0,9gPw1jw3Ukk,Primary Open-ended Question,Element Localization,What is the color order displayed by the long strip of light for the objects in the video?,11.58,Please state your answer with a brief explanation.,"Certainly! Here's the color order displayed by the long strip of light in the video, along with a brief explanation:

**Color Order:**

1.  Yellow
2.  Green
3.  Blue
4.  Purple
5.  Red
6.  Orange

The light on the object changes colors each time the button is pressed.",https://www.youtube.com/shorts/9gPw1jw3Ukk,,,,
1161-1,9gPw1jw3Ukk,Paraphrased Open-ended Question,Element Localization,What sequence of colors is shown by the long strip of light on the objects in the video?,11.58,Please state your answer with a brief explanation.,"The sequence of colors shown by the long strip of light on the object is: Yellow, Green, Blue, Purple, Red, Orange. It looks as if the person demonstrating the object, clicks through each color in this order.",https://www.youtube.com/shorts/9gPw1jw3Ukk,,,,
1161-2,9gPw1jw3Ukk,Correctly-led Open-ended Question,Element Localization,"Does the long strip of light on the objects in the video display the colors in the order of yellow, green, cyan, blue, purple, red, and orange?",11.58,Please state your answer with a brief explanation.,"The long strip of light on the object in the video does display the colors in the order requested.

It starts with yellow, proceeds to green, switches to cyan and then to blue, and continues to purple. Finally, it displays the colors red and then orange.",https://www.youtube.com/shorts/9gPw1jw3Ukk,,,,
1161-3,9gPw1jw3Ukk,Wrongly-led Open-ended Question,Element Localization,"Is the color order displayed by the long strip of light on the object in the video yellow, green, blue, purple, and red?",11.58,Please state your answer with a brief explanation.,"No, that is not the order. The color order appears to be yellow, green, blue, purple, red, orange, and yellow.",https://www.youtube.com/shorts/9gPw1jw3Ukk,,,,
1161-7,9gPw1jw3Ukk,Multiple-choice Question with a Single Correct Answer,Element Localization,"What is the correct color order displayed by the long strip of light on the objects in the video?
A. Yellow, green, cyan, blue, purple, red, and orange.
B. Yellow, green, blue, purple, and red.
C. Green, yellow, blue, purple, and red.
D. Yellow, blue, green, purple, and red.",11.58,"E. None of the above
Select one best answer to the above multiple-choice question based on the video. Respond with only the letter (A, B, C, D or E) of the correct option.",B.,https://www.youtube.com/shorts/9gPw1jw3Ukk,,,,
1162-0,4jmQCgMy1mE,Primary Open-ended Question,Event Localization,"In the menu interface, what is the order of the menu options that are BROWSED?",25.77,Please state your answer with a brief explanation.,"Okay, I can help you with that!

Here is the order of menu options browsed on the screen:
1. Calendar
2. Clock
3. Notes
4. Calculator
5. Settings",https://www.youtube.com/shorts/4jmQCgMy1mE,,,,
1162-1,4jmQCgMy1mE,Paraphrased Open-ended Question,Event Localization,What sequence of menu options does the person navigate through in the interface?,25.77,Please state your answer with a brief explanation.,"The sequence of menu options the person navigates through is as follows: 

1. Main Menu (Accessed from the home screen via a dedicated menu button)
2. Notes (from the Main Menu)",https://www.youtube.com/shorts/4jmQCgMy1mE,,,,
1162-2,4jmQCgMy1mE,Correctly-led Open-ended Question,Event Localization,Does the person browse through the menu options starting with Calendar and ending with Calculator?,25.77,Please state your answer with a brief explanation.,"Yes, the person does browse through the menu options starting with Calendar and ending with Calculator. At [00:00:05-00:00:08], the video shows the person navigating through the menu using the arrow keys.  The screen shows Calendar, Clock, Notes, Calculator, and Settings.",https://www.youtube.com/shorts/4jmQCgMy1mE,,,,
1162-3,4jmQCgMy1mE,Wrongly-led Open-ended Question,Event Localization,Does the person browse through the menu options including Settings?,25.77,Please state your answer with a brief explanation.,"Yes, the person browses through the menu options, including Calendar, Clock, Notes, Calculator, and Settings.",https://www.youtube.com/shorts/4jmQCgMy1mE,,,,
1162-7,4jmQCgMy1mE,Multiple-choice Question with a Single Correct Answer,Event Localization,"What is the correct order of the menu options browsed in the video?
A. Calendar, Clock, Calculator, Notes
B. Calendar, Clock, Notes, Calculator, Settings
C. Calendar, Notes, Clock, Calculator
D. Calendar, Clock, Notes, Calculator",25.77,"E. None of the above
Select one best answer to the above multiple-choice question based on the video. Respond with only the letter (A, B, C, D or E) of the correct option.",D,https://www.youtube.com/shorts/4jmQCgMy1mE,,,,
1168-0,aWdGWNIye8M,Primary Open-ended Question,Objective Causality (Videography Phenomenon & Illusion),Why did the man in the red hat fall into a hole in the video?,14.58,Please state your answer with a brief explanation.,"Certainly! 

The man in the red hat fell into what appeared to be a hole because it was actually a 3D chalk drawing. This type of art creates an optical illusion that makes a flat surface appear to be a three-dimensional scene, in this case, a deep hole.",https://www.youtube.com/shorts/aWdGWNIye8M,,,,
1168-1,aWdGWNIye8M,Paraphrased Open-ended Question,Objective Causality (Videography Phenomenon & Illusion),What caused the man in the red hat to fall into the hole in the video?,14.58,Please state your answer with a brief explanation.,"The man in the red hat fell into the hole in the video due to an anamorphic art installation. The artist painted a 3-D illusion of a hole on the ground, which looked real from a certain angle. People were taking photos on the painted hole, and the man wearing a red hat was tricked into falling in.",https://www.youtube.com/shorts/aWdGWNIye8M,,,,
1168-2,aWdGWNIye8M,Correctly-led Open-ended Question,Objective Causality (Videography Phenomenon & Illusion),Did the man in the red hat fall into the hole because of video editing and an optical illusion?,14.58,Please state your answer with a brief explanation.,"The man in the red hat does fall into the hole because of an optical illusion. The hole is painted on the ground. The perspective of the drawing makes it look like a deep crevasse, and the man is surprised when he steps onto the drawing and falls.",https://www.youtube.com/shorts/aWdGWNIye8M,,,,
1168-3,aWdGWNIye8M,Wrongly-led Open-ended Question,Objective Causality (Videography Phenomenon & Illusion),Did the man in the red hat fall into the hole because he was deceived by a realistic 3D street painting?,14.58,Please state your answer with a brief explanation.,"Here's the answer to your question:

Yes, the man in the red hat did fall into the hole because he was deceived by a realistic 3D street painting. The painting created the illusion of a deep hole on the ground, which led him to believe that it was a real hazard.",https://www.youtube.com/shorts/aWdGWNIye8M,,,,
1168-7,aWdGWNIye8M,Multiple-choice Question with a Single Correct Answer,Objective Causality (Videography Phenomenon & Illusion),"Why did the man in the red hat fall into the hole?
A. He tripped over a rock.
B. Video editing and an optical illusion made it appear real.
C. He was deceived by a realistic 3D street painting.
D. The ground was unstable.",14.58,"E. None of the above
Select one best answer to the above multiple-choice question based on the video. Respond with only the letter (A, B, C, D or E) of the correct option.",C,https://www.youtube.com/shorts/aWdGWNIye8M,,,,
1169-0,RtYbZzlUVxM,Primary Open-ended Question,Objective Causality (Videography Phenomenon & Illusion),Why was the guy in black and white clothes kicked to pieces by the football?,13.24,Please state your answer with a brief explanation.,The guy in black and white clothes appears to be an animated dummy designed to fall apart when kicked by a football. There is no indication of a real person being kicked in the video.,https://www.youtube.com/shorts/RtYbZzlUVxM,,,,
1169-1,RtYbZzlUVxM,Paraphrased Open-ended Question,Objective Causality (Videography Phenomenon & Illusion),What caused the man in black and white clothes to appear as if he was shattered by the soccer ball?,13.24,Please state your answer with a brief explanation.,"The man in black and white appears shattered by the soccer ball due to the use of pre-ripped Velcro clothing. Upon impact, the clothing is designed to detach, creating the visual effect of the man being ""shattered"" into pieces.",https://www.youtube.com/shorts/RtYbZzlUVxM,,,,
1169-2,RtYbZzlUVxM,Correctly-led Open-ended Question,Objective Causality (Videography Phenomenon & Illusion),Was the man in black and white clothes kicked to pieces by the soccer ball due to video editing effects?,13.24,Please state your answer with a brief explanation.,"Yes, it appears that the man was kicked to pieces by video editing effects. The referee in black and white clothes vanished to pieces when the soccer ball was kicked towards him.",https://www.youtube.com/shorts/RtYbZzlUVxM,,,,
1169-3,RtYbZzlUVxM,Wrongly-led Open-ended Question,Objective Causality (Videography Phenomenon & Illusion),Was the man in black and white clothes kicked to pieces by the soccer ball because he was a mannequin?,13.24,Please state your answer with a brief explanation.,"Here is the answer to your question.

No, the person in black and white was not a mannequin, because after getting hit by the ball, they fell to the ground. The hit scattered the outer clothing the person was wearing, which included the black and white referee shirt, black pants, shoes, and a hat. The person in the clothing then stood back up, with their black shirt and black shorts being revealed.",https://www.youtube.com/shorts/RtYbZzlUVxM,,,,
1169-7,RtYbZzlUVxM,Multiple-choice Question with a Single Correct Answer,Objective Causality (Videography Phenomenon & Illusion),"Why was the man in black and white clothes kicked to pieces by the soccer ball?
A. It was due to video editing.
B. He was a mannequin.
C. He was hit too hard.
D. It was a magic trick.",13.24,"E. None of the above
Select one best answer to the above multiple-choice question based on the video. Respond with only the letter (A, B, C, D or E) of the correct option.",A,https://www.youtube.com/shorts/RtYbZzlUVxM,,,,
1170-0,MImfdDB5-K8,Primary Open-ended Question,Objective Causality (Videography Phenomenon & Illusion),How did the containers disappear in the video?,14.05,Please state your answer with a brief explanation.,"The containers appear to disappear via special effects. In the video, the person controlling the crane drops the cargo containers, and they seem to dematerialize in midair before hitting the ground.",https://www.youtube.com/shorts/MImfdDB5-K8,,,,
1170-1,MImfdDB5-K8,Paraphrased Open-ended Question,Objective Causality (Videography Phenomenon & Illusion),What caused the containers to vanish from the ship in the video?,14.05,Please state your answer with a brief explanation.,"Sure, I can help you with this!

The cause of the containers vanishing from the ship in the video is the removal of the containers. The operator used the cranes to remove containers off of the boat.",https://www.youtube.com/shorts/MImfdDB5-K8,,,,
1170-2,MImfdDB5-K8,Correctly-led Open-ended Question,Objective Causality (Videography Phenomenon & Illusion),Did the containers disappear because they were part of a Tetris-like game using post-production effects?,14.05,Please state your answer with a brief explanation.,"Yes, the containers disappeared because they were part of a Tetris-like game using post-production effects. The containers are stacked in a way that resembles Tetris blocks, and they are removed from the stack using CGI and video editing.",https://www.youtube.com/shorts/MImfdDB5-K8,,,,
1170-3,MImfdDB5-K8,Wrongly-led Open-ended Question,Objective Causality (Videography Phenomenon & Illusion),Did the containers disappear because they fell off the ship due to instability?,14.05,Please state your answer with a brief explanation.,"Yes, the containers disappeared because they fell off the ship. The video clearly shows a crane unloading containers, but then, as the man controlling the operation loses control, the containers on the ship become unstable and begin falling off the side.",https://www.youtube.com/shorts/MImfdDB5-K8,,,,
1170-7,MImfdDB5-K8,Multiple-choice Question with a Single Correct Answer,Objective Causality (Videography Phenomenon & Illusion),"How did the containers disappear in the video?
A. They were hidden behind other containers.
B. They were stolen.
C. They were part of a Tetris-like game and disappeared due to post-production effects.
D. They fell off the ship.",14.05,"E. None of the above
Select one best answer to the above multiple-choice question based on the video. Respond with only the letter (A, B, C, D or E) of the correct option.",D,https://www.youtube.com/shorts/MImfdDB5-K8,,,,
1173-0,YfbZV7u3kMM,Primary Open-ended Question,Objective Causality (Videography Phenomenon & Illusion),Why did the person in the back seat of the car suddenly disappear?,5.53,Please state your answer with a brief explanation.,"Here’s the answer:

The person in the back seat didn’t disappear. They were buried under a heap of cups and containers of food and beverages after the car went over a bump.",https://www.youtube.com/shorts/YfbZV7u3kMM,,,,
1173-1,YfbZV7u3kMM,Paraphrased Open-ended Question,Objective Causality (Videography Phenomenon & Illusion),What caused the person in the back seat to vanish suddenly?,5.53,Please state your answer with a brief explanation.,"The person in the back seat did not vanish, but the cups were thrown into the air due to a bump.",https://www.youtube.com/shorts/YfbZV7u3kMM,,,,
1173-2,YfbZV7u3kMM,Correctly-led Open-ended Question,Objective Causality (Videography Phenomenon & Illusion),Did the person in the back seat disappear due to post-production editing?,5.53,Please state your answer with a brief explanation.,"No, the person in the back seat did not disappear due to post-production editing. There is only one person in the back seat, holding the cups of drinks.",https://www.youtube.com/shorts/YfbZV7u3kMM,,,,
1173-3,YfbZV7u3kMM,Wrongly-led Open-ended Question,Objective Causality (Videography Phenomenon & Illusion),Did the person in the back seat disappear because the car made a sudden stop or sharp turn?,5.53,Please state your answer with a brief explanation.,"The person in the back seat did not disappear. The driver drove over a bump, causing the person in the back seat to spill all the items they were holding.",https://www.youtube.com/shorts/YfbZV7u3kMM,,,,
1173-7,YfbZV7u3kMM,Multiple-choice Question with a Single Correct Answer,Objective Causality (Videography Phenomenon & Illusion),"Why did the person in the back seat disappear?
A. The car made a sharp turn.
B. The car made a sudden stop.
C. The person jumped out of the car.
D. Post-production editing.",5.53,"E. None of the above
Select one best answer to the above multiple-choice question based on the video. Respond with only the letter (A, B, C, D or E) of the correct option.",B,https://www.youtube.com/shorts/YfbZV7u3kMM,,,,
1175-0,oG45ZbYePtY,Primary Open-ended Question,Objective Causality (Videography Phenomenon & Illusion),How is the bear on the ground made to move in the video?,19.61,Please state your answer with a brief explanation.,"Certainly! Here's how the bear is made to move:

The bear on the ground is a drawing created using 3D illusion art techniques. As the artist adds detail to the drawing, the picture comes to life, creating the illusion of a three-dimensional polar bear.",https://www.youtube.com/shorts/oG45ZbYePtY,,,,
1175-1,oG45ZbYePtY,Paraphrased Open-ended Question,Objective Causality (Videography Phenomenon & Illusion),What technique is used to make the bear on the ground appear to move in the video?,19.61,Please state your answer with a brief explanation.,"The technique used to make the bear appear to move is anamorphosis, also called 3D street art. It involves creating a distorted perspective in the artwork that, when viewed from a specific angle, creates the illusion of three dimensions and realistic movement.",https://www.youtube.com/shorts/oG45ZbYePtY,,,,
1175-2,oG45ZbYePtY,Correctly-led Open-ended Question,Objective Causality (Videography Phenomenon & Illusion),Is the bear on the ground made to move through clever editing between a 3D painting and a real bear?,19.61,Please state your answer with a brief explanation.,"Yes, the bear is made to move through clever editing between a 3D painting and a real bear. After the woman takes a picture with the painter and painting, the ""bear"" comes to life and is very realistic.",https://www.youtube.com/shorts/oG45ZbYePtY,,,,
1175-3,oG45ZbYePtY,Wrongly-led Open-ended Question,Objective Causality (Videography Phenomenon & Illusion),Is the bear on the ground a mechanical bear moving?,19.61,Please state your answer with a brief explanation.,"The bear on the ground is moving, and it is therefore likely to be mechanical. It looks like it is operated by a person inside of a costume.",https://www.youtube.com/shorts/oG45ZbYePtY,,,,
1175-7,oG45ZbYePtY,Multiple-choice Question with a Single Correct Answer,Objective Causality (Videography Phenomenon & Illusion),"How is the bear on the ground made to move in the video?
A. A digital overlay on a smartphone
B. Clever editing between a 3D painting and a real bear
C. A mechanical bear
D. The bears on the ground are people in disguise.",19.61,"E. None of the above
Select one best answer to the above multiple-choice question based on the video. Respond with only the letter (A, B, C, D or E) of the correct option.",C,https://www.youtube.com/shorts/oG45ZbYePtY,,,,
1176-0,PFlSRwIZ8EM,Primary Open-ended Question,Objective Causality (Videography Phenomenon & Illusion),How did the plant in the man's hand grow larger?,24.15,Please state your answer with a brief explanation.,"Certainly! The plant grew larger inside the greenhouse, where plants are able to grow incredibly fast. The growth resulted in the Venus flytrap getting so large it caught the man as he tried to escape.",https://www.youtube.com/shorts/PFlSRwIZ8EM,,,,
1176-1,PFlSRwIZ8EM,Paraphrased Open-ended Question,Objective Causality (Videography Phenomenon & Illusion),What caused the plant in the man's hand to appear larger?,24.15,Please state your answer with a brief explanation.,"The plant appears larger due to forced perspective. The small greenhouse that the man walks through is a miniature model. As he enters the real greenhouse, the Venus flytrap is closer to the camera while he is further away, which creates the illusion that the plant has grown to an enormous size.",https://www.youtube.com/shorts/PFlSRwIZ8EM,,,,
1176-2,PFlSRwIZ8EM,Correctly-led Open-ended Question,Objective Causality (Videography Phenomenon & Illusion),Did the plant in the man's hand appear larger due to a visual effect created by post-production video editing techniques? .,24.15,Please state your answer with a brief explanation.,"Yes, the plant in the man's hand appeared larger due to visual effects and post-production video editing techniques. As the man moves from the greenhouse into the surrounding jungle, there is a sudden switch where the flytrap plant appears much larger, and the image is manipulated to make it move.",https://www.youtube.com/shorts/PFlSRwIZ8EM,,,,
1176-3,PFlSRwIZ8EM,Wrongly-led Open-ended Question,Objective Causality (Videography Phenomenon & Illusion),Did the plant in the man's hand grow larger because of a change in perspective as he moved through a doorway?,24.15,Please state your answer with a brief explanation.,"No, the plant did not grow larger because of a change in perspective as he moved through a doorway. The video uses digital special effects to create the illusion that the plant grows to a massive size as he enters the greenhouse.",https://www.youtube.com/shorts/PFlSRwIZ8EM,,,,
1176-7,PFlSRwIZ8EM,Multiple-choice Question with a Single Correct Answer,Objective Causality (Videography Phenomenon & Illusion),"Why did the plant in the man's hand appear larger?
A. It was a change in perspective.
B. It was due to visual effects.
C. It was a natural growth in the greenhouse.
D. It was a change in lighting.",24.15,"E. None of the above
Select one best answer to the above multiple-choice question based on the video. Respond with only the letter (A, B, C, D or E) of the correct option.",A,https://www.youtube.com/shorts/PFlSRwIZ8EM,,,,
1177-0,lJcTCcUJK0I,Primary Open-ended Question,Objective Causality (Videography Phenomenon & Illusion),How did the man suddenly stand on the other boat?,17.71,Please state your answer with a brief explanation.,"Certainly! Here's how the man appears to be on the other boat:

The man does not physically jump to the other boat. Instead, the video has been edited so that the scene appears seamless. The man pretends to fall back into the water, and in the next scene, the man suddenly appears on a boat a short distance from the dock, waving at the crowd.",https://www.youtube.com/shorts/lJcTCcUJK0I,,,,
1177-1,lJcTCcUJK0I,Paraphrased Open-ended Question,Objective Causality (Videography Phenomenon & Illusion),What technique was used to make the man appear on a different boat suddenly?,17.71,Please state your answer with a brief explanation.,"The magician openly acknowledges it is editing that allows him to appear on the boat after he drops the towel, indicating a simple transition between two different shots.",https://www.youtube.com/shorts/lJcTCcUJK0I,,,,
1177-2,lJcTCcUJK0I,Correctly-led Open-ended Question,Objective Causality (Videography Phenomenon & Illusion),Did the man appear on another boat due to video editing and visual effects?,17.71,Please state your answer with a brief explanation.,It is highly likely that video editing and visual effects were used to make the man appear on the boat. He is heard saying it is edited when someone asks him to do it again.,https://www.youtube.com/shorts/lJcTCcUJK0I,,,,
1177-3,lJcTCcUJK0I,Wrongly-led Open-ended Question,Objective Causality (Videography Phenomenon & Illusion),Did the man swim to the other boat while using a towel as a distraction?,17.71,Please state your answer with a brief explanation.,"Here is the answer to your question.

Yes, the man did swim to the other boat while using the towel as a distraction. He was talking with his audience, and then covered himself with a towel. Once he dropped the towel, he jumped in the water and swam to a nearby boat.",https://www.youtube.com/shorts/lJcTCcUJK0I,,,,
1177-7,lJcTCcUJK0I,Multiple-choice Question with a Single Correct Answer,Objective Causality (Videography Phenomenon & Illusion),"How did the man appear on another boat?
A. He swam to the other boat.
B. He used video editing and visual effects.
C. He used a hidden platform.
D. He was pulled by a rope.",17.71,"E. None of the above
Select one best answer to the above multiple-choice question based on the video. Respond with only the letter (A, B, C, D or E) of the correct option.",A,https://www.youtube.com/shorts/lJcTCcUJK0I,,,,
1178-0,SArRN5FhkYI,Primary Open-ended Question,Objective Causality (Videography Phenomenon & Illusion),Why does a laptop appear in the final scene of the video?,19.41,Please state your answer with a brief explanation.,The laptop appears at the end because the video is showing how a smartphone is transformed into a laptop using shrinking and folding.,https://www.youtube.com/shorts/SArRN5FhkYI,,,,
1178-1,SArRN5FhkYI,Paraphrased Open-ended Question,Objective Causality (Videography Phenomenon & Illusion),What is the reason a laptop is shown in the last part of the video?,19.41,Please state your answer with a brief explanation.,"The laptop is shown to demonstrate the transformation of a regular smartphone into a mini, mini smartphone, a flip phone, a tablet, and finally, a laptop.",https://www.youtube.com/shorts/SArRN5FhkYI,,,,
1178-2,SArRN5FhkYI,Correctly-led Open-ended Question,Objective Causality (Videography Phenomenon & Illusion),Is the laptop in the final scene actually a phone transformed by a visual effect filter?,19.41,Please state your answer with a brief explanation.,"Yes, the laptop shown in the final scene is a phone transformed by a visual effect filter. The video shows the person in a Spider-Man costume creating the image by applying different visual effects to the smartphone.",https://www.youtube.com/shorts/SArRN5FhkYI,,,,
1178-3,SArRN5FhkYI,Wrongly-led Open-ended Question,Objective Causality (Videography Phenomenon & Illusion),Does the laptop in the final scene a foldable device that unfolds from a smartphone?,19.41,Please state your answer with a brief explanation.,"Yes, the laptop in the final scene is a foldable device that unfolds from a smartphone. The video shows the phone folding out to a smaller screen and then again to a full laptop.",https://www.youtube.com/shorts/SArRN5FhkYI,,,,
1178-7,SArRN5FhkYI,Multiple-choice Question with a Single Correct Answer,Objective Causality (Videography Phenomenon & Illusion),"Why does a laptop appear in the final scene of the video?
A. It is a visual effect created by a filter.
B. It is a foldable device.
C. It is a real laptop.
D. It is a hologram.",19.41,"E. None of the above
Select one best answer to the above multiple-choice question based on the video. Respond with only the letter (A, B, C, D or E) of the correct option.",C,https://www.youtube.com/shorts/SArRN5FhkYI,,,,
1181-0,ys5re4kXW1I,Primary Open-ended Question,Objective Causality (Videography Phenomenon & Illusion),How did the Colosseum disappear?,12.76,Please state your answer with a brief explanation.,"Here is an explanation: The Colosseum is an ancient amphitheater that has existed for many years, with portions of the structure being used to create new buildings. It did not disappear, but it lost some of its structure over the years.",https://www.youtube.com/shorts/ys5re4kXW1I,,,,
1181-1,ys5re4kXW1I,Paraphrased Open-ended Question,Objective Causality (Videography Phenomenon & Illusion),What technique was used to make the Colosseum vanish in the video?,12.76,Please state your answer with a brief explanation.,"The technique used to make the Colosseum vanish in the video is a perspective trick. The artist uses a printed photograph of the Colosseum, sized to fit into a framed canvas, lining up the image with the real Colosseum in the background. When the camera is positioned correctly, the two images merge, making it appear as though the Colosseum has been replaced by the photograph, creating the illusion that it has vanished.",https://www.youtube.com/shorts/ys5re4kXW1I,,,,
1181-2,ys5re4kXW1I,Correctly-led Open-ended Question,Objective Causality (Videography Phenomenon & Illusion),Did the Colosseum disappear due to a visual trick and post-production effects?,12.76,Please state your answer with a brief explanation.,"No, the Colosseum in the video didn't disappear due to visual tricks and post-production effects.  Instead, the Colosseum disappeared because the artist held a picture of the Colosseum in front of the real one to camouflage it.",https://www.youtube.com/shorts/ys5re4kXW1I,,,,
1181-3,ys5re4kXW1I,Wrongly-led Open-ended Question,Objective Causality (Videography Phenomenon & Illusion),Did the Colosseum seem to disappear just because of a painting held in front of it?,12.76,Please state your answer with a brief explanation.,"The Colosseum did not disappear because of a painting. A painting of the Colosseum was placed in front of the actual Colosseum and the colors were matched to the existing building. Therefore, by matching the paint and the perspective, the painting effectively masked the existing building.",https://www.youtube.com/shorts/ys5re4kXW1I,,,,
1181-7,ys5re4kXW1I,Multiple-choice Question with a Single Correct Answer,Objective Causality (Videography Phenomenon & Illusion),"How did the Colosseum disappear in the video?
A. It was edited out using visual effects.
B. It was painted over.
C. It was demolished.
D. It was covered by a large cloth.",12.76,"E. None of the above
Select one best answer to the above multiple-choice question based on the video. Respond with only the letter (A, B, C, D or E) of the correct option.",A,https://www.youtube.com/shorts/ys5re4kXW1I,,,,
1182-0,NFMqcsBtY30,Primary Open-ended Question,Objective Causality (Videography Phenomenon & Illusion),How does the ladder appear beneath the clouds in the video?,20.27,Please state your answer with a brief explanation.,The ladder appears beneath the clouds due to digital editing within the video. After the man pulls out a folded ladder he transforms the item into a fully-functional ladder.,https://www.youtube.com/shorts/NFMqcsBtY30,,,,
1182-1,NFMqcsBtY30,Paraphrased Open-ended Question,Objective Causality (Videography Phenomenon & Illusion),In what way does the ladder appear under the clouds in the video?,20.27,Please state your answer with a brief explanation.,"The ladder appears to be in the form of a mini, folding ladder. The man then unfolds the ladder and leans against it to check on the cloud.",https://www.youtube.com/shorts/NFMqcsBtY30,,,,
1182-2,NFMqcsBtY30,Correctly-led Open-ended Question,Objective Causality (Videography Phenomenon & Illusion),Is the ladder beneath the clouds in the video made to look full-sized through video editing techniques?,20.27,Please state your answer with a brief explanation.,"Yes, the ladder is made to look full-sized through video editing techniques. In this video, a miniature ladder is made to appear like it can reach the cloud.",https://www.youtube.com/shorts/NFMqcsBtY30,,,,
1182-3,NFMqcsBtY30,Wrongly-led Open-ended Question,Objective Causality (Videography Phenomenon & Illusion),Does the ladder in the video turn into a smaller size as it moves toward the clouds?,20.27,Please state your answer with a brief explanation.,The ladder in the video does not change size as it is moved towards the clouds. The ladder appears to remain the same size throughout the video.,https://www.youtube.com/shorts/NFMqcsBtY30,,,,
1182-7,NFMqcsBtY30,Multiple-choice Question with a Single Correct Answer,Objective Causality (Videography Phenomenon & Illusion),"How does the ladder appear beneath the clouds in the video?
A. It is a small object that is replaced by a full-sized ladder.
B. As it moves toward the clouds, it transforms into a ladder of reduced size.
C. It is a small object that appears full-sized due to video editing techniques.
D. It is a full-sized ladder from the beginning.",20.27,"E. None of the above
Select one best answer to the above multiple-choice question based on the video. Respond with only the letter (A, B, C, D or E) of the correct option.",B,https://www.youtube.com/shorts/NFMqcsBtY30,,,,
1183-0,uYIWSSQNV4w,Primary Open-ended Question,Objective Causality (Videography Phenomenon & Illusion),Why did the sky suddenly darken at the beginning of the video?,13.1,Please state your answer with a brief explanation.,"The sky appears to darken because the man creates a small bright ball of light in his hands which seems to reverse the direction of time in the room. The daylight outside the window turns to night, and then a fire starts in his laundry basket.",https://www.youtube.com/shorts/uYIWSSQNV4w,,,,
1183-1,uYIWSSQNV4w,Paraphrased Open-ended Question,Objective Causality (Videography Phenomenon & Illusion),What caused the sky to become dark so quickly at the start of the video?,13.1,Please state your answer with a brief explanation.,"Sure, here's the answer!

The sky likely turned dark so quickly due to a visual effect or edit. It appears to coincide with the glowing orb.",https://www.youtube.com/shorts/uYIWSSQNV4w,,,,
1183-2,uYIWSSQNV4w,Correctly-led Open-ended Question,Objective Causality (Videography Phenomenon & Illusion),Did the sky darken because of a combination of lighting changes and post-production effects?,13.1,Please state your answer with a brief explanation.,"Yes, the sky darkening seems to be achieved through both a change in lighting and post-production effects. In the initial shot, there is bright sunlight. Then, it immediately goes dark, and there is a bright lamp behind the character. This indicates changes in the scene's lighting combined with post-production techniques to alter the color and brightness of the sky seen through the window.",https://www.youtube.com/shorts/uYIWSSQNV4w,,,,
1183-3,uYIWSSQNV4w,Wrongly-led Open-ended Question,Objective Causality (Videography Phenomenon & Illusion),Did the sky darken because the person in the video turned off all the lights in the room?,13.1,Please state your answer with a brief explanation.,The sky did not darken because the person in the video turned off the lights in the room. The sky darkened because in the video the person touches a ball that emits a large amount of light. The ball then hits the wall and causes a fire in the room.,https://www.youtube.com/shorts/uYIWSSQNV4w,,,,
1183-7,uYIWSSQNV4w,Multiple-choice Question with a Single Correct Answer,Objective Causality (Videography Phenomenon & Illusion),"What caused the sky to darken suddenly at the beginning of the video?
A. A combination of lighting changes and post-production effects.
B. The person turned off the lights.
C. The person closed the curtains.
D. The person left the room.",13.1,"E. None of the above
Select one best answer to the above multiple-choice question based on the video. Respond with only the letter (A, B, C, D or E) of the correct option.",A.,https://www.youtube.com/shorts/uYIWSSQNV4w,,,,
1192-0,RdDzFuX1b1s,Primary Open-ended Question,Objective Causality (Videography Phenomenon & Illusion),Why did a standing sprinkler suddenly appear?,20.65,Please state your answer with a brief explanation.,"Sure thing! Based on the video, the standing sprinkler appeared because the presenter was demonstrating a new water blaster toy based on the Ratchet and Clank game. When the water blaster was used, the person it targeted triggered the sprinkler.",https://www.youtube.com/shorts/RdDzFuX1b1s,,,,
1192-1,RdDzFuX1b1s,Paraphrased Open-ended Question,Objective Causality (Videography Phenomenon & Illusion),What caused the sudden appearance of the standing sprinkler in the video?,20.65,Please state your answer with a brief explanation.,The standing sprinkler appeared when the man used the Ratchet and Clank device to spray another man who was running past. This turned that man into a living sprinkler.,https://www.youtube.com/shorts/RdDzFuX1b1s,,,,
1192-2,RdDzFuX1b1s,Correctly-led Open-ended Question,Objective Causality (Videography Phenomenon & Illusion),Was the standing sprinkler's sudden appearance in the video due to creative video editing?,20.65,Please state your answer with a brief explanation.,"Yes, the standing sprinkler's sudden appearance in the video is a result of creative video editing. Sprinkler appears right after the man shoots the water from the toy gun towards the woman.",https://www.youtube.com/shorts/RdDzFuX1b1s,,,,
1192-3,RdDzFuX1b1s,Wrongly-led Open-ended Question,Objective Causality (Videography Phenomenon & Illusion),Did the standing sprinkler appear suddenly because it was hidden underground and activated by the ball?,20.65,Please state your answer with a brief explanation.,"No, the standing sprinkler did not appear suddenly from underground after the ball hit it. Based on the video, the sprinkler was already positioned in the ground before it activated and began shooting water out of it.",https://www.youtube.com/shorts/RdDzFuX1b1s,,,,
1192-7,RdDzFuX1b1s,Multiple-choice Question with a Single Correct Answer,Objective Causality (Videography Phenomenon & Illusion),"Why did the standing sprinkler suddenly appear in the video?
A. It was hidden underground.
B. It was triggered by a sensor.
C. It was a result of video editing.
D. It was always there but invisible.",20.65,"E. None of the above
Select one best answer to the above multiple-choice question based on the video. Respond with only the letter (A, B, C, D or E) of the correct option.",A.,https://www.youtube.com/shorts/RdDzFuX1b1s,,,,
1203-0,X2muluGbNeo,Primary Open-ended Question,Local Event Attribute,How did the man take out the towel without touching the stream?,18.82,Please state your answer with a brief explanation.,"The man took out the towel without touching the stream by looping the towel over the faucet spout, then pulling it free to keep it dry.",https://www.youtube.com/shorts/X2muluGbNeo,,,,
1203-1,X2muluGbNeo,Paraphrased Open-ended Question,Local Event Attribute,What method did the man use to remove the towel without it touching the water stream?,18.82,Please state your answer with a brief explanation.,The man lifted the faucet high enough to allow the towel to be removed without it touching the water stream.,https://www.youtube.com/shorts/X2muluGbNeo,,,,
1203-2,X2muluGbNeo,Correctly-led Open-ended Question,Local Event Attribute,Did the man manage to remove the towel by moving the open end of the towel to the other side of the water flow?,18.82,Please state your answer with a brief explanation.,"Yes, the man successfully removed the towel to the other side of the water flow. He managed to do this after some struggle by moving the open end of the towel to the other side of the water flow.",https://www.youtube.com/shorts/X2muluGbNeo,,,,
1203-3,X2muluGbNeo,Wrongly-led Open-ended Question,Local Event Attribute,Did the man use the detachable spray head of the faucet to take out the towel without touching the stream?,18.82,Please state your answer with a brief explanation.,"Yes, the man named Andrey in the video removes the towel from under the stream of water without touching the water. He uses the detachable head of the faucet, using its flexibility to lift the towel away from the water flow.",https://www.youtube.com/shorts/X2muluGbNeo,,,,
1203-7,X2muluGbNeo,Multiple-choice Question with a Single Correct Answer,Local Event Attribute,"How did the man take out the towel without touching the stream?
A. By turning off the water first.
B. By moving the open end of the towel to the other side of the water flow.
C. By using the detachable spray head of the faucet.
D. By using a different towel.",18.82,"E. None of the above
Select one best answer to the above multiple-choice question based on the video. Respond with only the letter (A, B, C, D or E) of the correct option.",A,https://www.youtube.com/shorts/X2muluGbNeo,,,,
1206-0,fuAUDvxf_vY,Primary Open-ended Question,Professional Knowledge,Why is the blue paint seemingly spilling unusually?,10.65,Please state your answer with a brief explanation.,"Okay, here's why the paint seemingly spills unusually:

The blue paint spills upwards against gravity, defying expectations, indicating that the video is played in reverse. The ""gravity"" text over the video highlights the unusual anti-gravitational effect of the paint spill.",https://www.youtube.com/shorts/fuAUDvxf_vY,,,,
1206-1,fuAUDvxf_vY,Paraphrased Open-ended Question,Professional Knowledge,What causes the blue paint to appear as if it's spilling in an unusual direction?,10.65,Please state your answer with a brief explanation.,"The blue paint appears to spill upward because the man is lying on the ground and the camera is filming from above. Therefore, when he spills the paint, it naturally spreads in the direction of gravity, which appears to be upwards from the perspective of the video.",https://www.youtube.com/shorts/fuAUDvxf_vY,,,,
1206-2,fuAUDvxf_vY,Correctly-led Open-ended Question,Professional Knowledge,"Is the blue paint spilling upwards because the entire set is upside down, creating an illusion?",10.65,Please state your answer with a brief explanation.,"The answer is no, the set is not upside down. The blue paint appears to be falling ""upwards"" because it is being thrown directly in the air due to the force of the can being overturned, defying gravity momentarily.",https://www.youtube.com/shorts/fuAUDvxf_vY,,,,
1206-3,fuAUDvxf_vY,Wrongly-led Open-ended Question,Professional Knowledge,Is the blue paint spilling unusually because the person is holding the paint can upside down above their head?,10.65,Please state your answer with a brief explanation.,"Yes, the blue paint is spilling unusually because the person is holding the paint can upside down above their head. The paint spills out because of gravity.",https://www.youtube.com/shorts/fuAUDvxf_vY,,,,
1206-7,fuAUDvxf_vY,Multiple-choice Question with a Single Correct Answer,Professional Knowledge,"Why does the blue paint appear to spill unusually?
A. The person is holding the paint can upside down above their head.
B. The paint is thicker than usual.
C. The set is upside down, creating an illusion.
D. The paint can is defective.",10.65,"E. None of the above
Select one best answer to the above multiple-choice question based on the video. Respond with only the letter (A, B, C, D or E) of the correct option.",C,https://www.youtube.com/shorts/fuAUDvxf_vY,,,,
1209-0,H-9qGWrW83M,Primary Open-ended Question,Displacement Attribute,How fast is the woman in the photo at the end of the video?,20.67,Please state your answer with a brief explanation.,"Sure, I can help with that! Based on the video, the speed of the woman in the photo is fast. This is evident due to the puddle splash captured in a snapshot as she is stepping on it.",https://www.youtube.com/shorts/H-9qGWrW83M,,,,
1209-1,H-9qGWrW83M,Paraphrased Open-ended Question,Displacement Attribute,What is the speed of the woman in the final image of the video?,20.67,Please state your answer with a brief explanation.,"In the final image of the video, the woman is running through a puddle with leaves. Considering that the woman is running through a puddle, her speed is likely to be between 4-6 miles per hour.",https://www.youtube.com/shorts/H-9qGWrW83M,,,,
1209-2,H-9qGWrW83M,Correctly-led Open-ended Question,Displacement Attribute,"Is the woman in the photo at the end of the video appearing moving fast, because it is just an illusion created by the photo composition?",20.67,Please state your answer with a brief explanation.,"The woman in the photo appears to be moving quickly because it is an illusion. The video shows the photographer taking a photo of a woman splashing in a puddle with fall leaves around her. The photo captures a specific moment in time, with the foot in mid-air and water splashing.",https://www.youtube.com/shorts/H-9qGWrW83M,,,,
1209-3,H-9qGWrW83M,Wrongly-led Open-ended Question,Displacement Attribute,Does the woman in the photo is running quickly due to the position of her legs and the splash of water?,20.67,Please state your answer with a brief explanation.,"Yes, the woman appears to be running quickly in the photo. In the photo, the woman is captured in mid-stride with her leg raised high, indicating significant forward movement. Additionally, the splash of water around her foot further suggests a strong impact, supporting the idea that she is running with considerable speed.",https://www.youtube.com/shorts/H-9qGWrW83M,,,,
1209-7,H-9qGWrW83M,Multiple-choice Question with a Single Correct Answer,Displacement Attribute,"How fast is the woman in the photo at the end of the video?
A. She is actually running.
B. She is walking quickly.
C. The special composition and photo editing and she never leaves her position.
D. The position of her legs.",20.67,"E. None of the above
Select one best answer to the above multiple-choice question based on the video. Respond with only the letter (A, B, C, D or E) of the correct option.",A,https://www.youtube.com/shorts/H-9qGWrW83M,,,,
1210-0,diEfe0tsJY8,Primary Open-ended Question,Objective Causality (Videography Phenomenon & Illusion),What is the change in focus of the video shooting?,6.25,Please state your answer with a brief explanation.,The video shifts from focusing on the woman looking at the black and white photo of birds to focusing on the photo itself.,https://www.youtube.com/shorts/diEfe0tsJY8,,,,
1210-1,diEfe0tsJY8,Paraphrased Open-ended Question,Objective Causality (Videography Phenomenon & Illusion),How does the focus change throughout the video?,6.25,Please state your answer with a brief explanation.,"Okay, here’s how the focus changes in the video:

Initially, the focus is on the woman's back, making the photograph blurry in the background. Then, the focus shifts to the framed photograph on the wall, highlighting the details of the birds and their surroundings. The woman then becomes blurred in the foreground.",https://www.youtube.com/shorts/diEfe0tsJY8,,,,
1210-2,diEfe0tsJY8,Correctly-led Open-ended Question,Objective Causality (Videography Phenomenon & Illusion),Does the focus of the video remain on the photograph of the two birds throughout the sequence?,6.25,Please state your answer with a brief explanation.,"Yes, the focus of the video remains on the photograph of the two birds throughout the sequence. The camera slowly pans up and around the photo, keeping it the primary subject in view.",https://www.youtube.com/shorts/diEfe0tsJY8,,,,
1210-3,diEfe0tsJY8,Wrongly-led Open-ended Question,Objective Causality (Videography Phenomenon & Illusion),Does the focus of the video shift from the background to the foreground as it progresses?,6.25,Please state your answer with a brief explanation.,"Yes, the focus does shift from the background to the foreground. Initially, the video focuses on a black-and-white picture on the wall, then it transitions to focus on the woman standing in front of the picture.",https://www.youtube.com/shorts/diEfe0tsJY8,,,,
1210-7,diEfe0tsJY8,Multiple-choice Question with a Single Correct Answer,Objective Causality (Videography Phenomenon & Illusion),"What is the change in focus of the video shooting?
A. The bird to the people in the foreground
B. The people in the foreground to the bird
C. Keeping the photograph of the two birds
D. The entire room",6.25,"E. None of the above
Select one best answer to the above multiple-choice question based on the video. Respond with only the letter (A, B, C, D or E) of the correct option.",C,https://www.youtube.com/shorts/diEfe0tsJY8,,,,
1214-0,7nnjsL5oc_s,Primary Open-ended Question,Displacement Attribute,What is the motion of the shot when photographing the woman?,5.76,Please state your answer with a brief explanation.,"The camera starts with a very wide shot, and then zooms in on the woman in the center of the frame.",https://www.youtube.com/shorts/7nnjsL5oc_s,,,,
1214-1,7nnjsL5oc_s,Paraphrased Open-ended Question,Displacement Attribute,How does the camera move when capturing the woman in the video?,5.76,Please state your answer with a brief explanation.,The camera descends and zooms in on the woman. This is done to get a closer look at the woman lying on the green platform in the center of the stairs.,https://www.youtube.com/shorts/7nnjsL5oc_s,,,,
1214-2,7nnjsL5oc_s,Correctly-led Open-ended Question,Displacement Attribute,"Is the camera moving closer to the woman, creating a zoom-in effect, as it films her?",5.76,Please state your answer with a brief explanation.,"Yes, the camera is moving closer to the woman, creating a zoom-in effect as it films her. The woman becomes more and more in focus as the camera moves in her direction.",https://www.youtube.com/shorts/7nnjsL5oc_s,,,,
1214-3,7nnjsL5oc_s,Wrongly-led Open-ended Question,Displacement Attribute,"Is the camera moving away from the woman, creating a zoom-out effect, as it films her?",5.76,Please state your answer with a brief explanation.,"Yes, it does appear that the camera is moving away from the woman, creating a zoom-out effect. Initially, we see her up close, but then the camera gradually widens the shot to reveal the surrounding architecture.",https://www.youtube.com/shorts/7nnjsL5oc_s,,,,
1214-7,7nnjsL5oc_s,Multiple-choice Question with a Single Correct Answer,Displacement Attribute,"What is the motion of the camera when photographing the woman?
A. Zoom-in
B. Pan left
C. Zoom-out
D. Pan right",5.76,"E. None of the above
Select one best answer to the above multiple-choice question based on the video. Respond with only the letter (A, B, C, D or E) of the correct option.",A,https://www.youtube.com/shorts/7nnjsL5oc_s,,,,
1223-0,FxLooSikc2U,Primary Open-ended Question,Objective Causality (Videography Phenomenon & Illusion),How does the camera view differ in the last throw compared to others?,23.66,Please state your answer with a brief explanation.,"Okay, here's how the camera angle differs in the last throw:

*   **Wider Angle:** The camera in the last throw shot has a slightly wider angle. The camera is closer to the floor with the ceiling barely visible and the couch filling up the back. All the pans can be viewed in the shot along with the man tossing the ball.

The wider angle captures more of the overall scene, allowing you to see the pans, the man, and the relationship between them, providing a clearer context for the trick shot.",https://www.youtube.com/shorts/FxLooSikc2U,,,,
1223-1,FxLooSikc2U,Paraphrased Open-ended Question,Objective Causality (Videography Phenomenon & Illusion),In what way does the camera angle change during the final throw compared to the earlier ones?,23.66,Please state your answer with a brief explanation.,"Certainly! Here's the analysis of how the camera angle changes during the final throw:

**Change in Camera Angle:**

The camera angle moves closer to the floor and further away from the man throwing the ball during the final throw.

**Explanation:**

Initially, the camera is positioned higher, capturing the man and the arrangement of pans and the cup on the floor. As the final throw is made, the camera zooms in and lowers its position, emphasizing the cup and the floor, making the cup the focus of the scene.",https://www.youtube.com/shorts/FxLooSikc2U,,,,
1223-2,FxLooSikc2U,Correctly-led Open-ended Question,Objective Causality (Videography Phenomenon & Illusion),"Does the camera zoom in on the floor during the last throw, unlike the previous stationary views?",23.66,Please state your answer with a brief explanation.,"No, the camera does not zoom in on the floor during the last throw. The view remains stationary throughout the entire series of throws.",https://www.youtube.com/shorts/FxLooSikc2U,,,,
1223-3,FxLooSikc2U,Wrongly-led Open-ended Question,Objective Causality (Videography Phenomenon & Illusion),"In the last throw, does the camera keep the same angle as before?",23.66,Please state your answer with a brief explanation.,"No, the camera angle does not stay the same in the last throw. It zooms in a little closer, so that we can see better if the ball goes into the cup.",https://www.youtube.com/shorts/FxLooSikc2U,,,,
1223-7,FxLooSikc2U,Multiple-choice Question with a Single Correct Answer,Objective Causality (Videography Phenomenon & Illusion),"How does the camera view differ in the last throw compared to others?
A. it zooms in on the bottom right section.
B. it zooms out on the bottom left section.
C. It remains stationary.
D. it zooms in on the bottom left section.",23.66,"E. None of the above
Select one best answer to the above multiple-choice question based on the video. Respond with only the letter (A, B, C, D or E) of the correct option.",D.,https://www.youtube.com/shorts/FxLooSikc2U,,,,
1225-0,#NAME?,Primary Open-ended Question,Objective Causality (Videography Phenomenon & Illusion),Who is mainly visible when the first camera zoom is complete?,,Please state your answer with a brief explanation.,The short friend and the speaker's mother are mainly visible when the first camera zoom is complete at [00:00:06],https://www.youtube.com/shorts/-o7pVduTGVs,,,,
1225-1,#NAME?,Paraphrased Open-ended Question,Objective Causality (Videography Phenomenon & Illusion),Who is prominently seen when the camera finishes zooming in for the first time?,,Please state your answer with a brief explanation.,"After the first zoom, the short friend and another woman are prominently visible. The short friend has a surprised look on his face.",https://www.youtube.com/shorts/-o7pVduTGVs,,,,
1225-2,#NAME?,Correctly-led Open-ended Question,Objective Causality (Videography Phenomenon & Illusion),Is the person mainly visible after the first camera zoom a man in a gray Under Armour t-shirt?,,Please state your answer with a brief explanation.,"Yes, that's correct. The person mainly visible after the first camera zoom is indeed a man in a gray Under Armour t-shirt. You can clearly see him running in the doorway wearing it.",https://www.youtube.com/shorts/-o7pVduTGVs,,,,
1225-3,#NAME?,Wrongly-led Open-ended Question,Objective Causality (Videography Phenomenon & Illusion),Is the person mainly visible after the first camera zoom a woman in a red dress?,,Please state your answer with a brief explanation.,"No, the person mainly visible after the first camera zoom is a woman wearing a light pink blouse.",https://www.youtube.com/shorts/-o7pVduTGVs,,,,
1225-7,#NAME?,Multiple-choice Question with a Single Correct Answer,Objective Causality (Videography Phenomenon & Illusion),"Who is mainly visible when the first camera zoom is complete?
A. A woman in a pink dress.
B. A man in a white Under Armour t-shirt.
C. A man in a gray Under Armour t-shirt.
D. A woman in a blue dress.",,"E. None of the above
Select one best answer to the above multiple-choice question based on the video. Respond with only the letter (A, B, C, D or E) of the correct option.",C.,https://www.youtube.com/shorts/-o7pVduTGVs,,,,
1229-0,d-uzkMB14xQ,Primary Open-ended Question,Objective Causality (Videography Phenomenon & Illusion),Why is the object in front of the mirror different from its reflection in the mirror?,10.41,Please state your answer with a brief explanation.,A mirror reflection only shows the opposite of what is in front of it. The object in front of the mirror in the clip is a chess pawn. The reflection in the mirror is a chess king.,https://www.youtube.com/shorts/d-uzkMB14xQ,,,,
1229-1,d-uzkMB14xQ,Paraphrased Open-ended Question,Objective Causality (Videography Phenomenon & Illusion),What causes the discrepancy between the object in front of the mirror and its reflection?,10.41,Please state your answer with a brief explanation.,"The discrepancy between the object in front of the mirror and its reflection is caused by the use of a curved mirror. Curved mirrors distort the shape of the reflection depending on the mirror's curvature. In the video, the shape of the pawn is changed into a king due to the shape of the mirror used.",https://www.youtube.com/shorts/d-uzkMB14xQ,,,,
1229-2,d-uzkMB14xQ,Correctly-led Open-ended Question,Objective Causality (Videography Phenomenon & Illusion),Is the difference between the object and its reflection due to the use of a panoramic photography feature on the phone?,10.41,Please state your answer with a brief explanation.,"No, the difference between the object and its reflection is not due to a panoramic photography feature. Instead, it appears that the phone uses a feature similar to a 3D scanner, capturing the shape of the object (a chess piece) in the reflection and then creating a 3D model based on it. This process allows for the manipulation of the object's image, resulting in the king chess piece in the photo and pawn chess piece in the reflection.",https://www.youtube.com/shorts/d-uzkMB14xQ,,,,
1229-3,d-uzkMB14xQ,Wrongly-led Open-ended Question,Objective Causality (Videography Phenomenon & Illusion),"Is the difference between the object and its reflection because the mirror is a special type, like a concave mirror?",10.41,Please state your answer with a brief explanation.,"The difference between the object and the reflection is due to a combination of factors, but it is definitely due to the mirror not being planar.

In general, a standard flat or planar mirror is expected to produce a virtual image that is the same size and shape as the original object, and laterally inverted. If the mirror is curved, like a concave mirror, it can distort the image, making it appear larger or smaller, or even flipped depending on the distance and curvature. In this video, the mirror is definitely curved, and this is why we see a different object in its reflection.",https://www.youtube.com/shorts/d-uzkMB14xQ,,,,
1229-7,d-uzkMB14xQ,Multiple-choice Question with a Single Correct Answer,Objective Causality (Videography Phenomenon & Illusion),"Why does the object in front of the mirror appear different from its reflection?
A. The video operates with special editing techniques
B. The mirror is a convex mirror.
C. The photo was taken using a panoramic photography feature.
D. The mirror is a concave mirror.",10.41,"E. None of the above
Select one best answer to the above multiple-choice question based on the video. Respond with only the letter (A, B, C, D or E) of the correct option.",D,https://www.youtube.com/shorts/d-uzkMB14xQ,,,,
1231-0,BFgfaUrBoks,Primary Open-ended Question,Objective Causality (Videography Phenomenon & Illusion),Why does the water in the waterfall look like it is flowing backwards at the end of the video?,14.98,Please state your answer with a brief explanation.,"Of course, I can help.
The water at the end of the video looks as though it is flowing upward as a result of rotating the camera to a 90-degree angle. This gives the effect of gravity being reversed.",https://www.youtube.com/shorts/BFgfaUrBoks,,,,
1231-1,BFgfaUrBoks,Paraphrased Open-ended Question,Objective Causality (Videography Phenomenon & Illusion),What causes the waterfall to appear as if it is flowing in reverse at the conclusion of the video?,14.98,Please state your answer with a brief explanation.,"The waterfall appears to flow in reverse at the end of the video because the phone was rotated 90 degrees while recording. The video was later edited and rotated the opposite way, making it appear like the man was walking on the side of the waterfall.",https://www.youtube.com/shorts/BFgfaUrBoks,,,,
1231-2,BFgfaUrBoks,Correctly-led Open-ended Question,Objective Causality (Videography Phenomenon & Illusion),Is the backward flow of the waterfall at the end of the video due to reverse video processing?,14.98,Please state your answer with a brief explanation.,"The backward flow of the waterfall at the end of the video is due to reverse video processing. The video shows the man in front of the waterfall, then gives instructions to rotate the phone. When rotated, the waterfall looks like it's going upward.",https://www.youtube.com/shorts/BFgfaUrBoks,,,,
1231-3,BFgfaUrBoks,Wrongly-led Open-ended Question,Objective Causality (Videography Phenomenon & Illusion),Does the waterfall appear to flow backwards at the end of the video because of using special effects techniques?,14.98,Please state your answer with a brief explanation.,The waterfall does not appear to flow backwards at the end of the video because of using special effects techniques. It appears to flow backwards because of the orientation of the phone; the phone is rotated so that it appears the man is standing on a wall of water and that the waterfall is going upwards.,https://www.youtube.com/shorts/BFgfaUrBoks,,,,
1231-7,BFgfaUrBoks,Multiple-choice Question with a Single Correct Answer,Objective Causality (Videography Phenomenon & Illusion),"Why does the waterfall appear to flow backwards at the end of the video?
A. Reverse video processing was used.
B. The water flow was altered physically.
C. The lighting created an illusion.
D. Using special effects techniques.",14.98,"E. None of the above
Select one best answer to the above multiple-choice question based on the video. Respond with only the letter (A, B, C, D or E) of the correct option.",A,https://www.youtube.com/shorts/BFgfaUrBoks,,,,
1233-0,vpzN7MFV4YU,Primary Open-ended Question,Objective Causality (Videography Phenomenon & Illusion),Why are there two reflections when there is only one person in the photo?,10.99,Please state your answer with a brief explanation.,There are two reflections in the photo because the photographer used the panorama setting on a smartphone and moved the camera continuously while filming. This allows the smartphone to capture both the foreground and sky and merge them together in the final image.,https://www.youtube.com/shorts/vpzN7MFV4YU,,,,
1233-1,vpzN7MFV4YU,Paraphrased Open-ended Question,Objective Causality (Videography Phenomenon & Illusion),How come there are two reflections in the water when only one person is visible in the image?,10.99,Please state your answer with a brief explanation.,"Certainly! Here's the explanation:

In the video, the person taking the picture uses a panorama feature on their smartphone to simultaneously capture two different angles of the scene in one photo. This results in two reflections in the water, even though only one person is visible in the final image.",https://www.youtube.com/shorts/vpzN7MFV4YU,,,,
1233-2,vpzN7MFV4YU,Correctly-led Open-ended Question,Objective Causality (Videography Phenomenon & Illusion),Is the reason for the two reflections in the photo due to the use of a panoramic camera function that combined multiple images?,10.99,Please state your answer with a brief explanation.,"It looks like the reflection in the photo is the result of using the panoramic function of the camera. By using the panorama in this way, the sky gets reflected in the ground.",https://www.youtube.com/shorts/vpzN7MFV4YU,,,,
1233-3,vpzN7MFV4YU,Wrongly-led Open-ended Question,Objective Causality (Videography Phenomenon & Illusion),Is the reason for the two reflections in the photo due to image synthesis technology?,10.99,Please state your answer with a brief explanation.,"The reason for the two reflections in the photo is not due to image synthesis technology. The reflections are natural and can be explained by: 

1.  **A puddle of water.** The ground is covered in water, which acts as a mirror, creating a reflection of the people in the scene.
2.  **A phone screen.** The person holding the phone is photographing or filming the scene, and the screen is also reflecting the scene.",https://www.youtube.com/shorts/vpzN7MFV4YU,,,,
1233-7,vpzN7MFV4YU,Multiple-choice Question with a Single Correct Answer,Objective Causality (Videography Phenomenon & Illusion),"Why are there two reflections in the photo?
A. The photographer used a panoramic camera function.
B. There was a mirror placed in the scene.
C. One is the actual reflection and the other is from the phone screen.
D. The photo was edited post-capture.",10.99,"E. None of the above
Select one best answer to the above multiple-choice question based on the video. Respond with only the letter (A, B, C, D or E) of the correct option.",C,https://www.youtube.com/shorts/vpzN7MFV4YU,,,,
1235-0,EvlFEYvsf2Q,Primary Open-ended Question,Professional Knowledge,What's the answer for 4+3= according to the video?,4.48,Please state your answer with a brief explanation.,"The image is a math quiz, but it does not contain the problem 4 + 3.",https://www.youtube.com/shorts/EvlFEYvsf2Q,,,,
1235-1,EvlFEYvsf2Q,Paraphrased Open-ended Question,Professional Knowledge,What is the result of 4 plus 3 according to the pattern shown in the video?,4.48,Please state your answer with a brief explanation.,"Alright, let's analyze the pattern in the image. 
*   4 + 4 = 8
*   5 + 5 = 15
*   6 + 6 = 24

From the images given in the sequence of the problem, the number is added by the amount of the number multiplied by the number before it. For example: 4+4= 4+(4x1)= 8. 5+5= 5+(5x2)= 15. 6+6= 6+(6x3)=24. 

Therefore, following that pattern, 4 + 3 will equal 4+(3x1) = 7.",https://www.youtube.com/shorts/EvlFEYvsf2Q,,,,
1235-2,EvlFEYvsf2Q,Correctly-led Open-ended Question,Professional Knowledge,"Based on the pattern in the video, does 4 + 3 equal 37?",4.48,Please state your answer with a brief explanation.,"Based on the math quiz in the video, 4 + 3 does not equal 37.

Here's why:
Looking at the quiz, the numbers in the equations are multiplied. 
* 4 + 4 = 08, 4 x 2 = 8
* 5 + 5 = 15, 5 x 3 = 15
* 6 + 6 = 24, 6 x 4 = 24

The trend is, you take the number on the left side of the equation and multiply it with the next biggest number. 4 x 2 = 8, 5 x 3 = 15, 6 x 4 = 24. 9 x 7 is not 37.",https://www.youtube.com/shorts/EvlFEYvsf2Q,,,,
1235-3,EvlFEYvsf2Q,Wrongly-led Open-ended Question,Professional Knowledge,"According to the pattern in the video, does 4 + 3 equal 412?",4.48,Please state your answer with a brief explanation.,"According to the pattern shown in the image, it does not show 4 + 3 equaling 412. This is because the pattern shows the same number being added twice.",https://www.youtube.com/shorts/EvlFEYvsf2Q,,,,
1235-7,EvlFEYvsf2Q,Multiple-choice Question with a Single Correct Answer,Professional Knowledge,"What is the result of 4 + 3 according to the pattern in the video?
A. 43
B. 73
C. 412
D. 37",4.48,"E. None of the above
Select one best answer to the above multiple-choice question based on the video. Respond with only the letter (A, B, C, D or E) of the correct option.",E,https://www.youtube.com/shorts/EvlFEYvsf2Q,,,,
1236-0,eDcteTYALgI,Primary Open-ended Question,Professional Knowledge,Is the method useful to produce correct calculation result?,16.95,Please state your answer with a brief explanation.,"Yes, the method is useful to produce the correct calculation results. As shown in the video, the method involves taking the number divided by 5, removing the zero to get another number, and then multiplying that number by 2. This is equivalent to dividing by 5. For example, in the video, 90 is divided by 5. The zero is removed, leaving 9, which is multiplied by 2, equaling 18.",https://www.youtube.com/shorts/eDcteTYALgI,,,,
1236-1,eDcteTYALgI,Paraphrased Open-ended Question,Professional Knowledge,Does the method demonstrated in the video effectively yield accurate calculation results?,16.95,Please state your answer with a brief explanation.,"Yes, the method demonstrated in the video is effective for these problems, as it yields accurate results. This method involves canceling out the trailing zero and multiplying the remaining number by two, which is a shortcut for dividing by five when the original number ends in zero.",https://www.youtube.com/shorts/eDcteTYALgI,,,,
1236-2,eDcteTYALgI,Correctly-led Open-ended Question,Professional Knowledge,Is the method shown in the video effective in producing accurate results for the division problems?,16.95,Please state your answer with a brief explanation.,"Yes, the method shown in the video is effective in producing accurate results. The video shows an alternative method for dividing numbers that end in zero by 5. This trick involves removing the zero, then multiplying the remaining digit by two, which gives the correct answer.",https://www.youtube.com/shorts/eDcteTYALgI,,,,
1236-3,eDcteTYALgI,Wrongly-led Open-ended Question,Professional Knowledge,Is the method shown in the video ineffective because it involves squaring the numbers before dividing by 5?,16.95,Please state your answer with a brief explanation.,"The method shown in the video is effective in this case, but there's no actual squaring occurring. Squaring the number and then dividing by 5, such as in this method, is the same as multiplying the number by 2. It works here because dividing by 5 is mathematically equivalent to multiplying by 2 and then dividing by 10. Since the original numbers always ended in 0, there was never an issue of decimals. However, the method shown in the video is not effective with numbers that end in non-zero values.",https://www.youtube.com/shorts/eDcteTYALgI,,,,
1236-7,eDcteTYALgI,Multiple-choice Question with a Single Correct Answer,Professional Knowledge,"What is the reason the method in the video is considered useful?
A. It involves the square root of a number before dividing by 5.
B. It involves squaring the numbers before dividing by 5.
C. It simplifies division into single-digit multiplication.
D. It reduces division to addition.",16.95,"E. None of the above
Select one best answer to the above multiple-choice question based on the video. Respond with only the letter (A, B, C, D or E) of the correct option.",B,https://www.youtube.com/shorts/eDcteTYALgI,,,,
1237-0,jTpJa4TF5cQ,Primary Open-ended Question,Professional Knowledge,What's the answer of 9+9=? according to the video?,4.5,Please state your answer with a brief explanation.,"Based on the video, the answer of 9+9 should be 45.

The explanation:
The image shows a sequence of addition equations.

4 + 4 = 08
5 + 5 = 15
6 + 6 = 24
9 + 9 = ?

If we are looking at a pattern, we could multiply each answer (the number that comes after the equal sign) by the original number, respectively.
08 x 4 = 32
15 x 5 = 75
24 x 6 = 144

As you can see, there is no clear relationship between each answer in regards to a multiplier. 

However, if we are looking for a relationship in terms of addition, we can observe the following:
4 + 4 = 08, so we add an additional 7 to arrive at 15.
5 + 5 = 15, so we add an additional 9 to arrive at 24.

If we continue this sequence, it appears that the original number that comes after the equal sign is being added by an additional number that is increasing by 2 each time:

4 + 4 = 08
5 + 5 = 15 (add 7)
6 + 6 = 24 (add 9)
9 + 9 = ? (the missing number has to be 24 + 11 = 35)

So 9 + 9 = 35?

But considering that 4 + 4 = 08, this means that each number in the sequence must be added by zero.

8 + 7 = 15, so we add 7 to the original number.
15 + 9 = 24, so we add 9 to the original number.
24 + 11 = 35, so we add 11 to the original number.

As we add 11 to the original answer, the answer of the sequence would be 35, which doesn't fit into the original pattern that we see.

Another option is to subtract the numbers. 

Starting from 8 - 7 = 1.
So 15 - 7 = 8
24 - 9 = 15

Then we can add 13 to 32, so the answer is 45.",https://www.youtube.com/shorts/jTpJa4TF5cQ,,,,
1237-1,jTpJa4TF5cQ,Paraphrased Open-ended Question,Professional Knowledge,What is the result of 9 plus 9 according to the pattern shown in the video?,4.5,Please state your answer with a brief explanation.,"Okay, based on the pattern in the video:

*   4 + 4 = 08
*   5 + 5 = 15
*   6 + 6 = 24

It seems that each sum is calculated as follows:

*   4 + 4 = 4 * 2 = 8
*   5 + 5 = 5 * 3 = 15
*   6 + 6 = 6 * 4 = 24

Following this pattern, for 9 + 9:

*   9 + 9 = 9 * 7 = 63

So, the result of 9 plus 9 according to the pattern is 63.",https://www.youtube.com/shorts/jTpJa4TF5cQ,,,,
1237-2,jTpJa4TF5cQ,Correctly-led Open-ended Question,Professional Knowledge,"Based on the pattern in the video, does the equation 9 + 9 result in 63?",4.5,Please state your answer with a brief explanation.,"Certainly! Let's analyze the pattern in the video.

Based on the given pattern:

*   4 + 4 = 08 (4 x 2)
*   5 + 5 = 15 (5 x 3)
*   6 + 6 = 24 (6 x 4)

Following the pattern, we would expect:

*   9 + 9 = 45 (9 x 5)

Therefore, based on this pattern, the equation 9 + 9 does not result in 63. Instead, it results in 45.",https://www.youtube.com/shorts/jTpJa4TF5cQ,,,,
1237-3,jTpJa4TF5cQ,Wrongly-led Open-ended Question,Professional Knowledge,"According to the pattern in the video, does 9 + 9 equal 72?",4.5,Please state your answer with a brief explanation.,"Based on the pattern in the video, 9 + 9 equals 63. The pattern is to take the answer and multiply it by the number you are adding. In this case, 6 * 4 = 24, 5 * 3 = 15, 4 * 2 = 8. 9 + 9 would then be 7 * 9, which equals 63.",https://www.youtube.com/shorts/jTpJa4TF5cQ,,,,
1237-7,jTpJa4TF5cQ,Multiple-choice Question with a Single Correct Answer,Professional Knowledge,"What is the answer to 9 + 9 according to the pattern in the video?
A. 18
B. 63
C. 81
D. 72",4.5,"E. None of the above
Select one best answer to the above multiple-choice question based on the video. Respond with only the letter (A, B, C, D or E) of the correct option.",B,https://www.youtube.com/shorts/jTpJa4TF5cQ,,,,
1239-0,3Eh34zhrxMA,Primary Open-ended Question,Professional Knowledge,Is the method useful to produce correct calculation result?,15.1,Please state your answer with a brief explanation.,The method is useful to produce correct calculations result. The first step is to start with one and continuously add two. Then they add 19 to the last result to find the answer for 19 x 10. The rest of the multiplications can be done by subtracting 19 from 190.,https://www.youtube.com/shorts/3Eh34zhrxMA,,,,
1239-1,3Eh34zhrxMA,Paraphrased Open-ended Question,Professional Knowledge,Does the method shown help in achieving accurate calculation results?,15.1,Please state your answer with a brief explanation.,"No, the method shown does not help in achieving accurate calculation results because it makes many mistakes.",https://www.youtube.com/shorts/3Eh34zhrxMA,,,,
1239-2,3Eh34zhrxMA,Correctly-led Open-ended Question,Professional Knowledge,Is the method effective in producing correct results for the multiplication table of 19?,15.1,Please state your answer with a brief explanation.,"No, the method is ineffective in producing correct results for the multiplication table of 19.

The method shown in the video calculates the results of the 19 times tables incorrectly by starting with the numbers 1, 3, 5, 7, 9, 11, 13, 15, 17, and 19. After this, the second digits of the numbers are added onto the previous first digit to formulate the final answer, but the method fails at 19 x 5 as the solution becomes incorrect.",https://www.youtube.com/shorts/3Eh34zhrxMA,,,,
1239-3,3Eh34zhrxMA,Wrongly-led Open-ended Question,Professional Knowledge,Does this method produce the correct result for the multiplication table of 19 as efficiently as the normal method?,15.1,Please state your answer with a brief explanation.,"The method the content creator used to calculate the multiplication table of 19 is incorrect. 
19 x 1 = 19 
19 x 2 = 38
19 x 3 = 57
19 x 4 = 76
19 x 5 = 95
19 x 6 = 114
19 x 7 = 133
19 x 8 = 152
19 x 9 = 171
19 x 10 = 190
As you can see the content creator started off by only writing down the odd number sequence which is not the correct way of calculating the multiplication table of 19. This method is slower and less efficient as you must know the numbers in the odd number sequence.",https://www.youtube.com/shorts/3Eh34zhrxMA,,,,
1239-7,3Eh34zhrxMA,Multiple-choice Question with a Single Correct Answer,Professional Knowledge,"What is the outcome of using the method shown in the video?
A. Less efficient than ordinary methods, but more accurate.
B. More efficient than normal methods.
C. The results are as efficient and accurate as the normal method.
D. More efficient than normal methods, but less accurate.",15.1,"E. None of the above
Select one best answer to the above multiple-choice question based on the video. Respond with only the letter (A, B, C, D or E) of the correct option.",D.,https://www.youtube.com/shorts/3Eh34zhrxMA,,,,
1242-0,68kf4Xd63rc,Primary Open-ended Question,Plot Attribute,What was the result of this man's magic show?,12.61,Please state your answer with a brief explanation.,The magic show resulted in the bill being magically transferred from under the cup to the woman's closed fist.,https://www.youtube.com/shorts/68kf4Xd63rc,,,,
1242-1,68kf4Xd63rc,Paraphrased Open-ended Question,Plot Attribute,What was the outcome of the man's magic trick?,12.61,Please state your answer with a brief explanation.,"The man successfully performed the magic trick, making a dollar bill appear under his hand after it had been sitting out in the open. He used a red cup as a distraction and hid the bill under his hand while he moved the cup around.",https://www.youtube.com/shorts/68kf4Xd63rc,,,,
1242-2,68kf4Xd63rc,Correctly-led Open-ended Question,Plot Attribute,Did the man's magic trick succeed in surprising the woman by making money appear under the cup?,12.61,Please state your answer with a brief explanation.,"Yes, the man's trick did surprise the woman, as evidenced by her facial expression after she lifted her hand and found the money beneath it.",https://www.youtube.com/shorts/68kf4Xd63rc,,,,
1242-3,68kf4Xd63rc,Wrongly-led Open-ended Question,Plot Attribute,Did the man's magic trick fail because the object remained visible on the table throughout the performance?,12.61,Please state your answer with a brief explanation.,"Based on what can be seen in the video, the answer is no. The object remained visible on the table throughout the trick. The magician places a cup over the money and then switches it to his hand. The money does not appear to disappear from the table.",https://www.youtube.com/shorts/68kf4Xd63rc,,,,
1242-7,68kf4Xd63rc,Multiple-choice Question with a Single Correct Answer,Plot Attribute,"What was the result of the man's magic show?
A. The new money appeared under the cup.
B. The money fell to the ground.
C. The money under the cup disappeared.
D. The money went back to the boy.",12.61,"E. None of the above
Select one best answer to the above multiple-choice question based on the video. Respond with only the letter (A, B, C, D or E) of the correct option.",A,https://www.youtube.com/shorts/68kf4Xd63rc,,,,
1255-0,IpHK0Fscq1o,Primary Open-ended Question,Event Localization,After which color being called did the man run underneath?,38.64,Please state your answer with a brief explanation.,"After the color ""yellow"" was called, the man went underneath the parachute. At timestamp [00:00:26] the woman called out the color yellow, and at timestamp [00:00:27] the man can be seen running underneath the parachute.",https://www.youtube.com/shorts/IpHK0Fscq1o,,,,
1255-1,IpHK0Fscq1o,Paraphrased Open-ended Question,Event Localization,What color was called that prompted the man to run underneath?,38.64,Please state your answer with a brief explanation.,"The color that was called prompting the man to run underneath the parachute was yellow. At [00:00:07], the color ""red"" is called and the man doesn't go underneath. A few seconds later, at [00:00:12], the color ""pink"" is called and the man doesn't move either. Then at [00:00:15], the color ""orange"" is called with no reaction from the man. Finally at [00:00:26], the color ""yellow"" is called and the man quickly goes underneath the parachute.",https://www.youtube.com/shorts/IpHK0Fscq1o,,,,
1255-2,IpHK0Fscq1o,Correctly-led Open-ended Question,Event Localization,Did the man run underneath after the color yellow was called?,38.64,Please state your answer with a brief explanation.,"Yes, the man did run under the parachute after the color yellow was called. At [00:00:27] the color yellow is called and the man, standing next to a yellow portion of the parachute, moves under it.",https://www.youtube.com/shorts/IpHK0Fscq1o,,,,
1255-3,IpHK0Fscq1o,Wrongly-led Open-ended Question,Event Localization,Did the man run underneath after the color red was called?,38.64,Please state your answer with a brief explanation.,"Yes, the man in the video ran underneath the parachute after the color red was called.",https://www.youtube.com/shorts/IpHK0Fscq1o,,,,
1255-7,IpHK0Fscq1o,Multiple-choice Question with a Single Correct Answer,Event Localization,"After which color being called did the man run underneath?
A. Yellow
B. Green
C. Blue
D. Red",38.64,"E. None of the above
Select one best answer to the above multiple-choice question based on the video. Respond with only the letter (A, B, C, D or E) of the correct option.",A,https://www.youtube.com/shorts/IpHK0Fscq1o,,,,
1260-0,zHkShLJc41g,Primary Open-ended Question,Character Reaction Causality,Why does the man in white look surprised at the end of the video?,16.75,Please state your answer with a brief explanation.,The man in white looks surprised at the end of the video because troll faces are edited on top of the men.,https://www.youtube.com/shorts/zHkShLJc41g,,,,
1260-1,zHkShLJc41g,Paraphrased Open-ended Question,Character Reaction Causality,What causes the man in white to appear shocked at the conclusion of the video?,16.75,Please state your answer with a brief explanation.,"The man in white is shocked at the conclusion of the video because the video has a surprise edit at the end, which depicts the men as a variety of troll faces.",https://www.youtube.com/shorts/zHkShLJc41g,,,,
1260-2,zHkShLJc41g,Correctly-led Open-ended Question,Character Reaction Causality,Is the man in white surprised because the man in black ate all the food on his plate?,16.75,Please state your answer with a brief explanation.,"From the video, it is difficult to tell if the man in white is surprised that the man in black ate the food from the plate.",https://www.youtube.com/shorts/zHkShLJc41g,,,,
1260-3,zHkShLJc41g,Wrongly-led Open-ended Question,Character Reaction Causality,Is the man in white surprised because the food he ate was unexpectedly spicy?,16.75,Please state your answer with a brief explanation.,"Yes, the man in white seems surprised by the food's spiciness. After eating, he immediately makes a surprised face, and his friend needs a tissue to wipe his face, suggesting the food was unexpectedly spicy.",https://www.youtube.com/shorts/zHkShLJc41g,,,,
1260-7,zHkShLJc41g,Multiple-choice Question with a Single Correct Answer,Character Reaction Causality,"Why does the man in white look surprised at the end of the video?
A. He received unexpected news.
B. The man in black ate all the food on his plate.
C. The food was spicier than he expected.
D. The lights went out suddenly.",16.75,"E. None of the above
Select one best answer to the above multiple-choice question based on the video. Respond with only the letter (A, B, C, D or E) of the correct option.",C,https://www.youtube.com/shorts/zHkShLJc41g,,,,
1261-0,nBq9a0dz_w4,Primary Open-ended Question,Objective Causality (Videography Phenomenon & Illusion),"Why in the reflection of only one woman reading under a tree, there're two other men visible?",34.2,Please state your answer with a brief explanation.,"The reflection is created with the help of a mirror. The mirror reflects the surroundings. Thus, if two other men are standing in the vicinity they'll be included in the reflection of the mirror.",https://www.youtube.com/shorts/nBq9a0dz_w4,,,,
1261-1,nBq9a0dz_w4,Paraphrased Open-ended Question,Objective Causality (Videography Phenomenon & Illusion),How is there a presence of two men in the reflection of only one woman reading under the tree?,34.2,Please state your answer with a brief explanation.,"The presence of two men is observed because a mirror is involved in the scene. One man is present to throw papers for the photo effect, and the other is the photographer. The image in the mirror doesn't show the first man and the photographer, and shows the woman under the tree with the papers reflected in the mirror. The photographer is positioned such that they are not in the reflective angle when capturing the image.",https://www.youtube.com/shorts/nBq9a0dz_w4,,,,
1261-2,nBq9a0dz_w4,Correctly-led Open-ended Question,Objective Causality (Videography Phenomenon & Illusion),"In the scene with the woman reading, could the presence of two men in the reflection be due to the photos being intentionally shot and edited together?",34.2,Please state your answer with a brief explanation.,"Yes, it's highly likely that the presence of two men in the reflection of the image with the woman reading is due to intentional shooting and editing. The behind-the-scenes shots show that a mirror is used to create the reflection, and the men are present in the real scene to position the mirror and create lighting.",https://www.youtube.com/shorts/nBq9a0dz_w4,,,,
1261-3,nBq9a0dz_w4,Wrongly-led Open-ended Question,Objective Causality (Videography Phenomenon & Illusion),Is the reflection of the two men in the scene created by using a mirror placed on the ground?,34.2,Please state your answer with a brief explanation.,"Yes, the reflection of the two men in the scene is created by using a mirror placed on the ground. You can see them carefully positioning a mirror, and the resulting image shows a reflection that mimics a pool or another reflective surface.",https://www.youtube.com/shorts/nBq9a0dz_w4,,,,
1261-7,nBq9a0dz_w4,Multiple-choice Question with a Single Correct Answer,Objective Causality (Videography Phenomenon & Illusion),"Why are two men visible in the reflection of the woman reading under a tree?
A. The men were actually sitting next to the woman.
B. A mirror was used to create the reflection.
C. The reflection is a natural phenomenon.
D. The photos were intentionally shot and edited together.",34.2,"E. None of the above
Select one best answer to the above multiple-choice question based on the video. Respond with only the letter (A, B, C, D or E) of the correct option.",B,https://www.youtube.com/shorts/nBq9a0dz_w4,,,,
1262-0,gyynOp1Z9vg,Primary Open-ended Question,Character Emotion Attribute,What's the emotion of the girl in pink top after she held on the performer's arm?,59.61,Please state your answer with a brief explanation.,The girl in the pink top seems to be in shock and scared after she held the performer's arm. She screams and eventually cries after his arm moves. This indicates she was startled and frightened by the sudden movement.,https://www.youtube.com/shorts/gyynOp1Z9vg,,,,
1262-1,gyynOp1Z9vg,Paraphrased Open-ended Question,Character Emotion Attribute,How did the girl in the pink top feel after grabbing the performer's arm?,59.61,Please state your answer with a brief explanation.,"Sure! After grabbing the performer’s arm, the girl in the pink top becomes scared and starts to cry because the performer responds to the touch and kicks his leg out. She likely thought he was a statue and did not expect him to react.",https://www.youtube.com/shorts/gyynOp1Z9vg,,,,
1262-2,gyynOp1Z9vg,Correctly-led Open-ended Question,Character Emotion Attribute,Did the girl in the pink top feel worried and scared after she held the performer's arm?,59.61,Please state your answer with a brief explanation.,"Yes, the girl in the pink top felt worried and scared after she held the performer's arm. Her facial expressions and loud screams indicate fear when the street performer, posing as a statue, suddenly came to life.",https://www.youtube.com/shorts/gyynOp1Z9vg,,,,
1262-3,gyynOp1Z9vg,Wrongly-led Open-ended Question,Character Emotion Attribute,Did the girl in the pink top feel curious and amused after she held the performer's arm?,59.61,Please state your answer with a brief explanation.,"No, the girl in the pink top did not seem curious or amused after holding the performer's arm. Initially, she seemed curious and attempted to pull the arm down. After the performer moved his leg, she appeared to be scared and cried.",https://www.youtube.com/shorts/gyynOp1Z9vg,,,,
1262-7,gyynOp1Z9vg,Multiple-choice Question with a Single Correct Answer,Character Emotion Attribute,"What was the emotion of the girl in the pink top after she held the performer's arm?
A. Worried and scared
B. Indifferent
C. Happy
D. Curious and amused",59.61,"E. None of the above
Select one best answer to the above multiple-choice question based on the video. Respond with only the letter (A, B, C, D or E) of the correct option.",A,https://www.youtube.com/shorts/gyynOp1Z9vg,,,,
1275-0,l9HF9qcNvBs,Primary Open-ended Question,Plot Attribute,Who wins the challenge?,58.86,Please state your answer with a brief explanation.,"The person in the blue shirt won the challenge!

They successfully added the egg to the water and then quickly drank it all down.",https://youtube.com/shorts/l9HF9qcNvBs,,,,
1275-1,l9HF9qcNvBs,Paraphrased Open-ended Question,Plot Attribute,Who is the winner of the challenge in the video?,58.86,Please state your answer with a brief explanation.,"The guy in the blue shirt won the challenge by successfully filling a glass with water, and an egg, so that the water level was above the rim of the glass without spilling. He then proceeded to drink the water.",https://youtube.com/shorts/l9HF9qcNvBs,,,,
1275-2,l9HF9qcNvBs,Correctly-led Open-ended Question,Plot Attribute,Did the person in the blue T-shirt lose the challenge while the others won?,58.86,Please state your answer with a brief explanation.,"Yes, the person in the blue T-shirt won the challenge. The challenge appears to be to fill a glass of water to the very top without spilling any, and the man in the blue T-shirt succeeded, as the glass was overfilled and he proceeded to chug the water. The other three people failed.",https://youtube.com/shorts/l9HF9qcNvBs,,,,
1275-3,l9HF9qcNvBs,Wrongly-led Open-ended Question,Plot Attribute,Did the person in the blue shirt win the challenge?,58.86,Please state your answer with a brief explanation.,"Yes, the person in the blue shirt won the challenge! It appears the challenge was to fill a glass with water and an object, and the person who could drink the water without spilling any of the object wins. The man in the blue shirt was able to drink all the water without spilling the added object.",https://youtube.com/shorts/l9HF9qcNvBs,,,,
1275-7,l9HF9qcNvBs,Multiple-choice Question with a Single Correct Answer,Plot Attribute,"Who won the challenge?
A. The person in the red T-shirt, the person in the beige jacket, and the person in the light purple/pink T-shirt
B. None of the above
C. The person in the blue T-shirt and the person in the red T-shirt
D. The person in the blue T-shirt",58.86,"E. None of the above
Select one best answer to the above multiple-choice question based on the video. Respond with only the letter (A, B, C, D or E) of the correct option.",D,https://youtube.com/shorts/l9HF9qcNvBs,,,,
1276-0,vXUZpRRrIBU,Primary Open-ended Question,Plot Attribute,What does the lemon icon at the top of the video mean?,30.32,Please state your answer with a brief explanation.,The lemon icon and decoration displayed at the top of the video appear to be part of a fun video filter related to the lemon candy the content creators are eating.,https://youtube.com/shorts/vXUZpRRrIBU,,,,
1276-1,vXUZpRRrIBU,Paraphrased Open-ended Question,Plot Attribute,What is the significance of the lemon icon displayed at the top of the video?,30.32,Please state your answer with a brief explanation.,"Certainly! Here's the information about the lemon icon's significance:

**Significance of the Lemon Icon:**

The lemon icon at the top of the video likely symbolizes the theme of the video, which is eating lemon-flavored candy. The video shows a person eating, and reviewing different lemon candies.",https://youtube.com/shorts/vXUZpRRrIBU,,,,
1276-2,vXUZpRRrIBU,Correctly-led Open-ended Question,Plot Attribute,Does the lemon icon at the top of the video represent different sizes of lemons that participants are challenged with?,30.32,Please state your answer with a brief explanation.,"Yes, the lemon icons at the top of the video do represent different sizes of lemons that the participants are challenged with. The people in the video are shown progressively eating larger gummy lemons, and the corresponding lemon icon above is checked off as each size is completed.",https://youtube.com/shorts/vXUZpRRrIBU,,,,
1276-3,vXUZpRRrIBU,Wrongly-led Open-ended Question,Plot Attribute,Does the lemon icon at the top of the video indicate the level of sourness of the lemon in the challenge?,30.32,Please state your answer with a brief explanation.,"No, the lemon icon at the top of the video does not indicate the level of sourness of the lemon. The icons appear to represent the increasing size of the lemons used in the challenge, not the intensity of their sourness.",https://youtube.com/shorts/vXUZpRRrIBU,,,,
1276-7,vXUZpRRrIBU,Multiple-choice Question with a Single Correct Answer,Plot Attribute,"What does the lemon icon at the top of the video signify?
A. A music video
B. The sourness of the lemons to be eaten
C. A cooking show
D. Different sizes of lemons to be eaten",30.32,"E. None of the above
Select one best answer to the above multiple-choice question based on the video. Respond with only the letter (A, B, C, D or E) of the correct option.",D,https://youtube.com/shorts/vXUZpRRrIBU,,,,
1278-0,X9_PhsoghBI,Primary Open-ended Question,Plot Attribute (Montage),"In the first two challenge, what is the difference in number of attempts?",59.29,Please state your answer with a brief explanation.,The first challenge took 16 hours and the first try. The second challenge took 11 hours and a few tries. This is a difference of 5 hours in the total time frame with a difference of multiple tries.,https://www.youtube.com/shorts/X9_PhsoghBI,,,,
1278-1,X9_PhsoghBI,Paraphrased Open-ended Question,Plot Attribute (Montage),What is the difference in the number of attempts between the first two challenges?,59.29,Please state your answer with a brief explanation.,"The difference in the number of attempts between the first two challenges is 3, because the first challenge only took one try, and the second challenge took 4 attempts.",https://www.youtube.com/shorts/X9_PhsoghBI,,,,
1278-2,X9_PhsoghBI,Correctly-led Open-ended Question,Plot Attribute (Montage),Is the difference in the number of attempts between the first two challenges just one?,59.29,Please state your answer with a brief explanation.,"Okay, I can help you with that!

**Answer:** Yes, the difference in the number of attempts between the first two challenges is just one.

**Explanation:** The first challenge was completed on the first attempt, whereas the second challenge was completed after 4 attempts, leaving a difference of one attempt.",https://www.youtube.com/shorts/X9_PhsoghBI,,,,
1278-3,X9_PhsoghBI,Wrongly-led Open-ended Question,Plot Attribute (Montage),Is the difference in the number of attempts between the first two challenges more than two?,59.29,Please state your answer with a brief explanation.,"Yes, the difference in the number of attempts between the first two challenges is more than two. The first challenge required one attempt, and the second required four attempts. 4-1 = 3, which is more than 2.",https://www.youtube.com/shorts/X9_PhsoghBI,,,,
1278-7,X9_PhsoghBI,Multiple-choice Question with a Single Correct Answer,Plot Attribute (Montage),"What is the difference in the number of attempts between the first two challenges?
A. 1
B. 2
C. 3
D. 0",59.29,"E. None of the above
Select one best answer to the above multiple-choice question based on the video. Respond with only the letter (A, B, C, D or E) of the correct option.",B,https://www.youtube.com/shorts/X9_PhsoghBI,,,,
1283-0,gilRZPVaUiM,Primary Open-ended Question,Event Duration & Speed Attribute,Which kid runs the fastest at the end of the video?,20.85,Please state your answer with a brief explanation.,The kid wearing the red uniform in the second lane runs the fastest. You can see that he picks up speed faster than the other kids and is in the lead by the end of the race.,https://www.youtube.com/shorts/gilRZPVaUiM,,,,
1283-1,gilRZPVaUiM,Paraphrased Open-ended Question,Event Duration & Speed Attribute,Who is the fastest runner among the kids at the conclusion of the video?,20.85,Please state your answer with a brief explanation.,"At the conclusion of the video, the fastest runner is the boy wearing the green uniform, as he wins the race.",https://www.youtube.com/shorts/gilRZPVaUiM,,,,
1283-2,gilRZPVaUiM,Correctly-led Open-ended Question,Event Duration & Speed Attribute,"Is the child in the red outfit, positioned in the middle of the five runners, the fastest at the end of the video?",20.85,Please state your answer with a brief explanation.,"No, the child in the red outfit, positioned in the middle of the five runners, is not the fastest at the end of the video. The child in green wins the race.",https://www.youtube.com/shorts/gilRZPVaUiM,,,,
1283-3,gilRZPVaUiM,Wrongly-led Open-ended Question,Event Duration & Speed Attribute,Is the child in the green outfit the fastest runner at the end of the video?,20.85,Please state your answer with a brief explanation.,"No, the child in the green outfit is not the fastest runner at the end of the video. The child in the green outfit finished last in the race.",https://www.youtube.com/shorts/gilRZPVaUiM,,,,
1283-7,gilRZPVaUiM,Multiple-choice Question with a Single Correct Answer,Event Duration & Speed Attribute,"Which child runs the fastest at the end of the video?
A. The child in the yellow outfit
B. The child in the blue outfit
C. The child in the red outfit in the middle
D. The child in the green outfit",20.85,"E. None of the above
Select one best answer to the above multiple-choice question based on the video. Respond with only the letter (A, B, C, D or E) of the correct option.",D,https://www.youtube.com/shorts/gilRZPVaUiM,,,,
1288-0,YKdNJPfnbLA,Primary Open-ended Question,Character Emotion Attribute,What is the blond man's emotion at the end of the video?,12.52,Please state your answer with a brief explanation.,"The blond man appears to be embarrassed and ashamed at the end of the video. This is due to the fact that he bumps into the other woman with his towel, who then looks at him with disapproval.",https://www.youtube.com/shorts/YKdNJPfnbLA,,,,
1288-1,YKdNJPfnbLA,Paraphrased Open-ended Question,Character Emotion Attribute,How does the blond man feel at the conclusion of the video?,12.52,Please state your answer with a brief explanation.,"The blond man seems to feel embarrassed and annoyed by the end of the video, as he gets backhanded with the pink towel by the woman when he tries to dance in front of her.",https://www.youtube.com/shorts/YKdNJPfnbLA,,,,
1288-2,YKdNJPfnbLA,Correctly-led Open-ended Question,Character Emotion Attribute,Does the blond man feel frustrated because the woman behind him revealed the trick?,12.52,Please state your answer with a brief explanation.,"From the man's facial expression, he does appear frustrated when the woman reveals the trick. After she reveals that he has a rod connected to his shirt, he is clearly annoyed.",https://www.youtube.com/shorts/YKdNJPfnbLA,,,,
1288-3,YKdNJPfnbLA,Wrongly-led Open-ended Question,Character Emotion Attribute,Does the blond man feel playful and energetic at the end of the video?,12.52,Please state your answer with a brief explanation.,"Yes, the blond man seems playful and energetic at the end of the video. This can be observed when he starts dancing with the towel, making funny faces, and poking his companion, suggesting a lighthearted and fun demeanor.",https://www.youtube.com/shorts/YKdNJPfnbLA,,,,
1288-7,YKdNJPfnbLA,Multiple-choice Question with a Single Correct Answer,Character Emotion Attribute,"What emotion does the blond man display at the end of the video?
A. Frustrated
B. Indifferent
C. Joyful
D. Playful",12.52,"E. None of the above
Select one best answer to the above multiple-choice question based on the video. Respond with only the letter (A, B, C, D or E) of the correct option.",D,https://www.youtube.com/shorts/YKdNJPfnbLA,,,,
1290-0,WuoIOYVkN7E,Primary Open-ended Question,Character Emotion Attribute,What is the reaction of the man in the end?,7.96,Please state your answer with a brief explanation.,"At the end of the video, the man appears shocked and makes an exaggerated face after being hit with the pillow. He opens his mouth and eyes widely, as if to express surprise and discomfort.",https://www.youtube.com/shorts/WuoIOYVkN7E,,,,
1290-1,WuoIOYVkN7E,Paraphrased Open-ended Question,Character Emotion Attribute,How does the man react at the conclusion of the video?,7.96,Please state your answer with a brief explanation.,The man reacts with shock and looks up after the woman throws a pillow at his face.,https://www.youtube.com/shorts/WuoIOYVkN7E,,,,
1290-2,WuoIOYVkN7E,Correctly-led Open-ended Question,Character Emotion Attribute,Does the man at the end show signs of shock and pain after his attempt with the pillow?,7.96,Please state your answer with a brief explanation.,"Yes, the man shows a sign of shock after being hit with the pillow. He makes a loud vocalization, and his face contorts in a way that indicates he's surprised and in some discomfort.",https://www.youtube.com/shorts/WuoIOYVkN7E,,,,
1290-3,WuoIOYVkN7E,Wrongly-led Open-ended Question,Character Emotion Attribute,Does the man at the end seem amused and entertained after his attempt with the pillow?,7.96,Please state your answer with a brief explanation.,"Yes, it seems like the man at the end is amused and entertained by his attempt with the pillow. After hitting himself, the man is seen with an amused look on his face.",https://www.youtube.com/shorts/WuoIOYVkN7E,,,,
1290-7,WuoIOYVkN7E,Multiple-choice Question with a Single Correct Answer,Character Emotion Attribute,"What is the man's reaction at the end of the video?
A. He is indifferent.
B. He is confused.
C. He is in shock and agony.
D. He is amused and entertained.",7.96,"E. None of the above
Select one best answer to the above multiple-choice question based on the video. Respond with only the letter (A, B, C, D or E) of the correct option.",C,https://www.youtube.com/shorts/WuoIOYVkN7E,,,,
1293-0,c77XgLraFbM,Primary Open-ended Question,Objective Causality,How did the bottle cap fly in the second scene of the video?,24.45,Please state your answer with a brief explanation.,The bottle cap in the second scene of the video was suspended using a clear string. This becomes visible as someone attaches it before taking the picture.,https://www.youtube.com/shorts/c77XgLraFbM,,,,
1293-1,c77XgLraFbM,Paraphrased Open-ended Question,Objective Causality,What method was used to make the bottle cap appear to fly in the second scene of the video?,24.45,Please state your answer with a brief explanation.,"The bottle cap in the second scene was made to look like it was flying by attaching it to a thin, almost invisible, string.",https://www.youtube.com/shorts/c77XgLraFbM,,,,
1293-2,c77XgLraFbM,Correctly-led Open-ended Question,Objective Causality,Was the bottle cap in the second scene made to look like it was flying by using a thin string and clever camera angles?,24.45,Please state your answer with a brief explanation.,"Yes, the bottle cap in the second scene was made to look like it was flying by using a thin string. You can briefly see the string being used to hold the cap in the shot.",https://www.youtube.com/shorts/c77XgLraFbM,,,,
1293-3,c77XgLraFbM,Wrongly-led Open-ended Question,Objective Causality,Did the bottle cap fly in the second scene because someone actually flicked it with their finger?,24.45,Please state your answer with a brief explanation.,"No, the bottle cap did not fly because someone flicked it with their finger. In the second scene, you can see a person using a thin wire to hold the bottle cap in place so it can be posed for the picture.",https://www.youtube.com/shorts/c77XgLraFbM,,,,
1293-7,c77XgLraFbM,Multiple-choice Question with a Single Correct Answer,Objective Causality,"How was the flying bottle cap photo created in the second scene?
A. By throwing it in the air and capturing the photo precisely.
B. By physically flicking it with a finger.
C. By using a fan to blow it into the air.
D. By attaching it to a thin string and using camera angles.",24.45,"E. None of the above
Select one best answer to the above multiple-choice question based on the video. Respond with only the letter (A, B, C, D or E) of the correct option.",D.,https://www.youtube.com/shorts/c77XgLraFbM,,,,
1294-0,WbCqk3TIySs,Primary Open-ended Question,Plot Attribute (Montage),"Based on the narrative in the video, why did a piece of meat appear on the grill?",12.08,Please state your answer with a brief explanation.,"The piece of meat appeared on the grill because the chef placed it there. He had already placed corn on the grill, and then, presumably to cook the meat, he placed it on the grill too.",https://www.youtube.com/shorts/WbCqk3TIySs,,,,
1294-1,WbCqk3TIySs,Paraphrased Open-ended Question,Plot Attribute (Montage),What caused the piece of meat to end up on the grill in the video?,12.08,Please state your answer with a brief explanation.,"Someone placed the piece of meat on the grill, most likely to cook it, as shown in the video.",https://www.youtube.com/shorts/WbCqk3TIySs,,,,
1294-2,WbCqk3TIySs,Correctly-led Open-ended Question,Plot Attribute (Montage),"Based on narrative, did the piece of meat land on the grill because it was dropped from a hot air balloon?",12.08,Please state your answer with a brief explanation.,"No, the meat did not land on the grill because it was dropped from a hot air balloon. The video shows a man cutting meat on a hot air balloon, but a different man places the meat on the grill while standing in front of it.",https://www.youtube.com/shorts/WbCqk3TIySs,,,,
1294-3,WbCqk3TIySs,Wrongly-led Open-ended Question,Plot Attribute (Montage),"Based on narrative, did the piece of meat appear on the grill because someone placed it there using tongs?",12.08,Please state your answer with a brief explanation.,"Based on the video, the meat was placed on the grill directly, and then corn was placed on the grill using tongs.",https://www.youtube.com/shorts/WbCqk3TIySs,,,,
1294-7,WbCqk3TIySs,Multiple-choice Question with a Single Correct Answer,Plot Attribute (Montage),"Based on narrative, how did the piece of meat end up on the grill?
A. It was placed there using tongs.
B. It was dropped by the chef next to the grill.
C. It was already on the grill.
D. It was dropped from a hot air balloon.",12.08,"E. None of the above
Select one best answer to the above multiple-choice question based on the video. Respond with only the letter (A, B, C, D or E) of the correct option.",D,https://www.youtube.com/shorts/WbCqk3TIySs,,,,
1298-0,WKkCkLRo-Us,Primary Open-ended Question,Objective Causality,Why did the man's football not return to him?,7.71,Please state your answer with a brief explanation.,"Certainly! Here's the answer:

The man's football didn't return to him because it was shot by a sniper.",https://www.youtube.com/shorts/WKkCkLRo-Us,,,,
1298-1,WKkCkLRo-Us,Paraphrased Open-ended Question,Objective Causality,What caused the man's football not to come back to him?,7.71,Please state your answer with a brief explanation.,"Sure! Here is the answer.

The man's football didn't come back because a sniper shot it out of the air.",https://www.youtube.com/shorts/WKkCkLRo-Us,,,,
1298-2,WKkCkLRo-Us,Correctly-led Open-ended Question,Objective Causality,Did the man's football not return because it landed in a blue bucket?,7.71,Please state your answer with a brief explanation.,"Sure thing! Here’s the answer to your question:

No, the football did not land in the blue bucket. Instead, the football exploded upon being kicked.",https://www.youtube.com/shorts/WKkCkLRo-Us,,,,
1298-3,WKkCkLRo-Us,Wrongly-led Open-ended Question,Objective Causality,Was the man's football unable to return because a dog intercepted it?,7.71,Please state your answer with a brief explanation.,"No, a dog did not intercept the football. It appears as though the football was popped when someone shot at it with a gun.",https://www.youtube.com/shorts/WKkCkLRo-Us,,,,
1298-7,WKkCkLRo-Us,Multiple-choice Question with a Single Correct Answer,Objective Causality,"Why didn't the man's football return to him?
A. It landed in a blue bucket.
B. It landed in a basketball hoop.
C. The video ended before it is shown.
D. It was intercepted by a dog.",7.71,"E. None of the above
Select one best answer to the above multiple-choice question based on the video. Respond with only the letter (A, B, C, D or E) of the correct option.",A,https://www.youtube.com/shorts/WKkCkLRo-Us,,,,
1299-0,OHk9qAIMKKU,Primary Open-ended Question,Objective Causality,Why did the elevator door close?,7.49,Please state your answer with a brief explanation.,"The elevator door closed due to a timer. When the woman stepped out of the elevator and took a moment to go out to the hall, the elevator determined it was time to close the doors again.",https://www.youtube.com/shorts/OHk9qAIMKKU,,,,
1299-1,OHk9qAIMKKU,Paraphrased Open-ended Question,Objective Causality,What caused the elevator door to shut?,7.49,Please state your answer with a brief explanation.,"The elevator door shut because the person holding it open ran away. This allowed the door to close automatically, likely due to a timer or sensor system designed to close doors after a period of inactivity.",https://www.youtube.com/shorts/OHk9qAIMKKU,,,,
1299-2,OHk9qAIMKKU,Correctly-led Open-ended Question,Objective Causality,Did the elevator door close automatically as buffer time is up?,7.49,Please state your answer with a brief explanation.,"Yes, the elevator door did close automatically. The woman runs out of the elevator and then back. By the time she returns to the elevator, the door is closing. She pushes the button but the door still closes as the buffer time is up.",https://www.youtube.com/shorts/OHk9qAIMKKU,,,,
1299-3,OHk9qAIMKKU,Wrongly-led Open-ended Question,Objective Causality,Did the elevator door close because the person inside pressed the button to close it?,7.49,Please state your answer with a brief explanation.,"No, the elevator door did not close because the person inside pressed the button to close it. As the elevator door opened the person walked off the elevator to greet someone who was waiting in the hallway. After a brief conversation and dancing in the hallway, the person ran back to the elevator and tried to open the door with their hands. This suggests they did not press the button to close it.",https://www.youtube.com/shorts/OHk9qAIMKKU,,,,
1299-7,OHk9qAIMKKU,Multiple-choice Question with a Single Correct Answer,Objective Causality,"Why did the elevator door close?
A. Buffer time has run out.
B. The person inside pressed the close button.
C. The elevator malfunctioned.
D. The person outside was holding the door.",7.49,"E. None of the above
Select one best answer to the above multiple-choice question based on the video. Respond with only the letter (A, B, C, D or E) of the correct option.",A,https://www.youtube.com/shorts/OHk9qAIMKKU,,,,
1307-0,BH9b46Sy7jM,Primary Open-ended Question,Event Duration & Speed Attribute,"Past the ramp, what is the change in speed difference between the two tires in terms of forward distance?",29.61,Please state your answer with a brief explanation.,"Let's analyze the speed difference between the two tires after passing the ramp.

From the video, it appears one tire, the left tire, misses the ramp. Therefore, the tire is not provided with additional speed from the ramp. 

The right tire, however, takes the ramp. This tire then is provided an additional speed boost from the ramp. 

The additional speed boost causes the right tire to increase its distance in front of the left tire. The change in speed difference between the tires in terms of forward distance is such that the right tire is now going faster than the left, causing a greater and greater distance between them the further they roll.",https://www.youtube.com/shorts/BH9b46Sy7jM,,,,
1307-1,BH9b46Sy7jM,Paraphrased Open-ended Question,Event Duration & Speed Attribute,How does the speed difference between the two tires change as they move forward past the ramp?,29.61,Please state your answer with a brief explanation.,"Here is an analysis of the tires rolling past the ramp:

Initially, the tire closer to the ramp moves faster. This happens because it briefly rolls onto the ramp, which causes it to slow down. Meanwhile, the other tire continues on its original path at a constant speed. Afterward, both tires speed up as they roll downhill.",https://www.youtube.com/shorts/BH9b46Sy7jM,,,,
1307-2,BH9b46Sy7jM,Correctly-led Open-ended Question,Event Duration & Speed Attribute,Does the tire initially lagging behind eventually surpass the leading tire in speed and distance after the ramp?,29.61,Please state your answer with a brief explanation.,"Okay, I can help with that. Here's the answer to your question.

Yes, the tire that initially lags behind eventually surpasses the leading tire in both speed and distance after the ramp. This is because the tire that is behind at first gains greater speed rolling down the hill. That additional speed allows it to clear the ramp before the first tire reaches it, causing it to pull ahead in distance, as well.",https://www.youtube.com/shorts/BH9b46Sy7jM,,,,
1307-3,BH9b46Sy7jM,Wrongly-led Open-ended Question,Event Duration & Speed Attribute,Does the tire that takes the lead at the start remain in the lead all the time?,29.61,Please state your answer with a brief explanation.,"Certainly! Let's analyze the tire race in the video.

**Answer:** No, the tire that takes the lead at the start does not remain in the lead all the time. In the video, the tire in the lead changes multiple times as they race down the hill.",https://www.youtube.com/shorts/BH9b46Sy7jM,,,,
1307-7,BH9b46Sy7jM,Multiple-choice Question with a Single Correct Answer,Event Duration & Speed Attribute,"What happens to the speed difference between the two tires after the ramp?
A. Both tires maintain the same speed.
B. The initially lagging tire accelerates and surpasses the leading tire.
C. The leading tire remains in the leading position all the time.
D. The lagging tire stops moving.",29.61,"E. None of the above
Select one best answer to the above multiple-choice question based on the video. Respond with only the letter (A, B, C, D or E) of the correct option.",B.,https://www.youtube.com/shorts/BH9b46Sy7jM,,,,
1308-0,KZfOc4Bygfs,Primary Open-ended Question,Event Duration & Speed Attribute,How does the speed of the black missile change in this animation?,24.09,Please state your answer with a brief explanation.,"Sure, I can help you with that! Here’s the answer to your question:

The black missile initially moves at a speed that might be thought to be similar to the speed of the bullet. However, as the black missile is revealed to be a BrahMos-II missile, its speed increases dramatically. The animation shows the BrahMos-II missile moving seven times faster than the speed of sound, making the bullet appear stationary.",https://www.youtube.com/shorts/KZfOc4Bygfs,,,,
1308-1,KZfOc4Bygfs,Paraphrased Open-ended Question,Event Duration & Speed Attribute,What changes occur in the speed of the black missile throughout the animation?,24.09,Please state your answer with a brief explanation.,"Sure thing! At the start of the animation, the black missile is stationary. As it takes off, it accelerates to a high speed that is said to be seven times faster than the speed of sound.",https://www.youtube.com/shorts/KZfOc4Bygfs,,,,
1308-2,KZfOc4Bygfs,Correctly-led Open-ended Question,Event Duration & Speed Attribute,Does the black missile in the animation first decelerate to match the bullet's speed before accelerating rapidly?,24.09,Please state your answer with a brief explanation.,"The black missile in the animation does not decelerate before accelerating. In the animation, the black missile appears to maintain its own speed while it moves past the bullet.",https://www.youtube.com/shorts/KZfOc4Bygfs,,,,
1308-3,KZfOc4Bygfs,Wrongly-led Open-ended Question,Event Duration & Speed Attribute,Does the speed of the black missile in the animation keep increasing?,24.09,Please state your answer with a brief explanation.,"In the animation, the speed of the black missile does increase. Initially, a normal bullet moves at a certain speed. Next, the speed of the black missile is shown to be higher than that of the bullet. Finally, the speed of the BrahMos-II missile is portrayed as even higher than the speed of the black missile.",https://www.youtube.com/shorts/KZfOc4Bygfs,,,,
1308-7,KZfOc4Bygfs,Multiple-choice Question with a Single Correct Answer,Event Duration & Speed Attribute,"How does the speed of the black missile change in the animation?
A. It increases significantly from the start.
B. It moves seven times faster than the bullet from the start.
C. It first decelerates to match the bullet's speed, then accelerates rapidly.
D. It maintains a constant speed throughout.",24.09,"E. None of the above
Select one best answer to the above multiple-choice question based on the video. Respond with only the letter (A, B, C, D or E) of the correct option.",B,https://www.youtube.com/shorts/KZfOc4Bygfs,,,,
1310-0,xk2yJbDhU0E,Primary Open-ended Question,Event Duration & Speed Attribute,Who used lesser time in completing the game?,28.65,Please state your answer with a brief explanation.,"Celine Michiel used less time in completing the game. From the visual, Celine moved faster than the other player to place all the soccer balls in the hoop.",https://www.youtube.com/shorts/xk2yJbDhU0E,,,,
1310-1,xk2yJbDhU0E,Paraphrased Open-ended Question,Event Duration & Speed Attribute,Which participant finished the game in the shortest amount of time?,28.65,Please state your answer with a brief explanation.,"Celine Michiel finished the game first. As the video plays, Celine passes all the balls to her side of the court first, thus winning the game.",https://www.youtube.com/shorts/xk2yJbDhU0E,,,,
1310-2,xk2yJbDhU0E,Correctly-led Open-ended Question,Event Duration & Speed Attribute,"Did Michiel, the man on the right in the pink top, complete the game faster than Celine?",28.65,Please state your answer with a brief explanation.,"Michiel, the man on the right, completed the game faster than Celine. It appears that he finished placing the balls in the hoop before she did.",https://www.youtube.com/shorts/xk2yJbDhU0E,,,,
1310-3,xk2yJbDhU0E,Wrongly-led Open-ended Question,Event Duration & Speed Attribute,Did Celine finish the game faster because she had more soccer ball icons above her name?,28.65,Please state your answer with a brief explanation.,"Celine did not finish the game faster because she had more soccer ball icons above her name. This is just a visual graphic that was added to the video, but does not reflect on the actual results of the game. The game shows that she finished first.",https://www.youtube.com/shorts/xk2yJbDhU0E,,,,
1310-7,xk2yJbDhU0E,Multiple-choice Question with a Single Correct Answer,Event Duration & Speed Attribute,"Who completed the game in less time?
A. Both finished at the same time
B. Michiel
C. Neither completed the game
D. Celine",28.65,"E. None of the above
Select one best answer to the above multiple-choice question based on the video. Respond with only the letter (A, B, C, D or E) of the correct option.",A,https://www.youtube.com/shorts/xk2yJbDhU0E,,,,
1312-0,_tT2ldpZHek,Primary Open-ended Question,Displacement Attribute,Is the treadmill running while the person in the video is sleeping?,46.34,Please state your answer with a brief explanation.,"Here is the answer to your question.

No, the treadmill is not running while the person in the video is sleeping. The treadmill stops at the very end of the video as the person starts to lay down on it to sleep.",https://www.youtube.com/shorts/_tT2ldpZHek,,,,
1312-1,_tT2ldpZHek,Paraphrased Open-ended Question,Displacement Attribute,Was the treadmill active while the person was trying to sleep in the video?,46.34,Please state your answer with a brief explanation.,"Yes, the treadmill was active when the person was trying to sleep in the video. You can see that the treadmill is moving as the person is lying on it under the covers, trying to sleep.",https://www.youtube.com/shorts/_tT2ldpZHek,,,,
1312-2,_tT2ldpZHek,Correctly-led Open-ended Question,Displacement Attribute,Did the person in the video have to crawl forward to avoid falling off the treadmill because it was running while they were sleeping?,46.34,Please state your answer with a brief explanation.,"No, the person in the video was not crawling forward to avoid falling off the treadmill because it was running while they were sleeping. The person was crawling forward because they were pretending to be pushed forward by the treadmill as they were sleeping.",https://www.youtube.com/shorts/_tT2ldpZHek,,,,
1312-3,_tT2ldpZHek,Wrongly-led Open-ended Question,Displacement Attribute,Was the treadmill belt stationary while the person was sleeping in the video?,46.34,Please state your answer with a brief explanation.,The treadmill belt was moving slightly while the person was sleeping on it. The movement of the belt can be seen as they adjust their body on the surface.,https://www.youtube.com/shorts/_tT2ldpZHek,,,,
1312-7,_tT2ldpZHek,Multiple-choice Question with a Single Correct Answer,Displacement Attribute,"What was the state of the treadmill while the person was sleeping in the video?
A. The treadmill was off, but the person was moving.
B. The treadmill was running, but the person was unaffected, sleeping on bed.
C. The treadmill was running, causing the person to crawl forward.
D. The treadmill was turned off and stationary.",46.34,"E. None of the above
Select one best answer to the above multiple-choice question based on the video. Respond with only the letter (A, B, C, D or E) of the correct option.",C,https://www.youtube.com/shorts/_tT2ldpZHek,,,,
1318-0,3i4wmfNpqRg,Primary Open-ended Question,Character Emotion Attribute,What are the daughter's emotions at the end?,16.38,Please state your answer with a brief explanation.,"At the end of the video, the daughter's emotion appears to be a mix of amusement and slight embarrassment as her father playfully meows like a cat to mimic having one.",https://www.youtube.com/shorts/3i4wmfNpqRg,,,,
1318-1,3i4wmfNpqRg,Paraphrased Open-ended Question,Character Emotion Attribute,How does the daughter feel at the conclusion of the video?,16.38,Please state your answer with a brief explanation.,"At the conclusion of the video, the daughter appears to be annoyed. She does not react to her father meowing in a cat-like manner, and seems generally disinterested in his antics.",https://www.youtube.com/shorts/3i4wmfNpqRg,,,,
1318-2,3i4wmfNpqRg,Correctly-led Open-ended Question,Character Emotion Attribute,Does the daughter seem speechless with her father at the end?,16.38,Please state your answer with a brief explanation.,"Yes, the daughter seems speechless. She doesn't say a word. She only looks at him as he mimics a cat meowing on the couch.",https://www.youtube.com/shorts/3i4wmfNpqRg,,,,
1318-3,3i4wmfNpqRg,Wrongly-led Open-ended Question,Character Emotion Attribute,Does the daughter appear amused and entertained by her father's antics at the end?,16.38,Please state your answer with a brief explanation.,"Yes, the daughter appears amused and entertained at the end. While she maintains a relatively straight face throughout the video, a small smile appears on her face, indicating that she finds her father's cat impersonation to be funny.",https://www.youtube.com/shorts/3i4wmfNpqRg,,,,
1318-7,3i4wmfNpqRg,Multiple-choice Question with a Single Correct Answer,Character Emotion Attribute,"What are the daughter's emotions at the end of the video?
A. Confused
B. Excited
C. Speechless
D. Amused",16.38,"E. None of the above
Select one best answer to the above multiple-choice question based on the video. Respond with only the letter (A, B, C, D or E) of the correct option.",D,https://www.youtube.com/shorts/3i4wmfNpqRg,,,,
1321-0,6qHXenlRDH4,Primary Open-ended Question,Character Emotion Attribute,What is the emotion of the girl in braids at the end of the video?,24.32,Please state your answer with a brief explanation.,,https://youtube.com/shorts/6qHXenlRDH4,,,,
1321-1,6qHXenlRDH4,Paraphrased Open-ended Question,Character Emotion Attribute,How does the girl with braids feel at the conclusion of the video?,24.32,Please state your answer with a brief explanation.,,https://youtube.com/shorts/6qHXenlRDH4,,,,
1321-2,6qHXenlRDH4,Correctly-led Open-ended Question,Character Emotion Attribute,Is the girl with braids feeling dazed and confused by the actions of the man next to her at the end of the video?,24.32,Please state your answer with a brief explanation.,,https://youtube.com/shorts/6qHXenlRDH4,,,,
1321-3,6qHXenlRDH4,Wrongly-led Open-ended Question,Character Emotion Attribute,Does the girl with braids appear happy at the end of the video?,24.32,Please state your answer with a brief explanation.,,https://youtube.com/shorts/6qHXenlRDH4,,,,
1321-7,6qHXenlRDH4,Multiple-choice Question with a Single Correct Answer,Character Emotion Attribute,"What is the emotion of the girl in braids at the end of the video?
A. Happy and engaged
B. Indifferent and bored
C. Excited and thrilled
D. Dazed and confused",24.32,"E. None of the above
Select one best answer to the above multiple-choice question based on the video. Respond with only the letter (A, B, C, D or E) of the correct option.",,https://youtube.com/shorts/6qHXenlRDH4,,,,
1324-0,L9dnb-wfsnc,Primary Open-ended Question,Character Reaction Causality,What is the mood of the man and woman at the end of the video? Why is this sentiment caused?,28.67,Please state your answer with a brief explanation.,The man and woman both seemed very annoyed towards the end of the video. The man looked tired and didn't seem to care for anything that was happening around him. The woman was confused and maybe a little irritated that the items presented to her were not what she expected. This was caused when the man cut open each food or drink item to reveal some odd surprise.,https://www.youtube.com/shorts/L9dnb-wfsnc,,,,
1324-1,L9dnb-wfsnc,Paraphrased Open-ended Question,Character Reaction Causality,"How do the man and woman feel at the conclusion of the video, and what causes these emotions?",28.67,Please state your answer with a brief explanation.,"Here's the breakdown of the couple's emotions at the end:

The woman seems frustrated and annoyed, while the man is shocked and disturbed. This is because they are pranked with fake apples, paper towel rolls, and a water bottle filled with frozen water. Then, when the woman tries to hand the man a dog, the dog throws up in his arms, leading to the emotional responses.",https://www.youtube.com/shorts/L9dnb-wfsnc,,,,
1324-2,L9dnb-wfsnc,Correctly-led Open-ended Question,Character Reaction Causality,Do the man and woman experience shock and remorse at the end of the video due to the man's distracted actions with the dog?,28.67,Please state your answer with a brief explanation.,"Yes, the man and woman both appear to experience shock at the end of the video. The woman makes an audible exclamation and her eyes widen when the dog begins to regurgitate on the man. The man also demonstrates shock at the dog's sudden action.",https://www.youtube.com/shorts/L9dnb-wfsnc,,,,
1324-3,L9dnb-wfsnc,Wrongly-led Open-ended Question,Character Reaction Causality,Do the man and woman appear to be in a light-hearted and playful mood at the end of the video because of their interaction with the fluffy white dog?,28.67,Please state your answer with a brief explanation.,"The man and woman do not appear to be in a light-hearted and playful mood at the end of the video because of their interaction with the fluffy white dog. In fact, it appears that the dog peed on the man, and they both look rather surprised.",https://www.youtube.com/shorts/L9dnb-wfsnc,,,,
1324-7,L9dnb-wfsnc,Multiple-choice Question with a Single Correct Answer,Character Reaction Causality,"What caused the change in mood for the man and woman at the end of the video?
A. They were enjoying the moment with the dog.
B. They were not paying attention.
C. The man was almost about to harm the dog.
D. They were relaxed and playful.",28.67,"E. None of the above
Select one best answer to the above multiple-choice question based on the video. Respond with only the letter (A, B, C, D or E) of the correct option.",C,https://www.youtube.com/shorts/L9dnb-wfsnc,,,,
1329-0,x5JHiogS_nM,Primary Open-ended Question,Character Reaction Causality,What is the mood of the woman at the end of the video? Why？,16.21,Please state your answer with a brief explanation.,The mood of the woman at the end of the video appears to be playful. She smiles and chases the man who was previously caring for their baby.,https://www.youtube.com/shorts/x5JHiogS_nM,,,,
1329-1,x5JHiogS_nM,Paraphrased Open-ended Question,Character Reaction Causality,"How does the woman feel at the conclusion of the video, and what causes this mood?",16.21,Please state your answer with a brief explanation.,"At the end of the video, the woman is surprised and irritated. She gets startled when she notices that her partner placed their child down so that he could sit on the couch. She is then further annoyed when she realizes he is sitting on the couch and watching her exercise.",https://www.youtube.com/shorts/x5JHiogS_nM,,,,
1329-2,x5JHiogS_nM,Correctly-led Open-ended Question,Character Reaction Causality,Does the woman's mood at the end of the video reflect frustration or anger due to the man's pretending to be a king during her yoga session?,16.21,Please state your answer with a brief explanation.,"The woman's mood at the end of the video is frustration. She briefly smiles before attempting to kick the man, but he dodges the kick. Her expression reflects exasperation at his playful interruption during her yoga session.",https://www.youtube.com/shorts/x5JHiogS_nM,,,,
1329-3,x5JHiogS_nM,Wrongly-led Open-ended Question,Character Reaction Causality,"Is the woman's mood at the end of the video one of confusion and curiosity, as she failed to undertand the man's action completely?",16.21,Please state your answer with a brief explanation.,"Yes, the woman's reaction at the end of the video appears to be one of confusion. She seems surprised and possibly puzzled by the man's sudden action of kicking her.",https://www.youtube.com/shorts/x5JHiogS_nM,,,,
1329-7,x5JHiogS_nM,Multiple-choice Question with a Single Correct Answer,Character Reaction Causality,"What were the reasons for the woman's mood at the end of the video?
A. She was curious about what happened.
B. The man was not taking care of their child.
C. She failed to understand the man's actions.
D. The man made it look like she was doing a kowtow while the man preteded to be a king.",16.21,"E. None of the above
Select one best answer to the above multiple-choice question based on the video. Respond with only the letter (A, B, C, D or E) of the correct option.",D.,https://www.youtube.com/shorts/x5JHiogS_nM,,,,
1344-0,eLJNa61S4RE,Primary Open-ended Question,Character Reaction Causality,"In this video, why does the child smile after the injection?",18.35,Please state your answer with a brief explanation.,"The child smiles after the injection for a couple of reasons. After experiencing the pain and crying, the child likely realizes the ordeal is over. Also, there could be some relief from the pain once the injection is complete. The subsequent interaction with the person holding them may also be a source of comfort and happiness, contributing to the smile.",https://www.youtube.com/shorts/eLJNa61S4RE,,,,
1344-1,eLJNa61S4RE,Paraphrased Open-ended Question,Character Reaction Causality,What causes the child to smile after receiving the injection in the video?,18.35,Please state your answer with a brief explanation.,The baby smiles after receiving the injection because they are being bounced gently in their parent's arms. This combined with the relief of the injection being over and the excitement of being moved around causes the child to smile.,https://www.youtube.com/shorts/eLJNa61S4RE,,,,
1344-2,eLJNa61S4RE,Correctly-led Open-ended Question,Character Reaction Causality,Does the child smile after the injection because the pain subsides once the needle is removed?,18.35,Please state your answer with a brief explanation.,"Here is the answer to your question:

Yes, it is likely that the child's smile after the injection is related to the immediate decrease in pain once the needle is removed. Injections cause a sharp, but brief, pain. Once the needle is out, the sharp pain subsides, and the child may quickly start to feel better, leading to a smile.",https://www.youtube.com/shorts/eLJNa61S4RE,,,,
1344-3,eLJNa61S4RE,Wrongly-led Open-ended Question,Character Reaction Causality,Is the child's smile after the injection due to being comforted by the person around them?,18.35,Please state your answer with a brief explanation.,"Here’s the answer to your question. 

It’s possible that the child’s smile is due to being comforted by the person around them. In the video, the child cries during the injection but seems to recover quickly afterward. The comfort provided by the person holding them likely plays a role in helping the child calm down and smile.",https://www.youtube.com/shorts/eLJNa61S4RE,,,,
1344-7,eLJNa61S4RE,Multiple-choice Question with a Single Correct Answer,Character Reaction Causality,"Why does the child smile after the injection?
A. They are distracted by a toy.
B. They are being comforted by the person around them.
C. The pain subsides once the needle is removed.
D. They are reacting to the interesting environment.",18.35,"E. None of the above
Select one best answer to the above multiple-choice question based on the video. Respond with only the letter (A, B, C, D or E) of the correct option.",B,https://www.youtube.com/shorts/eLJNa61S4RE,,,,
