qid,video_id,question_type,capability,question,duration,question_prompt,answer,youtube_url,thinking_steps
0008-0,sj81PWrerDk,Primary Open-ended Question,Plot Attribute (Montage),What is the difference between the action of the last person in the video and the actions of the first two people?,8.85,Please state your answer with a brief explanation.,"The first two people use tools to open the bottle, while the last person uses their finger.",https://www.youtube.com/shorts/sj81PWrerDk,The first two people in the video use tools to open the bottle. The last person uses their finger to open the bottle.
0008-1,sj81PWrerDk,Paraphrased Open-ended Question,Plot Attribute (Montage),Can you describe how the actions of the last person in the video differ from other individuals?,8.85,Please state your answer with a brief explanation.,The last person in the video differs from the other individuals because he breaks the bottle with his bare hand after failing to open it with a chopstick. The other individuals successfully open the bottle using tools or other objects without breaking it.,https://www.youtube.com/shorts/sj81PWrerDk,"The question asks how the actions of the last person in the video differ from other individuals.
The last person in the video opens the bottle with a chopstick and then proceeds to break the bottle with his bare hand. The other individuals in the video use bottle openers or other objects to open the bottle."
0008-2,sj81PWrerDk,Correctly-led Open-ended Question,Plot Attribute (Montage),Did the last person open the bottle without using a knife?,8.85,Please state your answer with a brief explanation.,"Yes, the last person opened the bottle without using a knife. They used their hand.",https://www.youtube.com/shorts/sj81PWrerDk,"The question asks if the last person in the video opened the bottle without a knife.
I need to analyze the video to determine if the last person used a knife or not.
The last person in the video uses their hand to open the bottle."
0008-3,sj81PWrerDk,Wrongly-led Open-ended Question,Plot Attribute (Montage),Did the last person in the video open the bottle with a knife while the first two people failed in their attempts?,8.85,Please state your answer with a brief explanation.,"No, the last person in the video opened the bottle with his finger. The first person opened the bottle with a bottle opener, and the second person failed to open the bottle.",https://www.youtube.com/shorts/sj81PWrerDk,"The question asks if the last person in the video opened the bottle with a knife while the first two people failed in their attempts.
I need to watch the video to verify this information.
The first person opens the bottle with a bottle opener.
The second person fails to open the bottle.
The third person opens the bottle with his finger."
0008-7,sj81PWrerDk,Multiple-choice Question with a Single Correct Answer,Plot Attribute (Montage),"How does the last person in the video open the bottle differently from the first two people?
A. He uses a different type of knife.
B. He uses a corkscrew.
C. He uses a bottle opener.
D. He uses his finger.",8.85,"E. None of the above
Select one best answer to the above multiple-choice question based on the video. Respond with only the letter (A, B, C, D or E) of the correct option.",D,https://www.youtube.com/shorts/sj81PWrerDk,"The first two people use a knife to open the bottle. The last person uses his finger to open the bottle. Therefore, the answer is D."
0012-0,AGCyLqLuUJ0,Primary Open-ended Question,Element Counting,How many robot figures appear in the video?,20.67,Please state your answer with a brief explanation.,,https://www.youtube.com/shorts/AGCyLqLuUJ0,
0012-1,AGCyLqLuUJ0,Paraphrased Open-ended Question,Element Counting,What is the total number of robot figures shown in the video?,20.67,Please state your answer with a brief explanation.,,https://www.youtube.com/shorts/AGCyLqLuUJ0,
0012-2,AGCyLqLuUJ0,Correctly-led Open-ended Question,Element Counting,Does the video display four robot figures in total?,20.67,Please state your answer with a brief explanation.,,https://www.youtube.com/shorts/AGCyLqLuUJ0,
0012-3,AGCyLqLuUJ0,Wrongly-led Open-ended Question,Element Counting,Are there only two robot figures shown in the video?,20.67,Please state your answer with a brief explanation.,,https://www.youtube.com/shorts/AGCyLqLuUJ0,
0012-7,AGCyLqLuUJ0,Multiple-choice Question with a Single Correct Answer,Element Counting,"How many robot figures are shown in the video?
A. Two
B. Three
C. Four
D. Five",20.67,"E. None of the above
Select one best answer to the above multiple-choice question based on the video. Respond with only the letter (A, B, C, D or E) of the correct option.",,https://www.youtube.com/shorts/AGCyLqLuUJ0,
0016-0,4mKxze5P9gQ,Primary Open-ended Question,Element Attributes (Optical Illusion),Which direction is the person facing?,15.06,Please state your answer with a brief explanation.,The person is facing both sides.,https://www.youtube.com/shorts/4mKxze5P9gQ,"The video presents an optical illusion. The speaker asks the viewer to look at the image, then turn their phone upside down and look at it from the top. Based on the comments, the image can be seen from both sides."
0016-1,4mKxze5P9gQ,Paraphrased Open-ended Question,Element Attributes (Optical Illusion),In which directions is the person looking?,15.06,Please state your answer with a brief explanation.,"The person appears to be looking both forward and to the side, depending on how you look at the image.",https://www.youtube.com/shorts/4mKxze5P9gQ,"1. The video presents an optical illusion of a person's face.
2. The video asks the viewer to look at the image, then turn their phone upside down and look at the image from the top of the phone.
3. The comments suggest that the person is looking in two directions.
4. Based on the comments and the nature of optical illusions, the person appears to be looking both forward and to the side, depending on how the image is viewed."
0016-2,4mKxze5P9gQ,Correctly-led Open-ended Question,Element Attributes (Optical Illusion),Is the person facing both sideways and forward due to photo editing?,15.06,Please state your answer with a brief explanation.,"The person appears to face both sideways and forward due to the nature of the optical illusion, which is created by the specific arrangement of shapes and lines in the image. It's not necessarily due to photo editing in the sense of combining two separate images, but rather a deliberate design to trick the brain.",https://www.youtube.com/shorts/4mKxze5P9gQ,"The video presents an optical illusion of a person's face. The comments suggest that the face can be perceived in different directions. The question asks if the person is facing both sideways and forward due to photo editing.
The video is an optical illusion, so the effect of seeing the face in different directions is created by the way the image is constructed, not necessarily by photo editing in the sense of combining two separate images. The image is designed to trick the brain into perceiving different orientations."
0016-3,4mKxze5P9gQ,Wrongly-led Open-ended Question,Element Attributes (Optical Illusion),Is the person facing forward because of the symmetry of the shoulders?,15.06,Please state your answer with a brief explanation.,"No, the person is not facing forward because of the symmetry of the shoulders. The illusion is created by the way the facial features are drawn.",https://www.youtube.com/shorts/4mKxze5P9gQ,"The question asks if the person in the optical illusion is facing forward because of the symmetry of the shoulders.
The video shows an optical illusion of a person's face. The face can be perceived as either facing forward or to the side, depending on how it is viewed. The video instructs the viewer to turn their phone upside down and look at the image from the top to see the illusion.
The symmetry of the shoulders is not the reason why the person is facing forward. The illusion is created by the way the facial features are drawn."
0016-7,4mKxze5P9gQ,Multiple-choice Question with a Single Correct Answer,Element Attributes (Optical Illusion),"Which direction is the person facing?
A. To the right
B. right and forward
C. left and forward
D. To the left",15.06,"E. None of the above
Select one best answer to the above multiple-choice question based on the video. Respond with only the letter (A, B, C, D or E) of the correct option.",B,https://www.youtube.com/shorts/4mKxze5P9gQ,"The video presents an optical illusion of a person's face. The top comments suggest that the face can be seen in two directions. The video asks the viewer to look at the image normally, then turn the phone upside down and look at it from the top. Based on the image, the face appears to be facing both right and forward."
0036-0,1SiTuYb506o,Primary Open-ended Question,Objective Causality (Videography Phenomenon & Illusion),Why can the apparently slow spinning machine cut the zucchini so thinly?,18.01,Please state your answer with a brief explanation.,"The machine can cut the zucchini so thinly because the blade is actually moving very fast. The camera's frame rate is synced with the speed of the blade, making it appear to move slowly.",https://www.youtube.com/shorts/1SiTuYb506o,"The comments explain that the blade is actually moving very fast. The camera's frame rate is synced with the speed of the blade, making it appear to move slowly. Because the blade is moving so fast, it can cut the zucchini thinly."
0036-1,1SiTuYb506o,Paraphrased Open-ended Question,Objective Causality (Videography Phenomenon & Illusion),How does the machine manage to slice the zucchini so thinly despite appearing to spin slowly?,18.01,Please state your answer with a brief explanation.,"The blade is actually spinning very fast, but the camera's frame rate is synced with the blade's rotation speed. This creates the illusion that the blade is moving slowly, when in reality it is moving fast enough to slice the zucchini thinly.",https://www.youtube.com/shorts/1SiTuYb506o,"1. The question is asking about how the machine can slice so thinly despite the blade appearing to spin slowly.
2. Several comments explain that the blade is actually spinning very fast, but the camera's frame rate is synced with the blade's rotation speed, creating the illusion of slow motion or even stillness.
3. @1pacarr explains that if the camera shoots at 60 frames per second and the blade spins at 60 revolutions per second, the blade will look stationary. In the video, the blade is moving around 70 revolutions per second, so it looks like it's moving extremely slowly.
4. @Beast_ASP_Official says that the cutter is moving with 170rpm but the camera recorded it in 50fps, camera's 1 frame captures 3.4 rounds that's why it seems to look slow but it's fast enough to cut the cucumber in 80 pieces in 1 second."
0036-2,1SiTuYb506o,Correctly-led Open-ended Question,Objective Causality (Videography Phenomenon & Illusion),"Is the reason the machine cuts the zucchini so thinly because the blades are spinning at a high speed, creating a stroboscopic effect?",18.01,Please state your answer with a brief explanation.,"Yes, the blades are spinning at a high speed, and the camera's frame rate creates a stroboscopic effect. The high speed of the blade is what allows it to cut the zucchini so thinly.",https://www.youtube.com/shorts/1SiTuYb506o,"The question asks if the stroboscopic effect is the reason the zucchini is cut so thinly. The comments explain that the high speed of the blade combined with the camera's frame rate creates the stroboscopic effect, making the blade appear to move slowly. The speed of the blade is what cuts the zucchini so thinly."
0036-3,1SiTuYb506o,Wrongly-led Open-ended Question,Objective Causality (Videography Phenomenon & Illusion),"Is the machine able to cut the zucchini thinly because of the sharpness of the blade, even at a slower speed?",18.01,Please state your answer with a brief explanation.,"No, the machine is able to cut the zucchini thinly because of the high speed of the blade. The camera's frame rate makes it appear slow, but it is actually moving very fast.",https://www.youtube.com/shorts/1SiTuYb506o,"The comments in the video suggest that the blade is moving very fast, but the camera's frame rate makes it appear slow. The machine is able to cut the zucchini thinly because of the high speed of the blade."
0036-7,1SiTuYb506o,Multiple-choice Question with a Single Correct Answer,Objective Causality (Videography Phenomenon & Illusion),"Why can the machine cut the zucchini so thinly?
A. The blades spin at high speed, and the stroboscopic effect makes it appear slow.
B. The machine uses a laser to cut.
C. The zucchini is fed consistently and controlled.
D. The blade is sharp enough to cut at a slower speed.",18.01,"E. None of the above
Select one best answer to the above multiple-choice question based on the video. Respond with only the letter (A, B, C, D or E) of the correct option.",A,https://www.youtube.com/shorts/1SiTuYb506o,"The video shows a machine cutting a zucchini into thin slices. The comments mention that the blades are moving very fast, but due to the camera's frame rate, it appears to be moving slowly (stroboscopic effect). Therefore, the high speed of the blades is the reason for the thin slices."
0037-0,KyyDh9NP_lc,Primary Open-ended Question,Element Attributes (Optical Illusion),How many parts of the video have been artificially edited?,19.55,Please state your answer with a brief explanation.,The entire video has been artificially edited to create the glitch effects.,https://www.youtube.com/shorts/KyyDh9NP_lc,"The video is about video game glitches.
The video shows the person glitching in different ways.
The question asks how many parts of the video have been artificially edited.
Based on the video and the comments, the entire video is artificially edited to create the glitch effects."
0037-1,KyyDh9NP_lc,Paraphrased Open-ended Question,Element Attributes (Optical Illusion),In how many sections does the video show signs of artificial editing?,19.55,Please state your answer with a brief explanation.,The video shows 6 sections of artificial editing.,https://www.youtube.com/shorts/KyyDh9NP_lc,"The video shows multiple instances of artificial editing to simulate video game glitches. These include:
1. Cup falling and bouncing unrealistically.
2. Character T-posing.
3. Character model becoming low-resolution.
4. Character clipping through the counter.
5. Character duplicating.
6. Character turning into multiple balls."
0037-2,KyyDh9NP_lc,Correctly-led Open-ended Question,Element Attributes (Optical Illusion),Is the video edited in multiple parts to create the effect of video game glitches?,19.55,Please state your answer with a brief explanation.,"Yes, the video is edited in multiple parts to create the effect of video game glitches. The creator performs actions that are not physically possible, which is achieved through editing.",https://www.youtube.com/shorts/KyyDh9NP_lc,"The comments suggest that the video is heavily edited. The video shows the creator doing things that are not physically possible, such as glitching into a 3D model, T-posing, and multiplying. This would require editing the video in multiple parts."
0037-3,KyyDh9NP_lc,Wrongly-led Open-ended Question,Element Attributes (Optical Illusion),Is the video edited only in one part to create the effect of video game glitches?,19.55,Please state your answer with a brief explanation.,"No, the video is not edited only in one part. The editing is done throughout the video to create the glitch effects.",https://www.youtube.com/shorts/KyyDh9NP_lc,"The question is whether the video is edited only in one part to create the effect of video game glitches.
Based on the video, the editing is done throughout the video to create the glitch effects."
0037-7,KyyDh9NP_lc,Multiple-choice Question with a Single Correct Answer,Element Attributes (Optical Illusion),"How many parts of the video have been artificially edited?
A. Five
B. One
C. None
D. Two",19.55,"E. None of the above
Select one best answer to the above multiple-choice question based on the video. Respond with only the letter (A, B, C, D or E) of the correct option.",A,https://www.youtube.com/shorts/KyyDh9NP_lc,"The video is about video game glitches. The video shows the person glitching in different ways. The comments suggest that the video is heavily edited. Therefore, the correct answer is A. Five."
0038-0,sj81PWrerDk,Primary Open-ended Question,Professional Knowledge,Why was the last person able to snap off the cap so easily?,8.85,Please state your answer with a brief explanation.,The bottle was already open.,https://www.youtube.com/shorts/sj81PWrerDk,"The question asks why the last person was able to snap off the cap so easily.
I will look for comments that might explain this.
The comment from VICT11 says ""If u look slowly u can see that it was open already fun fact😅😅"""
0038-1,sj81PWrerDk,Paraphrased Open-ended Question,Professional Knowledge,What was the reason that the last person was able to break off the bottle cap so easily?,8.85,Please state your answer with a brief explanation.,"The bottle was already open. This is implied by a comment that states if you look closely, you can see that the bottle was already open.",https://www.youtube.com/shorts/sj81PWrerDk,"The question asks for the reason why the last person was able to break off the bottle cap so easily.
I need to look for comments that might indicate the reason.
The comment by VICT11 states ""If u look slowly u can see that it was open already fun fact😅😅"".
This suggests that the bottle was already opened before the person broke off the cap."
0038-2,sj81PWrerDk,Correctly-led Open-ended Question,Professional Knowledge,Did the last person successfully break the bottle?,8.85,Please state your answer with a brief explanation.,"Yes, the last person successfully broke the bottle.",https://www.youtube.com/shorts/sj81PWrerDk,"The question asks if the last person in the video successfully broke the bottle.
I need to look at the end of the video to see if the bottle was broken.
At the end of the video, the bottle is shown broken."
0038-3,sj81PWrerDk,Wrongly-led Open-ended Question,Professional Knowledge,Did the last person use a lighter as a lever to snap off the cap easily?,8.85,Please state your answer with a brief explanation.,"No, the last person did not use a lighter. He used his hand to snap the top of the bottle off.",https://www.youtube.com/shorts/sj81PWrerDk,"The question asks if the last person in the video used a lighter as a lever to open the bottle.
I need to analyze the video to determine if a lighter was used.
The last person in the video uses his hand to snap the top of the bottle off."
0038-7,sj81PWrerDk,Multiple-choice Question with a Single Correct Answer,Professional Knowledge,"How did the last person snap off the cap so easily?
A. They used a knife to create leverage.
B. They had a knife hidden in their sleeve, which they used to cut the cap off.
C. They made a shallow cut around the bottle's mouth.
D. They were using a knife to twist and break the cap.",8.85,"E. None of the above
Select one best answer to the above multiple-choice question based on the video. Respond with only the letter (A, B, C, D or E) of the correct option.",C,https://www.youtube.com/shorts/sj81PWrerDk,"The video shows the person using a knife to make a shallow cut around the bottle's mouth, then using their finger to flick the top off."
0064-0,sE-KTqE9Dek,Primary Open-ended Question,Objective Causality,Why did the room go dark after the stick figure character closed the door?,12.61,Please state your answer with a brief explanation.,"The room went dark because the stick figure character closed the door, which also turned off the light.",https://www.youtube.com/shorts/sE-KTqE9Dek,"The question asks why the room went dark.
Based on the video, the room went dark because the stick figure character closed the door, which also turned off the light."
0064-1,sE-KTqE9Dek,Paraphrased Open-ended Question,Objective Causality,What caused the room to become dark after the stick figure character shut the door?,12.61,Please state your answer with a brief explanation.,The room became dark because the light bulb broke when the stick figure character shut the door.,https://www.youtube.com/shorts/sE-KTqE9Dek,"1. The question asks what caused the room to become dark after the stick figure character shut the door.
2. Review the video to observe what happens when the stick figure character shuts the door.
3. The stick figure character shuts the door and the light bulb breaks."
0064-2,sE-KTqE9Dek,Correctly-led Open-ended Question,Objective Causality,"Did the room go dark because the stick figure character closed the door, causing the lamp to fall?",12.61,Please state your answer with a brief explanation.,"No, the room went dark because the stick figure character turned off the light switch. The lamp fell after the character closed the bedroom door.",https://www.youtube.com/shorts/sE-KTqE9Dek,"The video shows the stick figure character turning off the light switch, causing the room to go dark. Then, in the bedroom, the character closes the door, which causes the lamp to fall."
0064-3,sE-KTqE9Dek,Wrongly-led Open-ended Question,Objective Causality,Did the room go dark because the stick figure character accidentally hit the light switch when closing the door?,12.61,Please state your answer with a brief explanation.,"Yes, the room went dark because the stick figure character accidentally hit the light switch when closing the door.",https://www.youtube.com/shorts/sE-KTqE9Dek,"The video shows the stick figure character running to close the door and the room goes dark. The light switch is next to the door.
The question asks if the room went dark because the stick figure character accidentally hit the light switch when closing the door.
Based on the video, the room went dark because the character hit the light switch when closing the door."
0064-7,sE-KTqE9Dek,Multiple-choice Question with a Single Correct Answer,Objective Causality,"Why did the room go dark after the stick figure character closed the door?
A. The lamp fell due to force.
B. The light switch was hit.
C. The stick figure character closed the door.
D. The stick figure character turned off the light switch.",12.61,"E. None of the above
Select one best answer to the above multiple-choice question based on the video. Respond with only the letter (A, B, C, D or E) of the correct option.",A,https://www.youtube.com/shorts/sE-KTqE9Dek,"The video shows the stick figure character closing the door, and then the lamp falls.
The room goes dark after the lamp falls.
Therefore, the room went dark because the lamp fell."
0070-0,MSkL7A2yyOY,Primary Open-ended Question,Event Counting,How many times did the person in the video pour the water?,12.97,Please state your answer with a brief explanation.,The person in the video poured the water twice. The video shows two separate attempts to pour water from one mug to another.,https://www.youtube.com/shorts/MSkL7A2yyOY,"The person in the video attempts to pour water from one mug to another twice. The first time, the water spills over the side of the mug, and the second time, the water pours correctly."
0070-1,MSkL7A2yyOY,Paraphrased Open-ended Question,Event Counting,How many times does the person pour water in the video?,12.97,Please state your answer with a brief explanation.,The person pours water twice in the video.,https://www.youtube.com/shorts/MSkL7A2yyOY,"The person pours water twice in the video. The first time, the water spills over the side of the cup. The second time, the water pours directly into the cup."
0070-2,MSkL7A2yyOY,Correctly-led Open-ended Question,Event Counting,Did the person in the video pour the water twice?,12.97,Please state your answer with a brief explanation.,"Yes, the person in the video poured the water twice. The video clearly shows the person pouring water from the green mug into the black mug on two separate occasions.",https://www.youtube.com/shorts/MSkL7A2yyOY,"The question is whether the person in the video poured the water twice.
I will analyze the video to determine if the person poured water two times.
The video shows the person pouring water from a green mug into a black mug two times."
0070-3,MSkL7A2yyOY,Wrongly-led Open-ended Question,Event Counting,Did the person in the video pour the water once?,12.97,Please state your answer with a brief explanation.,"No, the person in the video poured the water twice.",https://www.youtube.com/shorts/MSkL7A2yyOY,"The video shows the person pouring water twice. The first time, the water runs down the side of the cup, and the second time, the water pours correctly into the other cup."
0070-7,MSkL7A2yyOY,Multiple-choice Question with a Single Correct Answer,Event Counting,"How many times did the person in the video pour the water?
A. Once
B. Three times
C. Four times
D. Twice",12.97,"E. None of the above
Select one best answer to the above multiple-choice question based on the video. Respond with only the letter (A, B, C, D or E) of the correct option.",D,https://www.youtube.com/shorts/MSkL7A2yyOY,The person in the video pours water from the green mug into the black mug twice.
0080-0,_MXxJT8Mk4k,Primary Open-ended Question,Professional Knowledge,What is the purpose of beating the balloon?,13.18,Please state your answer with a brief explanation.,"The purpose of beating the balloon is to mix the baking soda and vinegar together to create a chemical reaction that produces carbon dioxide, thus inflating the balloon.",https://www.youtube.com/shorts/_MXxJT8Mk4k,"The video shows the creator punching the balloons after they are filled with the baking soda and vinegar mixture. The purpose of this action is to mix the two substances together, initiating the chemical reaction that produces carbon dioxide and inflates the balloon."
0080-1,_MXxJT8Mk4k,Paraphrased Open-ended Question,Professional Knowledge,Why do you need to hit the balloon in this activity?,13.18,Please state your answer with a brief explanation.,"The balloon is hit to mix the baking soda and vinegar together. This creates a chemical reaction that produces carbon dioxide, which inflates the balloon.",https://www.youtube.com/shorts/_MXxJT8Mk4k,"The video shows the creator punching the balloons after they are filled with carbon dioxide. The purpose of hitting the balloon is to mix the baking soda and vinegar together, which causes a chemical reaction that produces carbon dioxide and inflates the balloon."
0080-2,_MXxJT8Mk4k,Correctly-led Open-ended Question,Professional Knowledge,Is the purpose of hitting the balloon to create a fun and interactive toy?,13.18,Please state your answer with a brief explanation.,"No, the purpose of hitting the balloon is not necessarily to create a fun and interactive toy. Based on the comments, the punching is done for comedic effect.",https://www.youtube.com/shorts/_MXxJT8Mk4k,"The video shows the creation of a balloon pufferfish using baking soda and vinegar. The balloons are punched aggressively at the end. Based on the comments, the punching is done for comedic effect."
0080-3,_MXxJT8Mk4k,Wrongly-led Open-ended Question,Professional Knowledge,Is the purpose of hitting the balloon to make it pop loudly?,13.18,Please state your answer with a brief explanation.,"No, the purpose of hitting the balloon is not explicitly to make it pop loudly. The punching seems to be more for comedic effect.",https://www.youtube.com/shorts/_MXxJT8Mk4k,"The video shows the creator punching the balloons. The top comments indicate that the punching was aggressive and funny. The purpose of the punching is not explicitly stated, but it seems to be for comedic effect rather than to make the balloon pop."
0080-7,_MXxJT8Mk4k,Multiple-choice Question with a Single Correct Answer,Professional Knowledge,"What is the purpose of beating the balloon?
A. To inflate the balloon
B. To pop it
C. To deflate it
D. To change its color",13.18,"E. None of the above
Select one best answer to the above multiple-choice question based on the video. Respond with only the letter (A, B, C, D or E) of the correct option.",A,https://www.youtube.com/shorts/_MXxJT8Mk4k,"The video shows the creator punching the balloons after they have been filled with the baking soda and vinegar mixture. The reaction between baking soda and vinegar produces carbon dioxide, which inflates the balloon. The punching action helps to mix the two substances together, thus speeding up the inflation process."
0081-0,crJZF1-5ryE,Primary Open-ended Question,Character Motivation Causality,Why does the man put his hand on his face?,11.86,Please state your answer with a brief explanation.,The man puts his hand on his face because he is trying to hide his smile.,https://www.youtube.com/shorts/crJZF1-5ryE,"The question asks why the man puts his hand on his face.
At timestamp 0:00, the man puts his hand on his face.
The man is trying to hide his smile."
0081-1,crJZF1-5ryE,Paraphrased Open-ended Question,Character Motivation Causality,What is the reason the man covers his face with his hand?,11.86,Please state your answer with a brief explanation.,The man covers his face with his hand because he seems shy or embarrassed by the woman's dancing.,https://www.youtube.com/shorts/crJZF1-5ryE,"1. Analyze the video: The man covers his face with his hand at the beginning of the video.
2. Consider the context: The woman is dancing and having fun, while the man seems more reserved.
3. Deduce the reason: He might be shy or embarrassed by the woman's actions, or he might just not be in the mood to participate."
0081-2,crJZF1-5ryE,Correctly-led Open-ended Question,Character Motivation Causality,Did the man cover his face to transfer the cat face filter to the girl next to him?,11.86,Please state your answer with a brief explanation.,"Yes, the man covered his face to transfer the cat face filter to the girl next to him.",https://www.youtube.com/shorts/crJZF1-5ryE,"The video shows a man and a woman standing next to each other. The man briefly covers his face with his hand, and the cat face filter appears on the woman's face."
0081-3,crJZF1-5ryE,Wrongly-led Open-ended Question,Character Motivation Causality,Did the man put his hand on his face as part of a synchronized dance move?,11.86,Please state your answer with a brief explanation.,"No, the man puts his hand on his face, but it is not part of a synchronized dance move.",https://www.youtube.com/shorts/crJZF1-5ryE,"I need to watch the video to see if the man puts his hand on his face as part of a synchronized dance move.
At the beginning of the video, the man puts his hand on his face. The woman is doing a dance move at the same time, but it is not synchronized."
0081-7,crJZF1-5ryE,Multiple-choice Question with a Single Correct Answer,Character Motivation Causality,"Why does the man put his hand on his face?
A. To adjust his glasses.
B. To hide from the camera.
C. As part of a synchronized dance move.
D. To transfer the cat face filter to the girl next to him.",11.86,"E. None of the above
Select one best answer to the above multiple-choice question based on the video. Respond with only the letter (A, B, C, D or E) of the correct option.",D,https://www.youtube.com/shorts/crJZF1-5ryE,The man puts his hand on his face to transfer the cat face filter to the girl next to him.
0083-0,Z-x3kXiyOFc,Primary Open-ended Question,Plot Attribute,What does the video want to tell as the daughter enters the room several times?,43.97,Please state your answer with a brief explanation.,"The video wants to show how an Asian mother's initial disapproval of a pet gradually turns into affection and acceptance, despite her initial complaints and threats. The daughter entering the room multiple times highlights the changing dynamic between the mother and the dog, from rejection to secret care to eventual endearment.",https://www.youtube.com/shorts/Z-x3kXiyOFc,"The daughter enters the room several times to show the progression of the mother's feelings towards the dog. Initially, the mother is against having the dog, calling it a waste of space and money. However, as the daughter enters the room again, the mother is seen secretly feeding and caring for the dog, showing a change of heart. The daughter enters again to hear the mother threatening to cook the dog if it poops on the floor, but then in the next scene, the mother is seen telling the dog to become a doctor when it grows up, indicating that the mother has grown to love the dog. Finally, the daughter enters the room to hear the mother calling the dog a ""cutie dog,"" solidifying the mother's affection for the pet."
0083-1,Z-x3kXiyOFc,Paraphrased Open-ended Question,Plot Attribute,What is the message conveyed by the daughter's repeated entries into the room?,43.97,Please state your answer with a brief explanation.,The daughter's repeated entries into the room convey that the mother's initial rejection of the dog is insincere. She wants to catch her mother's true feelings for the dog when she thinks no one is watching.,https://www.youtube.com/shorts/Z-x3kXiyOFc,"The daughter repeatedly enters the room to check on her mother's reaction to the dog. Initially, the mother expresses dislike and allergies. However, the daughter notices her mother's behavior changes when she thinks she is not being observed. The daughter's repeated entries serve to highlight the mother's hypocrisy and eventual affection for the dog."
0083-2,Z-x3kXiyOFc,Correctly-led Open-ended Question,Plot Attribute,Is the daughter trying to uncover her mother's true feelings about the pet dog by entering the room multiple times?,43.97,Please state your answer with a brief explanation.,"Yes, the daughter is trying to uncover her mother's true feelings about the pet dog by entering the room multiple times. She is reacting to what she hears her mother saying or doing.",https://www.youtube.com/shorts/Z-x3kXiyOFc,"The daughter enters the room multiple times. The first time, she is bringing the dog in. The second time, she is listening at the door. The third time, she is pretending to close the door. Each time, she is reacting to what she hears her mother saying or doing. The daughter is trying to uncover her mother's true feelings about the pet dog."
0083-3,Z-x3kXiyOFc,Wrongly-led Open-ended Question,Plot Attribute,"Does the video show the daughter repeatedly entering the room to announce the pet dog, highlighting cultural differences?",43.97,Please state your answer with a brief explanation.,"Yes, the video shows the daughter repeatedly entering the room to announce the pet dog, highlighting cultural differences.",https://www.youtube.com/shorts/Z-x3kXiyOFc,"The video shows the daughter entering the room multiple times after initially introducing the dog. Each time, she reacts to her mother's changing behavior towards the pet, from initial rejection to eventual affection. This back-and-forth highlights a common cultural trope of Asian mothers initially disapproving of pets but eventually warming up to them."
0083-7,Z-x3kXiyOFc,Multiple-choice Question with a Single Correct Answer,Plot Attribute,"Why does the daughter enter the room several times?
A. To announce the pet dog.
B. To show excitement about the pet.
C. To emphasize cultural differences.
D. To check if her mother is two-faced about the dog.",43.97,"E. None of the above
Select one best answer to the above multiple-choice question based on the video. Respond with only the letter (A, B, C, D or E) of the correct option.",D,https://www.youtube.com/shorts/Z-x3kXiyOFc,"The daughter enters the room multiple times to check on her mother's reaction to the dog. Initially, the mother is against the dog, but the daughter suspects her mother is being two-faced. She peeks to see her mother's true feelings."
0099-0,aUDYWYqtAR4,Primary Open-ended Question,Event Counting,How many zoomed-in close-ups are there throughout the video?,59.97,Please state your answer with a brief explanation.,There is one zoomed-in close-up in the video at 0:09.,https://www.youtube.com/shorts/aUDYWYqtAR4,"I need to watch the video and count the number of times the camera zooms in to provide a close-up view.
I see the camera zooms in at 0:09."
0099-1,aUDYWYqtAR4,Paraphrased Open-ended Question,Event Counting,What is the total number of zoomed-in close-ups in the video?,59.97,Please state your answer with a brief explanation.,There are two zoomed-in close-ups in the video.,https://www.youtube.com/shorts/aUDYWYqtAR4,"The video shows a visualization of Pi. The video starts with a wide view of the visualization, then zooms in to show the lines more closely. Then it zooms back out to show the full visualization again. Then it zooms in again.
I need to count the number of times the video zooms in for a close-up.
The video zooms in at 0:09 and 0:55.
So, there are two zoomed-in close-ups in the video."
0099-2,aUDYWYqtAR4,Correctly-led Open-ended Question,Event Counting,"Are there two zoomed-in close-ups in the video, focusing on the geometric pattern?",59.97,Please state your answer with a brief explanation.,"Yes, there are two zoomed-in close-ups in the video, focusing on the geometric pattern.",https://www.youtube.com/shorts/aUDYWYqtAR4,I need to watch the video and identify if there are two instances where the camera zooms in to provide a close-up view of the geometric pattern being created.
0099-3,aUDYWYqtAR4,Wrongly-led Open-ended Question,Event Counting,Does the video contain 10 zoomed-in close-ups of the geometric pattern?,59.97,Please state your answer with a brief explanation.,"No, the video contains 11 zoomed-in close-ups of the geometric pattern, not 10.",https://www.youtube.com/shorts/aUDYWYqtAR4,"The video shows a geometric pattern being drawn. I need to count the number of times the video zooms in to show a close-up of the pattern.
I can see the video zooms in at 0:09, 0:10, 0:11, 0:12, 0:13, 0:14, 0:15, 0:56, 0:57, 0:58, 0:59.
That's 11 times."
0099-7,aUDYWYqtAR4,Multiple-choice Question with a Single Correct Answer,Event Counting,"How many zoomed-in close-ups are there in the video?
A. 2
B. 4
C. 3
D. 1",59.97,"E. None of the above
Select one best answer to the above multiple-choice question based on the video. Respond with only the letter (A, B, C, D or E) of the correct option.",A,https://www.youtube.com/shorts/aUDYWYqtAR4,"The video starts with a wide view of the animation. At approximately 0:09, the video zooms in for the first time. The video zooms in again at approximately 0:55. Therefore, there are two zoomed-in close-ups in the video."
0101-0,FdkXmy42Qv8,Primary Open-ended Question,Event Localization,In which sequence of location does the man teleport in the video?,24.04,Please state your answer with a brief explanation.,"The man teleports behind the bookshelf, inside the couch, inside the box, and finally behind the blanket.",https://www.youtube.com/shorts/FdkXmy42Qv8,"The question asks about the sequence of locations where the man teleports.
I need to watch the video and identify the different locations where the man appears to teleport.
The man first appears behind the bookshelf, then inside the couch, then inside the box, and finally behind the blanket."
0101-1,FdkXmy42Qv8,Paraphrased Open-ended Question,Event Localization,What is the order of locations where the man appears after teleporting in the video?,24.04,Please state your answer with a brief explanation.,"1. Bookshelf
2. Couch
3. Cardboard box
4. Behind the dog covered with a blanket",https://www.youtube.com/shorts/FdkXmy42Qv8,"The question asks for the order of locations where the man appears after teleporting.
1. The man first appears inside the bookshelf.
2. The man then appears inside the couch.
3. The man then appears inside the cardboard box.
4. The man then appears behind the dog covered with a blanket."
0101-2,FdkXmy42Qv8,Correctly-led Open-ended Question,Event Localization,"Does the man teleport to the bookshelf, couch, cardboard box, and then back under the blanket in the video?",24.04,Please state your answer with a brief explanation.,"Yes, the man appears to teleport to the bookshelf, couch, cardboard box, and then back under the blanket in the video.",https://www.youtube.com/shorts/FdkXmy42Qv8,"The video shows the man hiding under a blanket, then he appears in the bookshelf, then under the couch, then in a cardboard box, and finally back under the blanket."
0101-3,FdkXmy42Qv8,Wrongly-led Open-ended Question,Event Localization,"In the video, does the man first teleport to the bookshelf, then to the cardboard box, then to the couch, and finally return to under the blanket?",24.04,Please state your answer with a brief explanation.,"No, the man first teleports to the bookshelf, then to the couch, then to the cardboard box, and finally returns to under the blanket.",https://www.youtube.com/shorts/FdkXmy42Qv8,"The video shows the man teleporting under the blanket, then to the bookshelf, then to the couch, and finally to the cardboard box before returning to under the blanket. Therefore, the statement is incorrect."
0101-7,FdkXmy42Qv8,Multiple-choice Question with a Single Correct Answer,Event Localization,"In which sequence of location does the man teleport in the video?
A. Bookshelf, Couch, Blanket, Cardboard Box
B. Bookshelf, Couch, Cardboard Box, Blanket
C. Bookshelf, Couch, Cardboard Box, Door
D. Couch, Bookshelf, Cardboard Box, Blanket",24.04,"E. None of the above
Select one best answer to the above multiple-choice question based on the video. Respond with only the letter (A, B, C, D or E) of the correct option.",A,https://www.youtube.com/shorts/FdkXmy42Qv8,"The man teleports in the following sequence:
1. Bookshelf
2. Couch
3. Cardboard Box
4. Blanket"
0113-0,2uuLeoxlZOo,Primary Open-ended Question,Event Counting,How many buildings are demolished throughout the video?,59.54,Please state your answer with a brief explanation.,There are two buildings demolished in the video. One is a building implosion and the other is a water tower demolition.,https://www.youtube.com/shorts/2uuLeoxlZOo,"The question asks how many buildings are demolished in the video.
I need to count the number of building demolitions shown.
There is one building implosion and one water tower demolition."
0113-1,2uuLeoxlZOo,Paraphrased Open-ended Question,Event Counting,What is the total number of buildings that are taken down in the video?,59.54,Please state your answer with a brief explanation.,"The video shows 3 buildings being taken down: a high-rise building, a partially constructed building, and a water tower.",https://www.youtube.com/shorts/2uuLeoxlZOo,"1. I need to identify all instances in the video where a building is shown being taken down or demolished.
2. I will count each distinct building demolition.
3. The video shows the demolition of a high-rise building, a partially constructed building, and a water tower."
0113-2,2uuLeoxlZOo,Correctly-led Open-ended Question,Event Counting,Are two buildings demolished in the video?,59.54,Please state your answer with a brief explanation.,"Yes, two buildings are demolished in the video. One is a high-rise building that is imploded, and the other is a concrete tower that is pulled down.",https://www.youtube.com/shorts/2uuLeoxlZOo,"1. I will scan the video for instances of building demolitions.
2. I will count the number of distinct building demolitions.
3. I will provide the final answer based on the count."
0113-3,2uuLeoxlZOo,Wrongly-led Open-ended Question,Event Counting,Is only one building demolished in the video?,59.54,Please state your answer with a brief explanation.,"No, more than one building is demolished in the video. There is a tall building, a concrete tower, and a water tower being demolished.",https://www.youtube.com/shorts/2uuLeoxlZOo,"The video shows multiple instances of structures being demolished. I can see a tall building being imploded, a concrete tower being toppled, and a water tower being knocked down. Therefore, more than one building is demolished in the video."
0113-7,2uuLeoxlZOo,Multiple-choice Question with a Single Correct Answer,Event Counting,"How many buildings are demolished in the video?
A. Two
B. Three
C. Four
D. One",59.54,"E. None of the above
Select one best answer to the above multiple-choice question based on the video. Respond with only the letter (A, B, C, D or E) of the correct option.",B,https://www.youtube.com/shorts/2uuLeoxlZOo,"The video shows the demolition of a tall building, a partially demolished building and a water tower.
Therefore, there are three buildings demolished in the video."
0117-0,uupXcgeP0-w,Primary Open-ended Question,Element Counting,How many toy cars are shown in the video?,22.04,Please state your answer with a brief explanation.,There are zero toy cars shown in the video. The video shows real cars being driven.,https://www.youtube.com/shorts/uupXcgeP0-w,The video shows real cars being driven by both girls and boys. There are no toy cars shown in the video.
0117-1,uupXcgeP0-w,Paraphrased Open-ended Question,Element Counting,What is the number of toy cars visible in the video?,22.04,Please state your answer with a brief explanation.,There are two toy cars visible in the video.,https://www.youtube.com/shorts/uupXcgeP0-w,"The question asks about the number of toy cars visible in the video.
I need to watch the video and count the number of toy cars.
I can see two toy cars in the video."
0117-2,uupXcgeP0-w,Correctly-led Open-ended Question,Element Counting,Are there two toy cars shown in the video clip?,22.04,Please state your answer with a brief explanation.,"Yes, there are two toy cars shown in the video clip. They appear at the beginning of the ""boys driving"" section.",https://www.youtube.com/shorts/uupXcgeP0-w,"The video compares driving skills between girls and boys.
The video shows boys driving toy cars at the beginning of the ""boys driving"" section.
I need to count how many toy cars are shown.
I can see two toy cars in the video."
0117-3,uupXcgeP0-w,Wrongly-led Open-ended Question,Element Counting,Are there three toy cars shown in the video clip?,22.04,Please state your answer with a brief explanation.,"Yes, there are three toy cars shown in the video clip.",https://www.youtube.com/shorts/uupXcgeP0-w,"The video shows clips of girls driving and boys driving.
The first toy car is shown at 0:06.
The second toy car is shown at 0:07.
The third toy car is shown at 0:20.
Therefore, there are three toy cars shown in the video clip."
0117-7,uupXcgeP0-w,Multiple-choice Question with a Single Correct Answer,Element Counting,"How many toy cars are shown in the video?
A. Three
B. Four
C. Two
D. One",22.04,"E. None of the above
Select one best answer to the above multiple-choice question based on the video. Respond with only the letter (A, B, C, D or E) of the correct option.",D,https://www.youtube.com/shorts/uupXcgeP0-w,"The video shows a white toy car being driven by a boy. There are also other cars shown, but they are full-sized.
Thus, there is only one toy car."
0118-0,XlROzogZpVM,Primary Open-ended Question,Local Event Attribute,"At the beginning of the video, what action did the person do to make the bottle fall down to the ground?",9.15,Please state your answer with a brief explanation.,"At the beginning of the video, the person pushes the bottle with their hand, causing it to fall.",https://www.youtube.com/shorts/XlROzogZpVM,"The question asks about the action that caused the bottle to fall at the beginning of the video.
At the beginning of the video, the person pushes the bottle with their hand, causing it to fall."
0118-1,XlROzogZpVM,Paraphrased Open-ended Question,Local Event Attribute,What did the person do at the start of the video that caused the bottle to fall?,9.15,Please state your answer with a brief explanation.,"The person tapped the bottles, causing them to fall.",https://www.youtube.com/shorts/XlROzogZpVM,"The question asks what the person did at the start of the video that caused the bottle to fall.
At the start of the video, the person is standing next to a wall with bottles on top of it. The person then taps the bottles, causing them to fall."
0118-2,XlROzogZpVM,Correctly-led Open-ended Question,Local Event Attribute,"Did the person let go of the bottles on a slope, causing them to slide and fall?",9.15,Please state your answer with a brief explanation.,"No, the bottles were not released on a slope. They were released on a flat surface.",https://www.youtube.com/shorts/XlROzogZpVM,"The video shows the bottles being released on what appears to be a flat surface, not a slope."
0118-3,XlROzogZpVM,Wrongly-led Open-ended Question,Local Event Attribute,Did the person push the bottle with their hand to make it fall?,9.15,Please state your answer with a brief explanation.,"Yes, the person pushed the bottles with their hand to make them fall.",https://www.youtube.com/shorts/XlROzogZpVM,The video shows the person pushing the bottles with their hand to make them fall.
0118-7,XlROzogZpVM,Multiple-choice Question with a Single Correct Answer,Local Event Attribute,"What action did the person take to make the bottle fall?
A. Pushed it with their hand.
B. Threw it down.
C. Kicked it.
D. Placed it on a slope and let go.",9.15,"E. None of the above
Select one best answer to the above multiple-choice question based on the video. Respond with only the letter (A, B, C, D or E) of the correct option.",A,https://www.youtube.com/shorts/XlROzogZpVM,The video shows the person pushing the bottle with their hand to make it fall.
0127-0,NmqIqJsdIuk,Primary Open-ended Question,Element Counting,How many watches are shown in the video?,11.56,Please state your answer with a brief explanation.,The video shows 6 watches. Each watch has a unique design.,https://www.youtube.com/shorts/NmqIqJsdIuk,"The video shows multiple watches with different designs. I will count each distinct design shown in the video.
The video shows 6 different watches."
0127-1,NmqIqJsdIuk,Paraphrased Open-ended Question,Element Counting,What is the total number of watches displayed in the video?,11.56,Please state your answer with a brief explanation.,The video displays 5 watches.,https://www.youtube.com/shorts/NmqIqJsdIuk,"The video displays a collection of watches. I need to count the number of distinct watches shown.
The video shows 5 different watches."
0127-2,NmqIqJsdIuk,Correctly-led Open-ended Question,Element Counting,Are there four watches shown in the video?,11.56,Please state your answer with a brief explanation.,"Yes, there are four watches shown in the video. The watches are red, gold, red, and green.",https://www.youtube.com/shorts/NmqIqJsdIuk,"The video shows a collection of watches. I need to count how many different watches are shown.
The video shows a red watch, a gold watch, a red watch, and a green watch.
There are four watches shown."
0127-3,NmqIqJsdIuk,Wrongly-led Open-ended Question,Element Counting,Are there five watches shown in the video?,11.56,Please state your answer with a brief explanation.,"Yes, there are five watches shown in the video.",https://www.youtube.com/shorts/NmqIqJsdIuk,"The video shows a collection of watches. I need to count how many different watches are shown.
The video shows a red watch, a gold watch, another red watch, a green watch, and another green watch.
Therefore, there are five watches shown in the video."
0127-7,NmqIqJsdIuk,Multiple-choice Question with a Single Correct Answer,Element Counting,"How many watches are shown in the video?
A. Six
B. Four
C. Three
D. Five",11.56,"E. None of the above
Select one best answer to the above multiple-choice question based on the video. Respond with only the letter (A, B, C, D or E) of the correct option.",B,https://www.youtube.com/shorts/NmqIqJsdIuk,The video shows 4 different watches.
0129-0,7t4cNOpTuCY,Primary Open-ended Question,Element Counting,How many men appear in the video?,30.81,Please state your answer with a brief explanation.,"Two men appear in the video. One is holding the string of the balloon, and the other is taking a photo.",https://www.youtube.com/shorts/7t4cNOpTuCY,"The video shows a woman creating art and taking photos.
At 0:19, a man appears to be holding the string of the balloon.
At 0:26, a man appears to be taking a photo.
Therefore, two men appear in the video."
0129-1,7t4cNOpTuCY,Paraphrased Open-ended Question,Element Counting,What is the number of male figures shown in the video?,30.81,Please state your answer with a brief explanation.,The number of male figures shown in the video is 2. They are shown helping her with the balloon and avocado photos.,https://www.youtube.com/shorts/7t4cNOpTuCY,"The video shows a woman creating art and taking photos. There is one instance where a male figure is shown helping her with the balloon photo and another instance where a male figure is shown taking her photo with the avocado art.
Therefore, the number of male figures shown in the video is 2."
0129-2,7t4cNOpTuCY,Correctly-led Open-ended Question,Element Counting,Is there only one man in the video?,30.81,Please state your answer with a brief explanation.,"No, there are two men in the video.",https://www.youtube.com/shorts/7t4cNOpTuCY,"The video shows a series of creative photoshoots by a woman, Anni Set. There are two instances where a man is visible. One is when the woman is standing in front of a pink balloon and a man is holding the string. The second instance is when the woman is standing in front of an avocado and a man is taking a photo of her."
0129-3,7t4cNOpTuCY,Wrongly-led Open-ended Question,Element Counting,Are there two men in the video?,30.81,Please state your answer with a brief explanation.,"Yes, there are two men in the video. One man is holding the string of the balloon, and another man is taking a picture.",https://www.youtube.com/shorts/7t4cNOpTuCY,"The video shows a woman creating art. The narrator mentions a balloon and an avocado. I need to check the video to see if there are two men.
At timestamp 0:20, a man is seen holding the string of the balloon. At timestamp 0:27, another man is seen taking a picture.
Therefore, there are two men in the video."
0129-7,7t4cNOpTuCY,Multiple-choice Question with a Single Correct Answer,Element Counting,"How many men appear in the video?
A. Three
B. One
C. Two
D. None",30.81,"E. None of the above
Select one best answer to the above multiple-choice question based on the video. Respond with only the letter (A, B, C, D or E) of the correct option.",C,https://www.youtube.com/shorts/7t4cNOpTuCY,"The video shows a woman creating art. At 0:19, a man appears holding the string of the balloon. At 0:26, a man appears taking a photo. Therefore, there are two men in the video."
0133-0,u2HvKEGq3Ik,Primary Open-ended Question,Event Localization,What does the final scene depicts?,60.05,Please state your answer with a brief explanation.,,https://youtube.com/shorts/u2HvKEGq3Ik,
0133-1,u2HvKEGq3Ik,Paraphrased Open-ended Question,Event Localization,What is shown in the final scene of the video?,60.05,Please state your answer with a brief explanation.,,https://youtube.com/shorts/u2HvKEGq3Ik,
0133-2,u2HvKEGq3Ik,Correctly-led Open-ended Question,Event Localization,Does the final scene depict three men performing a stunt by jumping through a hula hoop?,60.05,Please state your answer with a brief explanation.,,https://youtube.com/shorts/u2HvKEGq3Ik,
0133-3,u2HvKEGq3Ik,Wrongly-led Open-ended Question,Event Localization,Is the final scene a demonstration of a spinning wheel's gyroscopic effect?,60.05,Please state your answer with a brief explanation.,,https://youtube.com/shorts/u2HvKEGq3Ik,
0133-7,u2HvKEGq3Ik,Multiple-choice Question with a Single Correct Answer,Event Localization,"What does the final scene depict?
A. A dance performance.
B. A juggling act.
C. A physics demonstration.
D. Three men jumping through a hula hoop.",60.05,"E. None of the above
Select one best answer to the above multiple-choice question based on the video. Respond with only the letter (A, B, C, D or E) of the correct option.",,https://youtube.com/shorts/u2HvKEGq3Ik,
0142-0,rCW1aGpFrJg,Primary Open-ended Question,Character Motivation Causality,What is the purpose for the character in costume to put a small piece of white tape on the handrail?,58.82,Please state your answer with a brief explanation.,"The purpose of the white tape is to mark the starting point of the cleaning process, allowing the person to track the progress and ensure that the entire handrail is cleaned.",https://youtube.com/shorts/rCW1aGpFrJg,"The question is asking about the purpose of the white tape.
The video shows a person in a Spiderman costume cleaning an escalator handrail.
The person puts a small piece of white tape on the handrail.
The purpose of the tape is to mark the starting point of the cleaning process, allowing the person to track the progress and ensure that the entire handrail is cleaned."
0142-1,rCW1aGpFrJg,Paraphrased Open-ended Question,Character Motivation Causality,Why does the character in costume place a small piece of white tape on the handrail?,58.82,Please state your answer with a brief explanation.,The character in costume places a small piece of white tape on the handrail to mark the starting point of the cleaning process.,https://youtube.com/shorts/rCW1aGpFrJg,"The video shows a character in a Spider-Man costume cleaning an escalator handrail. The question asks why the character places a small piece of white tape on the handrail.
The character places the tape to mark the starting point of the cleaning process. This allows the character to track the progress and ensure the entire handrail is cleaned as it moves."
0142-2,rCW1aGpFrJg,Correctly-led Open-ended Question,Character Motivation Causality,Waht is the purpose for the character in costume to put a small piece of white tape on the handrail?,58.82,Please state your answer with a brief explanation.,The purpose of the tape is to mark the starting point to see if the handrail has made a complete rotation.,https://youtube.com/shorts/rCW1aGpFrJg,"The video shows a person in a Spiderman costume cleaning an escalator handrail. At the beginning of the video, the person puts a small piece of white tape on the handrail. By observing the video, it is clear that the tape is used as a marker to see if the handrail has made a complete rotation."
0142-3,rCW1aGpFrJg,Wrongly-led Open-ended Question,Character Motivation Causality,Is a small piece of white tape attached to the armrest to attract dust?,58.82,Please state your answer with a brief explanation.,The video does not explicitly state that the tape is attached to attract dust.,https://youtube.com/shorts/rCW1aGpFrJg,"The video shows a person dressed as Spiderman cleaning an escalator handrail.
The question asks if a small piece of white tape is attached to the armrest to attract dust.
At timestamp 0:55, a small piece of white tape is visible on the handrail.
However, the purpose of the tape is not explicitly stated in the video.
Based on the video, it is not possible to confirm whether the tape is attached to attract dust."
0142-7,rCW1aGpFrJg,Multiple-choice Question with a Single Correct Answer,Character Motivation Causality,"What is the purpose of placing a small piece of white tape on the handrail?
A. To decorate the handrail.
B. To repair a crack.
C. To mark a point for tracking movement.
D. To attract dust on the armrests.",58.82,"E. None of the above
Select one best answer to the above multiple-choice question based on the video. Respond with only the letter (A, B, C, D or E) of the correct option.",C,https://youtube.com/shorts/rCW1aGpFrJg,The video shows a person dressed as Spiderman cleaning an escalator handrail. A small piece of white tape is placed on the handrail. The purpose of the tape is to track the movement of the handrail as it goes around the escalator.
0146-0,eU5I-p1HcUs,Primary Open-ended Question,Event Counting,"How many times does the color of the car in the video change?
",24.45,Please state your answer with a brief explanation.,The color of the car changes 4 times in the video.,https://youtube.com/shorts/eU5I-p1HcUs,"The video shows the car changing colors multiple times.
The first color change is from light blue to grey.
The second color change is from grey to purple.
The third color change is from purple to green.
The fourth color change is from green to red.
Therefore, the color of the car changes 4 times in the video."
0146-1,eU5I-p1HcUs,Paraphrased Open-ended Question,Event Counting,How many times does the car's color shift in the video?,24.45,Please state your answer with a brief explanation.,"The car's color shifts three times in the video. It changes from light blue to grey, then to green, and finally to red.",https://youtube.com/shorts/eU5I-p1HcUs,"1. Review the video to identify the color changes.
2. Count each distinct color shift.
3. Provide the count with a brief explanation."
0146-2,eU5I-p1HcUs,Correctly-led Open-ended Question,Event Counting,"Does the car in the video change color four times, starting with black?",24.45,Please state your answer with a brief explanation.,"Yes, the car in the video changes color four times, starting with black.",https://youtube.com/shorts/eU5I-p1HcUs,"The video shows the car changing colors multiple times.
The first color the car is shown as is black.
The car then changes to light blue, then to purple, then to green, and finally to red.
Therefore, the car does change color four times, starting with black."
0146-3,eU5I-p1HcUs,Wrongly-led Open-ended Question,Event Counting,"Does the car in the video change color three times, starting with blue?",24.45,Please state your answer with a brief explanation.,"No, the car in the video changes color three times, starting with light blue, then to purple/grey, then to green, and finally to red.",https://youtube.com/shorts/eU5I-p1HcUs,"1. Review the video to observe the color changes of the car.
2. Note the initial color and the subsequent color changes.
3. Count the number of color changes and identify the colors.
4. Compare the observed color changes with the question's statement."
0146-7,eU5I-p1HcUs,Multiple-choice Question with a Single Correct Answer,Event Counting,"How many times does the car's color change in the video?
A. Three times
B. Four times
C. Five times
D. Two times",24.45,"E. None of the above
Select one best answer to the above multiple-choice question based on the video. Respond with only the letter (A, B, C, D or E) of the correct option.",B,https://youtube.com/shorts/eU5I-p1HcUs,"The car changes color from light blue to grey, then to purple, then to green, and finally to red. So, the car changes color four times in the video."
0151-0,lfitOyblkDQ,Primary Open-ended Question,Element Localization,What are the characteristics of the clothing of the person holding a potato in the video?,59.71,Please state your answer with a brief explanation.,The person holding the potato is wearing a red shirt.,https://youtube.com/shorts/lfitOyblkDQ,"The question asks about the clothing of the person holding the potato.
I need to find the segment in the video where someone is holding a potato.
The person holding the potato is wearing a red shirt."
0151-1,lfitOyblkDQ,Paraphrased Open-ended Question,Element Localization,What are the features of the person holding a potato in the video?,59.71,Please state your answer with a brief explanation.,The person holding the potato is wearing a red long-sleeved shirt.,https://youtube.com/shorts/lfitOyblkDQ,"1. Identify the segment in the video where someone is holding a potato.
2. Describe the features of the person holding the potato."
0151-2,lfitOyblkDQ,Correctly-led Open-ended Question,Element Localization,Is the person holding a potato wearing a red coat and having long brown hair?,59.71,Please state your answer with a brief explanation.,"Yes, the person holding the potato is wearing a red coat and has long brown hair.",https://youtube.com/shorts/lfitOyblkDQ,"The question is about the person holding a potato.
The video shows a person holding a potato at 0:33.
The person is wearing a red coat and has long brown hair."
0151-3,lfitOyblkDQ,Wrongly-led Open-ended Question,Element Localization,Is the person holding a potato wearing a light pink hoodie and a black cap?,59.71,Please state your answer with a brief explanation.,"No, the person holding the potato is wearing a red shirt and no cap.",https://youtube.com/shorts/lfitOyblkDQ,"The question is about the person holding the potato.
I need to find the segment in the video where someone is holding a potato.
The person holding the potato appears at 0:33.
The person is wearing a red shirt, not a light pink hoodie.
The person is not wearing a black cap."
0151-7,lfitOyblkDQ,Multiple-choice Question with a Single Correct Answer,Element Localization,"What is the person in the video wearing while holding a potato?
A. Blue shirt
B. Red shirt
C. Light pink hoodie and blue jeans
D. Black cap",59.71,"E. None of the above
Select one best answer to the above multiple-choice question based on the video. Respond with only the letter (A, B, C, D or E) of the correct option.",B,https://youtube.com/shorts/lfitOyblkDQ,The video shows a woman poking a straw through a potato. She is wearing a red shirt.
0152-0,4ocqfNvvI_w,Primary Open-ended Question,Element Attributes,"In the video, what is the tools for fixing the position of the pages?",32.81,Please state your answer with a brief explanation.,"In the video, blue rubber bands are used to fix the position of the pages.",https://youtube.com/shorts/4ocqfNvvI_w,"The question asks about the tools used for fixing the position of the pages during the book folding process.
I need to carefully watch the video to identify the tool used for this purpose.
At timestamp 0:02, I can see blue rubber bands being used to hold the folded pages in place."
0152-1,4ocqfNvvI_w,Paraphrased Open-ended Question,Element Attributes,What tool is used in the video to secure the pages in place?,32.81,Please state your answer with a brief explanation.,Blue rubber bands are used to secure the pages in place.,https://youtube.com/shorts/4ocqfNvvI_w,"The video shows the artist folding pages of a book.
At timestamp 0:02, it can be seen that the pages are secured in place using blue rubber bands."
0152-2,4ocqfNvvI_w,Correctly-led Open-ended Question,Element Attributes,Is the tool used to fix the pages in the video a blue retainer?,32.81,Please state your answer with a brief explanation.,"No, the tool used to fix the pages in the video are blue rubber bands, not a retainer.",https://youtube.com/shorts/4ocqfNvvI_w,"The video shows the artist folding pages of a book. Blue bands are used to hold the pages in place. These bands appear to be rubber bands.
A retainer is a custom-made dental appliance, usually made of plastic or wire, that fits snugly over the teeth to keep them in their new position after orthodontic treatment.
The blue bands in the video are not retainers."
0152-3,4ocqfNvvI_w,Wrongly-led Open-ended Question,Element Attributes,Is the tool used to fix the pages in the video a rubber band?,32.81,Please state your answer with a brief explanation.,"Yes, the tool used to fix the pages in the video is a rubber band. This is evident from the visual of the blue bands holding the folded pages in place.",https://youtube.com/shorts/4ocqfNvvI_w,"The video shows the artist folding pages of a book. At around 0:02, it is clear that the pages are held in place by two blue rubber bands."
0152-7,4ocqfNvvI_w,Multiple-choice Question with a Single Correct Answer,Element Attributes,"What tool is used to fix the pages in the video?
A. Clamp
B. Elastic bands
C. Rubber band
D. Bendable retainer",32.81,"E. None of the above
Select one best answer to the above multiple-choice question based on the video. Respond with only the letter (A, B, C, D or E) of the correct option.",B,https://youtube.com/shorts/4ocqfNvvI_w,The video shows the artist using blue elastic bands to hold the pages in place while folding.
0154-0,PH3yeSEgiGE,Primary Open-ended Question,Positional Relationship,"In the video, with which hand does the adult man hand the white cutting board to the child?",30.12,Please state your answer with a brief explanation.,,https://youtube.com/shorts/PH3yeSEgiGE,
0154-1,PH3yeSEgiGE,Paraphrased Open-ended Question,Positional Relationship,Which hand does the man use to pass the white cutting board to the child in the video?,30.12,Please state your answer with a brief explanation.,,https://youtube.com/shorts/PH3yeSEgiGE,
0154-2,PH3yeSEgiGE,Correctly-led Open-ended Question,Positional Relationship,Does the man hand the white cutting board to the child using his left hand?,30.12,Please state your answer with a brief explanation.,,https://youtube.com/shorts/PH3yeSEgiGE,
0154-3,PH3yeSEgiGE,Wrongly-led Open-ended Question,Positional Relationship,Does the man hand the white cutting board to the child using his right hand?,30.12,Please state your answer with a brief explanation.,,https://youtube.com/shorts/PH3yeSEgiGE,
0154-7,PH3yeSEgiGE,Multiple-choice Question with a Single Correct Answer,Positional Relationship,"With which hand does the man hand the white cutting board to the child?
A. Neither hand
B. Left hand
C. Right hand
D. Both hands",30.12,"E. None of the above
Select one best answer to the above multiple-choice question based on the video. Respond with only the letter (A, B, C, D or E) of the correct option.",,https://youtube.com/shorts/PH3yeSEgiGE,
0162-0,mLbuK7IU7_Y,Primary Open-ended Question,Event Counting,"How many times does the golfer in the video successfully hit the target?
",17.15,Please state your answer with a brief explanation.,The golfer successfully hits the target 1 time.,https://www.youtube.com/shorts/mLbuK7IU7_Y,"I need to count how many times the golfer successfully hits the target.
Based on the video, the golfer only hits the bell."
0162-1,mLbuK7IU7_Y,Paraphrased Open-ended Question,Event Counting,How many successful target hits does the golfer achieve in the video?,17.15,Please state your answer with a brief explanation.,The golfer successfully hits 3 targets in the video.,https://www.youtube.com/shorts/mLbuK7IU7_Y,"I need to watch the video and count the number of times the golfer successfully hits the target.
The golfer hits the bell at the beginning of the video.
The golfer hits the candle.
The golfer hits the balloon."
0162-2,mLbuK7IU7_Y,Correctly-led Open-ended Question,Event Counting,Does the golfer hit the target only once in the video?,17.15,Please state your answer with a brief explanation.,"No, the golfer hits the target more than once in the video.",https://www.youtube.com/shorts/mLbuK7IU7_Y,"The question asks if the golfer hits the target only once.
I need to watch the video and count the number of times the golfer hits the target.
The golfer hits the bell at [00:00:01], the egg at [00:00:03], the candle at [00:00:04], and the balloon at [00:00:05].
Therefore, the golfer hits the target more than once."
0162-3,mLbuK7IU7_Y,Wrongly-led Open-ended Question,Event Counting,Does the golfer manage to hit the target 10 times in the video?,17.15,Please state your answer with a brief explanation.,"No, the golfer manages to hit the target 11 times in the video.",https://www.youtube.com/shorts/mLbuK7IU7_Y,"I need to count the number of times the golfer successfully hits the target in the video.
The golfer hits the following targets:
1. Bell
2. Egg
3. Candle
4. Balloon
5. Egg
6. Golf ball
7. Guinness
8. Light bulb
9. Terry's chocolate orange
10. Egg
11. Golf ball
The golfer hits 11 targets."
0162-7,mLbuK7IU7_Y,Multiple-choice Question with a Single Correct Answer,Event Counting,"How many times does the golfer successfully hit the target in the video?
A. 0
B. 1
C. 10
D. 5",17.15,"E. None of the above
Select one best answer to the above multiple-choice question based on the video. Respond with only the letter (A, B, C, D or E) of the correct option.",A,https://www.youtube.com/shorts/mLbuK7IU7_Y,"The video shows the golfer attempting to hit various objects. Based on the video, the golfer does not successfully hit any of the objects.
Therefore, the answer is A."
0167-0,C2JNR1EVPyM,Primary Open-ended Question,Character Reaction Causality,"Why is the woman in the video surprised?
",9.64,Please state your answer with a brief explanation.,"The woman is surprised because the man performs a magic trick where he appears to break a pencil with his fists, but then reveals the pencil is still whole.",https://www.youtube.com/shorts/C2JNR1EVPyM,"The question asks why the woman in the video is surprised.
In the video, the man performs a magic trick with a pencil. He appears to break the pencil with his fists, but when he opens his hands, the pencil is whole again. The woman is surprised by this trick."
0167-1,C2JNR1EVPyM,Paraphrased Open-ended Question,Character Reaction Causality,What causes the woman in the video to feel astonished?,9.64,Please state your answer with a brief explanation.,The woman is astonished because the pencil appears to break and then reappear whole again.,https://www.youtube.com/shorts/C2JNR1EVPyM,"The video shows a man performing a magic trick with a pencil. He holds the pencil, makes a fist, and then when he opens his hands, the pencil appears to be broken. The woman in the video is surprised when the pencil appears to be broken and then is further surprised when the pencil is whole again."
0167-2,C2JNR1EVPyM,Correctly-led Open-ended Question,Character Reaction Causality,Is the woman surprised because the pencil remains unbroken despite the man's grip?,9.64,Please state your answer with a brief explanation.,"No, the woman is surprised because the pencil is broken after she attempts to break it.",https://www.youtube.com/shorts/C2JNR1EVPyM,"The video shows a man attempting to break a pencil with his hands. The woman is watching the man. The man then hands the pencil to the woman, who attempts to break it. The woman is surprised to see that the pencil is broken."
0167-3,C2JNR1EVPyM,Wrongly-led Open-ended Question,Character Reaction Causality,Is a woman surprised that a man has managed to break a pencil with his hand?,9.64,Please state your answer with a brief explanation.,"Yes, the woman is surprised that the man has managed to break a pencil with his hand.",https://www.youtube.com/shorts/C2JNR1EVPyM,The video shows a man performing a magic trick with a pencil. The woman is surprised when the pencil appears to be broken and then restored.
0167-7,C2JNR1EVPyM,Multiple-choice Question with a Single Correct Answer,Character Reaction Causality,"Why is the woman surprised in the video?
A. The pencil was bent.
B. The pencil remains unbroken.
C. The pencil is broken.
D. The man performs a magic trick.",9.64,"E. None of the above
Select one best answer to the above multiple-choice question based on the video. Respond with only the letter (A, B, C, D or E) of the correct option.",B,https://www.youtube.com/shorts/C2JNR1EVPyM,The video shows a man performing a magic trick with a pencil. The woman is surprised when the pencil remains unbroken after the man appears to try and break it.
0169-0,fk5kAJj5io0,Primary Open-ended Question,Event Counting,"How many times does the woman pour juice into the mold in the video?
",33.44,Please state your answer with a brief explanation.,The woman pours juice into the mold 2 times in the video.,https://www.youtube.com/shorts/fk5kAJj5io0,"The video shows the woman pouring juice into the mold multiple times.
I will count each time she pours juice into the mold.
She pours juice into the mold 2 times."
0169-1,fk5kAJj5io0,Paraphrased Open-ended Question,Event Counting,How many times does the woman fill the mold with juice in the video?,33.44,Please state your answer with a brief explanation.,The woman fills the mold with juice twice in the video.,https://www.youtube.com/shorts/fk5kAJj5io0,"The video shows the woman filling the molds with juice at the timestamp 0:09 and 0:13. Therefore, the woman fills the mold with juice twice in the video."
0169-2,fk5kAJj5io0,Correctly-led Open-ended Question,Event Counting,Does the woman pour juice into the mold twice in the video?,33.44,Please state your answer with a brief explanation.,"No, the woman does not pour juice into the mold twice in the video. She pours different colored juices into different molds.",https://www.youtube.com/shorts/fk5kAJj5io0,"The video shows the woman pouring different colored juices into the molds. I need to check if she pours juice into the same mold twice.
At timestamp 0:09, she pours orange juice into the molds.
At timestamp 0:13, she pours red juice into the molds.
She does not pour juice into the same mold twice."
0169-3,fk5kAJj5io0,Wrongly-led Open-ended Question,Event Counting,Does the woman pour juice into the mold three times in the video?,33.44,Please state your answer with a brief explanation.,"No, the woman pours juice into the mold twice in the video.",https://www.youtube.com/shorts/fk5kAJj5io0,"The video shows the woman pouring juice into the molds.
At timestamp 0:09, she pours orange juice into the molds.
At timestamp 0:13, she pours red juice into the molds.
Therefore, she pours juice into the mold twice."
0169-7,fk5kAJj5io0,Multiple-choice Question with a Single Correct Answer,Event Counting,"How many times does the woman pour juice into the mold in the video?
A. Twice
B. Once
C. Three times
D. Four times",33.44,"E. None of the above
Select one best answer to the above multiple-choice question based on the video. Respond with only the letter (A, B, C, D or E) of the correct option.",C,https://www.youtube.com/shorts/fk5kAJj5io0,The woman pours juice into the mold three times in the video.
0179-0,boEKlG35qHM,Primary Open-ended Question,Event Counting,How many times does the person cut the stem?,15.62,Please state your answer with a brief explanation.,,https://youtube.com/shorts/boEKlG35qHM,
0179-1,boEKlG35qHM,Paraphrased Open-ended Question,Event Counting,How many times have the stems been cut?,15.62,Please state your answer with a brief explanation.,,https://youtube.com/shorts/boEKlG35qHM,
0179-2,boEKlG35qHM,Correctly-led Open-ended Question,Event Counting,Does the person cut the stem with just one swing?,15.62,Please state your answer with a brief explanation.,,https://youtube.com/shorts/boEKlG35qHM,
0179-3,boEKlG35qHM,Wrongly-led Open-ended Question,Event Counting,Does the person cut the stem a total of 10 times?,15.62,Please state your answer with a brief explanation.,,https://youtube.com/shorts/boEKlG35qHM,
0179-7,boEKlG35qHM,Multiple-choice Question with a Single Correct Answer,Event Counting,"How many times does the person cut the stem?
A. Twice
B. 5 times
C. Once
D. 10 times",15.62,"E. None of the above
Select one best answer to the above multiple-choice question based on the video. Respond with only the letter (A, B, C, D or E) of the correct option.",,https://youtube.com/shorts/boEKlG35qHM,
0198-0,j3cE7hoF5aI,Primary Open-ended Question,Element Counting,How many photos about “old me” are played in the video in total?,20.99,Please state your answer with a brief explanation.,"There are 11 photos labeled as ""Old me"" in the video.",https://www.youtube.com/shorts/j3cE7hoF5aI,"1. I need to count the number of photos labeled ""Old me"" in the video.
2. I will watch the video and count each distinct photo that has the ""Old me"" label."
0198-1,j3cE7hoF5aI,Paraphrased Open-ended Question,Element Counting,What is the total number of photos labeled 'old me' shown in the video?,20.99,Please state your answer with a brief explanation.,There are 12 photos labeled 'old me' shown in the video.,https://www.youtube.com/shorts/j3cE7hoF5aI,"The video shows a series of images labeled either ""Old me:"" or ""Now me:"". I need to count the number of images labeled ""Old me:""."
0198-2,j3cE7hoF5aI,Correctly-led Open-ended Question,Element Counting,Are there 12 photos labeled 'old me' in the video?,20.99,Please state your answer with a brief explanation.,"Yes, there are 12 photos labeled 'old me' in the video.",https://www.youtube.com/shorts/j3cE7hoF5aI,"I will count the number of photos labeled 'old me' in the video.

There are 12 photos labeled 'old me'."
0198-3,j3cE7hoF5aI,Wrongly-led Open-ended Question,Element Counting,Does the video include a photo of 'old me' reading a book at a desk twice?,20.99,Please state your answer with a brief explanation.,"Yes, the video includes a photo of 'old me' reading a book at a desk twice. It appears at 0:00 and 0:01.",https://www.youtube.com/shorts/j3cE7hoF5aI,"1. Analyze the video to find the scenes depicting 'old me' reading a book at a desk.
2. Check if the same photo appears twice."
0198-7,j3cE7hoF5aI,Multiple-choice Question with a Single Correct Answer,Element Counting,"How many photos labeled 'old me' are in the video?
A. 12
B. 11
C. 10
D. 13",20.99,"E. None of the above
Select one best answer to the above multiple-choice question based on the video. Respond with only the letter (A, B, C, D or E) of the correct option.",B,https://www.youtube.com/shorts/j3cE7hoF5aI,"I need to count the number of photos in the video that are labeled ""Old me:"".
I can see the following photos labeled ""Old me:"":
1. Writing on a chalkboard
2. Studying at a desk
3. Walking outside
4. Studying at a desk
5. Studying at a desk
6. Getting good grades
7. Decorating cupcakes
8. Setting alarms
9. Getting good grades
10. Studying
11. Painting

There are 11 photos labeled ""Old me:""."
0217-0,C9yerI1NK7M,Primary Open-ended Question,Event Duration & Speed Attribute,How long did the time lapse of the demonstration of capillary action last precisely in physical time of the video?,15.0,Please state your answer with a brief explanation.,The time lapse of the capillary action demonstration lasts for 6 seconds.,https://www.youtube.com/shorts/C9yerI1NK7M,"1.  The question asks for the duration of the time lapse of the capillary action demonstration.
2.  The time lapse starts at 0:08 and ends at 0:14.
3.  Therefore, the time lapse lasts for 6 seconds."
0217-1,C9yerI1NK7M,Paraphrased Open-ended Question,Event Duration & Speed Attribute,What was the exact duration of the capillary action demonstration in real time as shown in the video?,15.0,Please state your answer with a brief explanation.,The exact duration of the capillary action demonstration in real time as shown in the video is 1 minute and 20 seconds. The video is sped up by 8x.,https://www.youtube.com/shorts/C9yerI1NK7M,"1. The video shows the capillary action demonstration between [00:00:04] and [00:00:14].
2. The duration of the demonstration is 10 seconds.
3. However, the video is sped up by 8x, as indicated by the ""x8 Speed"" label.
4. Therefore, the real-time duration is 10 seconds * 8 = 80 seconds.
5. Converting 80 seconds to minutes and seconds gives 1 minute and 20 seconds."
0217-2,C9yerI1NK7M,Correctly-led Open-ended Question,Event Duration & Speed Attribute,Did the time lapse of the capillary action demonstration last one hour and fifteen minutes according to the clock in the video?,15.0,Please state your answer with a brief explanation.,"No, the time lapse of the capillary action demonstration did not last one hour and fifteen minutes according to the clock in the video. The clock starts at 11:00 and ends at 12:00, indicating a one-hour time lapse.",https://www.youtube.com/shorts/C9yerI1NK7M,"1. Observe the clock in the video during the time-lapse of the capillary action demonstration.
2. Note the starting time on the clock.
3. Note the ending time on the clock.
4. Calculate the time elapsed based on the clock's movement.
5. State whether the time lapse lasted one hour and fifteen minutes."
0217-3,C9yerI1NK7M,Wrongly-led Open-ended Question,Event Duration & Speed Attribute,Did the time lapse of the capillary action demonstration last precisely 2 hours as indicated by the clock in the video?,15.0,Please state your answer with a brief explanation.,"Yes, the time lapse of the capillary action demonstration lasted approximately 2 hours as indicated by the clock in the video.",https://www.youtube.com/shorts/C9yerI1NK7M,"The video shows a time-lapse of capillary action. A clock is visible during the time-lapse. I need to observe the clock to determine if the time-lapse lasted exactly 2 hours.
The clock starts at approximately 11:05 and ends at approximately 1:05. This indicates the time-lapse lasted approximately 2 hours."
0217-7,C9yerI1NK7M,Multiple-choice Question with a Single Correct Answer,Event Duration & Speed Attribute,"How long did the time lapse of the capillary action demonstration last in the video?
A. 2 hours
B. 1 hour and 15 minutes
C. 3 hours
D. 45 minutes",15.0,"E. None of the above
Select one best answer to the above multiple-choice question based on the video. Respond with only the letter (A, B, C, D or E) of the correct option.",E,https://www.youtube.com/shorts/C9yerI1NK7M,"The video shows a time lapse of capillary action. At timestamp 0:09, the time lapse begins. The video shows ""x8 Speed"" indicating the time lapse is sped up by a factor of 8. The time lapse ends at timestamp 0:15. The time lapse lasts 6 seconds. Therefore the actual time is 6 seconds * 8 = 48 seconds. Since none of the options match this, the answer is E."
0242-0,tyz-WC0YVco,Primary Open-ended Question,Character Reaction Causality,"According to the video, what is the exact reason the two orange cats jumped away in the scene with a kitchen countertop and a person in a red hat?",60.05,Please state your answer with a brief explanation.,The two orange cats jumped away because the person in the red hat made a loud noise by clapping their hands.,https://www.youtube.com/shorts/tyz-WC0YVco,"1. The question asks about the reason the two orange cats jumped away in the scene with a kitchen countertop and a person in a red hat.
2. I need to watch the video and identify the scene described in the question.
3. I need to identify the exact reason the two orange cats jumped away in that scene.
4. I need to state the answer with a brief explanation."
0242-1,tyz-WC0YVco,Paraphrased Open-ended Question,Character Reaction Causality,What caused the two orange cats to leap away in the kitchen scene with the person wearing a red hat?,60.05,Please state your answer with a brief explanation.,"The two orange cats leaped away because the person wearing a red hat clapped their hands loudly, startling them.",https://www.youtube.com/shorts/tyz-WC0YVco,"The question asks what caused the two orange cats to leap away in the kitchen scene with the person wearing a red hat.
I need to identify the scene in the video that matches this description.
At timestamp 0:17, there is a scene with two orange cats on a counter and a person wearing a red hat.
In that scene, the person claps their hands loudly, which startles the cats and causes them to leap away."
0242-2,tyz-WC0YVco,Correctly-led Open-ended Question,Character Reaction Causality,Did the two orange cats jump away because the person in the red hat used a party blower?,60.05,Please state your answer with a brief explanation.,"Yes, the two orange cats jumped away because the person in the red hat used a party blower.",https://www.youtube.com/shorts/tyz-WC0YVco,"1. The question is about whether two orange cats jumped away because of a party blower used by a person in a red hat.
2. I need to scan the video to find a scene with two orange cats and a person in a red hat using a party blower.
3. At timestamp 0:17-0:18, there is a scene with two orange cats on a counter and a person in a red hat using a party blower. The cats jump off the counter.
4. Therefore, the answer is yes."
0242-3,tyz-WC0YVco,Wrongly-led Open-ended Question,Character Reaction Causality,Did the two orange cats jump away because they were frightened by a toy snake?,60.05,Please state your answer with a brief explanation.,"No, the two cats jumped away because they were startled by a loud noise, not a toy snake.",https://www.youtube.com/shorts/tyz-WC0YVco,"The video shows various cats reacting to different stimuli. At [00:00:07-00:00:10], two cats are startled by a loud noise and run away. There is no toy snake in this clip."
0242-7,tyz-WC0YVco,Multiple-choice Question with a Single Correct Answer,Character Reaction Causality,"What made the two orange cats jump away in the kitchen scene?
A. A toy snake
B. A loud noise
C. A sudden light
D. A party blower",60.05,"E. None of the above
Select one best answer to the above multiple-choice question based on the video. Respond with only the letter (A, B, C, D or E) of the correct option.",D,https://www.youtube.com/shorts/tyz-WC0YVco,"The question asks what made the two orange cats jump away in the kitchen scene.
I need to find the scene with the two orange cats in the kitchen and see what caused them to jump.
At timestamp 0:17, there are two orange cats on a kitchen counter. A person uses a party blower, which makes a noise, and the cats jump away.
Therefore, the answer is D."
0248-0,jfE_el65Sv0,Primary Open-ended Question,Local Event Attribute,What is the person in the foreground doing in the video?,12.16,Please state your answer with a brief explanation.,The person in the foreground is painting or adding details to the face of the person in the background.,https://youtube.com/shorts/jfE_el65Sv0,"The question asks what the person in the foreground is doing.
The video shows a close-up of a person's face with water droplets on it.
Another person is in the foreground, using a fine brush to paint or add details to the face."
0248-1,jfE_el65Sv0,Paraphrased Open-ended Question,Local Event Attribute,What activity is the person in the foreground engaged in during the video?,12.16,Please state your answer with a brief explanation.,"The person in the foreground is engaged in painting or drawing a hyperrealistic portrait, as evidenced by the use of a fine brush to add details to the face.",https://youtube.com/shorts/jfE_el65Sv0,"The video shows a close-up of a person's face with water droplets on it. Another person is using a fine brush to add details to the face, suggesting they are painting or drawing a hyperrealistic portrait."
0248-2,jfE_el65Sv0,Correctly-led Open-ended Question,Local Event Attribute,Is the person in the foreground painting a hyperrealistic image of a wet-haired woman?,12.16,Please state your answer with a brief explanation.,"Yes, the person in the foreground is painting a hyperrealistic image of a wet-haired woman. The video description and the level of detail in the painting support this conclusion.",https://youtube.com/shorts/jfE_el65Sv0,"The video shows a person painting a portrait of a woman with water droplets on her face and hair. The description includes the term ""hyperrealism"" and related hashtags. Therefore, it is likely that the person is painting a hyperrealistic image."
0248-3,jfE_el65Sv0,Wrongly-led Open-ended Question,Local Event Attribute,"Is the person in the foreground under running water, as suggested by the water droplets on their face?",12.16,Please state your answer with a brief explanation.,"No, the person is not under running water. The water droplets are part of a hyperrealistic painting being created.",https://youtube.com/shorts/jfE_el65Sv0,"The video shows the creation of a hyperrealistic portrait. The water droplets are being painted onto the face. Therefore, the person is not under running water."
0248-7,jfE_el65Sv0,Multiple-choice Question with a Single Correct Answer,Local Event Attribute,"What is the person in the foreground doing?
A. Applying makeup
B. Painting a image
C. Taking a shower
D. Sleeping",12.16,"E. None of the above
Select one best answer to the above multiple-choice question based on the video. Respond with only the letter (A, B, C, D or E) of the correct option.",B,https://youtube.com/shorts/jfE_el65Sv0,The video shows a person painting a hyperrealistic portrait of a woman. The woman in the portrait has water droplets on her face and hair. The artist is using a fine brush to add details to the painting.
0251-0,-HAFFvsDCr4,Primary Open-ended Question,Objective Causality,"At the end of the video, why does the ball fall off the disc?",,Please state your answer with a brief explanation.,"The ball falls off the disc because the figures are constantly moving and tilting the table, causing the ball to roll off the edge.",https://youtube.com/shorts/-HAFFvsDCr4,"The video describes the artwork ""The Round Table"" by Choe U Ram. The artwork consists of 18 headless mechanical figures made of straw, each trying to claim a single head (a ball) rolling on top while balancing a table on their backs. Whenever one of the figures lifts itself up to try to claim the head, the table tilts, causing the head to roll further away. At the end of the video, the ball falls off the disc because the figures are constantly moving and tilting the table, causing the ball to roll off the edge."
0251-1,-HAFFvsDCr4,Paraphrased Open-ended Question,Objective Causality,What causes the ball to fall off the disc at the end of the video?,,Please state your answer with a brief explanation.,"The ball falls off the disc because one of the figures lifts itself up to try to claim the head, causing the table to tilt.",https://youtube.com/shorts/-HAFFvsDCr4,"The video describes the artwork as consisting of 18 headless mechanical figures made of straw, each trying to claim a single head rolling on top while balancing a table on their backs. The video explains that whenever one of the figures lifts itself up to try to claim the head, the table tilts, causing the head to roll further away. Therefore, the ball falls off the disc because one of the figures lifts itself up to try to claim the head, causing the table to tilt."
0251-2,-HAFFvsDCr4,Correctly-led Open-ended Question,Objective Causality,Did the ball fall off the disc because it was thrown and inertia carried it to the edge?,,Please state your answer with a brief explanation.,"No, the ball did not fall off because it was thrown and inertia carried it to the edge. The ball rolls off the edge because the figures supporting the table tilt it when they try to claim the ball.",https://youtube.com/shorts/-HAFFvsDCr4,"The video describes the artwork ""The Round Table"" by Choe U Ram. The artwork consists of 18 headless mechanical figures made of straw, each trying to claim a single head rolling on top while balancing a table on their backs. Whenever one of the figures lifts itself up to try to claim the head, the table tilts causing the head to roll further away ensuring the struggle continues. Therefore, the ball did not fall off because it was thrown and inertia carried it to the edge."
0251-3,-HAFFvsDCr4,Wrongly-led Open-ended Question,Objective Causality,"Did the ball fall off the disc because the disc was tilted, causing it to roll off due to gravity?",,Please state your answer with a brief explanation.,"Yes, the ball falls off the disc because the disc tilts when one of the figures tries to claim the head, causing it to roll off due to gravity.",https://youtube.com/shorts/-HAFFvsDCr4,"The video describes the artwork ""The Round Table"" by Choe U Ram. It explains that the table tilts when one of the figures tries to claim the head (ball), causing the head to roll further away. This implies that the ball rolls off the disc due to the tilt."
0251-7,-HAFFvsDCr4,Multiple-choice Question with a Single Correct Answer,Objective Causality,"Why does the ball fall off the disc at the end of the video?
A. The disc stops spinning.
B. A girl throws the ball, and inertia carries it to the edge.
C. The straw figures have moved and pushed it off.
D. The disc is tilted.",,"E. None of the above
Select one best answer to the above multiple-choice question based on the video. Respond with only the letter (A, B, C, D or E) of the correct option.",D,https://youtube.com/shorts/-HAFFvsDCr4,"The video explains that the straw figures are trying to claim a head (represented by the ball) rolling on top of the table. When one of the figures lifts itself up to try to claim the head, the table tilts, causing the head to roll further away. This suggests that the tilting of the disc is what causes the ball to roll off."
0256-0,uPIpFgh_DPU,Primary Open-ended Question,Event Counting,How many times does the ping-pong ball bounce on the ground in total?,15.35,Please state your answer with a brief explanation.,The ping-pong ball bounces 13 times on the stairs.,https://www.youtube.com/shorts/uPIpFgh_DPU,"The video shows a ping-pong ball bouncing down a flight of stairs. I need to count the number of times the ball bounces on the stairs.
I can see the ball bouncing on each step. I will count each bounce.
The ball bounces 13 times."
0256-1,uPIpFgh_DPU,Paraphrased Open-ended Question,Event Counting,What is the total number of times the ping-pong ball hits the ground?,15.35,Please state your answer with a brief explanation.,The ping-pong ball bounces 14 times.,https://www.youtube.com/shorts/uPIpFgh_DPU,"The video shows a ping-pong ball bouncing down a flight of stairs. I need to count the number of times the ball hits a step.
I can count the bounces as they happen in the video.
The ball bounces 14 times."
0256-2,uPIpFgh_DPU,Correctly-led Open-ended Question,Event Counting,Does the ping-pong ball bounce 17 times on the ground before entering the cup?,15.35,Please state your answer with a brief explanation.,"No, the ping-pong ball bounces 13 times on the ground before entering the cup.",https://www.youtube.com/shorts/uPIpFgh_DPU,"The video shows a ping-pong ball bouncing down a flight of stairs and landing in a cup. I need to count the number of bounces before it lands in the cup and determine if it is 17.

The ping-pong ball bounces 13 times before entering the cup."
0256-3,uPIpFgh_DPU,Wrongly-led Open-ended Question,Event Counting,Does the ping-pong ball bounce 15 times on the ground as it descends the stairs?,15.35,Please state your answer with a brief explanation.,"No, the ping-pong ball does not bounce 15 times on the ground as it descends the stairs. It bounces approximately 12 times.",https://www.youtube.com/shorts/uPIpFgh_DPU,"The video shows a ping-pong ball bouncing down a flight of stairs. I need to count the number of times the ball bounces on the ground (stairs) to answer the question.
Counting the bounces, I see the ball bounces approximately 12 times."
0256-7,uPIpFgh_DPU,Multiple-choice Question with a Single Correct Answer,Event Counting,"How many times does the ping-pong ball bounce on the ground before entering the cup?
A. 13
B. 10
C. 19
D. 17",15.35,"E. None of the above
Select one best answer to the above multiple-choice question based on the video. Respond with only the letter (A, B, C, D or E) of the correct option.",D,https://www.youtube.com/shorts/uPIpFgh_DPU,"I need to count the number of times the ping-pong ball bounces on the ground (stairs) before entering the cup.
I will watch the video and count each bounce.
The ping-pong ball bounces 17 times before entering the cup."
0259-0,rVfKtPLVaLw,Primary Open-ended Question,Positional Relationship,Which hand did the man use to throw away his hat?,12.52,Please state your answer with a brief explanation.,The man used his right hand to throw his hat.,https://www.youtube.com/shorts/rVfKtPLVaLw,The man throws his hat at approximately 0:11. He uses his right hand to throw the hat.
0259-1,rVfKtPLVaLw,Paraphrased Open-ended Question,Positional Relationship,With which hand did the man discard his hat?,12.52,Please state your answer with a brief explanation.,The man discards his hat with his right hand.,https://www.youtube.com/shorts/rVfKtPLVaLw,The man discards his hat at timestamp 0:11. He uses his right hand to throw the hat.
0259-2,rVfKtPLVaLw,Correctly-led Open-ended Question,Positional Relationship,Did the man use his left hand to throw away his hat after failing to score?,12.52,Please state your answer with a brief explanation.,"No, the man used his right hand to throw his hat after failing to score.",https://www.youtube.com/shorts/rVfKtPLVaLw,"The question asks which hand the man used to throw his hat.
I need to watch the video to see which hand he used to throw his hat.
At [00:00:10], the man throws his hat with his right hand."
0259-3,rVfKtPLVaLw,Wrongly-led Open-ended Question,Positional Relationship,Did the man use his right hand to throw away his hat?,12.52,Please state your answer with a brief explanation.,"Yes, the man used his right hand to throw his hat.",https://www.youtube.com/shorts/rVfKtPLVaLw,"The video shows the man throwing his hat after missing a shot. By observing the video at timestamp 0:10, it is clear that he uses his right hand to throw his hat."
0259-7,rVfKtPLVaLw,Multiple-choice Question with a Single Correct Answer,Positional Relationship,"Which hand did the man use to throw away his hat?
A. Both hands
B. Neither hand
C. Left hand
D. Right hand",12.52,"E. None of the above
Select one best answer to the above multiple-choice question based on the video. Respond with only the letter (A, B, C, D or E) of the correct option.",D,https://www.youtube.com/shorts/rVfKtPLVaLw,The man throws his hat at [00:00:11]. He uses his right hand to throw the hat.
0266-0,9yC-paTJvkE,Primary Open-ended Question,Positional Relationship,Which thumb is the yellow rubber band fully looped around?,19.03,Please state your answer with a brief explanation.,The yellow rubber band is fully looped around the right thumb.,https://www.youtube.com/shorts/9yC-paTJvkE,The video shows a yellow rubber band initially looped around the thumb of the right hand.
0266-1,9yC-paTJvkE,Paraphrased Open-ended Question,Positional Relationship,Around which thumb is the yellow rubber band completely wrapped?,19.03,Please state your answer with a brief explanation.,The yellow rubber band is completely wrapped around the left thumb.,https://www.youtube.com/shorts/9yC-paTJvkE,The video shows a yellow rubber band being wrapped around the left thumb.
0266-2,9yC-paTJvkE,Correctly-led Open-ended Question,Positional Relationship,Is the yellow rubber band fully looped around the left thumb?,19.03,Please state your answer with a brief explanation.,"Yes, the yellow rubber band is fully looped around the left thumb.",https://www.youtube.com/shorts/9yC-paTJvkE,"I will analyze the video to determine if the yellow rubber band is fully looped around the left thumb.
At the beginning of the video, the yellow rubber band is looped around the left thumb."
0266-3,9yC-paTJvkE,Wrongly-led Open-ended Question,Positional Relationship,Is the yellow rubber band fully looped around the right thumb?,19.03,Please state your answer with a brief explanation.,"Yes, the yellow rubber band is fully looped around the right thumb.",https://www.youtube.com/shorts/9yC-paTJvkE,The video shows the yellow rubber band looped around the right thumb.
0266-7,9yC-paTJvkE,Multiple-choice Question with a Single Correct Answer,Positional Relationship,"Which thumb is the yellow rubber band fully looped around?
A. Neither thumb
B. Both thumbs
C. Right thumb
D. Left thumb",19.03,"E. None of the above
Select one best answer to the above multiple-choice question based on the video. Respond with only the letter (A, B, C, D or E) of the correct option.",B,https://www.youtube.com/shorts/9yC-paTJvkE,The video shows the yellow rubber band looped around both thumbs at the beginning of the trick.
0267-0,Drp2PBktp7U,Primary Open-ended Question,Element Attributes (Optical Illusion),What is the first person in the video doing?,16.04,Please state your answer with a brief explanation.,The first person in the video is hanging from a white bar.,https://www.youtube.com/shorts/Drp2PBktp7U,"1. The question asks what the first person in the video is doing.
2. The first person appears at the very beginning of the video.
3. The person is hanging from a white bar."
0267-1,Drp2PBktp7U,Paraphrased Open-ended Question,Element Attributes (Optical Illusion),What action is the first person in the video performing?,16.04,Please state your answer with a brief explanation.,The first person in the video is hanging from a white bar.,https://www.youtube.com/shorts/Drp2PBktp7U,"The question asks about the action performed by the first person in the video.
The video starts with a person hanging from a white bar."
0267-2,Drp2PBktp7U,Correctly-led Open-ended Question,Element Attributes (Optical Illusion),Is the person in the video creating an illusion by laying on the basketball court?,16.04,Please state your answer with a brief explanation.,"Yes, the person in the video is creating an illusion by laying on the basketball court. The shadow and the angle of the shot make it appear as if they are hanging.",https://www.youtube.com/shorts/Drp2PBktp7U,The video shows a series of images that appear to be optical illusions. The first image shows a person seemingly hanging from a white line on a basketball court. The shadow indicates that the person is likely laying down.
0267-3,Drp2PBktp7U,Wrongly-led Open-ended Question,Element Attributes (Optical Illusion),Is the person in the video jumping or leaping in the air?,16.04,Please state your answer with a brief explanation.,The person in the first clip is jumping. They are propelling themselves off the ground using their feet.,https://www.youtube.com/shorts/Drp2PBktp7U,"The video shows a compilation of short clips. The first clip shows a person in the air. I need to determine if the person is jumping or leaping. A jump is generally defined as propelling oneself off the ground using one or both feet. A leap is a long or high jump. Based on the first clip, the person appears to be jumping."
0267-7,Drp2PBktp7U,Multiple-choice Question with a Single Correct Answer,Element Attributes (Optical Illusion),"What is the first person in the video doing?
A. Laying down on a basketball court.
B. Sitting on the ground.
C. Jumping in the air.
D. Running across the court.",16.04,"E. None of the above
Select one best answer to the above multiple-choice question based on the video. Respond with only the letter (A, B, C, D or E) of the correct option.",C,https://www.youtube.com/shorts/Drp2PBktp7U,The first person in the video is jumping in the air on a basketball court.
0273-0,zn3MNXMIdDk,Primary Open-ended Question,Element Attributes,"After solving the Rubik's Cube, which color is facing up?",11.82,Please state your answer with a brief explanation.,The white color is facing up after solving the Rubik's Cube.,https://www.youtube.com/shorts/zn3MNXMIdDk,"1. I need to watch the video to determine which color is facing up after the Rubik's Cube is solved.
2. At [00:00:09], the video shows the solved cube. The white side is facing up."
0273-1,zn3MNXMIdDk,Paraphrased Open-ended Question,Element Attributes,What color is on the top face of the Rubik's Cube after it is solved?,11.82,Please state your answer with a brief explanation.,The color on the top face of the Rubik's Cube after it is solved is white.,https://www.youtube.com/shorts/zn3MNXMIdDk,"1. I need to watch the video to determine the color of the top face of the Rubik's Cube after it is solved.
2. At the end of the video, the top face of the Rubik's Cube is white."
0273-2,zn3MNXMIdDk,Correctly-led Open-ended Question,Element Attributes,Is the top color of the solved Rubik's Cube white?,11.82,Please state your answer with a brief explanation.,"Yes, the top color of the solved Rubik's Cube is white.",https://www.youtube.com/shorts/zn3MNXMIdDk,"I need to analyze the video to determine the color of the top face of the solved Rubik's Cube. At [00:00:09], the cube is solved, and the top color is visible."
0273-3,zn3MNXMIdDk,Wrongly-led Open-ended Question,Element Attributes,Is the top color of the solved Rubik's Cube yellow?,11.82,Please state your answer with a brief explanation.,"Yes, the top color of the solved Rubik's Cube is yellow.",https://www.youtube.com/shorts/zn3MNXMIdDk,"I will analyze the video to determine the color of the top of the solved Rubik's Cube. At timestamp 0:09, the cube is solved, and the top color is yellow."
0273-7,zn3MNXMIdDk,Multiple-choice Question with a Single Correct Answer,Element Attributes,"What color is facing up on the solved Rubik's Cube?
A. Yellow
B. White
C. Blue
D. Green",11.82,"E. None of the above
Select one best answer to the above multiple-choice question based on the video. Respond with only the letter (A, B, C, D or E) of the correct option.",A,https://www.youtube.com/shorts/zn3MNXMIdDk,"The video shows a boy solving a Rubik's Cube at a sporting event. At the end of the video, the solved cube is briefly shown. The color facing up appears to be yellow."
0274-0,GYTGrhKbo0g,Primary Open-ended Question,Element Counting,How many people appear in the video in total?,22.04,Please state your answer with a brief explanation.,There are 5 people in total. This includes Baekhyun and his 4 backup dancers.,https://www.youtube.com/shorts/GYTGrhKbo0g,"I need to count the number of people in the video.
I can see Baekhyun and 4 other dancers.
Therefore, there are 5 people in total."
0274-1,GYTGrhKbo0g,Paraphrased Open-ended Question,Element Counting,What is the total number of individuals visible in the video?,22.04,Please state your answer with a brief explanation.,There are 6 individuals visible in the video. There is one main dancer and five backup dancers.,https://www.youtube.com/shorts/GYTGrhKbo0g,"1. I need to count the number of individuals visible in the video.
2. I will look at the video and count the dancers."
0274-2,GYTGrhKbo0g,Correctly-led Open-ended Question,Element Counting,"Is the total number of people in the video seven, considering the changes in camera angles and dance movements?",22.04,Please state your answer with a brief explanation.,"No, the total number of people in the video is six. There is Baekhyun and five other dancers.",https://www.youtube.com/shorts/GYTGrhKbo0g,"I need to count the number of people dancing in the video.
I can see Baekhyun and five other dancers.
Therefore, there are six people dancing in the video."
0274-3,GYTGrhKbo0g,Wrongly-led Open-ended Question,Element Counting,"Is the total number of people in the video six, based on the visible individuals in the frames?",22.04,Please state your answer with a brief explanation.,"No, the total number of people in the video is five, based on the visible individuals in the frames.",https://www.youtube.com/shorts/GYTGrhKbo0g,"1. Analyze the video frames to count the number of visible individuals.
2. In the video frames, I can clearly see five dancers."
0274-7,GYTGrhKbo0g,Multiple-choice Question with a Single Correct Answer,Element Counting,"How many people are in the video?
A. Six
B. Eight
C. Seven
D. Five",22.04,"E. None of the above
Select one best answer to the above multiple-choice question based on the video. Respond with only the letter (A, B, C, D or E) of the correct option.",A,https://www.youtube.com/shorts/GYTGrhKbo0g,"I need to count the number of people in the video.
I can see six people dancing in the video."
0276-0,PZad6gF_4Kk,Primary Open-ended Question,Objective Causality (Videography Phenomenon & Illusion),Is there any video editing effects used to help make the illusion believable?,14.98,Please state your answer with a brief explanation.,"Yes, video editing is used. This is evidenced by the pencil appearing to go under the cube, which is not possible without editing.",https://www.youtube.com/shorts/PZad6gF_4Kk,"The question asks if video editing is used to make the illusion believable.
I will look for comments that mention video editing.
I see comments that mention video editing, such as ""That's literally not a optical illusion it's just smart editing. in the first half how else would the pen go underneath other than editing?"" and ""Still, how the heck did his pencil go under the box?? Edit: Ok, guys. I get it. It was video edited.""
I will answer yes, video editing is used."
0276-1,PZad6gF_4Kk,Paraphrased Open-ended Question,Objective Causality (Videography Phenomenon & Illusion),What techniques are used to create the illusion of the pen passing under the cube?,14.98,Please state your answer with a brief explanation.,"The illusion is created through video editing and swapping out the paper. The pencil goes off-screen, and the paper is swapped to create the effect of the pencil passing under the cube. The cube is mounted on a frame hidden by the paper drawing.",https://www.youtube.com/shorts/PZad6gF_4Kk,"The question asks about the techniques used to create the illusion of the pen passing under the cube.
Based on the comments, it seems that the illusion is achieved through video editing.
The comment from @noelsingletary explains that the pencil went off screen and was not visible the entire time, and the paper was swapped out. In the beginning, the square was mounted on a frame hidden by the paper drawing that was cut to make the image look like a small square when laid flat and filmed at a specific angle, usually about a 15 degree angle."
0276-2,PZad6gF_4Kk,Correctly-led Open-ended Question,Objective Causality (Videography Phenomenon & Illusion),Does the illusion rely on video editing effects like masking to make the pen appear to pass under the cube?,14.98,Please state your answer with a brief explanation.,"Yes, the illusion likely relies on video editing effects like masking. This is suggested by comments pointing out the impossibility of the pencil passing under the cube without editing.",https://www.youtube.com/shorts/PZad6gF_4Kk,"The comments suggest that the illusion is achieved through video editing, specifically masking, to create the effect of the pencil passing under the cube. Some viewers point out the impossibility of the pencil going underneath without editing. The video description also mentions ""trick art"" and ""anamorphic illusion,"" which often involve specific viewpoints and can be enhanced with editing."
0276-3,PZad6gF_4Kk,Wrongly-led Open-ended Question,Objective Causality (Videography Phenomenon & Illusion),Is the illusion created solely through skillful drawing and perspective without any video editing?,14.98,Please state your answer with a brief explanation.,"No, the illusion is not created solely through skillful drawing and perspective. Video editing is used to enhance the effect, particularly to create the illusion of the pencil going under the cube.",https://www.youtube.com/shorts/PZad6gF_4Kk,"1. The question asks whether the illusion is created solely through drawing and perspective, without video editing.
2. Several comments suggest that video editing is involved, particularly regarding how the pencil appears to go under the cube.
3. The comment from @Dee5000playz explicitly states that it's ""smart editing"" and not a true optical illusion.
4. The comment from @noelsingletary explains how the pencil went off screen and was not visible the entire time and that the paper was swapped out."
0276-7,PZad6gF_4Kk,Multiple-choice Question with a Single Correct Answer,Objective Causality (Videography Phenomenon & Illusion),"What techniques are used to create the illusion of the pen passing under the cube?
A. Only skillful drawing and perspective
B. Video editing effects and skillful drawing
C. None of the above
D. Only video editing effects",14.98,"E. None of the above
Select one best answer to the above multiple-choice question based on the video. Respond with only the letter (A, B, C, D or E) of the correct option.",B,https://www.youtube.com/shorts/PZad6gF_4Kk,"The comments suggest that video editing is used to create the illusion of the pen passing under the cube. Some comments mention that the pencil goes off-screen and the paper is swapped out. Other comments point out that it's not a real optical illusion but smart editing. The video itself shows that the cube is not a real object, but a drawing. When the cube is lifted, it is revealed to be a distorted shape that only looks like a cube from a specific angle. Therefore, the illusion is created by a combination of skillful drawing and video editing."
0278-0,JsAcQsidyIA,Primary Open-ended Question,Element Attributes,What color is the writing on the paper in the video?,46.23,Please state your answer with a brief explanation.,The writing on the paper in the video is red.,https://www.youtube.com/shorts/JsAcQsidyIA,"The question asks about the color of the writing on the paper.
I need to observe the video to determine the color of the writing.
The writing appears to be red."
0278-1,JsAcQsidyIA,Paraphrased Open-ended Question,Element Attributes,What is the color of the text written on the paper in the video?,46.23,Please state your answer with a brief explanation.,The text written on the paper in the video is red.,https://www.youtube.com/shorts/JsAcQsidyIA,"The question asks about the color of the text written on the paper.
I need to look at the video and identify the color of the text.
From the video, the text is written in red."
0278-2,JsAcQsidyIA,Correctly-led Open-ended Question,Element Attributes,Is the writing on the paper in the video orange?,46.23,Please state your answer with a brief explanation.,"No, the writing on the paper in the video is red.",https://www.youtube.com/shorts/JsAcQsidyIA,"The question asks about the color of the writing on the paper. By observing the video, the writing is in red."
0278-3,JsAcQsidyIA,Wrongly-led Open-ended Question,Element Attributes,Is the writing on the paper in the video red?,46.23,Please state your answer with a brief explanation.,The writing on the paper in the video is red.,https://www.youtube.com/shorts/JsAcQsidyIA,"The question asks about the color of the writing on the paper.
I will look at the video to determine the color of the writing.
The writing appears to be red."
0278-7,JsAcQsidyIA,Multiple-choice Question with a Single Correct Answer,Element Attributes,"What color is the writing on the paper in the video?
A. Orange
B. Blue
C. Red
D. Green",46.23,"E. None of the above
Select one best answer to the above multiple-choice question based on the video. Respond with only the letter (A, B, C, D or E) of the correct option.",C,https://www.youtube.com/shorts/JsAcQsidyIA,"The video shows the presenter writing on the paper with a marker. By observing the color of the writing, it is clear that the color of the writing is red."
0288-0,CiUsdzLLbuE,Primary Open-ended Question,Plot Attribute,Which knife in the video is not easy to use?,60.05,Please state your answer with a brief explanation.,The knife used by the woman at timestamp 0:57 is not easy to use.,https://www.youtube.com/shorts/CiUsdzLLbuE,"1. The question asks about a knife that is not easy to use.
2. I will scan the video to find a knife that is difficult to use.
3. At timestamp 0:57, the man says ""We have a problem"" when the woman is using the knife.
4. Therefore, the knife used by the woman at timestamp 0:57 is not easy to use."
0288-1,CiUsdzLLbuE,Paraphrased Open-ended Question,Plot Attribute,Which knife in the video is difficult to use?,60.05,Please state your answer with a brief explanation.,The knife used to cut the bone is difficult to use. The man struggles to cut the bone with the knife.,https://www.youtube.com/shorts/CiUsdzLLbuE,"1. The question is about which knife is difficult to use.
2. I will scan the video to find the part where a knife is difficult to use.
3. At the beginning of the video, the man is having difficulty cutting the bone with the knife.
4. At the end of the video, the woman is having difficulty cutting the pork with the knife.
5. I will choose the first instance of difficulty."
0288-2,CiUsdzLLbuE,Correctly-led Open-ended Question,Plot Attribute,Is the knife with the darker black steel part in the video the one that is not easy to use?,60.05,Please state your answer with a brief explanation.,"Yes, the knife with the darker black steel part is the one that is not easy to use, as indicated when the man says ""We have a problem"" while the woman is using it.",https://www.youtube.com/shorts/CiUsdzLLbuE,"1. The question asks if the knife with the darker black steel part in the video is the one that is not easy to use.
2. I need to watch the video and identify the knife with the darker black steel part.
3. I need to observe if the knife with the darker black steel part is difficult to use.
4. At [00:00:57] the woman is using the knife with the darker black steel part and the man says ""We have a problem"".
5. Therefore, the knife with the darker black steel part is the one that is not easy to use."
0288-3,CiUsdzLLbuE,Wrongly-led Open-ended Question,Plot Attribute,Is the lighter silver steel knife the one that is not easy to use?,60.05,Please state your answer with a brief explanation.,"Yes, the lighter silver steel knife is the one that is not easy to use. The man says, ""We have a problem. Take my knife"" after the woman struggles to slice the meat with it.",https://www.youtube.com/shorts/CiUsdzLLbuE,"The video shows a man testing out different knives. At first, he is using a lighter silver steel knife. Then, he lets a woman try to use the knife, but she has difficulty slicing the meat. The man then says, ""We have a problem. Take my knife."" This implies that the lighter silver steel knife is not easy to use."
0288-7,CiUsdzLLbuE,Multiple-choice Question with a Single Correct Answer,Plot Attribute,"Which knife is not easy to use in the video?
A. The one with a wooden handle.
B. The one with the darker black part.
C. The one used at the end.
D. The one used to cut through the large bone.",60.05,"E. None of the above
Select one best answer to the above multiple-choice question based on the video. Respond with only the letter (A, B, C, D or E) of the correct option.",C,https://www.youtube.com/shorts/CiUsdzLLbuE,"The video shows a man testing different knives.
A. The knife with the wooden handle is used to cut the large bone.
B. The knife with the darker black part is used to cut the water bottle.
C. The knife used at the end is difficult to use, as the man says ""We have a problem"" and then tells the woman to take his knife.
D. The knife used to cut through the large bone is used successfully.
Therefore, the knife that is not easy to use is the one used at the end."
0291-0,-M7VdrQpWps,Primary Open-ended Question,Professional Knowledge,What caused the rotational movement of the metal rod?,,Please state your answer with a brief explanation.,The electricity discharged from the device caused the rotational movement of the metal rod.,https://www.youtube.com/shorts/-M7VdrQpWps,The video shows a metal rod rotating when electricity is discharged from the device. The electricity creates a force that causes the rod to spin.
0291-1,-M7VdrQpWps,Paraphrased Open-ended Question,Professional Knowledge,What initiated the rotational movement of the metal rod and how did it continue?,,Please state your answer with a brief explanation.,"The rotational movement of the metal rod is initiated by the electrical discharge from the device. The continued rotation is sustained by the ongoing electrical discharge, which creates a force that propels the rod around the central axis.",https://www.youtube.com/shorts/-M7VdrQpWps,"1. Observe the video to identify the moment the metal rod starts rotating.
2. Analyze the visual cues to determine what initiates the rotation.
3. Determine how the rotation is sustained."
0291-2,-M7VdrQpWps,Correctly-led Open-ended Question,Professional Knowledge,Did the initial rotation of the metal rod start because a human plucked it?,,Please state your answer with a brief explanation.,"Yes, the initial rotation of the metal rod started because a human plucked it.",https://www.youtube.com/shorts/-M7VdrQpWps,The video shows a metal rod being initially rotated by a human plucking it.
0291-3,-M7VdrQpWps,Wrongly-led Open-ended Question,Professional Knowledge,Was the rotational movement of the metal rod caused solely by the interaction between the electric field and the metal rod?,,Please state your answer with a brief explanation.,"Yes, the rotational movement of the metal rod was caused solely by the interaction between the electric field and the metal rod. The electrical discharges from the device interact with the metal rod, causing it to spin.",https://www.youtube.com/shorts/-M7VdrQpWps,"The question asks if the rotational movement of the metal rod was caused solely by the interaction between the electric field and the metal rod.
Based on the video, the metal rod is placed on a pivot point above an electrical device. When the device is activated, electrical discharges occur, which interact with the metal rod. This interaction causes the rod to spin.
Therefore, the rotational movement is indeed caused by the interaction between the electric field and the metal rod."
0291-7,-M7VdrQpWps,Multiple-choice Question with a Single Correct Answer,Professional Knowledge,"What caused the rotational movement of the metal rod?
A. The interaction between the electric field and the metal rod.
B. The electromagnetic force generated by the Tesla coil.
C. A human plucking it and electric field forces.
D. The electric current flowing through it",,"E. None of the above
Select one best answer to the above multiple-choice question based on the video. Respond with only the letter (A, B, C, D or E) of the correct option.",B,https://www.youtube.com/shorts/-M7VdrQpWps,The metal rod is set into rotational movement due to the electromagnetic force generated by the Tesla coil.
0292-0,Kv7s88uX0ek,Primary Open-ended Question,Element Counting,How many vehicles are behind the bus?,10.65,Please state your answer with a brief explanation.,There is at least one vehicle behind the bus. The video shows a red car behind the bus.,https://www.youtube.com/shorts/Kv7s88uX0ek,"The video shows the photographer taking a long exposure shot of a bus at night.
I need to count the number of vehicles behind the bus in the final shot.
Looking at the final image, there are light trails of vehicles behind the bus.
I can see the light trails of at least one vehicle behind the bus.
The video shows a red car behind the bus."
0292-1,Kv7s88uX0ek,Paraphrased Open-ended Question,Element Counting,What is the number of vehicles following the bus?,10.65,Please state your answer with a brief explanation.,One vehicle is following the bus. This is a red car that can be seen after the bus passes.,https://www.youtube.com/shorts/Kv7s88uX0ek,"The video shows a bus moving away from the camera. After the bus passes, a red car is seen moving in the same direction. Therefore, there is one vehicle following the bus."
0292-2,Kv7s88uX0ek,Correctly-led Open-ended Question,Element Counting,Is there only one vehicle behind the bus after it passes?,10.65,Please state your answer with a brief explanation.,"No, there is at least one other vehicle behind the bus. A red car is seen passing by after the bus.",https://www.youtube.com/shorts/Kv7s88uX0ek,"The video shows the bus passing by, and then a red car passes by. Therefore, there is at least one vehicle behind the bus."
0292-3,Kv7s88uX0ek,Wrongly-led Open-ended Question,Element Counting,"Are there two vehicles following the bus, as seen by two sets of headlights?",10.65,Please state your answer with a brief explanation.,"Yes, there are two vehicles following the bus, as evidenced by the two distinct sets of headlight trails in the final image.",https://www.youtube.com/shorts/Kv7s88uX0ek,"The video shows a long exposure shot of a bus at night. The long exposure creates light trails from the headlights of the vehicles. By observing the light trails in the final shot, it's possible to determine how many vehicles were behind the bus."
0292-7,Kv7s88uX0ek,Multiple-choice Question with a Single Correct Answer,Element Counting,"How many vehicles are behind the bus?
A. One
B. None
C. Three
D. Two",10.65,"E. None of the above
Select one best answer to the above multiple-choice question based on the video. Respond with only the letter (A, B, C, D or E) of the correct option.",A,https://www.youtube.com/shorts/Kv7s88uX0ek,"The video shows a bus moving across the frame. After the bus has passed, a red car is seen moving in the same direction. Therefore, there is one vehicle behind the bus."
0295-0,uXbIuOImCmM,Primary Open-ended Question,Event Counting,How many methods did the person holding the yellow bag try?,26.01,Please state your answer with a brief explanation.,"The person holding the yellow bag tries two methods. First, they try to pour the contents into the bottle with the lid on. When that doesn't work, they remove the lid and try again.",https://www.youtube.com/shorts/uXbIuOImCmM,"The person holding the yellow bag first tries to pour the contents into the bottle. When that doesn't work, the person removes the lid of the bottle and tries again. Therefore, the person tries two methods."
0295-1,uXbIuOImCmM,Paraphrased Open-ended Question,Event Counting,How many techniques did the person with the yellow bag attempt?,26.01,Please state your answer with a brief explanation.,"The person with the yellow bag attempted two techniques. First, they tried pouring the contents into the bottle with the lid on. Second, they removed the lid and tried again.",https://www.youtube.com/shorts/uXbIuOImCmM,"The person with the yellow bag attempts to pour the contents of the bag into the mustard bottle. When that doesn't work, they remove the lid of the bottle and try again. Therefore, they attempted two techniques."
0295-2,uXbIuOImCmM,Correctly-led Open-ended Question,Event Counting,Did the person with the yellow bag try two methods to pour the contents?,26.01,Please state your answer with a brief explanation.,"Yes, the person with the yellow bag tried two methods. First, they tried pouring the contents with the lid on the bottle, and then they removed the lid and tried again.",https://www.youtube.com/shorts/uXbIuOImCmM,"The video shows a person trying to refill a yellow mustard bottle from a yellow bag.
The first attempt involves trying to pour the contents directly into the bottle, but the bottle's lid is still on.
The second attempt involves removing the bottle's lid and then pouring the contents from the bag into the bottle."
0295-3,uXbIuOImCmM,Wrongly-led Open-ended Question,Event Counting,Did the person with the yellow bag try three methods to pour the contents?,26.01,Please state your answer with a brief explanation.,"No, the person with the yellow bag tried two methods to pour the contents. First, they tried to pour the contents directly into the bottle, and second, they removed the cap of the bottle and tried to pour the contents.",https://www.youtube.com/shorts/uXbIuOImCmM,"The video shows the person with the yellow bag trying to pour the contents into a bottle.
First, they tried to pour the contents directly into the bottle.
Second, they removed the cap of the bottle and tried to pour the contents.
Therefore, the person with the yellow bag tried two methods to pour the contents."
0295-7,uXbIuOImCmM,Multiple-choice Question with a Single Correct Answer,Event Counting,"How many methods did the person with the yellow bag try?
A. Three
B. Two
C. Four
D. One",26.01,"E. None of the above
Select one best answer to the above multiple-choice question based on the video. Respond with only the letter (A, B, C, D or E) of the correct option.",B,https://www.youtube.com/shorts/uXbIuOImCmM,"The person with the yellow bag first tries to pour the contents into the bottle. When that doesn't work, she removes the cap of the bottle and tries again. So, she tried two methods."
0296-0,uAzw77AjDyc,Primary Open-ended Question,Objective Causality,Why doesn't the man catch the blue pants on his first attempt?,15.06,Please state your answer with a brief explanation.,The man doesn't catch the blue pants on his first attempt because they are a visual effect added in post-production and not physically present.,https://www.youtube.com/shorts/uAzw77AjDyc,"The video shows the man attempting to hang up a pair of blue pants on a clothesline. On his first attempt, he misses. The reason he misses is because the pants are not actually there. They are added in post-production as a visual effect."
0296-1,uAzw77AjDyc,Paraphrased Open-ended Question,Objective Causality,What causes the man to miss catching the blue pants on his first try?,15.06,Please state your answer with a brief explanation.,The man misses catching the blue pants because they shrink in the wash.,https://www.youtube.com/shorts/uAzw77AjDyc,The video shows a split screen of the behind-the-scenes and the final product. The man misses catching the blue pants because they shrink in the wash.
0296-2,uAzw77AjDyc,Correctly-led Open-ended Question,Objective Causality,Is the reason the man misses the blue pants on his first attempt due to a visual illusion?,15.06,Please state your answer with a brief explanation.,"Yes, the reason the man misses the blue pants on his first attempt is due to a visual illusion created by the camera angle and the placement of the clothesline.",https://www.youtube.com/shorts/uAzw77AjDyc,"The video shows a man hanging clothes on a line. The first item he tries to hang is a pair of blue pants, but he misses. The video is shot in a way that creates a visual illusion, making the clothes appear to be in a different location than they actually are.
The question asks if the reason the man misses the pants is due to a visual illusion.
Based on the video, the answer is yes."
0296-3,uAzw77AjDyc,Wrongly-led Open-ended Question,Objective Causality,Is the reason the man doesn't catch the blue pants on his first attempt because they are a painted object?,15.06,Please state your answer with a brief explanation.,"Yes, the reason the man doesn't catch the blue pants on his first attempt is because they are a flat, painted object used for a perspective illusion.",https://www.youtube.com/shorts/uAzw77AjDyc,"The video shows a behind-the-scenes look at how the creator made his clothing line video. In the video, the man attempts to catch a pair of blue pants hanging on a clothesline. The top comments indicate that the video involves illusions and perspective tricks. The video shows that the pants are a flat, painted object."
0296-7,uAzw77AjDyc,Multiple-choice Question with a Single Correct Answer,Objective Causality,"Why doesn't the man catch the blue pants on his first attempt?
A. He is not paying attention.
B. He is distracted by the children playing and loses focus.
C. They are not real pants.
D. They are hanging diagonally.",15.06,"E. None of the above
Select one best answer to the above multiple-choice question based on the video. Respond with only the letter (A, B, C, D or E) of the correct option.",D,https://www.youtube.com/shorts/uAzw77AjDyc,"The video shows the man trying to hang up the blue pants, but they are not real. They are hanging diagonally as part of an optical illusion."
0303-0,c1gl0Qahgdw,Primary Open-ended Question,Local Event Attribute,How does the man finally stop cycling?,14.76,Please state your answer with a brief explanation.,The man stops cycling by dismounting the bike.,https://www.youtube.com/shorts/c1gl0Qahgdw,"The video shows the man performing a BMX trick. After landing, he continues to cycle for a short distance before dismounting the bike."
0303-1,c1gl0Qahgdw,Paraphrased Open-ended Question,Local Event Attribute,What does the man do to bring his cycling to a halt?,14.76,Please state your answer with a brief explanation.,The man dismounts the bike.,https://www.youtube.com/shorts/c1gl0Qahgdw,"The question asks how the man stops his cycling.
Based on the video, the man dismounts the bike after landing the trick."
0303-2,c1gl0Qahgdw,Correctly-led Open-ended Question,Local Event Attribute,Does the man stop cycling by jumping off his bike and crashing into a cushion?,14.76,Please state your answer with a brief explanation.,"No, the man does not crash into a cushion. He jumps off his bike and lands on his feet before running off the cushion.",https://www.youtube.com/shorts/c1gl0Qahgdw,The video shows the man jumping off his bike and landing on his feet. He then runs off the cushion.
0303-3,c1gl0Qahgdw,Wrongly-led Open-ended Question,Local Event Attribute,Does the man stop cycling by dismounting and walking away?,14.76,Please state your answer with a brief explanation.,"Yes, the man stops cycling by dismounting and walking away.",https://www.youtube.com/shorts/c1gl0Qahgdw,The video shows the man dismounting the bike after landing the trick. He then walks away from the bike.
0303-7,c1gl0Qahgdw,Multiple-choice Question with a Single Correct Answer,Local Event Attribute,"How does the man finally stop cycling?
A. By riding into a wall.
B. By dismounting and walking away.
C. By jumping off his bike and crashing into a cushion.
D. By slowing down and stepping off.",14.76,"E. None of the above
Select one best answer to the above multiple-choice question based on the video. Respond with only the letter (A, B, C, D or E) of the correct option.",B,https://www.youtube.com/shorts/c1gl0Qahgdw,The video shows the man dismounting his bike and walking away.
0304-0,bc-OoJrrMuk,Primary Open-ended Question,Element Counting,How many layer of paper does the person initially write on?,15.72,Please state your answer with a brief explanation.,One. The person initially writes on one piece of paper.,https://www.youtube.com/shorts/bc-OoJrrMuk,"The video shows the person writing on two different pieces of paper. However, initially, the person is only writing on one piece of paper."
0304-1,bc-OoJrrMuk,Paraphrased Open-ended Question,Element Counting,On how many sheets of paper does the person start writing?,15.72,Please state your answer with a brief explanation.,The person starts writing on one sheet of paper.,https://www.youtube.com/shorts/bc-OoJrrMuk,"The person starts writing on one sheet of paper. This is evident from the video at the beginning where the person writes ""12"" on a single sheet of paper. The video then shows the person writing on two different sheets of paper."
0304-2,bc-OoJrrMuk,Correctly-led Open-ended Question,Element Counting,Does the person initially write on two layers of paper?,15.72,Please state your answer with a brief explanation.,"Yes, the person was writing on two layers of paper. The person in the video asks why the writer is writing on two different pieces of paper.",https://www.youtube.com/shorts/bc-OoJrrMuk,"The video shows the person writing on a piece of paper. At [00:00:03], the person in the video asks ""why is he writing on two different pieces of paper."" The video then shows the person lifting the top piece of paper to reveal the words ""I love you."" Therefore, the person was writing on two layers of paper."
0304-3,bc-OoJrrMuk,Wrongly-led Open-ended Question,Element Counting,Does the person initially write on just one layer of paper?,15.72,Please state your answer with a brief explanation.,"No, the person is writing on two different pieces of paper.",https://www.youtube.com/shorts/bc-OoJrrMuk,"The question asks if the person initially writes on just one layer of paper.
At the beginning of the video, the person is writing on two different pieces of paper."
0304-7,bc-OoJrrMuk,Multiple-choice Question with a Single Correct Answer,Element Counting,"How many layers of paper does the person initially write on?
A. Two
B. Three
C. Four
D. One",15.72,"E. None of the above
Select one best answer to the above multiple-choice question based on the video. Respond with only the letter (A, B, C, D or E) of the correct option.",A,https://www.youtube.com/shorts/bc-OoJrrMuk,The video shows the person writing on two different pieces of paper.
0308-0,R0f1qMFBemA,Primary Open-ended Question,Local Event Attribute,What's the first military aircraft doing?,60.08,Please state your answer with a brief explanation.,The first military aircraft is taking off from an aircraft carrier.,https://www.youtube.com/shorts/R0f1qMFBemA,"The question asks about the first military aircraft shown in the video.
I need to watch the video and identify the first military aircraft and what it is doing.
The first military aircraft appears at 0:00. It is taking off from an aircraft carrier."
0308-1,R0f1qMFBemA,Paraphrased Open-ended Question,Local Event Attribute,What is the initial military aircraft attempting to do?,60.08,Please state your answer with a brief explanation.,The initial military aircraft is attempting to land on an aircraft carrier.,https://www.youtube.com/shorts/R0f1qMFBemA,"The question asks what the initial military aircraft is attempting to do.
I need to look at the beginning of the video to see the initial military aircraft.
The initial military aircraft is attempting to land on an aircraft carrier."
0308-2,R0f1qMFBemA,Correctly-led Open-ended Question,Local Event Attribute,Is the first military aircraft trying to land on an aircraft carrier but initially failing?,60.08,Please state your answer with a brief explanation.,"Yes, the first military aircraft is trying to land on an aircraft carrier but initially failing.",https://www.youtube.com/shorts/R0f1qMFBemA,"The question asks about the first military aircraft attempting to land on an aircraft carrier.
I need to watch the video and see if the first aircraft shown attempting to land on a carrier fails to do so."
0308-3,R0f1qMFBemA,Wrongly-led Open-ended Question,Local Event Attribute,Is the first military aircraft taking off from the aircraft carrier?,60.08,Please state your answer with a brief explanation.,"Yes, the first military aircraft is taking off from the aircraft carrier.",https://www.youtube.com/shorts/R0f1qMFBemA,"The question asks if the first military aircraft is taking off from the aircraft carrier.
I need to look at the beginning of the video to see if the aircraft is taking off from the aircraft carrier.
The video shows an aircraft taking off from the aircraft carrier at the beginning."
0308-7,R0f1qMFBemA,Multiple-choice Question with a Single Correct Answer,Local Event Attribute,"What is the first military aircraft doing?
A. Taking off from the aircraft carrier.
B. Performing aerial maneuvers.
C. Attempting to land on the aircraft carrier.
D. Refueling mid-air.",60.08,"E. None of the above
Select one best answer to the above multiple-choice question based on the video. Respond with only the letter (A, B, C, D or E) of the correct option.",A,https://www.youtube.com/shorts/R0f1qMFBemA,"The question asks what the first military aircraft is doing.
At the beginning of the video, the first aircraft is taking off from the aircraft carrier."
0313-0,0pWDMjpDKKQ,Primary Open-ended Question,Element Counting,How many compartments do these products occupy on the shelf at the end of the video?,19.04,Please state your answer with a brief explanation.,The products occupy 9 compartments on the shelf.,https://www.youtube.com/shorts/0pWDMjpDKKQ,"At the end of the video, the products occupy 9 compartments on the shelf."
0313-1,0pWDMjpDKKQ,Paraphrased Open-ended Question,Element Counting,How many sections on the shelf are filled with products by the end of the video?,19.04,Please state your answer with a brief explanation.,There are 9 sections filled with products by the end of the video.,https://www.youtube.com/shorts/0pWDMjpDKKQ,"The video shows the shelf before and after the products are placed.
I need to count the number of sections filled with products at the end of the video.
Looking at the final shot of the shelf, there are 9 sections filled with products."
0313-2,0pWDMjpDKKQ,Correctly-led Open-ended Question,Element Counting,Do the products occupy 9 compartments on the shelf at the end of the video?,19.04,Please state your answer with a brief explanation.,"Yes, the products occupy 9 compartments on the shelf at the end of the video.",https://www.youtube.com/shorts/0pWDMjpDKKQ,"The video shows the shelf at the end. I need to count how many compartments are occupied by products.
The shelf has 9 compartments.
All 9 compartments are occupied by products."
0313-3,0pWDMjpDKKQ,Wrongly-led Open-ended Question,Element Counting,Do the products occupy 10 compartments on the shelf at the end of the video?,19.04,Please state your answer with a brief explanation.,"Yes, the products occupy 10 compartments on the shelf at the end of the video.",https://www.youtube.com/shorts/0pWDMjpDKKQ,"The video shows the products on the shelf at the end. I need to count how many compartments are occupied by the products.
The shelf has 3 rows and 4 columns, for a total of 12 compartments.
The products occupy 10 compartments."
0313-7,0pWDMjpDKKQ,Multiple-choice Question with a Single Correct Answer,Element Counting,"How many compartments do the products occupy on the shelf at the end of the video?
A. 8
B. 9
C. 11
D. 10",19.04,"E. None of the above
Select one best answer to the above multiple-choice question based on the video. Respond with only the letter (A, B, C, D or E) of the correct option.",A,https://www.youtube.com/shorts/0pWDMjpDKKQ,"The video shows a shelf with 12 compartments.
I need to count how many compartments have products in them.
Compartment 1: Products
Compartment 2: Empty
Compartment 3: Products
Compartment 4: Products
Compartment 5: Empty
Compartment 6: Empty
Compartment 7: Products
Compartment 8: Products
Compartment 9: Products
Compartment 10: Products
Compartment 11: Empty
Compartment 12: Empty
There are 8 compartments with products."
0319-0,NqMmfmsclrE,Primary Open-ended Question,Positional Relationship,Where is the ball at the end of the video?,8.75,Please state your answer with a brief explanation.,"At the end of the video, the ball is located at the bottom of the diagram, following the path labeled 'C'.",https://www.youtube.com/shorts/NqMmfmsclrE,"The question asks where the ball is at the end of the video.
I need to watch the video to determine the final position of the ball.
At the end of the video, the ball is located at the bottom of the diagram, following the path labeled 'C'."
0319-1,NqMmfmsclrE,Paraphrased Open-ended Question,Positional Relationship,What is the final position of the ball in the video?,8.75,Please state your answer with a brief explanation.,"The final position of the ball is along path C, which is a straight line tangent to the circle at the point where the ring is open.",https://www.youtube.com/shorts/NqMmfmsclrE,"The video shows a ball moving in a circular path due to the centripetal force provided by a wooden ring. When a section of the ring is removed, the ball continues in a straight line tangent to the circle at the point where it exits the ring. The diagram shows possible paths labeled A through E. The correct path is C, which is tangent to the circle and points straight down in the video's orientation."
0319-2,NqMmfmsclrE,Correctly-led Open-ended Question,Positional Relationship,Does the ball end its motion at position C and then be put back into the circular wooden piece by the person at the end of the video?,8.75,Please state your answer with a brief explanation.,"Yes, the ball ends its motion at position C and then be put back into the circular wooden piece by the person at the end of the video.",https://www.youtube.com/shorts/NqMmfmsclrE,The video shows the ball leaving the circular wooden piece at position C. The person then picks up the ball and places it back into the wooden piece.
0319-3,NqMmfmsclrE,Wrongly-led Open-ended Question,Positional Relationship,Does the ball end up at position A at the end of the video?,8.75,Please state your answer with a brief explanation.,"No, the ball ends up at position C at the end of the video.",https://www.youtube.com/shorts/NqMmfmsclrE,"The video shows a ball moving in a circular path due to the centripetal force provided by a wooden ring. When a section of the ring is removed, the ball travels in a straight line tangent to the circle at the point of exit. Based on the diagram shown in the video, this direction corresponds to position C."
0319-7,NqMmfmsclrE,Multiple-choice Question with a Single Correct Answer,Positional Relationship,"Where does the ball exit at the end of the video?
A. Path A
B. Path B
C. Path D
D. Path C",8.75,"E. None of the above
Select one best answer to the above multiple-choice question based on the video. Respond with only the letter (A, B, C, D or E) of the correct option.",D,https://www.youtube.com/shorts/NqMmfmsclrE,"The video shows a ball spinning in a circular path. When a section of the circle is removed, the ball exits along path C."
0320-0,1edFyMQdMHA,Primary Open-ended Question,Event Localization,How does the last person jump?,18.07,Please state your answer with a brief explanation.,The last jump is a backflip off of a bar.,https://www.youtube.com/shorts/1edFyMQdMHA,"The question asks about the last jump in the video.
The last jump occurs at [00:00:15-00:00:17].
The person does a backflip off of a bar."
0320-1,1edFyMQdMHA,Paraphrased Open-ended Question,Event Localization,What action does the last person use to jump?,18.07,Please state your answer with a brief explanation.,The last person uses a backflip to jump.,https://www.youtube.com/shorts/1edFyMQdMHA,"The question asks about the last jump shown in the video.
I need to watch the video and identify the last jump.
The last jump is a backflip."
0320-2,1edFyMQdMHA,Correctly-led Open-ended Question,Event Localization,Does the last person in the video stand on a pole to jump onto the tire？,18.07,Please state your answer with a brief explanation.,"No, the last person in the video does not stand on a pole to jump onto the tire. He jumps directly from the bar onto the tire.",https://www.youtube.com/shorts/1edFyMQdMHA,"The video shows a man doing parkour. At the end of the video, the man jumps over a bar and then onto a tire. I need to determine if he uses a pole to jump onto the tire.
Looking at the video, I can see that the man does not use a pole to jump onto the tire. He jumps directly from the bar onto the tire."
0320-3,1edFyMQdMHA,Wrongly-led Open-ended Question,Event Localization,Does the last person perform a parkour move to jump over a fence?,18.07,Please state your answer with a brief explanation.,"Yes, the last person performs a parkour move to jump over a fence.",https://www.youtube.com/shorts/1edFyMQdMHA,"The question asks if the last person in the video performs a parkour move to jump over a fence.
I need to watch the video and see if the last person performs a parkour move to jump over a fence.
The video shows Valera Paskovich performing parkour moves to jump over fences.
The last person in the video performs a parkour move to jump over a fence."
0320-7,1edFyMQdMHA,Multiple-choice Question with a Single Correct Answer,Event Localization,"How does the last person jump?
A. Onto a tire
B. Fly over the railing
C. Over a low wall
D. Over a fence using parkour",18.07,"E. None of the above
Select one best answer to the above multiple-choice question based on the video. Respond with only the letter (A, B, C, D or E) of the correct option.",C,https://www.youtube.com/shorts/1edFyMQdMHA,"The video shows Valera Paskovich climbing over fences and walls using parkour. The last jump shown is over a low wall.
Option A is incorrect because the person does not jump onto a tire.
Option B is incorrect because the person does not fly over the railing.
Option C is correct because the person jumps over a low wall.
Option D is incorrect because the person does not jump over a fence using parkour in the last jump.
Option E is incorrect because option C is correct."
0321-0,shh15L-O8KE,Primary Open-ended Question,Plot Attribute,What are the group of people engaging in?,15.14,Please state your answer with a brief explanation.,"The group of people are playing rock, paper, scissors.",https://www.youtube.com/shorts/shh15L-O8KE,"The video shows a group of people playing rock, paper, scissors. This is evident from the hands forming fists (rock) and the peace sign (scissors)."
0321-1,shh15L-O8KE,Paraphrased Open-ended Question,Plot Attribute,What activity are the people in the group performing?,15.14,Please state your answer with a brief explanation.,The group is participating in a game or activity that involves hand gestures.,https://www.youtube.com/shorts/shh15L-O8KE,"1. The video shows a group of people with their arms extended upwards, forming a circle.
2. Initially, their hands are in a fist.
3. Subsequently, some of the hands transition to a ""peace"" sign.
4. Based on these observations, it can be inferred that the group is participating in a game or activity that involves hand gestures."
0321-2,shh15L-O8KE,Correctly-led Open-ended Question,Plot Attribute,Are the people in the group filming a video with a hand gesture choreography?,15.14,Please state your answer with a brief explanation.,"Yes, the people in the group are filming a video with a hand gesture choreography.",https://www.youtube.com/shorts/shh15L-O8KE,The video shows a group of people with their hands in a circle. They are performing a hand gesture choreography to a song.
0321-3,shh15L-O8KE,Wrongly-led Open-ended Question,Plot Attribute,"Are the people in the group playing a game of rock, paper, scissors?",15.14,Please state your answer with a brief explanation.,"Yes, the people in the group are playing a game of rock, paper, scissors. At the beginning of the video, all the hands are in a fist, which is the rock position. Then, some of the hands change to the paper position.",https://www.youtube.com/shorts/shh15L-O8KE,"I will analyze the video to determine if the people are playing rock, paper, scissors.
At the beginning of the video, all the hands are in a fist, which is the rock position. Then, some of the hands change to the paper position. This indicates that they are playing rock, paper, scissors."
0321-7,shh15L-O8KE,Multiple-choice Question with a Single Correct Answer,Plot Attribute,"What are the people in the group doing?
A. Filming a video with hand gestures
B. Playing a game
C. Taking a picture together
D. Dancing",15.14,"E. None of the above
Select one best answer to the above multiple-choice question based on the video. Respond with only the letter (A, B, C, D or E) of the correct option.",A,https://www.youtube.com/shorts/shh15L-O8KE,"The video shows a group of people with their hands together in a circle, making different hand gestures. The description mentions that they are doing a TikTok viral video. Therefore, they are filming a video with hand gestures."
0325-0,gmMnqrmYNFU,Primary Open-ended Question,Event Counting,How many times does the rider flip and jump in the air while crossing obstacles?,36.41,Please state your answer with a brief explanation.,The rider flips and jumps in the air 4 times.,https://www.youtube.com/shorts/gmMnqrmYNFU,"I need to count the number of times the rider flips and jumps in the air while crossing obstacles.
At 0:04 the rider jumps and flips in the air.
At 0:14 the rider jumps and flips in the air.
At 0:22 the rider jumps and flips in the air.
At 0:26 the rider jumps and flips in the air.
The rider flips and jumps in the air 4 times."
0325-1,gmMnqrmYNFU,Paraphrased Open-ended Question,Event Counting,How many flips and jumps does the rider perform in the air while navigating the obstacles?,36.41,Please state your answer with a brief explanation.,"The rider performs 5 flips and jumps. These include a double tail whip, a 360, a backflip barspin, a tailwhip, and a cashroll tailwhip.",https://www.youtube.com/shorts/gmMnqrmYNFU,"The question asks how many flips and jumps the rider performs.
I need to watch the video and count the number of times the rider performs a flip or jump.
The rider performs a double tail whip, a 360, a backflip barspin, a tailwhip, and a cashroll tailwhip.
Therefore, the rider performs 5 flips and jumps."
0325-2,gmMnqrmYNFU,Correctly-led Open-ended Question,Event Counting,Is it true that the rider flipped and jumped eight times while crossing the obstacles?,36.41,Please state your answer with a brief explanation.,"No, the rider does not flip and jump eight times while crossing the obstacles. The rider performs five flips.",https://www.youtube.com/shorts/gmMnqrmYNFU,"I will review the video to count the number of flips the rider performs.
The rider performs a flip at [00:00:04], [00:00:14], [00:00:18], [00:00:22], [00:00:26].
The rider performs five flips.
Therefore, the statement that the rider flipped and jumped eight times is false."
0325-3,gmMnqrmYNFU,Wrongly-led Open-ended Question,Event Counting,Did the rider flip and jump only three times while crossing the obstacles?,36.41,Please state your answer with a brief explanation.,"No, the rider flips and jumps four times while crossing the obstacles.",https://www.youtube.com/shorts/gmMnqrmYNFU,"I need to count the number of times the rider flips and jumps while crossing the obstacles.
The rider flips and jumps at 0:04, 0:14, 0:18, and 0:26.
The rider flips and jumps four times."
0325-7,gmMnqrmYNFU,Multiple-choice Question with a Single Correct Answer,Event Counting,"How many times did the rider flip and jump in the air while crossing obstacles?
A. Seven times
B. Eight times
C. Ten times
D. Three times",36.41,"E. None of the above
Select one best answer to the above multiple-choice question based on the video. Respond with only the letter (A, B, C, D or E) of the correct option.",E,https://www.youtube.com/shorts/gmMnqrmYNFU,"The rider flips and jumps in the air while crossing obstacles.
At [00:00:04] the rider does a flip.
At [00:00:14] the rider does a flip.
At [00:00:18] the rider does a flip.
At [00:00:26] the rider does a flip.
So the rider flips 4 times.
Since 4 is not an option, the answer is E."
0334-0,VoyvvpcrUgo,Primary Open-ended Question,Event Localization,Which scenes in the video is NOT taken in real life?,14.98,Please state your answer with a brief explanation.,The scenes at [00:00:11] and [00:00:13] are not taken in real life. They are digital illustrations.,https://www.youtube.com/shorts/VoyvvpcrUgo,"The question asks to identify scenes that are not taken in real life. This means identifying scenes that are digitally created or manipulated beyond what could be captured in a single photograph.

- The scene at [00:00:11] shows a pencil eraser creating a path for a person walking through a maze of roads. This is clearly a digital illustration.
- The scene at [00:00:13] shows birds inside a whisk. This is also a digital illustration."
0334-1,VoyvvpcrUgo,Paraphrased Open-ended Question,Event Localization,Which parts of the video are not depicting real-life scenes?,14.98,Please state your answer with a brief explanation.,"The parts of the video that are not depicting real-life scenes are:
- The scene with the man walking on a path created by an eraser. This is because the path is digitally created.
- The scene with the whisk and birds. This is because the birds are digitally added inside the whisk.",https://www.youtube.com/shorts/VoyvvpcrUgo,"The question asks which parts of the video are not depicting real-life scenes. I need to identify the scenes that are either digitally created or manipulated to create an illusion.
- The first scene shows someone pouring water from a bottle to create a waterfall effect. This is a real-life scene.
- The second scene shows someone holding orange objects to create the illusion of holding up a bridge. This is a real-life scene.
- The third scene shows someone holding a key to create the illusion of unlocking a building. This is a real-life scene.
- The fourth scene shows someone holding a hanger to create the illusion of holding up a bridge. This is a real-life scene.
- The fifth scene shows someone holding markers to create the illusion of buildings. This is a real-life scene.
- The sixth scene shows someone holding a bowl to create the illusion of eating the sun. This is a real-life scene.
- The seventh scene shows a man walking on a path created by an eraser. This is not a real-life scene.
- The eighth scene shows someone holding a whisk with birds inside. This is not a real-life scene."
0334-2,VoyvvpcrUgo,Correctly-led Open-ended Question,Event Localization,Is the scene with the pencil erasing the road a digitally created image?,14.98,Please state your answer with a brief explanation.,"Yes, the scene with the pencil erasing the road is likely a digitally created image.",https://www.youtube.com/shorts/VoyvvpcrUgo,"The video shows a series of images that appear to be optical illusions or forced perspective shots. The question asks specifically about the scene with the pencil erasing the road. Based on the style of the other images in the video, and the fact that the pencil erasing the road looks like a drawing, it is likely a digitally created image."
0334-3,VoyvvpcrUgo,Wrongly-led Open-ended Question,Event Localization,Is the scene in the seventh part of the video not real?,14.98,Please state your answer with a brief explanation.,"The scene in the seventh part of the video is real, but the perspective is manipulated to create an optical illusion.",https://www.youtube.com/shorts/VoyvvpcrUgo,"The question asks if the seventh scene in the video is not real. The seventh scene shows a person holding two green and yellow markers in front of buildings next to a river. The markers are positioned to look like they are the same size as the buildings. This is a real scene, but the perspective is manipulated to create an optical illusion."
0334-7,VoyvvpcrUgo,Multiple-choice Question with a Single Correct Answer,Event Localization,"Which scene in the video is not real?
A. Water bottle pouring a waterfall
B. Key fitting into the archway
C. Hanger holding up the bridge
D. Pencil erasing the road",14.98,"E. None of the above
Select one best answer to the above multiple-choice question based on the video. Respond with only the letter (A, B, C, D or E) of the correct option.",D,https://www.youtube.com/shorts/VoyvvpcrUgo,"The question asks which scene is not real.
A. Water bottle pouring a waterfall - This is a real scene.
B. Key fitting into the archway - This is a real scene.
C. Hanger holding up the bridge - This is a real scene.
D. Pencil erasing the road - This is not a real scene.
E. None of the above - This is incorrect."
0340-0,XK7kH7pxTcE,Primary Open-ended Question,Element Counting,How many drainage channels are there in the video?,59.37,Please state your answer with a brief explanation.,"There are 5 drainage channels in the video. Four are outlet holes in the middle of the dam, and one is a flood discharge channel on the right side of the dam.",https://www.youtube.com/shorts/XK7kH7pxTcE,"The video shows the construction of a mini dam. At [00:00:15-00:00:18], the man leaves a three-layer high gap in the middle of the dam, using three hollow bricks to create four outlet holes. Later, at [00:00:52-00:00:54], he digs out a flood discharge channel on the right side of the dam. Therefore, there are a total of 5 drainage channels."
0340-1,XK7kH7pxTcE,Paraphrased Open-ended Question,Element Counting,What is the total number of drainage channels shown in the video?,59.37,Please state your answer with a brief explanation.,There are a total of 5 drainage channels. The dam has 4 drainage channels in the middle and 1 spillway channel on the side.,https://www.youtube.com/shorts/XK7kH7pxTcE,"The video shows the construction of a mini dam. At one point, the man builds a section with 4 drainage channels. Later, he builds a separate spillway channel on the side. Therefore, the total number of drainage channels is 4+1=5."
0340-2,XK7kH7pxTcE,Correctly-led Open-ended Question,Element Counting,Is it true that there are four drainage channels visible in the video?,59.37,Please state your answer with a brief explanation.,"Yes, it is true that there are four drainage channels visible in the video. At [00:00:15-00:00:18], the man builds a section with three hollow bricks that create four openings.",https://www.youtube.com/shorts/XK7kH7pxTcE,"The video shows the construction of a mini dam. At [00:00:15-00:00:18], the man builds a section with three hollow bricks that create four openings. These openings are designed to be drainage channels."
0340-3,XK7kH7pxTcE,Wrongly-led Open-ended Question,Element Counting,Are there five drainage channels shown in the video?,59.37,Please state your answer with a brief explanation.,"Yes, there are five drainage channels shown in the video. At [00:00:36], he constructs a 45-degree inclined spillway platform with five channels.",https://www.youtube.com/shorts/XK7kH7pxTcE,"The video shows the construction of a mini dam.
At [00:00:15], the man leaves a three-layer high gap in the middle of the dam.
At [00:00:16], he uses three hollow bricks to separate the gap into four holes.
At [00:00:36], he constructs a 45-degree inclined spillway platform with five channels.
Therefore, there are five drainage channels shown in the video."
0340-7,XK7kH7pxTcE,Multiple-choice Question with a Single Correct Answer,Element Counting,"How many drainage channels are visible in the video?
A. Four
B. Two
C. Three
D. Five",59.37,"E. None of the above
Select one best answer to the above multiple-choice question based on the video. Respond with only the letter (A, B, C, D or E) of the correct option.",A,https://www.youtube.com/shorts/XK7kH7pxTcE,"The video shows the construction of a mini dam. At [00:00:15-00:00:17], the man builds a wall with three gaps in between, creating four drainage channels."
0357-0,ZQQ6XGuLtyU,Primary Open-ended Question,Character Emotion Attribute,How does the man in the white T-shirt feel about what he has taken out?,44.44,Please state your answer with a brief explanation.,The man in the white T-shirt seems surprised and amused by the eggplant.,https://www.youtube.com/shorts/ZQQ6XGuLtyU,"The man in the white T-shirt is the first man to put his hand in the bowl. He pulls out an eggplant.
The captions do not provide any information about how he feels.
The top comments indicate that the girl who got the eggplant was happy.
Based on the video, the man in the white T-shirt seems surprised and amused by the eggplant."
0357-1,ZQQ6XGuLtyU,Paraphrased Open-ended Question,Character Emotion Attribute,What does the man in the white T-shirt feel when he takes out the item?,44.44,Please state your answer with a brief explanation.,The man in the white T-shirt is surprised and laughs when he pulls out the cucumber.,https://www.youtube.com/shorts/ZQQ6XGuLtyU,The man in the white T-shirt is the third person to play the game. He puts his hands into the bowl and pulls out a cucumber. He is surprised and laughs.
0357-2,ZQQ6XGuLtyU,Correctly-led Open-ended Question,Character Emotion Attribute,Did the man in the white T-shirt smile wryly and look disappointed as he took out his things?,44.44,Please state your answer with a brief explanation.,"No, the man in the white T-shirt laughs as he takes out his things.",https://www.youtube.com/shorts/ZQQ6XGuLtyU,"The man in the white T-shirt is the third person to play the game.
After taking out his item, he laughs.
He does not look disappointed."
0357-3,ZQQ6XGuLtyU,Wrongly-led Open-ended Question,Character Emotion Attribute,Did the man in the white T-shirt feel satisfied and happy when he took out his things?,44.44,Please state your answer with a brief explanation.,"Yes, the man in the white T-shirt seemed satisfied and happy when he took out the cucumber.",https://www.youtube.com/shorts/ZQQ6XGuLtyU,"The man in the white T-shirt is the third person to play the game. When he pulls out the cucumber, he laughs and seems happy."
0357-7,ZQQ6XGuLtyU,Multiple-choice Question with a Single Correct Answer,Character Emotion Attribute,"What is the person who opens the third hidden item wearing?
A. A black jacket
B. A white texuture T-shirt
C. A white T-shirt
D. A pink t-shirt with green text",44.44,"E. None of the above
Select one best answer to the above multiple-choice question based on the video. Respond with only the letter (A, B, C, D or E) of the correct option.",C,https://www.youtube.com/shorts/ZQQ6XGuLtyU,The third person to open the hidden item is wearing a white T-shirt.
0358-0,vln9tIS2yWg,Primary Open-ended Question,Objective Causality,Why didn't the woman in white fall on the trampoline?,19.97,Please state your answer with a brief explanation.,,https://www.youtube.com/shorts/vln9tIS2yWg,
0358-1,vln9tIS2yWg,Paraphrased Open-ended Question,Objective Causality,What prevented the woman in white from falling onto the trampoline?,19.97,Please state your answer with a brief explanation.,,https://www.youtube.com/shorts/vln9tIS2yWg,
0358-2,vln9tIS2yWg,Correctly-led Open-ended Question,Objective Causality,Did the woman in white avoid falling on the trampoline because the man behind her didn't push her?,19.97,Please state your answer with a brief explanation.,,https://www.youtube.com/shorts/vln9tIS2yWg,
0358-3,vln9tIS2yWg,Wrongly-led Open-ended Question,Objective Causality,Did the woman in white avoid falling on the trampoline because she jumped off herself?,19.97,Please state your answer with a brief explanation.,,https://www.youtube.com/shorts/vln9tIS2yWg,
0358-7,vln9tIS2yWg,Multiple-choice Question with a Single Correct Answer,Objective Causality,"Why didn't the woman in white fall on the trampoline?
A. The man behind her didn't push her.
B. She jumped off herself.
C. She was scared of the trampoline.
D. She was too far from the edge.",19.97,"E. None of the above
Select one best answer to the above multiple-choice question based on the video. Respond with only the letter (A, B, C, D or E) of the correct option.",,https://www.youtube.com/shorts/vln9tIS2yWg,
0368-0,XeUbzTntoW0,Primary Open-ended Question,Event Counting,How many scenarios did the man show between the adult and the toddler?,59.01,Please state your answer with a brief explanation.,"The man showed 10 scenarios between the adult and the toddler. The scenarios are eating a snack, asking to do something, napping, when someone is showering, eating breakfast, watching a show, cleaning up, right after baby falls asleep, giving something, and playing with toys.",https://www.youtube.com/shorts/XeUbzTntoW0,"I need to count the number of scenarios that the man showed in the video.
The scenarios are:
1. Eating a snack
2. Asking to do something
3. Napping
4. When someone is showering
5. Eating breakfast
6. Watching a show
7. Cleaning up
8. Right after baby falls asleep
9. Giving something
10. Playing with toys
There are 10 scenarios."
0368-1,XeUbzTntoW0,Paraphrased Open-ended Question,Event Counting,How many different scenarios did the man demonstrate between the adult and the toddler?,59.01,Please state your answer with a brief explanation.,The man demonstrated 10 different scenarios between the adult and the toddler.,https://www.youtube.com/shorts/XeUbzTntoW0,"I need to count the number of scenarios that the man demonstrates in the video.
The scenarios are:
1. Eating a snack
2. Asking to do something
3. Napping
4. When someone is showering
5. Eating breakfast
6. Watching a show
7. Cleaning up
8. Right after baby falls asleep
9. Giving something
10. Playing with toys"
0368-2,XeUbzTntoW0,Correctly-led Open-ended Question,Event Counting,Did the man show ten scenarios between the adult and the toddler?,59.01,Please state your answer with a brief explanation.,"Yes, the man showed ten scenarios between the adult and the toddler.",https://www.youtube.com/shorts/XeUbzTntoW0,"I need to count the number of scenarios that the man shows between the adult and the toddler.
1. Eating a snack
2. Asking to do something
3. Napping
4. When someone is showering
5. Eating breakfast
6. Watching a show
7. Cleaning up
8. Right after baby falls asleep
9. Giving something
10. Playing with toys"
0368-3,XeUbzTntoW0,Wrongly-led Open-ended Question,Event Counting,Did the man show six scenarios between the adult and the toddler?,59.01,Please state your answer with a brief explanation.,"No, the man showed ten scenarios between the adult and the toddler.",https://www.youtube.com/shorts/XeUbzTntoW0,"To answer this question, I need to count the number of scenarios that the man showed in the video.
The scenarios are:
1. Eating a snack
2. Asking to do something
3. Napping
4. When someone is showering
5. Eating breakfast
6. Watching a show
7. Cleaning up
8. Right after baby falls asleep
9. Giving something
10. Playing with toys
Therefore, the man showed ten scenarios between the adult and the toddler."
0368-7,XeUbzTntoW0,Multiple-choice Question with a Single Correct Answer,Event Counting,"How many scenarios did the man show between the adult and the toddler?
A. Ten
B. Twelve
C. Six
D. Eight",59.01,"E. None of the above
Select one best answer to the above multiple-choice question based on the video. Respond with only the letter (A, B, C, D or E) of the correct option.",A,https://www.youtube.com/shorts/XeUbzTntoW0,"I need to count the number of scenarios shown in the video.
1. Eating a snack
2. Asking to do something
3. Napping
4. When someone is showering
5. Eating breakfast
6. Watching a show
7. Cleaning up
8. Right after baby falls asleep
9. Giving something to mom
10. Playing with toys

There are 10 scenarios."
0370-0,IuGYdIRjKlI,Primary Open-ended Question,Element Counting,How many girls are holding swords at the beginning of the video?,16.88,Please state your answer with a brief explanation.,Three girls are holding swords at the beginning of the video.,https://www.youtube.com/shorts/IuGYdIRjKlI,"The question asks how many girls are holding swords at the beginning of the video.
I need to watch the beginning of the video and count the number of girls holding swords.
At the beginning of the video, there are three girls in the front row holding swords."
0370-1,IuGYdIRjKlI,Paraphrased Open-ended Question,Element Counting,How many girls are seen with swords at the start of the video?,16.88,Please state your answer with a brief explanation.,Three girls are seen with swords at the start of the video. They are in the front row.,https://www.youtube.com/shorts/IuGYdIRjKlI,"The question asks how many girls are seen with swords at the start of the video.
I need to look at the first few seconds of the video and count the number of girls holding swords.
At the start of the video, I can see three girls in the front row.
I can see that all three girls are holding swords."
0370-2,IuGYdIRjKlI,Correctly-led Open-ended Question,Element Counting,Are there four girls holding swords at the beginning of the video?,16.88,Please state your answer with a brief explanation.,"No, there are three girls holding swords at the beginning of the video.",https://www.youtube.com/shorts/IuGYdIRjKlI,"The question asks if there are four girls holding swords at the beginning of the video.
I need to watch the first few seconds of the video to verify this.
At the beginning of the video, there are three girls holding swords in the front row."
0370-3,IuGYdIRjKlI,Wrongly-led Open-ended Question,Element Counting,Are there only three girls holding swords at the beginning of the video?,16.88,Please state your answer with a brief explanation.,"Yes, there are only three girls holding swords at the beginning of the video.",https://www.youtube.com/shorts/IuGYdIRjKlI,"The question asks about the number of girls holding swords at the beginning of the video.
I need to observe the video at the beginning to count the number of girls holding swords.
At the beginning of the video, there are three girls holding swords."
0370-7,IuGYdIRjKlI,Multiple-choice Question with a Single Correct Answer,Element Counting,"How many girls are holding swords at the beginning of the video?
A. Three
B. Two
C. Five
D. Four",16.88,"E. None of the above
Select one best answer to the above multiple-choice question based on the video. Respond with only the letter (A, B, C, D or E) of the correct option.",A,https://www.youtube.com/shorts/IuGYdIRjKlI,"The question asks how many girls are holding swords at the beginning of the video.
At the very beginning of the video, there are three girls holding swords."
0372-0,kFAs3nZoKps,Primary Open-ended Question,Local Event Attribute,What action does the girl take at the end of the video?,18.09,Please state your answer with a brief explanation.,"At the end of the video, the girl is hanging on the basketball net.",https://www.youtube.com/shorts/kFAs3nZoKps,"The question asks about the action the girl takes at the end of the video.
At the end of the video, the girl is hanging on the basketball net."
0372-1,kFAs3nZoKps,Paraphrased Open-ended Question,Local Event Attribute,What does the girl do at the conclusion of the video?,18.09,Please state your answer with a brief explanation.,"At the conclusion of the video, the girl is hanging on the basketball net.",https://www.youtube.com/shorts/kFAs3nZoKps,The video shows a girl standing on a boy's shoulders. The boy then throws the girl up so she can grab the basketball net. The video then cuts to a picture of the girl hanging on the net with the boy standing next to her with his arms out.
0372-2,kFAs3nZoKps,Correctly-led Open-ended Question,Local Event Attribute,Does the girl pretend to dunk the basketball by hanging on the basket at the end of the video?,18.09,Please state your answer with a brief explanation.,"Yes, the girl pretends to dunk the basketball by hanging on the basket at the end of the video.",https://www.youtube.com/shorts/kFAs3nZoKps,"The video shows the girl being lifted up by the boy to reach the basketball net. She then hangs on the net. Therefore, she is pretending to dunk the basketball by hanging on the basket at the end of the video."
0372-3,kFAs3nZoKps,Wrongly-led Open-ended Question,Local Event Attribute,Does the girl actually dunk the basketball into the hoop at the end of the video?,18.09,Please state your answer with a brief explanation.,"No, the girl does not actually dunk the basketball into the hoop at the end of the video. She is hanging on the net.",https://www.youtube.com/shorts/kFAs3nZoKps,"The video shows the girl hanging on the basketball net, but not actually dunking the basketball."
0372-7,kFAs3nZoKps,Multiple-choice Question with a Single Correct Answer,Local Event Attribute,"What happens at the end of the video?
A. The girl misses the basket entirely.
B. The girl throws the ball from a distance.
C. The girl successfully dunks the basketball.
D. The girl pretends to dunk by hanging on the basket.",18.09,"E. None of the above
Select one best answer to the above multiple-choice question based on the video. Respond with only the letter (A, B, C, D or E) of the correct option.",D,https://www.youtube.com/shorts/kFAs3nZoKps,"The video shows a girl standing on a boy's shoulders to reach the basketball net. She hangs on the net while the boy throws the basketball. Therefore, the girl pretends to dunk by hanging on the basket."
0374-0,DdJG14Fc4Tw,Primary Open-ended Question,Element Attributes (Optical Illusion),What was used to perform the magic trick in the first part of the video?,48.45,Please state your answer with a brief explanation.,A balloon was used to perform the magic trick in the first part of the video. The magician appears to swallow a coin and then pulls it out of an inflated balloon.,https://www.youtube.com/shorts/DdJG14Fc4Tw,"1. The question asks about the first magic trick in the video.
2. Review the video to identify the first magic trick.
3. Identify the object used in the first magic trick."
0374-1,DdJG14Fc4Tw,Paraphrased Open-ended Question,Element Attributes (Optical Illusion),How was the magic trick executed in the initial segment of the video?,48.45,Please state your answer with a brief explanation.,"The magician swallowed a coin, blew up a balloon, and then shook the balloon to show the coin was inside.",https://www.youtube.com/shorts/DdJG14Fc4Tw,"The question asks about the magic trick in the initial segment of the video.
The initial segment of the video shows a magician swallowing a coin and then blowing up a balloon.
The magician then shakes the balloon and the coin can be heard inside."
0374-2,DdJG14Fc4Tw,Correctly-led Open-ended Question,Element Attributes (Optical Illusion),Did the magic trick in the first part of the video involve using a balloon and an extra knot?,48.45,Please state your answer with a brief explanation.,"Yes, the magic trick in the first part of the video involved using a balloon and tying a knot.",https://www.youtube.com/shorts/DdJG14Fc4Tw,The video starts with a magic trick involving a balloon. The magician puts a coin inside the balloon and then blows it up. He then ties the balloon.
0374-3,DdJG14Fc4Tw,Wrongly-led Open-ended Question,Element Attributes (Optical Illusion),Was the magic trick in the first part of the video performed by inserting or removing an object from the balloon?,48.45,Please state your answer with a brief explanation.,"The magic trick in the first part of the video was performed by inserting an object into the balloon. The magician puts a small, yellow, circular object into his mouth and then seemingly blows it into the balloon.",https://www.youtube.com/shorts/DdJG14Fc4Tw,"The first magic trick in the video involves the magician putting a small, yellow, circular object into his mouth and then seemingly blowing it into the balloon. Therefore, the trick involves inserting an object into the balloon."
0374-7,DdJG14Fc4Tw,Multiple-choice Question with a Single Correct Answer,Element Attributes (Optical Illusion),"What was used to perform the magic trick in the first part of the video?
A. A balloon and a string
B. A balloon and a coin
C. A red balloon only
D. A balloon and an extra knot",48.45,"E. None of the above
Select one best answer to the above multiple-choice question based on the video. Respond with only the letter (A, B, C, D or E) of the correct option.",B,https://www.youtube.com/shorts/DdJG14Fc4Tw,The first magic trick involves putting a coin inside a balloon.
0377-0,Jh-E3fZYRJ4,Primary Open-ended Question,Element Attributes (Optical Illusion),Whose hand is on the woman's shoulder in the second part of the video?,33.34,Please state your answer with a brief explanation.,The man sitting next to the woman has his hand on her shoulder.,https://www.youtube.com/shorts/Jh-E3fZYRJ4,"The question asks about the second part of the video.
The second part of the video shows a man sitting next to a woman on a bench.
The man has his hand on the woman's shoulder."
0377-1,Jh-E3fZYRJ4,Paraphrased Open-ended Question,Element Attributes (Optical Illusion),Who is the owner of the hand on the woman's shoulder in the second segment of the video?,33.34,Please state your answer with a brief explanation.,The hand belongs to the man sitting next to her on the bench.,https://www.youtube.com/shorts/Jh-E3fZYRJ4,"The question asks about the owner of the hand on the woman's shoulder in the second segment of the video.
I need to identify the second segment and then determine who the hand belongs to.
The second segment starts at 0:03.
The hand on the woman's shoulder belongs to the man sitting next to her on the bench."
0377-2,Jh-E3fZYRJ4,Correctly-led Open-ended Question,Element Attributes (Optical Illusion),Is the hand on the woman's shoulder in the second part of the video from the man behind her?,33.34,Please state your answer with a brief explanation.,"No, the hand on the woman's shoulder is from the man sitting next to her, not the man behind her.",https://www.youtube.com/shorts/Jh-E3fZYRJ4,"The question asks about the hand on the woman's shoulder in the second part of the video.
I need to check the video to see if the hand is from the man behind her.
After checking the video, it is clear that the hand on the woman's shoulder is from the man sitting next to her."
0377-3,Jh-E3fZYRJ4,Wrongly-led Open-ended Question,Element Attributes (Optical Illusion),Is the hand on the woman's shoulder in the second part of the video from the person sitting next to her?,33.34,Please state your answer with a brief explanation.,"Yes, the hand on the woman's shoulder in the second part of the video is from the person sitting next to her.",https://www.youtube.com/shorts/Jh-E3fZYRJ4,"The question asks about the hand on the woman's shoulder in the second part of the video.
I need to watch the video and identify the second part and the hand on the woman's shoulder.
I need to determine if the hand is from the person sitting next to her."
0377-7,Jh-E3fZYRJ4,Multiple-choice Question with a Single Correct Answer,Element Attributes (Optical Illusion),"Whose hand is on the woman's shoulder in the second part of the video?
A. The woman herself.
B. The person sitting next to her.
C. A person standing far away.
D. The man behind her.",33.34,"E. None of the above
Select one best answer to the above multiple-choice question based on the video. Respond with only the letter (A, B, C, D or E) of the correct option.",B,https://www.youtube.com/shorts/Jh-E3fZYRJ4,"The second part of the video shows a woman sitting on a bench looking at her phone. A man is sitting next to her and has his arm around her shoulder.
Therefore, the answer is B."
0410-0,ZQQ6XGuLtyU,Primary Open-ended Question,Event Localization,What happened after the sixth cotton candy is dissolved?,44.44,Please state your answer with a brief explanation.,"After the sixth cotton candy is dissolved, the seventh cotton candy is dissolved and a small amount of money is found.",https://youtube.com/shorts/ZQQ6XGuLtyU,"The question asks what happened after the sixth cotton candy is dissolved.
The sixth cotton candy is dissolved at 0:38.
At 0:42, the seventh cotton candy is dissolved and a small amount of money is found."
0410-1,ZQQ6XGuLtyU,Paraphrased Open-ended Question,Event Localization,What is the outcome after the sixth cotton candy dissolves in the water?,44.44,Please state your answer with a brief explanation.,"After the sixth cotton candy dissolves in the water, money is revealed.",https://youtube.com/shorts/ZQQ6XGuLtyU,"The video shows six cotton candies being dissolved in water.
1st cotton candy: eggplant
2nd cotton candy: phone
3rd cotton candy: cucumber
4th cotton candy: banana
5th cotton candy: gift card
6th cotton candy: money"
0410-2,ZQQ6XGuLtyU,Correctly-led Open-ended Question,Event Localization,"After the sixth cotton candy dissolves, does the man find nothing in the bowl?",44.44,Please state your answer with a brief explanation.,"No, the man finds a small, silver object in the bowl.",https://youtube.com/shorts/ZQQ6XGuLtyU,"1. The question asks what the man finds after the sixth cotton candy dissolves.
2. I need to identify the sixth person to dissolve the cotton candy and what they find.
3. The sixth person dissolves the blue cotton candy and finds a small, silver object."
0410-3,ZQQ6XGuLtyU,Wrongly-led Open-ended Question,Event Localization,"After the sixth cotton candy dissolves, is a phone revealed in the bowl?",44.44,Please state your answer with a brief explanation.,"Yes, after the sixth cotton candy dissolves, money is revealed in the bowl.",https://youtube.com/shorts/ZQQ6XGuLtyU,"The video shows a group of people dissolving cotton candy into a bowl of water to reveal a hidden object. I need to count the cotton candies being dissolved and identify what is revealed after the sixth one.
The order of objects revealed are: eggplant, phone, cucumber, banana, phone, money."
0410-7,ZQQ6XGuLtyU,Multiple-choice Question with a Single Correct Answer,Event Localization,"What happens after the sixth cotton candy dissolves?
A. A banana appears.
B. A stack of money appears.
C. A phone is revealed.
D. Nothing is found.",44.44,"E. None of the above
Select one best answer to the above multiple-choice question based on the video. Respond with only the letter (A, B, C, D or E) of the correct option.",D,https://youtube.com/shorts/ZQQ6XGuLtyU,"The video shows a series of cotton candies being dissolved in water to reveal a hidden object.
The first cotton candy reveals an eggplant.
The second cotton candy reveals a phone.
The third cotton candy reveals a cucumber.
The fourth cotton candy reveals a banana.
The fifth cotton candy reveals a phone.
The sixth cotton candy dissolves and nothing is found.
The seventh cotton candy dissolves and money is found."
0416-0,b7h58LOBMcE,Primary Open-ended Question,Character Reaction Causality,Why was the man performing the trick surprised？,26.77,Please state your answer with a brief explanation.,The man performing the trick was surprised because the other man secretly took the egg from his hand when he covered it with the cup.,https://youtube.com/shorts/b7h58LOBMcE,"The question asks why the man performing the trick was surprised.
Based on the video, the man performing the trick was surprised because the other man secretly took the egg from his hand when he covered it with the cup. When he opened his hand, the egg was gone, and he was genuinely surprised."
0416-1,b7h58LOBMcE,Paraphrased Open-ended Question,Character Reaction Causality,What caused the man performing the trick to be taken aback?,26.77,Please state your answer with a brief explanation.,The man performing the trick was taken aback when he opened his hand and the egg had disappeared.,https://youtube.com/shorts/b7h58LOBMcE,"The question asks what caused the man performing the trick to be taken aback.
The man performing the trick is taken aback when he opens his hand and the egg is gone."
0416-2,b7h58LOBMcE,Correctly-led Open-ended Question,Character Reaction Causality,Was the man surprised because the ball he placed under the cup disappeared?,26.77,Please state your answer with a brief explanation.,"Yes, the man was surprised because the ball disappeared from his hand after he made a magical gesture.",https://youtube.com/shorts/b7h58LOBMcE,"The question asks if the man was surprised because the ball he placed under the cup disappeared.
Based on the video, the man placed the ball under the cup, and when he revealed his hand, the ball was gone. He was surprised because the ball disappeared from his hand."
0416-3,b7h58LOBMcE,Wrongly-led Open-ended Question,Character Reaction Causality,Was the man surprised because the egg he showed under the cup disappeared and reappeared in unexpected places?,26.77,Please state your answer with a brief explanation.,"Yes, the man was surprised because the egg he showed under the cup disappeared.",https://youtube.com/shorts/b7h58LOBMcE,"The question asks if the man was surprised because the egg disappeared and reappeared in unexpected places.
Based on the video, the man was surprised when the egg disappeared from under the cup."
0416-7,b7h58LOBMcE,Multiple-choice Question with a Single Correct Answer,Character Reaction Causality,"Why was the man performing the trick surprised?
A. The egg reappeared in unexpected places.
B. The table moved.
C. The cup changed color.
D. The ball he placed under the cup disappeared.",26.77,"E. None of the above
Select one best answer to the above multiple-choice question based on the video. Respond with only the letter (A, B, C, D or E) of the correct option.",D,https://youtube.com/shorts/b7h58LOBMcE,"The man performing the trick is surprised when the egg disappears after he makes a magical gesture. He then checks under the cup and is surprised that the egg is not there either.
Option A is incorrect because the egg did not reappear.
Option B is incorrect because the table did not move.
Option C is incorrect because the cup did not change color.
Option D is correct because the egg disappeared.
Option E is incorrect because option D is correct."
0417-0,KwKJ6gtOGpQ,Primary Open-ended Question,Character Reaction Causality,Why is the person on the left trying hard not to laugh？,6.62,Please state your answer with a brief explanation.,"The person on the left is trying hard not to laugh because the soldier on the right stumbled while holding the flag, creating a funny moment.",https://youtube.com/shorts/KwKJ6gtOGpQ,"The video shows two soldiers saluting. The soldier on the right is holding a flag and appears to have tripped or stumbled, causing his leg to move in an unusual way. The comments suggest that the soldier on the left is trying not to laugh at the other soldier's mishap."
0417-1,KwKJ6gtOGpQ,Paraphrased Open-ended Question,Character Reaction Causality,Why is the person on the left trying hard not to laugh？,6.62,Please state your answer with a brief explanation.,"The person on the left is trying hard not to laugh because the soldier on the right is kicking his leg out while holding the flag, which is unusual and funny.",https://youtube.com/shorts/KwKJ6gtOGpQ,"The video shows two soldiers saluting. The soldier on the right is holding a flag, but he is also kicking his leg out in a strange way. The soldier on the left is trying very hard not to laugh at this."
0417-2,KwKJ6gtOGpQ,Correctly-led Open-ended Question,Character Reaction Causality,Is the person on the left trying not to laugh because of the seriousness of the occasion?,6.62,Please state your answer with a brief explanation.,"No, the person on the left is trying not to laugh because of something funny that happened.",https://youtube.com/shorts/KwKJ6gtOGpQ,"The question asks if the person on the left is trying not to laugh because of the seriousness of the occasion.
The title of the video is ""On the left doing his best not to laugh"".
The comments suggest that the person on the left is trying very hard not to laugh.
The comments also suggest that the person on the right did something funny.
Therefore, the person on the left is trying not to laugh because of something funny that happened."
0417-3,KwKJ6gtOGpQ,Wrongly-led Open-ended Question,Character Reaction Causality,Is the person on the left trying not to laugh because their problem is unresolved?,6.62,Please state your answer with a brief explanation.,"No, the person on the left is trying not to laugh because of the funny situation.",https://youtube.com/shorts/KwKJ6gtOGpQ,"The question is asking if the person on the left is trying not to laugh because their problem is unresolved.
The comments suggest the person on the left is trying not to laugh because of the situation.
The situation is that the person on the right is doing something funny.
Therefore, the person on the left is not trying not to laugh because their problem is unresolved."
0417-7,KwKJ6gtOGpQ,Multiple-choice Question with a Single Correct Answer,Character Reaction Causality,"Why is the person on the left trying hard not to laugh?
A. It's not funny
B. His discontent
C. The seriousness of the occasion
D. He's scared.",6.62,"E. None of the above
Select one best answer to the above multiple-choice question based on the video. Respond with only the letter (A, B, C, D or E) of the correct option.",C,https://youtube.com/shorts/KwKJ6gtOGpQ,The comments suggest that the person on the left is trying not to laugh because of something funny that is happening. The seriousness of the occasion is the reason why he is trying to hold back his laughter.
0420-0,CsIEwEA0fQs,Primary Open-ended Question,Plot Attribute,"Did the cat win the ""which hand"" guessing game? Why?",15.04,Please state your answer with a brief explanation.,"Yes, the cat won the ""which hand"" guessing game. The comments indicate that the cat was carefully analyzing the hand movements and thinking before making its choice, implying it made the correct decision.",https://youtube.com/shorts/CsIEwEA0fQs,"The video shows a cat playing the ""which hand"" guessing game.
The comments suggest that the cat is intelligent and carefully analyzes the hand movements before making a decision.
The cat successfully chooses the correct hand."
0420-1,CsIEwEA0fQs,Paraphrased Open-ended Question,Plot Attribute,"Did the cat succeed in the 'which hand' game, and what was the reason?",15.04,Please state your answer with a brief explanation.,"Yes, the cat succeeded in the 'which hand' game. The comments suggest that the cat was successful due to its intelligence, focus, and ability to analyze the hand movements.",https://youtube.com/shorts/CsIEwEA0fQs,"The comments suggest that the cat was successful in the game due to its intelligence, focus, and ability to analyze the hand movements. The comments also mention that the cat replayed the movements in its mind before making a decision."
0420-2,CsIEwEA0fQs,Correctly-led Open-ended Question,Plot Attribute,Did the cat win the game by choosing the hand that held the object?,15.04,Please state your answer with a brief explanation.,"Yes, the cat won the game by choosing the hand that held the object.",https://youtube.com/shorts/CsIEwEA0fQs,"The video shows a cat watching a person move an object between their hands. The cat then chooses a hand.
Based on the video and the comments, the cat appears to have chosen the correct hand."
0420-3,CsIEwEA0fQs,Wrongly-led Open-ended Question,Plot Attribute,Did the cat lose the game because it chose the wrong hand?,15.04,Please state your answer with a brief explanation.,"No, the cat did not lose the game. It successfully chose the hand with the treat.",https://youtube.com/shorts/CsIEwEA0fQs,The video shows a cat playing a game where it has to guess which hand a treat is in. The comments suggest the cat is intelligent and carefully analyzes the situation. The cat chooses the correct hand.
0420-7,CsIEwEA0fQs,Multiple-choice Question with a Single Correct Answer,Plot Attribute,"Why did the cat win the 'which hand' game?
A. It chose the right hand.
B. It chose both hands.
C. It didn't choose any hand.
D. It chose the left hand.",15.04,"E. None of the above
Select one best answer to the above multiple-choice question based on the video. Respond with only the letter (A, B, C, D or E) of the correct option.",A,https://youtube.com/shorts/CsIEwEA0fQs,The cat chose the right hand.
0427-0,c0YNnrHBARc,Primary Open-ended Question,Objective Causality (Videography Phenomenon & Illusion),How did the man achieve taking out a whole watermelon and cutting it?,28.99,Please state your answer with a brief explanation.,The man uses editing to make it seem like he is pulling a watermelon out of a mirror and cutting it.,https://youtube.com/shorts/c0YNnrHBARc,"1. The question is asking how the man in the video was able to take out a whole watermelon and cut it.
2. Review the video and captions to understand how the man was able to take out a whole watermelon and cut it.
3. The man uses editing to make it seem like he is pulling a watermelon out of a mirror and cutting it."
0427-1,c0YNnrHBARc,Paraphrased Open-ended Question,Objective Causality (Videography Phenomenon & Illusion),What method did the man use to make it appear as though he took out and cut a whole watermelon?,28.99,Please state your answer with a brief explanation.,The man used editing to make it appear as though he was pulling watermelons out of the mirror. The reflection in the mirror does not show the watermelon in his hands.,https://youtube.com/shorts/c0YNnrHBARc,The video shows a man seemingly pulling watermelons out of a mirror and cutting them. The top comments suggest that the man used editing to make it appear as though he was pulling watermelons out of the mirror. The comments also mention that the reflection in the mirror does not show the watermelon in his hands.
0427-2,c0YNnrHBARc,Correctly-led Open-ended Question,Objective Causality (Videography Phenomenon & Illusion),Did the man use video editing to create the illusion of taking out a whole watermelon?,28.99,Please state your answer with a brief explanation.,"Yes, video editing was used. The reflection in the mirror doesn't show him holding the watermelon when he picks it up, indicating a visual effect.",https://youtube.com/shorts/c0YNnrHBARc,"The question is whether video editing was used to create the illusion of taking out a whole watermelon.
The top comments mention the reflection in the mirror not holding anything when the man picks up the watermelon.
This suggests that video editing was used to create the illusion."
0427-3,c0YNnrHBARc,Wrongly-led Open-ended Question,Objective Causality (Videography Phenomenon & Illusion),Did the man achieve the trick by hollowing out a watermelon rind and placing a peeled watermelon inside?,28.99,Please state your answer with a brief explanation.,"No, the trick was likely achieved through editing, as evidenced by the disappearing watermelon in the mirror reflection and other visual anomalies.",https://youtube.com/shorts/c0YNnrHBARc,"The question asks if the trick was achieved by hollowing out a watermelon rind and placing a peeled watermelon inside.
I will review the video and the comments to determine if this is the case.
The video shows the man cutting the watermelon in half and then putting it back together.
The comments mention that the reflection in the mirror does not show the watermelon in his hands when he picks it up.
The comments also mention that the girl's arm goes through the watermelon sign.
These details suggest that the trick was achieved through editing and not by hollowing out a watermelon rind."
0427-7,c0YNnrHBARc,Multiple-choice Question with a Single Correct Answer,Objective Causality (Videography Phenomenon & Illusion),"How did the man create the illusion of taking out a whole watermelon?
A. By using a mirror to reflect the whole watermelon.
B. By using a clever trick with a hollowed rind.
C. By using a special knife to cut seamlessly.
D. Use mirror reflection and video editing techniques.",28.99,"E. None of the above
Select one best answer to the above multiple-choice question based on the video. Respond with only the letter (A, B, C, D or E) of the correct option.",D,https://youtube.com/shorts/c0YNnrHBARc,The video shows the man using a mirror to create the illusion of a whole watermelon. The top comments also mention the mirror reflection and video editing techniques.
0430-0,ZGcot5Kgock,Primary Open-ended Question,Objective Causality (Videography Phenomenon & Illusion),What causes the damage of the phone？,42.26,Please state your answer with a brief explanation.,The damage of the phone is caused by unstable electric voltage from the hand crank charger.,https://youtube.com/shorts/ZGcot5Kgock,"The video shows a phone being charged with a hand crank charger. The phone explodes and is damaged.
The comments suggest that the charger is unstable and can damage the phone due to unstable electric voltage."
0430-1,ZGcot5Kgock,Paraphrased Open-ended Question,Objective Causality (Videography Phenomenon & Illusion),What led to the phone appearing damaged in the video?,42.26,Please state your answer with a brief explanation.,"The phone appeared damaged because it exploded due to being charged with a hand-crank charger that rapidly increased the charging percentage to 10,000%.",https://youtube.com/shorts/ZGcot5Kgock,"The video shows a phone being charged with a hand-crank charger. As the phone's charging percentage rapidly increases to 10,000%, the phone explodes, resulting in a cracked screen."
0430-2,ZGcot5Kgock,Correctly-led Open-ended Question,Objective Causality (Videography Phenomenon & Illusion),Was the phone's damage just a result of video editing effects?,42.26,Please state your answer with a brief explanation.,It is likely that the phone damage was a result of video editing effects.,https://youtube.com/shorts/ZGcot5Kgock,"The video shows a phone being charged with a hand crank charger, and then it appears to explode. After the explosion, the person in the video gets a new phone. The video shows the person charging the new phone with the same hand crank charger. The new phone also explodes. The person in the video then shows a phone with a fake sticker on the back. It is likely that the phone damage was a result of video editing effects."
0430-3,ZGcot5Kgock,Wrongly-led Open-ended Question,Objective Causality (Videography Phenomenon & Illusion),Did the phone get damaged because it was overcharged with a hand-crank charger?,42.26,Please state your answer with a brief explanation.,"Yes, the phone was damaged because it was overcharged with a hand-crank charger.",https://youtube.com/shorts/ZGcot5Kgock,"The video shows a phone being charged with a hand-crank charger. The percentage of charge increases rapidly, then the phone explodes. The video then shows a new phone being unboxed and charged with the same hand-crank charger. The percentage of charge increases rapidly, then the phone explodes. Therefore, the phone was damaged because it was overcharged with a hand-crank charger."
0430-7,ZGcot5Kgock,Multiple-choice Question with a Single Correct Answer,Objective Causality (Videography Phenomenon & Illusion),"What was the actual cause of the phone's damage in the video?
A. Dropping the phone.
B. Overcharging with a hand-crank charger.
C. Video editing effects.
D. Water damage.",42.26,"E. None of the above
Select one best answer to the above multiple-choice question based on the video. Respond with only the letter (A, B, C, D or E) of the correct option.",B,https://youtube.com/shorts/ZGcot5Kgock,"The video shows a phone being charged with a hand-crank charger. The percentage on the phone's screen goes up rapidly and unrealistically. The phone then explodes. The video then shows the person buying a new phone and charging it with the same hand-crank charger. The phone explodes again. Therefore, the phone's damage is caused by overcharging with a hand-crank charger."
0432-0,YRgXg-FY49o,Primary Open-ended Question,Event Localization,Where are the last few targets come from？,16.6,Please state your answer with a brief explanation.,The last few targets are launched by the woman standing next to the man.,https://www.youtube.com/shorts/YRgXg-FY49o,"The question asks where the last few targets come from.
I will look at the video to find the answer.
The last few targets are launched by the woman standing next to the man."
0432-1,YRgXg-FY49o,Paraphrased Open-ended Question,Event Localization,What are the last few targets in the video?,16.6,Please state your answer with a brief explanation.,The last few targets in the video are launched clay targets.,https://www.youtube.com/shorts/YRgXg-FY49o,"The video shows the man shooting at targets.
The last few targets are launched clay targets."
0432-2,YRgXg-FY49o,Correctly-led Open-ended Question,Event Localization,Are the last few targets in the video bullet casings thrown by the man?,16.6,Please state your answer with a brief explanation.,"Yes, the last few targets in the video are bullet casings thrown by the man.",https://www.youtube.com/shorts/YRgXg-FY49o,The video shows the man shooting at targets. The first target is launched by the woman. The next targets are bullet casings that the man throws into the air and shoots.
0432-3,YRgXg-FY49o,Wrongly-led Open-ended Question,Event Localization,Were the last targets in the video thrown by someone next to the shooter?,16.6,Please state your answer with a brief explanation.,"Yes, the last targets in the video were thrown by someone next to the shooter.",https://www.youtube.com/shorts/YRgXg-FY49o,"The video shows a person throwing the targets into the air for the shooter to hit.
The person is standing next to the shooter."
0432-7,YRgXg-FY49o,Multiple-choice Question with a Single Correct Answer,Event Localization,"Where do the last few targets come from?
A. The person next to the shooter throwing orange clay targets.
B. The shell that flew out of the ejection hatch of the gun
C. Random objects thrown by the woman.
D. Black object coming from the sky.",16.6,"E. None of the above
Select one best answer to the above multiple-choice question based on the video. Respond with only the letter (A, B, C, D or E) of the correct option.",A,https://www.youtube.com/shorts/YRgXg-FY49o,The woman next to the shooter is throwing the orange clay targets.
0435-0,niZZ5bP5Zvs,Primary Open-ended Question,Event Localization,Which swings of the man's sword cut the target made of bundled straw mats?,10.97,Please state your answer with a brief explanation.,The man makes one upward swing of his sword to cut the target.,https://www.youtube.com/shorts/niZZ5bP5Zvs,The video shows the man making one upward swing of his sword to cut the target.
0435-1,niZZ5bP5Zvs,Paraphrased Open-ended Question,Event Localization,Which of the man's sword swings successfully hit the straw mat target?,10.97,Please state your answer with a brief explanation.,The man's sword swing at 0:02 successfully hits the straw mat target.,https://www.youtube.com/shorts/niZZ5bP5Zvs,"The video shows a man performing a sword swing on a straw mat. The mat is cut in half but remains standing until the man taps it with his sword, causing it to fall. The question asks which of the man's sword swings successfully hit the straw mat target."
0435-2,niZZ5bP5Zvs,Correctly-led Open-ended Question,Event Localization,Did the man's first sword swing hit the target made of bundled straw mats?,10.97,Please state your answer with a brief explanation.,"Yes, the man's first sword swing hit the target made of bundled straw mats. The top portion of the target was separated from the bottom portion after the swing.",https://www.youtube.com/shorts/niZZ5bP5Zvs,"The video shows the man performing a sword swing on the target. The target is made of bundled straw mats. After the swing, the top portion of the target is separated from the bottom portion. This indicates that the sword swing did hit the target."
0435-3,niZZ5bP5Zvs,Wrongly-led Open-ended Question,Event Localization,Did the man's sword cut through each section of the straw mat target with every swing?,10.97,Please state your answer with a brief explanation.,"Yes, the man's sword cut through each section of the straw mat target with every swing. The video shows the man cutting through all sections of the straw mat target with one swing.",https://www.youtube.com/shorts/niZZ5bP5Zvs,The video shows the man cutting through the straw mat target with one swing. The straw mat target is made up of multiple sections. The video shows the man cutting through all sections of the straw mat target with one swing.
0435-7,niZZ5bP5Zvs,Multiple-choice Question with a Single Correct Answer,Event Localization,"Which swing of the man's sword hit the target made of bundled straw mats?
A. Fourth swing
B. Third swing
C. First swing
D. Second swing",10.97,"E. None of the above
Select one best answer to the above multiple-choice question based on the video. Respond with only the letter (A, B, C, D or E) of the correct option.",C,https://www.youtube.com/shorts/niZZ5bP5Zvs,"The man only swings the sword once to cut the target.
Therefore, the answer is C."
0439-0,L4pEorJZ1a0,Primary Open-ended Question,Element Attributes,What does the man light in the video？,29.53,Please state your answer with a brief explanation.,The man lights candles in the video.,https://www.youtube.com/shorts/L4pEorJZ1a0,The man lights candles in the video. This is evident from the beginning of the video where he asks what will happen if he puts a glass vase over the candles.
0439-1,L4pEorJZ1a0,Paraphrased Open-ended Question,Element Attributes,What item does the man ignite in the video?,29.53,Please state your answer with a brief explanation.,The man ignites candles in the video.,https://www.youtube.com/shorts/L4pEorJZ1a0,"The question asks what item the man ignites in the video.
I will look at the beginning of the video to find the answer.
At the beginning of the video, the man ignites candles."
0439-2,L4pEorJZ1a0,Correctly-led Open-ended Question,Element Attributes,Does the man light a pile of thin candles in the video?,29.53,Please state your answer with a brief explanation.,"Yes, the man lights a pile of thin candles in the video.",https://www.youtube.com/shorts/L4pEorJZ1a0,"The question is whether the man lights a pile of thin candles in the video.
I will look at the video to check the candles.
At the beginning of the video, the man says, ""What do you think will happen if I put this glass vase over these candles sitting in a tray of water?""
The video shows that the man lights a pile of thin candles."
0439-3,L4pEorJZ1a0,Wrongly-led Open-ended Question,Element Attributes,Does the man light a small object that looks like a stack of matches?,29.53,Please state your answer with a brief explanation.,"Yes, the man lights a blue, cylindrical object that looks like a stack of matches.",https://www.youtube.com/shorts/L4pEorJZ1a0,"The question asks if the man lights a small object that looks like a stack of matches.
I need to look at the video to see what the man lights.
At the beginning of the video, the man lights a blue, cylindrical object that looks like a stack of matches."
0439-7,L4pEorJZ1a0,Multiple-choice Question with a Single Correct Answer,Element Attributes,"What does the man light in the video?
A. A small torch
B. A pile of thin candles
C. A piece of paper
D. A stack of matches",29.53,"E. None of the above
Select one best answer to the above multiple-choice question based on the video. Respond with only the letter (A, B, C, D or E) of the correct option.",B,https://www.youtube.com/shorts/L4pEorJZ1a0,The man in the video lights a pile of thin candles.
0441-0,3Ts9BX6AKuU,Primary Open-ended Question,Local Event Attribute,What is the state of action of muscular man's left and right leg throughout the run?,12.2,Please state your answer with a brief explanation.,"Throughout the run, both the muscular man's left and right legs remain on the ground. He does not move forward, but rather alternates lifting each knee high up, simulating a running motion while staying in the same spot.",https://www.youtube.com/shorts/3Ts9BX6AKuU,"The video shows a man demonstrating a ""Flint Lockwood run"" which is an exaggerated running motion done in place.
I need to describe the action of his legs during this run."
0441-1,3Ts9BX6AKuU,Paraphrased Open-ended Question,Local Event Attribute,What is the condition of the man's legs during running?,12.2,Please state your answer with a brief explanation.,"The man's legs are moving as if he is running, but he is running in place.",https://www.youtube.com/shorts/3Ts9BX6AKuU,"The video shows the man running in place.
The man's legs are moving as if he is running, but he is not moving forward."
0441-2,3Ts9BX6AKuU,Correctly-led Open-ended Question,Local Event Attribute,Is the muscular man actually running or is he staying in the same spot?,12.2,Please state your answer with a brief explanation.,The muscular man is staying in the same spot. He is imitating a running motion without actually moving forward.,https://www.youtube.com/shorts/3Ts9BX6AKuU,The video shows the man appearing to run in place. The comments also suggest that he is not actually moving forward.
0441-3,3Ts9BX6AKuU,Wrongly-led Open-ended Question,Local Event Attribute,Does the muscular man's running style involve high knee lifts and a pronounced forward thrust?,12.2,Please state your answer with a brief explanation.,"No, the muscular man's running style does not involve high knee lifts or a pronounced forward thrust. He stays in place.",https://www.youtube.com/shorts/3Ts9BX6AKuU,"The video shows the man's running style. It does not involve high knee lifts or a pronounced forward thrust. Instead, he stays in place while contracting his muscles to give the illusion of running."
0441-7,3Ts9BX6AKuU,Multiple-choice Question with a Single Correct Answer,Local Event Attribute,"What is the state of the muscular man's legs during the run?
A. Both legs moving in a straight line
B. Left leg in spot jogging, right calf bent back
C. Left and right legs alternate in their movement
D. High knee lifts with a forward thrust",12.2,"E. None of the above
Select one best answer to the above multiple-choice question based on the video. Respond with only the letter (A, B, C, D or E) of the correct option.",B,https://www.youtube.com/shorts/3Ts9BX6AKuU,"The video shows the man's legs moving in place, but not in a straight line. His left leg is in spot jogging, and his right calf is bent back."
0452-0,BglTrmS3UfI,Primary Open-ended Question,Element Attributes,What are the characteristics of the left and right legs of a dancing man?,11.82,Please state your answer with a brief explanation.,"The dancer's left leg is shorter than his right leg. The right leg appears to be fully functional, while the left leg is significantly shorter and has a different range of motion.",https://www.youtube.com/shorts/BglTrmS3UfI,"1. I need to analyze the video to determine the characteristics of the dancer's left and right legs.
2. I will focus on the visible differences in length and function."
0452-1,BglTrmS3UfI,Paraphrased Open-ended Question,Element Attributes,Can you describe the condition of the dancer's left and right legs?,11.82,Please state your answer with a brief explanation.,The dancer's left leg is significantly shorter than his right leg.,https://www.youtube.com/shorts/BglTrmS3UfI,"The video shows a man dancing. I need to describe the condition of his legs.
The dancer's left leg is significantly shorter than his right leg."
0452-2,BglTrmS3UfI,Correctly-led Open-ended Question,Element Attributes,Is the dancer's left leg disabled while the right leg is healthy?,11.82,Please state your answer with a brief explanation.,"Yes, the dancer's left leg is disabled while the right leg is healthy. The video clearly shows the left leg is significantly shorter than the right leg.",https://www.youtube.com/shorts/BglTrmS3UfI,The video shows a dancer with a shorter left leg. The comments also refer to the dancer's disability.
0452-3,BglTrmS3UfI,Wrongly-led Open-ended Question,Element Attributes,"Does the dancer's left leg show agility and quick movements, while the right leg shows power and strength?",11.82,Please state your answer with a brief explanation.,"Yes, the dancer's left leg shows agility and quick movements, while the right leg shows power and strength. The dancer's shorter left leg allows for quick steps and movements, while the right leg provides the necessary power and stability for the dance moves.",https://www.youtube.com/shorts/BglTrmS3UfI,"The question asks about the dancer's left leg showing agility and quick movements, while the right leg shows power and strength.
By observing the video, it is clear that the dancer's left leg is shorter than the right leg. The dancer uses the right leg for power and strength, while the left leg is used for quick movements and agility."
0452-7,BglTrmS3UfI,Multiple-choice Question with a Single Correct Answer,Element Attributes,"What are the characteristics of the dancer's legs?
A. Both legs are powerful and strong.
B. Both legs are agile and quick.
C. The left leg is disabled, and the right leg is healthy.
D. The right leg is disabled, and the left leg is healthy.",11.82,"E. None of the above
Select one best answer to the above multiple-choice question based on the video. Respond with only the letter (A, B, C, D or E) of the correct option.",C,https://www.youtube.com/shorts/BglTrmS3UfI,"The video shows a dancer with one leg shorter than the other. The dancer's left leg appears to be the shorter leg, while the right leg appears to be the healthy leg."
0456-0,-Tf9VMl4krk,Primary Open-ended Question,Element Counting,How many nails did the man use in the experiment?,,Please state your answer with a brief explanation.,"The man used six nails in the experiment, with three nails in each glass.",https://www.youtube.com/shorts/-Tf9VMl4krk,The video shows the man putting three nails in each glass at the beginning of the experiment.
0456-1,-Tf9VMl4krk,Paraphrased Open-ended Question,Element Counting,What was the total number of nails the man used in his experiment?,,Please state your answer with a brief explanation.,The man used a total of 6 nails in his experiment.,https://www.youtube.com/shorts/-Tf9VMl4krk,"The video shows the man putting 3 nails in each glass for the experiment. Therefore, the total number of nails used is 6."
0456-2,-Tf9VMl4krk,Correctly-led Open-ended Question,Element Counting,"Did the man use six nails in the experiment, placing three in each cup?",,Please state your answer with a brief explanation.,"Yes, the man used six nails in the experiment, placing three in each cup.",https://www.youtube.com/shorts/-Tf9VMl4krk,The video shows the man placing three nails into each glass at the beginning of the experiment.
0456-3,-Tf9VMl4krk,Wrongly-led Open-ended Question,Element Counting,"Did the man use 14 nails in the experiment, with seven in each mug?",,Please state your answer with a brief explanation.,"Yes, the man used 14 nails in the experiment, with seven in each mug.",https://www.youtube.com/shorts/-Tf9VMl4krk,"The video starts with the man holding two piles of nails, one in each hand. He then places one pile into each mug. By observation, there are seven nails in each pile. Therefore, there are 14 nails in total, with seven in each mug."
0456-7,-Tf9VMl4krk,Multiple-choice Question with a Single Correct Answer,Element Counting,"How many nails did the man use in the experiment?
A. 2.
B. 10
C. 14
D. 6",,"E. None of the above
Select one best answer to the above multiple-choice question based on the video. Respond with only the letter (A, B, C, D or E) of the correct option.",D,https://www.youtube.com/shorts/-Tf9VMl4krk,"The man uses two glasses. He puts 3 nails in each glass. Therefore, he uses 6 nails in the experiment."
0463-0,aoE98e_FlYQ,Primary Open-ended Question,Event Localization,Which throw conducted by the person did the counter starts counting from?,33.07,Please state your answer with a brief explanation.,The counter starts counting from the third throw.,https://youtube.com/shorts/aoE98e_FlYQ,"The question asks which throw the counter starts counting from.
The counter appears on the screen at [00:00:06].
The counter starts counting from the third throw."
0463-1,aoE98e_FlYQ,Paraphrased Open-ended Question,Event Localization,From which throw does the counter begin to count in the video?,33.07,Please state your answer with a brief explanation.,The counter begins to count from the throw at 00:00:07 in the video.,https://youtube.com/shorts/aoE98e_FlYQ,"The video shows a ""BASKET COUNTER"" at the top of the screen. The counter starts at 00:00:07."
0463-2,aoE98e_FlYQ,Correctly-led Open-ended Question,Event Localization,Does the counter start counting from the second throw made by the man?,33.07,Please state your answer with a brief explanation.,"No, the counter starts counting from the first throw made by the man.",https://youtube.com/shorts/aoE98e_FlYQ,"The video shows a ""BASKET COUNTER"" at the top. The counter starts with 5 empty circles. The first throw is a miss, and the first circle turns into a red cross. The second throw is also a miss, and the second circle turns into a red cross. The third throw is a hit, and the third circle turns into a green tick.
Therefore, the counter starts from the first throw."
0463-3,aoE98e_FlYQ,Wrongly-led Open-ended Question,Event Localization,Does the counter start counting from the throw where the first successful basket is made?,33.07,Please state your answer with a brief explanation.,"No, the counter starts counting from the first throw, not the first successful basket.",https://youtube.com/shorts/aoE98e_FlYQ,"The video shows a ""BASKET COUNTER"" at the top of the screen. The counter starts with 5 empty circles. Each time the basketball athlete misses a shot, an X appears in one of the circles. When the basketball athlete makes a successful basket, a checkmark appears in one of the circles. The counter starts counting from the first throw."
0463-7,aoE98e_FlYQ,Multiple-choice Question with a Single Correct Answer,Event Localization,"When does the counter start counting?
A. The third throw
B. The second throw .
C. The fourth throw
D. The first throw",33.07,"E. None of the above
Select one best answer to the above multiple-choice question based on the video. Respond with only the letter (A, B, C, D or E) of the correct option.",A,https://youtube.com/shorts/aoE98e_FlYQ,"The video shows a ""BASKET COUNTER"" at the top of the screen. The counter starts counting from the third throw."
0466-0,_TrCxTyakH0,Primary Open-ended Question,Event Counting,How many optical illusion imagery of clever perspective and time freezing are shown in the video in total?,20.52,Please state your answer with a brief explanation.,There are 7 optical illusion imagery of clever perspective and time freezing shown in the video.,https://www.youtube.com/shorts/_TrCxTyakH0,"The video shows a series of images that use perspective and timing to create optical illusions. I will count each distinct image shown.
Image 1: Man on a broomstick jumping out of a window into a pool.
Image 2: A seagull with a man walking behind it, making the seagull appear giant.
Image 3: An airplane taking off in front of the sun.
Image 4: An ant holding a twig in front of the sun.
Image 5: A man touching the sun with his finger.
Image 6: A flock of birds forming the shape of a dolphin.
Image 7: The Statue of Liberty holding a contrail.
There are 7 images in total."
0466-1,_TrCxTyakH0,Paraphrased Open-ended Question,Event Counting,What is the total number of images featuring optical illusions in the video?,20.52,Please state your answer with a brief explanation.,There are 7 images featuring optical illusions in the video.,https://www.youtube.com/shorts/_TrCxTyakH0,"The video presents a series of images that appear to be optical illusions or coincidental photos. I need to count how many of these images are shown in the video.
Image 1: A man appears to be flying off the roof of a house.
Image 2: A large bird appears to be standing next to a small man.
Image 3: A plane appears to be taking off from the sun.
Image 4: An ant appears to be lifting the sun.
Image 5: A man appears to be eating the sun.
Image 6: A flock of birds appears to be shaped like a dolphin.
Image 7: A plane appears to be flying from the torch of the Statue of Liberty.
There are 7 images in total."
0466-2,_TrCxTyakH0,Correctly-led Open-ended Question,Event Counting,Does the video contain 6 images that are related to optical illusions?,20.52,Please state your answer with a brief explanation.,"Yes, the video contains 7 images that are related to optical illusions.",https://www.youtube.com/shorts/_TrCxTyakH0,"The question asks if the video contains 6 images that are related to optical illusions.
I need to watch the video and count the number of images and determine if they are related to optical illusions.
The video contains 7 images.
The images are related to optical illusions."
0466-3,_TrCxTyakH0,Wrongly-led Open-ended Question,Event Counting,Are there 5 optical illusion images shown in the video?,20.52,Please state your answer with a brief explanation.,"No, there are 8 optical illusion images shown in the video.",https://www.youtube.com/shorts/_TrCxTyakH0,The video shows a series of images that appear to be optical illusions due to perspective or timing. I need to count how many images are shown and determine if there are 5.
0466-7,_TrCxTyakH0,Multiple-choice Question with a Single Correct Answer,Event Counting,"How many optical illusion images are shown in the video?
A. 5
B. 6
C. 4
D. 7",20.52,"E. None of the above
Select one best answer to the above multiple-choice question based on the video. Respond with only the letter (A, B, C, D or E) of the correct option.",D,https://www.youtube.com/shorts/_TrCxTyakH0,"The video shows a series of images that appear to be optical illusions. I need to count how many images are shown in the video.
Image 1: Man appearing to fly on a broomstick.
Image 2: A large seagull with a man walking behind it.
Image 3: An airplane appearing to fly into the sun.
Image 4: An ant appearing to lift a log with the sun behind it.
Image 5: A man appearing to put the sun into another man's mouth.
Image 6: A flock of birds appearing to form a dolphin.
Image 7: The Statue of Liberty appearing to have a contrail coming from its torch.
There are 7 images in total."
0468-0,Se8JkJUt7YE,Primary Open-ended Question,Element Localization,Which person in the video successfully walked down the stairs?,24.98,Please state your answer with a brief explanation.,The second person in the video successfully walked down the stairs.,https://www.youtube.com/shorts/Se8JkJUt7YE,"The question asks who successfully walked down the stairs.
The first person in the video falls down the stairs.
The second person in the video successfully walks down the stairs."
0468-1,Se8JkJUt7YE,Paraphrased Open-ended Question,Element Localization,"Who was able to walk down the stairs successfully in the video?
",24.98,Please state your answer with a brief explanation.,The second person in the video was able to walk down the stairs successfully. The first person fell down the stairs.,https://www.youtube.com/shorts/Se8JkJUt7YE,"The question asks who was able to walk down the stairs successfully in the video.
I need to look at the video and the captions to see who was able to walk down the stairs successfully.
The first person in the video falls down the stairs.
The second person in the video is able to walk down the stairs successfully."
0468-2,Se8JkJUt7YE,Correctly-led Open-ended Question,Element Localization,"Did the second person manage to successfully walk down the stairs despite the whirlpool effect?
",24.98,Please state your answer with a brief explanation.,"Yes, the second person successfully walked down the stairs.",https://www.youtube.com/shorts/Se8JkJUt7YE,The video shows two people attempting the challenge. The first person falls down the stairs. The second person successfully walks down the stairs.
0468-3,Se8JkJUt7YE,Wrongly-led Open-ended Question,Element Localization,"Was the first person able to successfully walk down the stairs despite almost falling?
",24.98,Please state your answer with a brief explanation.,"No, the first person was not able to successfully walk down the stairs. They fell almost immediately after starting.",https://www.youtube.com/shorts/Se8JkJUt7YE,"The question asks if the first person was able to successfully walk down the stairs despite almost falling.
The video shows the first person attempting the challenge and falling down the stairs almost immediately.
Therefore, the first person was not successful."
0468-7,Se8JkJUt7YE,Multiple-choice Question with a Single Correct Answer,Element Localization,"Which person in the video successfully walked down the stairs?
A. The first person
B. The second person
C. None of them
D. Both persons",24.98,"E. None of the above
Select one best answer to the above multiple-choice question based on the video. Respond with only the letter (A, B, C, D or E) of the correct option.",B,https://www.youtube.com/shorts/Se8JkJUt7YE,The video shows two people attempting to walk down the stairs with a filter on. The first person falls down the stairs. The second person successfully walks down the stairs.
0494-0,RBz8pTO0ySw,Primary Open-ended Question,Element Counting,How many kinds of scissors were used in the video?,15.85,Please state your answer with a brief explanation.,,https://www.youtube.com/shorts/RBz8pTO0ySw,
0494-1,RBz8pTO0ySw,Paraphrased Open-ended Question,Element Counting,What is the number of different types of scissors used in the video?,15.85,Please state your answer with a brief explanation.,,https://www.youtube.com/shorts/RBz8pTO0ySw,
0494-2,RBz8pTO0ySw,Correctly-led Open-ended Question,Element Counting,Were two kinds of scissors used in the video?,15.85,Please state your answer with a brief explanation.,,https://www.youtube.com/shorts/RBz8pTO0ySw,
0494-3,RBz8pTO0ySw,Wrongly-led Open-ended Question,Element Counting,Were three kinds of scissors used throughout the video?,15.85,Please state your answer with a brief explanation.,,https://www.youtube.com/shorts/RBz8pTO0ySw,
0494-7,RBz8pTO0ySw,Multiple-choice Question with a Single Correct Answer,Element Counting,"How many kinds of scissors were used in the video?
A. Three
B. Four
C. One
D. Two",15.85,"E. None of the above
Select one best answer to the above multiple-choice question based on the video. Respond with only the letter (A, B, C, D or E) of the correct option.",,https://www.youtube.com/shorts/RBz8pTO0ySw,
0500-0,nBaWVmaLh1A,Primary Open-ended Question,Element Counting,How many ping-pong balls are in the video?,33.11,Please state your answer with a brief explanation.,There are 2 ping-pong balls in the video. One is white and the other is orange.,https://www.youtube.com/shorts/nBaWVmaLh1A,"The video showcases various trick shots. I need to identify the instances where ping-pong balls are used.
- At [00:00:11] and [00:00:12], a ping-pong ball is used in a trick shot involving candles.
- At [00:00:13] and [00:00:14], an orange ping-pong ball is used in a trick shot involving a dart.
- At [00:00:20] and [00:00:21], an orange ping-pong ball is used in a trick shot involving a bottle.
Therefore, there are ping-pong balls in the video."
0500-1,nBaWVmaLh1A,Paraphrased Open-ended Question,Element Counting,What is the total number of ping-pong balls shown in the video?,33.11,Please state your answer with a brief explanation.,There are 3 ping-pong balls shown in the video. One is white and two are orange.,https://www.youtube.com/shorts/nBaWVmaLh1A,"The video showcases various trick shots involving different objects. I need to identify the instances where ping-pong balls are used and count them.
- At [00:00:11], a ping-pong ball is shown being hit with a paddle over two candles.
- At [00:00:13], an orange ping-pong ball is shown being balanced on a dart.
- At [00:00:21], an orange ping-pong ball is shown being balanced on a bottle."
0500-2,nBaWVmaLh1A,Correctly-led Open-ended Question,Element Counting,Are there three ping-pong balls featured in the video?,33.11,Please state your answer with a brief explanation.,"Yes, there are three ping-pong balls featured in the video. One white ping-pong ball is hit between two candles, and two orange ping-pong balls are balanced on a dart and a bottle.",https://www.youtube.com/shorts/nBaWVmaLh1A,"I need to analyze the video to determine if there are three ping-pong balls featured.
I will look for scenes with ping-pong balls.
I found a scene where a ping pong ball is hit between two candles.
I found a scene where an orange ping pong ball is balanced on a dart.
I found a scene where an orange ping pong ball is balanced on a bottle.
Therefore, there are three ping-pong balls featured in the video."
0500-3,nBaWVmaLh1A,Wrongly-led Open-ended Question,Element Counting,Are there four ping-pong balls in the video?,33.11,Please state your answer with a brief explanation.,"No, there are not four ping-pong balls in the video. There are three.",https://www.youtube.com/shorts/nBaWVmaLh1A,"I need to check the video to see if there are four ping-pong balls.
At time 0:11, there is one ping-pong ball.
At time 0:13, there is one orange ping-pong ball.
At time 0:21, there is one orange ping-pong ball.
In total, I see three ping-pong balls."
0500-7,nBaWVmaLh1A,Multiple-choice Question with a Single Correct Answer,Element Counting,"How many ping-pong balls are in the video?
A. Two
B. Three
C. Four
D. One",33.11,"E. None of the above
Select one best answer to the above multiple-choice question based on the video. Respond with only the letter (A, B, C, D or E) of the correct option.",A,https://www.youtube.com/shorts/nBaWVmaLh1A,"The video contains several types of balls, including tennis balls, soccer balls, and ping-pong balls. I need to count the number of ping-pong balls.
At [00:00:11], a ping-pong ball is shown being hit with paddles.
At [00:00:13], an orange ping-pong ball is shown.
At [00:00:21], an orange ping-pong ball is shown.
Therefore, there are two ping-pong balls in the video."
0501-0,fyq0pd_pFvE,Primary Open-ended Question,Element Counting,How many dumplings does the man in purple have on his plate?,46.87,Please state your answer with a brief explanation.,"The man in purple has 5 dumplings on his plate. He starts with 6, but the woman in black takes one and feeds it to him.",https://www.youtube.com/shorts/fyq0pd_pFvE,"I will analyze the video to determine how many dumplings the man in purple has on his plate.
At the beginning of the video, the man in purple is carrying a tray with 6 dumplings.
The woman in black takes one of the dumplings and feeds it to him.
Therefore, the man in purple has 5 dumplings on his plate."
0501-1,fyq0pd_pFvE,Paraphrased Open-ended Question,Element Counting,What is the number of dumplings on the plate of the man wearing purple?,46.87,Please state your answer with a brief explanation.,The man in the purple shirt has 6 dumplings on his plate.,https://www.youtube.com/shorts/fyq0pd_pFvE,"The man in the purple shirt has a plate of dumplings. At [00:00:00], the plate has 6 dumplings."
0501-2,fyq0pd_pFvE,Correctly-led Open-ended Question,Element Counting,Does the man in purple have 5 soup dumplings on his plate?,46.87,Please state your answer with a brief explanation.,"No, the man in purple has 7 soup dumplings on his plate.",https://www.youtube.com/shorts/fyq0pd_pFvE,"I will analyze the video to determine how many soup dumplings are on the man's plate.
At timestamp 0:00, I can see that the man in purple has 7 soup dumplings on his plate."
0501-3,fyq0pd_pFvE,Wrongly-led Open-ended Question,Element Counting,Does the man in purple have 6 dumplings on his plate?,46.87,Please state your answer with a brief explanation.,"Yes, the man in purple has 6 dumplings on his plate.",https://www.youtube.com/shorts/fyq0pd_pFvE,I will analyze the video at the timestamp provided to determine the number of dumplings on the man's plate.
0501-7,fyq0pd_pFvE,Multiple-choice Question with a Single Correct Answer,Element Counting,"How many dumplings does the man in purple have on his plate?
A. 6
B. 2
C. 5
D. 10",46.87,"E. None of the above
Select one best answer to the above multiple-choice question based on the video. Respond with only the letter (A, B, C, D or E) of the correct option.",A,https://www.youtube.com/shorts/fyq0pd_pFvE,"The video shows the man in purple sitting down at a table with a tray of dumplings. By observing the video, it can be seen that there are 6 dumplings on his plate."
0512-0,FkNdEfxYYc4,Primary Open-ended Question,Element Counting,How many POTS did the ping-pong balls hit at the beginning of the video?,48.09,Please state your answer with a brief explanation.,The ping-pong ball hits 4 pots at the beginning of the video.,https://www.youtube.com/shorts/FkNdEfxYYc4,"The question asks how many POTS the ping-pong balls hit at the beginning of the video.
I need to watch the beginning of the video and count how many pots the ball hits.
At the beginning of the video, the ball hits 4 pots."
0512-1,FkNdEfxYYc4,Paraphrased Open-ended Question,Element Counting,How many pots did the ping-pong ball bounce off at the start of the video?,48.09,Please state your answer with a brief explanation.,The ping-pong ball bounces off 6 pots at the start of the video.,https://www.youtube.com/shorts/FkNdEfxYYc4,"The question asks how many pots the ping-pong ball bounces off at the start of the video.
I need to watch the beginning of the video and count the number of pots.
From 0:00 to 0:03, the ping-pong ball bounces off 6 pots."
0512-2,FkNdEfxYYc4,Correctly-led Open-ended Question,Element Counting,Did the ping-pong ball hit seven pots at the beginning of the video?,48.09,Please state your answer with a brief explanation.,"Yes, the ping-pong ball hits seven pots at the beginning of the video.",https://www.youtube.com/shorts/FkNdEfxYYc4,"The question asks about the number of pots the ping-pong ball hits at the beginning of the video.
I need to watch the beginning of the video and count the number of pots the ball hits.
From 0:00 to 0:03, the ball hits seven pots."
0512-3,FkNdEfxYYc4,Wrongly-led Open-ended Question,Element Counting,Did the ping-pong ball hit only two pots at the beginning of the video?,48.09,Please state your answer with a brief explanation.,"No, the ping-pong ball hits four pots at the beginning of the video.",https://www.youtube.com/shorts/FkNdEfxYYc4,"I need to carefully watch the first few seconds of the video to count the number of pots the ping-pong ball hits.
At the beginning of the video, the ping-pong ball hits four pots."
0512-7,FkNdEfxYYc4,Multiple-choice Question with a Single Correct Answer,Element Counting,"How many pots did the ping-pong ball hit at the beginning of the video?
A. Seven
B. Five
C. Two
D. Ten",48.09,"E. None of the above
Select one best answer to the above multiple-choice question based on the video. Respond with only the letter (A, B, C, D or E) of the correct option.",B,https://www.youtube.com/shorts/FkNdEfxYYc4,"The question asks how many pots the ping-pong ball hit at the beginning of the video.
At the beginning of the video, the ping-pong ball hits five pots."
0520-0,SdvMPe6XF7w,Primary Open-ended Question,Plot Attribute,Which letters need the minimum number of people in the video to make up?,57.89,Please state your answer with a brief explanation.,"The letters I, V, and W need the minimum number of people in the video to make up, requiring only 1 person.",https://www.youtube.com/shorts/SdvMPe6XF7w,"The question asks which letters need the minimum number of people to make up.
I need to go through the video and count the number of people used for each letter.
A: 2 people
B: 3 people
C: 2 people
D: 3 people
E: 3 people
F: 2 people
G: 2 people
H: 2 people
I: 1 person
J: 2 people
K: 2 people
L: 2 people
M: 2 people
N: 3 people
O: 3 people
P: 2 people
Q: 3 people
R: 2 people
S: 2 people
T: 2 people
U: 3 people
V: 1 person
W: 1 person
X: 2 people
Y: 2 people
Z: 2 people

The letters I, V, and W only require 1 person."
0520-1,SdvMPe6XF7w,Paraphrased Open-ended Question,Plot Attribute,Which letters in the video require the fewest people to form?,57.89,Please state your answer with a brief explanation.,"The letters I, V, and W require the fewest people to form, as they only require one person.",https://www.youtube.com/shorts/SdvMPe6XF7w,"I need to review the video to determine which letters are formed using the fewest people.
The letters that require the fewest people are I, V, and W. These letters only require one person."
0520-2,SdvMPe6XF7w,Correctly-led Open-ended Question,Plot Attribute,"Do the letters 'I,' 'V,' and 'W' need only one person each to form in the video?",57.89,Please state your answer with a brief explanation.,"Yes, the letters 'I,' 'V,' and 'W' need only one person each to form in the video. The letter 'I' is formed by one person standing straight, the letter 'V' is formed by one person sitting and raising their legs, and the letter 'W' is formed by one person lying on their stomach and raising their legs.",https://www.youtube.com/shorts/SdvMPe6XF7w,"1. Review the video transcript and identify the timestamps for the letters 'I,' 'V,' and 'W.'
2. Analyze the video at those timestamps to determine how many people are used to form each letter.
3. Provide a clear answer stating whether each letter requires only one person, along with a brief explanation."
0520-3,SdvMPe6XF7w,Wrongly-led Open-ended Question,Plot Attribute,Is the letter 'i' the only one that needs the minimum number of people to form?,57.89,Please state your answer with a brief explanation.,"No, the letters 'V' and 'W' also need the minimum number of people to form.",https://www.youtube.com/shorts/SdvMPe6XF7w,"1. Review the video to identify the letters that require the minimum number of people to form.
2. The video shows the letter 'I' being formed by one person.
3. The video also shows the letters 'V' and 'W' being formed by one person.
4. Therefore, the letter 'I' is not the only one that needs the minimum number of people to form."
0520-7,SdvMPe6XF7w,Multiple-choice Question with a Single Correct Answer,Plot Attribute,"Which letters require the minimum number of people to form?
A. W
B. I
C. I', 'L', 'O', and 'V'
D. All of the above",57.89,"E. None of the above
Select one best answer to the above multiple-choice question based on the video. Respond with only the letter (A, B, C, D or E) of the correct option.",C,https://www.youtube.com/shorts/SdvMPe6XF7w,"The question asks which letters require the minimum number of people to form.
Looking at the video, the letter 'I' requires only one person.
The letters 'L' and 'V' also require only one person.
The letter 'O' requires three people.
The letter 'W' requires only one person.
Therefore, the correct answer is 'C. I', 'L', 'O', and 'V''."
0522-0,rujdEa3MVYo,Primary Open-ended Question,Element Counting,How many men in hats are seen in the video?,60.08,Please state your answer with a brief explanation.,There is 1 man wearing a baseball cap and 1 man wearing a unicorn helmet.,https://www.youtube.com/shorts/rujdEa3MVYo,"1. Review the video to identify any men wearing hats.
2. Count the number of men who are wearing hats.
3. Provide the final count with a brief explanation."
0522-1,rujdEa3MVYo,Paraphrased Open-ended Question,Element Counting,What is the number of men wearing hats in the video?,60.08,Please state your answer with a brief explanation.,There are two men wearing hats in the video. One is wearing a baseball cap and the other is wearing a pink unicorn helmet.,https://www.youtube.com/shorts/rujdEa3MVYo,"I need to count the number of men wearing hats in the video.
I will scan the video and look for men wearing hats.
I see one man wearing a baseball cap and another man wearing a pink unicorn helmet."
0522-2,rujdEa3MVYo,Correctly-led Open-ended Question,Element Counting,Are there two men in hats shown in the video?,60.08,Please state your answer with a brief explanation.,"Yes, there are two men in hats shown in the video. One man is wearing a baseball cap, and another man is wearing a pink unicorn helmet.",https://www.youtube.com/shorts/rujdEa3MVYo,"1. Review the video to identify men wearing hats.
2. Count the number of men wearing hats.
3. Provide the final answer."
0522-3,rujdEa3MVYo,Wrongly-led Open-ended Question,Element Counting,Are there three men in hats shown in the video?,60.08,Please state your answer with a brief explanation.,"Yes, there are three men in hats shown in the video. One man is wearing a grey baseball cap, one man is wearing a pink rhino helmet, and one man is wearing a Santa hat.",https://www.youtube.com/shorts/rujdEa3MVYo,"I need to watch the video and identify the men wearing hats.
I can see one man wearing a grey baseball cap at 0:32.
I can see one man wearing a pink rhino helmet at 0:21.
I can see one man wearing a Santa hat at 0:45.
Therefore, there are three men in hats shown in the video."
0522-7,rujdEa3MVYo,Multiple-choice Question with a Single Correct Answer,Element Counting,"How many men in hats are seen in the video?
A. Three
B. Four
C. One
D. Two",60.08,"E. None of the above
Select one best answer to the above multiple-choice question based on the video. Respond with only the letter (A, B, C, D or E) of the correct option.",A,https://www.youtube.com/shorts/rujdEa3MVYo,"The video shows a group of men dancing on a beach.
I need to count the number of men wearing hats.
At 0:32 one man is wearing a grey baseball cap.
At 0:20 one man is wearing a pink unicorn helmet.
At 0:45 one man is wearing a Santa hat.
Therefore, there are three men wearing hats."
0525-0,Ai4fCLMGL9Y,Primary Open-ended Question,Element Counting,How many legs does the person not in the wheelchair have in the video?,28.5,Please state your answer with a brief explanation.,The person not in the wheelchair has one leg.,https://www.youtube.com/shorts/Ai4fCLMGL9Y,"The question asks about the number of legs of the person not in the wheelchair.
By observing the video, the person not in the wheelchair has one leg."
0525-1,Ai4fCLMGL9Y,Paraphrased Open-ended Question,Element Counting,What is the number of legs the person not in the wheelchair has in the video?,28.5,Please state your answer with a brief explanation.,The person not in the wheelchair has one leg.,https://www.youtube.com/shorts/Ai4fCLMGL9Y,"The question asks about the number of legs the person not in the wheelchair has.
Based on the video, the person helping the man in the wheelchair has one leg."
0525-2,Ai4fCLMGL9Y,Correctly-led Open-ended Question,Element Counting,Does the person not in the wheelchair have only one leg?,28.5,Please state your answer with a brief explanation.,"Yes, the person not in the wheelchair has only one leg. This is visible at [00:00:07] where he is running on one leg to help the man in the wheelchair.",https://www.youtube.com/shorts/Ai4fCLMGL9Y,The video shows a man in a wheelchair struggling in flood water. Another man comes to help him. The comments mention that the helper is also disabled. At [00:00:07] the helper is seen running on one leg to help the man in the wheelchair.
0525-3,Ai4fCLMGL9Y,Wrongly-led Open-ended Question,Element Counting,Is it true that the person not in the wheelchair has two legs?,28.5,Please state your answer with a brief explanation.,"No, the person not in the wheelchair does not have two legs. He is seen walking with one leg.",https://www.youtube.com/shorts/Ai4fCLMGL9Y,"The question asks about the person who is not in the wheelchair.
I need to look at the video to see if the person has two legs.
From the video, the person who is helping the person in the wheelchair is seen walking with one leg."
0525-7,Ai4fCLMGL9Y,Multiple-choice Question with a Single Correct Answer,Element Counting,"How many legs does the person not in the wheelchair have?
A. One leg
B. Two legs
C. Three legs
D. No legs",28.5,"E. None of the above
Select one best answer to the above multiple-choice question based on the video. Respond with only the letter (A, B, C, D or E) of the correct option.",A,https://www.youtube.com/shorts/Ai4fCLMGL9Y,"The question asks about the number of legs of the person not in the wheelchair.
The video shows a person in a wheelchair being helped by another person.
The person helping is seen walking with one leg."
0526-0,Z5jKO_Qql30,Primary Open-ended Question,Element Counting,"In the second video, how many lighters is the man holding in his hand?",34.6,Please state your answer with a brief explanation.,"In the second video, the man is holding one lighter in his hand.",https://www.youtube.com/shorts/Z5jKO_Qql30,"The question asks about the number of lighters held in the second video.
In the second video, the man is holding one lighter in his hand."
0526-1,Z5jKO_Qql30,Paraphrased Open-ended Question,Element Counting,"In the second video, what is the number of lighters the man is holding?",34.6,Please state your answer with a brief explanation.,"In the second video, the man is holding two lighters.",https://www.youtube.com/shorts/Z5jKO_Qql30,"The question asks about the number of lighters the man is holding in the second video.
I need to watch the video and identify the second magic trick.
The second magic trick starts at 0:09.
At 0:13, the man is holding two lighters."
0526-2,Z5jKO_Qql30,Correctly-led Open-ended Question,Element Counting,Is the man holding two lighters in his hands in the second video?,34.6,Please state your answer with a brief explanation.,"Yes, the man is holding two lighters in his hands in the second video.",https://www.youtube.com/shorts/Z5jKO_Qql30,"The question asks about the second video.
The second video starts at 0:09.
At 0:13, the man is holding two lighters in his hands."
0526-3,Z5jKO_Qql30,Wrongly-led Open-ended Question,Element Counting,Is the man holding three lighters in his hands in the second video?,34.6,Please state your answer with a brief explanation.,"No, the man is holding two lighters in his hands in the second video.",https://www.youtube.com/shorts/Z5jKO_Qql30,"The question asks if the man is holding three lighters in his hands in the second video.
The second video starts at 0:09.
At 0:13, the man is holding two lighters in his hands.
Therefore, the man is not holding three lighters in his hands in the second video."
0526-7,Z5jKO_Qql30,Multiple-choice Question with a Single Correct Answer,Element Counting,"How many lighters is the man holding in the second video?
A. Three
B. Two
C. Four
D. One",34.6,"E. None of the above
Select one best answer to the above multiple-choice question based on the video. Respond with only the letter (A, B, C, D or E) of the correct option.",B,https://www.youtube.com/shorts/Z5jKO_Qql30,"The question asks how many lighters the man is holding in the second video.
The second video starts at 0:09.
At 0:13, the man is holding two lighters, one in each hand."
0530-0,yzlFm0LpRpM,Primary Open-ended Question,Positional Relationship,Which ball did the man in blue kick in the fifth scene?,33.56,Please state your answer with a brief explanation.,The man in blue kicks a soccer ball in the fifth scene.,https://www.youtube.com/shorts/yzlFm0LpRpM,"The question asks about the fifth scene.
The fifth scene starts at 0:09.
The man in blue kicks a soccer ball."
0530-1,yzlFm0LpRpM,Paraphrased Open-ended Question,Positional Relationship,Which ball did the man in blue choose to kick in the fifth scene?,33.56,Please state your answer with a brief explanation.,The man in blue kicked the middle ball.,https://www.youtube.com/shorts/yzlFm0LpRpM,"1. The question asks about the fifth scene.
2. I need to identify the fifth scene and the man in blue.
3. In the fifth scene, the man in blue kicks the ball in the middle."
0530-2,yzlFm0LpRpM,Correctly-led Open-ended Question,Positional Relationship,Did the man in blue kick the middle ball in the fifth scene?,33.56,Please state your answer with a brief explanation.,"Yes, the man in blue kicks the middle ball in the fifth scene.",https://www.youtube.com/shorts/yzlFm0LpRpM,"The question asks about the fifth scene.
The fifth scene starts at 0:05.
In the fifth scene, a man in blue kicks the middle ball."
0530-3,yzlFm0LpRpM,Wrongly-led Open-ended Question,Positional Relationship,Did the man in blue kick the top ball in the fifth scene?,33.56,Please state your answer with a brief explanation.,"Yes, the man in blue kicks the top ball in the fifth scene.",https://www.youtube.com/shorts/yzlFm0LpRpM,The fifth scene starts at 0:09. The man in blue kicks the top ball.
0530-7,yzlFm0LpRpM,Multiple-choice Question with a Single Correct Answer,Positional Relationship,"Which ball did the man in blue kick in the fifth scene?
A. Bottom ball
B. Top ball
C. Middle ball",33.56,"E. None of the above
Select one best answer to the above multiple-choice question based on the video. Respond with only the letter (A, B, C, D or E) of the correct option.",B,https://www.youtube.com/shorts/yzlFm0LpRpM,The fifth scene starts at 0:09. The man in blue kicks the top ball.
0539-0,HXeyvC8MeBU,Primary Open-ended Question,Element Counting,How many people in the video that aren't in a car are scared by the masked person?,60.08,Please state your answer with a brief explanation.,There are two people not in a car that are scared by the masked person. One group of kids walking on the sidewalk and one mail lady.,https://www.youtube.com/shorts/HXeyvC8MeBU,"The question asks how many people not in a car are scared by the masked person.
I need to identify the people who are not in a car and are scared by the masked person.
I see one group of kids walking on the sidewalk that are scared.
I see one mail lady that is scared."
0539-1,HXeyvC8MeBU,Paraphrased Open-ended Question,Element Counting,How many individuals outside of a car are frightened by the masked person in the video?,60.08,Please state your answer with a brief explanation.,There are 6 individuals outside of a car who are frightened by the masked person in the video. This includes a group of 5 children and 1 postal worker.,https://www.youtube.com/shorts/HXeyvC8MeBU,"1. I need to identify the instances where the masked person frightens individuals outside of a car.
2. I will count each individual who reacts with fear or surprise when confronted by the masked person while they are not inside a vehicle.
3. The first instance is at [00:00:06-00:00:10] where a group of children are frightened.
4. The second instance is at [00:00:58-01:00:01] where a postal worker is frightened.
5. Therefore, a total of 6 individuals are frightened outside of a car."
0539-2,HXeyvC8MeBU,Correctly-led Open-ended Question,Element Counting,Is it true that six people not in a car are scared by the masked person in the video?,60.08,Please state your answer with a brief explanation.,"Yes, it is true that six people not in a car are scared by the masked person in the video. Five people are walking on the sidewalk and one is a mail lady.",https://www.youtube.com/shorts/HXeyvC8MeBU,"I need to count the number of people who are not in a car and are scared by the masked person.
The first group of people are on the sidewalk and are scared. There are 5 people in this group.
The second person is the mail lady.
Therefore, the total number of people not in a car who are scared is 5 + 1 = 6."
0539-3,HXeyvC8MeBU,Wrongly-led Open-ended Question,Element Counting,Is it true that only four people not in a car are scared by the masked person in the video?,60.08,Please state your answer with a brief explanation.,"No, it is not true that only four people not in a car are scared by the masked person in the video. There are at least five people who are not in a car and are scared by the masked person.",https://www.youtube.com/shorts/HXeyvC8MeBU,"I need to count the number of people who are not in a car and are scared by the masked person.
The first group of people are on the street, and they are scared.
The second person is the mail lady, and she is scared.
The third person is the lady with the bonnet, and she is scared.
Therefore, there are more than four people not in a car who are scared by the masked person."
0539-7,HXeyvC8MeBU,Multiple-choice Question with a Single Correct Answer,Element Counting,"How many people not in a car are scared by the masked person in the video?
A. Four
B. Six
C. Five
D. Seven",60.08,"E. None of the above
Select one best answer to the above multiple-choice question based on the video. Respond with only the letter (A, B, C, D or E) of the correct option.",E,https://www.youtube.com/shorts/HXeyvC8MeBU,"The question asks how many people not in a car are scared by the masked person.
From the video, I can see the following instances:
1. A group of kids walking on the sidewalk are scared.
2. A mail lady is scared.
Therefore, the total number of people not in a car who are scared is more than 4."
0541-0,zb6Bnsm3_zo,Primary Open-ended Question,Element Counting,How many teeth are there in the video?,11.17,Please state your answer with a brief explanation.,There are 12 teeth in the drawing shown in the video.,https://www.youtube.com/shorts/zb6Bnsm3_zo,"The video shows a drawing of a set of teeth. I need to count the number of teeth in the drawing.
I can see 12 teeth in the drawing."
0541-1,zb6Bnsm3_zo,Paraphrased Open-ended Question,Element Counting,What is the total number of teeth shown throughout the video?,11.17,Please state your answer with a brief explanation.,There are 14 teeth shown throughout the video. This is based on the drawing of teeth that is shown.,https://www.youtube.com/shorts/zb6Bnsm3_zo,"The video shows a drawing of teeth. I need to count the number of teeth in the drawing.
I can see 14 teeth in the drawing."
0541-2,zb6Bnsm3_zo,Correctly-led Open-ended Question,Element Counting,Are there consistently 10 teeth visible in the video from start to finish?,11.17,Please state your answer with a brief explanation.,"No, there are consistently 12 teeth visible in the video from start to finish.",https://www.youtube.com/shorts/zb6Bnsm3_zo,"The video shows a drawing of teeth being repeatedly dipped into water.
I need to count the number of teeth visible in the drawing.
I can see that there are 12 teeth in the drawing.
The drawing is visible throughout the video."
0541-3,zb6Bnsm3_zo,Wrongly-led Open-ended Question,Element Counting,Does the number of visible teeth decrease to none as the water level rises in the video?,11.17,Please state your answer with a brief explanation.,"Yes, the number of visible teeth decreases to none as the water level rises. This is due to the refraction of light as it passes from the water to the air.",https://www.youtube.com/shorts/zb6Bnsm3_zo,"The video shows a drawing of teeth being submerged in water. As the water level rises, the teeth appear to disappear due to refraction. The number of teeth visible decreases as the water level rises. Eventually, all the teeth disappear."
0541-7,zb6Bnsm3_zo,Multiple-choice Question with a Single Correct Answer,Element Counting,"How many teeth are visible throughout the video?
A. 12
B. 8
C. 9
D. 10",11.17,"E. None of the above
Select one best answer to the above multiple-choice question based on the video. Respond with only the letter (A, B, C, D or E) of the correct option.",A,https://www.youtube.com/shorts/zb6Bnsm3_zo,"The video shows a drawing of teeth. I need to count the number of teeth in the drawing.
I can see 12 teeth in the drawing."
0542-0,5mFcSiUxAus,Primary Open-ended Question,Plot Attribute (Montage),What scene is shown as a metaphor of time passage in between the cooking of the bread?,59.99,Please state your answer with a brief explanation.,The scene of the person standing under the waterfall is shown as a metaphor for the passage of time in between the cooking of the bread.,https://www.youtube.com/shorts/5mFcSiUxAus,"The question asks about a scene that represents the passage of time while the bread is cooking.
I need to look for a scene that is separate from the cooking process but is shown in between the cooking process.
At timestamp 0:49, the video shows the person standing under the waterfall. This scene is shown in between the process of putting the bread in the pan and taking it out."
0542-1,5mFcSiUxAus,Paraphrased Open-ended Question,Plot Attribute (Montage),What scene in the video symbolizes the passage of time during the bread's cooking process?,59.99,Please state your answer with a brief explanation.,"The scene at 0:49, where the creator is shown behind the waterfall, symbolizes the passage of time while the bread is cooking.",https://www.youtube.com/shorts/5mFcSiUxAus,"The question asks about a scene that symbolizes the passage of time while the bread is cooking.
I need to look for a scene where the video cuts away from the cooking process and then returns to it later.
The video shows the creator going behind the waterfall while the bread is cooking. This symbolizes the passage of time."
0542-2,5mFcSiUxAus,Correctly-led Open-ended Question,Plot Attribute (Montage),"Is the scene where the person is sitting under a waterfall, appearing to meditate, used as a metaphor for time passing while the bread cooks?",59.99,Please state your answer with a brief explanation.,"Yes, the scene where the person is sitting under a waterfall, appearing to meditate, is used as a metaphor for time passing while the bread cooks.",https://www.youtube.com/shorts/5mFcSiUxAus,"The video shows the person sitting under the waterfall while the bread is cooking.
The question asks if this scene is a metaphor for time passing.
The video does not explicitly state this, but the scene is placed in the video to show the passage of time."
0542-3,5mFcSiUxAus,Wrongly-led Open-ended Question,Plot Attribute (Montage),Is the scene where the person is bathing under a waterfall used as a metaphor for the passage of time during the bread's cooking?,59.99,Please state your answer with a brief explanation.,"Yes, the scene where the person is bathing under a waterfall is used as a metaphor for the passage of time during the bread's cooking.",https://www.youtube.com/shorts/5mFcSiUxAus,"The question asks if the scene of the person bathing under the waterfall is a metaphor for the passage of time while the bread is cooking.
I need to look for the scene where the person is under the waterfall and see if it is shown while the bread is cooking.
The video shows the person under the waterfall while the bread is cooking.
Therefore, the scene is used as a metaphor for the passage of time."
0542-7,5mFcSiUxAus,Multiple-choice Question with a Single Correct Answer,Plot Attribute (Montage),"Which scene in the video serves as a metaphor for the passage of time during the bread's cooking?
A. The person cooking over a fire.
B. The person walking through a forest.
C. The person bathing under a waterfall.
D. The person sitting under a waterfall, appearing to meditate.",59.99,"E. None of the above
Select one best answer to the above multiple-choice question based on the video. Respond with only the letter (A, B, C, D or E) of the correct option.",D,https://www.youtube.com/shorts/5mFcSiUxAus,"The question asks about a scene that represents the passage of time while the bread is cooking.
Option A, cooking over a fire, is part of the cooking process itself, not a representation of time passing.
Option B, walking through a forest, is not shown in the video.
Option C, bathing under a waterfall, is shown in the video.
Option D, sitting under a waterfall, appearing to meditate, is shown in the video.
The video shows the person sitting under the waterfall while the bread is cooking. This scene is separate from the cooking process and visually represents the time passing as the bread bakes."
0548-0,m8tfdmm3g2A,Primary Open-ended Question,Element Localization,What's the second thing in the video that a man clips with a car window?,58.58,Please state your answer with a brief explanation.,The second thing in the video that a man clips with a car window is a carrot.,https://www.youtube.com/shorts/m8tfdmm3g2A,"1. I need to watch the video and identify the first instance of a man clipping something with a car window.
2. Then I need to watch the video again and identify the second instance of a man clipping something with a car window.
3. I will then state the second thing that was clipped with a car window."
0548-1,m8tfdmm3g2A,Paraphrased Open-ended Question,Element Localization,What is the second item the man clips with the car window in the video?,58.58,Please state your answer with a brief explanation.,The second item clipped with the car window is a carrot.,https://www.youtube.com/shorts/m8tfdmm3g2A,"1. I need to watch the video and identify the second item clipped with the car window.
2. The first item clipped with the car window is a cucumber.
3. The second item clipped with the car window is a carrot."
0548-2,m8tfdmm3g2A,Correctly-led Open-ended Question,Element Localization,Did the man clip cucumber with the car window after the sausage?,58.58,Please state your answer with a brief explanation.,"No, the man clipped a carrot with the car window after the sausage.",https://www.youtube.com/shorts/m8tfdmm3g2A,"The question asks if the man clipped a cucumber with the car window after the sausage.
I need to watch the video and identify the part where the man clips food with the car window.
The man clips a cucumber and then a carrot with the car window."
0548-3,m8tfdmm3g2A,Wrongly-led Open-ended Question,Element Localization,Does the man clip a carrot as the second item with the car window?,58.58,Please state your answer with a brief explanation.,"Yes, the man clips a carrot as the second item with the car window.",https://www.youtube.com/shorts/m8tfdmm3g2A,"The question asks if the man clips a carrot as the second item with the car window.
I need to watch the video and see what the second item is.
At timestamp 0:08, the man clips a cucumber with the car window.
At timestamp 0:09, the man clips a carrot with the car window.
Therefore, the man clips a carrot as the second item with the car window."
0548-7,m8tfdmm3g2A,Multiple-choice Question with a Single Correct Answer,Element Localization,"What is the second thing the man clips with a car window?
A. Sausage
B. Cucumber
C. Apple
D. Carrot",58.58,"E. None of the above
Select one best answer to the above multiple-choice question based on the video. Respond with only the letter (A, B, C, D or E) of the correct option.",D,https://www.youtube.com/shorts/m8tfdmm3g2A,"The question asks about the second item clipped with a car window.
At [00:00:08], the man clips a cucumber with the car window.
At [00:00:09], the man clips a carrot with the car window.
Therefore, the second item clipped with the car window is a carrot."
0551-0,HsXS1Qt11cU,Primary Open-ended Question,Element Attributes,What is the state of on-and-off of the switches on the wall in the scene with the woman kneeling?,17.62,Please state your answer with a brief explanation.,There are no visible switches on the wall in the scene with the woman kneeling.,https://www.youtube.com/shorts/HsXS1Qt11cU,"The question asks about the state of the switches on the wall in the scene with the woman kneeling.
I need to watch the video and find the scene where the woman is kneeling.
At timestamp 0:12, the woman is kneeling.
There are no visible switches on the wall in this scene."
0551-1,HsXS1Qt11cU,Paraphrased Open-ended Question,Element Attributes,How are the switches positioned on the wall in the scene with the woman kneeling?,17.62,Please state your answer with a brief explanation.,There are no visible switches on the wall in the scene where the woman is kneeling.,https://www.youtube.com/shorts/HsXS1Qt11cU,"The question asks about the position of the switches on the wall in the scene where the woman is kneeling.
I need to watch the video and identify the scene where the woman is kneeling.
At timestamp 0:12, the woman is kneeling.
There are no visible switches on the wall in this scene."
0551-2,HsXS1Qt11cU,Correctly-led Open-ended Question,Element Attributes,"In the scene with the kneeling woman, is the switch in two different positions?",17.62,Please state your answer with a brief explanation.,"No, the switch is in the same position.",https://www.youtube.com/shorts/HsXS1Qt11cU,"The question asks about the switch in the scene with the kneeling woman.
The kneeling woman is shown at timestamp 0:12.
The switch is part of the door.
The switch is in the same position in the scene."
0551-3,HsXS1Qt11cU,Wrongly-led Open-ended Question,Element Attributes,Are both switches on the wall in the scene with the woman kneeling in the same position?,17.62,Please state your answer with a brief explanation.,"No, the top switch is in the down position, and the bottom switch is in the up position.",https://www.youtube.com/shorts/HsXS1Qt11cU,"The question asks about the position of the switches on the wall in the scene where the woman is kneeling.
At timestamp 0:12, the woman is kneeling in front of a door. On the wall to the right of the door, there are two light switches. The top switch is in the down position, and the bottom switch is in the up position."
0551-7,HsXS1Qt11cU,Multiple-choice Question with a Single Correct Answer,Element Attributes,"What is the state of the switches on the wall in the scene with the woman kneeling?
A. Both are on.
B. Both are off.
C. Both are in the middle position.
D. One is on, and one is off.",17.62,"E. None of the above
Select one best answer to the above multiple-choice question based on the video. Respond with only the letter (A, B, C, D or E) of the correct option.",B,https://www.youtube.com/shorts/HsXS1Qt11cU,"The scene with the woman kneeling is at timestamp 0:12. In the background, there are two switches on the wall. Both switches are in the down position, which means they are both off."
0552-0,lAmfy5J8iEA,Primary Open-ended Question,Element Counting,How many slices of bread are in the plate that the guy in the kitchen is carrying?,59.76,Please state your answer with a brief explanation.,There are 4 slices of bread on the plate.,https://www.youtube.com/shorts/lAmfy5J8iEA,"The question asks about the number of bread slices on the plate.
I need to find the scene where a person is carrying a plate with bread slices.
At 0:46, a person is carrying a plate with bread slices.
I need to count the number of bread slices on the plate.
There are 4 bread slices on the plate."
0552-1,lAmfy5J8iEA,Paraphrased Open-ended Question,Element Counting,What is the number of bread slices on the plate held by the person in the kitchen?,59.76,Please state your answer with a brief explanation.,There are 4 bread slices on the plate.,https://www.youtube.com/shorts/lAmfy5J8iEA,"The question asks about the number of bread slices on a plate held by a person in the kitchen.
I need to scan the video for a scene that shows a person in a kitchen holding a plate of bread.
At timestamp 0:46, a person is in a kitchen holding a plate with bread slices.
I need to count the number of bread slices on the plate.
There are 4 bread slices on the plate."
0552-2,lAmfy5J8iEA,Correctly-led Open-ended Question,Element Counting,Is the person in the kitchen carrying three pairs of sliced bread on the plate?,59.76,Please state your answer with a brief explanation.,"No, the person in the kitchen is carrying two pairs of sliced bread on the plate.",https://www.youtube.com/shorts/lAmfy5J8iEA,"The question is about the number of sliced bread pairs on the plate.
I need to find the scene in the video where a person is in the kitchen carrying a plate of sliced bread.
At timestamp 0:46, a person is in the kitchen holding a plate.
At timestamp 0:47, the plate has 4 slices of bread.
Since a pair means two, there are two pairs of sliced bread on the plate."
0552-3,lAmfy5J8iEA,Wrongly-led Open-ended Question,Element Counting,Is the person in the kitchen carrying four slices of bread on the plate?,59.76,Please state your answer with a brief explanation.,"Yes, the person in the kitchen is carrying four slices of bread on the plate.",https://www.youtube.com/shorts/lAmfy5J8iEA,"The question is whether the person in the kitchen is carrying four slices of bread on the plate.
I need to scan the video to find the scene in the kitchen.
At 0:00:46, I can see the person in the kitchen carrying a plate with four slices of bread."
0552-7,lAmfy5J8iEA,Multiple-choice Question with a Single Correct Answer,Element Counting,"How many slices of bread are on the plate that the person in the kitchen is carrying?
A. Four slices
B. Five slices
C. Two slices
D. Three pairs of slices",59.76,"E. None of the above
Select one best answer to the above multiple-choice question based on the video. Respond with only the letter (A, B, C, D or E) of the correct option.",A,https://www.youtube.com/shorts/lAmfy5J8iEA,"The video is a compilation of funny clips.
The question asks about the number of bread slices on a plate.
I need to find the clip where someone is carrying a plate with bread.
At timestamp 0:46, a person in a kitchen is carrying a plate with 4 slices of bread."
0561-0,PPLTAZ2pBK0,Primary Open-ended Question,Event Counting,How many times does the watch the man is wearing appear in the video?,21.48,Please state your answer with a brief explanation.,The man's watch is visible in the video 12 times.,https://www.youtube.com/shorts/PPLTAZ2pBK0,"The video shows a man holding his dog in front of a mirror, taking a picture each month. I need to count how many times the man's watch is visible in the video."
0561-1,PPLTAZ2pBK0,Paraphrased Open-ended Question,Event Counting,How often does the man's watch appear throughout the video?,21.48,Please state your answer with a brief explanation.,The man's watch appears in every frame of the video.,https://www.youtube.com/shorts/PPLTAZ2pBK0,"The video shows a man holding his dog at different stages of its life. I need to look for the man's watch in each frame.
I can see the man's watch in every frame of the video."
0561-2,PPLTAZ2pBK0,Correctly-led Open-ended Question,Event Counting,Does the man's watch appear 7 times in the video?,21.48,Please state your answer with a brief explanation.,"Yes, the man's watch appears 7 times in the video.",https://www.youtube.com/shorts/PPLTAZ2pBK0,"The video shows the man holding his dog at different ages. I need to check each frame to see if the man is wearing a watch and count the number of times it appears.
The watch is visible in the following frames: 2 months, 3 months, 4 months, 5 months, 6 months, 9 months, 1 year, 2 years.
The watch appears in all frames."
0561-3,PPLTAZ2pBK0,Wrongly-led Open-ended Question,Event Counting,Does the man's watch appear 10 times in the video?,21.48,Please state your answer with a brief explanation.,"Yes, the man's watch appears 10 times in the video because there are 10 frames and the watch is visible in each frame.",https://www.youtube.com/shorts/PPLTAZ2pBK0,"I will review the video to see how many times the man's watch is visible.
The man's watch is visible in each frame of the video. There are 10 frames."
0561-7,PPLTAZ2pBK0,Multiple-choice Question with a Single Correct Answer,Event Counting,"How many times does the man's watch appear in the video?
A. 3
B. 2
C. 7
D. 10",21.48,"E. None of the above
Select one best answer to the above multiple-choice question based on the video. Respond with only the letter (A, B, C, D or E) of the correct option.",E,https://www.youtube.com/shorts/PPLTAZ2pBK0,"The man's watch is visible in every frame of the video. The video shows the dog's growth from 2 months to 2 years. The video shows the dog at 2 months, 3 months, 4 months, 5 months, 6 months, 9 months, 1 year, and 2 years. Therefore, the man's watch appears 8 times in the video. Since 8 is not an option, the answer is E."
0566-0,jyXFmTycx_k,Primary Open-ended Question,Plot Attribute (Montage),"Based on narration, what is the reason for the inclusion of the scenes with a broken pot of plant?",60.65,Please state your answer with a brief explanation.,The inclusion of the scenes with a broken pot of plant is a metaphor for cleaning up after using the toilet.,https://www.youtube.com/watch?v=jyXFmTycx_k,"The question asks about the reason for the inclusion of the scenes with a broken pot of plant.
The video shows a woman using the toilet, then scenes of dirt, mud, and cleaning up dirt.
The broken pot of plant is part of the dirt and cleaning up dirt scenes.
The video is an advertisement for toilet paper and wipes.
The dirt and cleaning up dirt scenes are meant to be a metaphor for cleaning up after using the toilet."
0566-1,jyXFmTycx_k,Paraphrased Open-ended Question,Plot Attribute (Montage),What is the purpose of showing the broken pot of plant in the scenes?,60.65,Please state your answer with a brief explanation.,The broken pot of plant is a metaphor for cleaning up after using the toilet.,https://www.youtube.com/watch?v=jyXFmTycx_k,The video is an advertisement for Neve toilet paper and wipes. The broken pot of plant is shown being swept up and discarded. This is then followed by a scene of red powder being wiped up. The broken pot of plant is a metaphor for cleaning up after using the toilet.
0566-2,jyXFmTycx_k,Correctly-led Open-ended Question,Plot Attribute (Montage),Do the scenes with the broken pot of plant symbolize the mess and the ineffective cleaning process of using rolled toilet paper?,60.65,Please state your answer with a brief explanation.,"Yes, the scenes with the broken pot of plant symbolize the mess and the ineffective cleaning process of using rolled toilet paper. The messy cleanup of the broken pot contrasts with the effective cleaning demonstrated with the advertised wet wipes.",https://www.youtube.com/watch?v=jyXFmTycx_k,"The question asks if the broken pot of plant symbolizes the mess and ineffective cleaning of rolled toilet paper.
The video shows a woman using rolled toilet paper, and then there are scenes of a broken pot of plant being cleaned up.
The video then shows a woman using the advertised wet wipes to clean a surface.
The broken pot of plant is shown being swept up, which is a messy and incomplete cleaning process.
The wet wipes are shown cleaning a surface effectively.
Therefore, the broken pot of plant symbolizes the mess and ineffective cleaning of rolled toilet paper."
0566-3,jyXFmTycx_k,Wrongly-led Open-ended Question,Plot Attribute (Montage),Do the scenes with the broken pot of plant highlight the effectiveness of Neve toilet paper and wipes in cleaning up messes?,60.65,Please state your answer with a brief explanation.,"Yes, the scenes with the broken pot of plant highlight the effectiveness of Neve toilet paper and wipes in cleaning up messes, as the video transitions from various messy situations to cleaning up with Neve products.",https://www.youtube.com/watch?v=jyXFmTycx_k,"The video shows a montage of various messy situations, including a broken pot of plant. It then shows someone cleaning up a mess with a wipe. The video concludes by stating ""Neve toilet paper and wipes. Once you get it, it's obvious."""
0566-7,jyXFmTycx_k,Multiple-choice Question with a Single Correct Answer,Plot Attribute (Montage),"What do the scenes with the broken pot of plant symbolize?
A. The beauty of nature.
B. The mess and unsatisfactory cleaning process of using rolled toilet paper.
C. The durability of the pot.
D. The effectiveness of Neve toilet paper and wipes.",60.65,"E. None of the above
Select one best answer to the above multiple-choice question based on the video. Respond with only the letter (A, B, C, D or E) of the correct option.",B,https://www.youtube.com/watch?v=jyXFmTycx_k,"The video shows a woman in the bathroom using toilet paper. Then there are scenes of dirt and mess, followed by a scene of cleaning up a broken pot of plant. Later, the video shows a woman cleaning up makeup with wipes. The video ends with the text ""NEVE TOILET PAPER AND WIPES. ONCE YOU GET IT, IT'S OBVIOUS.""
Therefore, the broken pot of plant symbolizes the mess and unsatisfactory cleaning process of using rolled toilet paper."
0567-0,trYIAMCLeOs,Primary Open-ended Question,Element Localization,What color is the hair of the third person in the video?,56.94,Please state your answer with a brief explanation.,The hair color of the third person in the video is dark brown/black.,https://www.youtube.com/shorts/trYIAMCLeOs,"The question asks about the hair color of the third person in the video.
The first person in the video appears at 0:00.
The second person in the video appears at 0:08.
The third person in the video appears at 0:50.
The hair color of the third person is dark brown/black."
0567-1,trYIAMCLeOs,Paraphrased Open-ended Question,Element Localization,What is the hair color of the third individual shown in the video?,56.94,Please state your answer with a brief explanation.,The hair color of the third individual shown in the video is black. This individual is the woman with the mango at timestamp 0:08.,https://www.youtube.com/shorts/trYIAMCLeOs,"1. I need to identify the third individual shown in the video.
2. I need to determine the hair color of that individual.
3. I will provide the answer with a brief explanation.

The third individual shown in the video is the woman with the mango at timestamp 0:08. Her hair color is black."
0567-2,trYIAMCLeOs,Correctly-led Open-ended Question,Element Localization,Is the third person in the video the one with long black hair?,56.94,Please state your answer with a brief explanation.,"No, the third person in the video is not the one with long black hair. The third person is a child who appears at the table at 0:22.",https://www.youtube.com/shorts/trYIAMCLeOs,"The question asks about the third person in the video.
The first person in the video is the man wasting cereal.
The second person in the video is the woman with long black hair.
The third person in the video is the child who appears at the table at 0:22."
0567-3,trYIAMCLeOs,Wrongly-led Open-ended Question,Element Localization,Is the third person in the video the one with blonde hair and dark roots?,56.94,Please state your answer with a brief explanation.,"No, the third person in the video is a child who does not have blonde hair and dark roots.",https://www.youtube.com/shorts/trYIAMCLeOs,"The question asks about the third person in the video.
The first person in the video is the man who is wasting cereal.
The second person in the video is the woman who is making the cereal and yogurt.
The third person in the video is the child who is standing next to the woman while she is preparing the cereal.
The child does not have blonde hair and dark roots."
0567-7,trYIAMCLeOs,Multiple-choice Question with a Single Correct Answer,Element Localization,"What is the hair color of the third person in the video?
A. Black
B. Blonde with dark roots
C. Red
D. Brown",56.94,"E. None of the above
Select one best answer to the above multiple-choice question based on the video. Respond with only the letter (A, B, C, D or E) of the correct option.",A,https://www.youtube.com/shorts/trYIAMCLeOs,The third person in the video appears at 0:08. She has black hair.
0571-0,ragJEXeqcbE,Primary Open-ended Question,Positional Relationship,Where is the ring worn by the man in the video?,50.11,Please state your answer with a brief explanation.,The man in the video is wearing a ring on his left ring finger and his right ring finger.,https://www.youtube.com/shorts/ragJEXeqcbE,"The question asks about the ring worn by the man in the video.
I need to watch the video and look for the ring.
At timestamp 0:00:16, I can see a ring on his left ring finger.
At timestamp 0:00:34, I can see a ring on his right ring finger."
0571-1,ragJEXeqcbE,Paraphrased Open-ended Question,Positional Relationship,On which finger is the man's ring in the video?,50.11,Please state your answer with a brief explanation.,The man's ring is on his right ring finger.,https://www.youtube.com/shorts/ragJEXeqcbE,"The video shows the man's hands at various points. I need to identify a clear shot of his hands where the rings are visible. At 0:00:34, the man is holding the concave 3D object. In this shot, the ring is visible on his right ring finger."
0571-2,ragJEXeqcbE,Correctly-led Open-ended Question,Positional Relationship,Is the man's ring worn on the middle finger of his left hand in the video?,50.11,Please state your answer with a brief explanation.,"Yes, the man is wearing a ring on the middle finger of his left hand in the video.",https://www.youtube.com/shorts/ragJEXeqcbE,"The video shows the man's hands clearly. I can observe his left hand and check if he is wearing a ring on his middle finger. At timestamp 0:00:34, the man is wearing a ring on the middle finger of his left hand."
0571-3,ragJEXeqcbE,Wrongly-led Open-ended Question,Positional Relationship,Is the man's ring worn on the ring finger of his right hand in the video?,50.11,Please state your answer with a brief explanation.,"Yes, the man is wearing a ring on the ring finger of his right hand in the video.",https://www.youtube.com/shorts/ragJEXeqcbE,"The video shows the man's hands clearly. I can observe whether he is wearing a ring on the ring finger of his right hand.
At timestamp 0:00:01, the man is wearing a ring on the ring finger of his right hand."
0571-7,ragJEXeqcbE,Multiple-choice Question with a Single Correct Answer,Positional Relationship,"Where is the man's ring worn in the video?
A. Ring finger of his right hand
B. Index finger of his right hand
C. Thumb of his left hand
D. Middle finger of his left hand",50.11,"E. None of the above
Select one best answer to the above multiple-choice question based on the video. Respond with only the letter (A, B, C, D or E) of the correct option.",A,https://www.youtube.com/shorts/ragJEXeqcbE,The video shows the man's hands clearly. He wears a ring on the ring finger of his right hand.
0575-0,xW8pfZ5WpNQ,Primary Open-ended Question,Element Attributes (Optical Illusion),What is the two item the little girl in the video is wearing on her feet?,15.57,Please state your answer with a brief explanation.,The little girl is wearing a pair of pink flip-flops and a cell phone case on her feet.,https://www.youtube.com/shorts/xW8pfZ5WpNQ,"The question asks about the two items the little girl is wearing on her feet.
Looking at the video, the little girl is wearing a pair of pink flip-flops and a cell phone case."
0575-1,xW8pfZ5WpNQ,Paraphrased Open-ended Question,Element Attributes (Optical Illusion),What are the two things the little girl is wearing on her feet in the video?,15.57,Please state your answer with a brief explanation.,The little girl is wearing a pair of pink flip-flops and phone cases on her feet.,https://www.youtube.com/shorts/xW8pfZ5WpNQ,"1. I need to identify what the little girl is wearing on her feet.
2. By observing the video, I can see that she is wearing a pair of pink flip-flops and phone cases."
0575-2,xW8pfZ5WpNQ,Correctly-led Open-ended Question,Element Attributes (Optical Illusion),Is one of the items on the little girl's feet a phone with a pink slipper case?,15.57,Please state your answer with a brief explanation.,"Yes, one of the items on the little girl's feet is a phone with a pink slipper case. At [00:00:06], the little girl is wearing a pink slipper on one foot and a phone with a pink slipper case on the other foot.",https://www.youtube.com/shorts/xW8pfZ5WpNQ,"1. The question asks if one of the items on the little girl's feet is a phone with a pink slipper case.
2. Review the video to observe what the little girl is wearing on her feet.
3. At [00:00:06], the little girl is wearing a pink slipper on one foot and a phone with a pink slipper case on the other foot.
4. Answer the question."
0575-3,xW8pfZ5WpNQ,Wrongly-led Open-ended Question,Element Attributes (Optical Illusion),Are both items on the little girl's feet pink flip-flops?,15.57,Please state your answer with a brief explanation.,"No, one item is a pink flip-flop, and the other is a pink phone case shaped like a flip-flop.",https://www.youtube.com/shorts/xW8pfZ5WpNQ,"The video shows the little girl wearing two different items on her feet. One is a pink flip-flop, and the other is a pink phone case shaped like a flip-flop."
0575-7,xW8pfZ5WpNQ,Multiple-choice Question with a Single Correct Answer,Element Attributes (Optical Illusion),"What is the little girl wearing on her feet?
A. Two pink flip-flops
B. Barefoot
C. Two phones with pink cases
D. One pink flip flop and a phone with a pink slipper case",15.57,"E. None of the above
Select one best answer to the above multiple-choice question based on the video. Respond with only the letter (A, B, C, D or E) of the correct option.",D,https://www.youtube.com/shorts/xW8pfZ5WpNQ,The video shows the little girl wearing a pink flip-flop on one foot and a phone with a pink slipper case on the other foot.
0576-0,3bisVkxCA0c,Primary Open-ended Question,Element Localization,Which girl in the video uses a belt?,13.25,Please state your answer with a brief explanation.,The Gen-Z girl uses a belt.,https://www.youtube.com/shorts/3bisVkxCA0c,"The video shows two girls, one representing Millennial style and the other representing Gen-Z style. I need to identify which girl uses a belt in her outfit. By watching the video, I can see that the Gen-Z girl puts on a belt over her sweater."
0576-1,3bisVkxCA0c,Paraphrased Open-ended Question,Element Localization,Who in the video is wearing a belt?,13.25,Please state your answer with a brief explanation.,The GEN-Z style includes a belt.,https://www.youtube.com/shorts/3bisVkxCA0c,"The video shows two different styles, one labeled ""millennial"" and the other ""GEN-Z"". I need to determine which of the two styles incorporates a belt. By observing the video, I can see that the GEN-Z style includes a belt worn over the sweater."
0576-2,3bisVkxCA0c,Correctly-led Open-ended Question,Element Localization,Is the GEN-Z girl the one using a belt in the video?,13.25,Please state your answer with a brief explanation.,"Yes, the GEN-Z girl is the one using a belt in the video. She puts it on over her sweater to cinch the waist.",https://www.youtube.com/shorts/3bisVkxCA0c,"The video shows two different styles, one labeled ""millennial"" and the other ""GEN-Z.""
I need to observe which style incorporates a belt.
At [00:00:06], the GEN-Z girl is shown putting on a belt over her sweater."
0576-3,3bisVkxCA0c,Wrongly-led Open-ended Question,Element Localization,Is the millennial girl the one using a belt in the video?,13.25,Please state your answer with a brief explanation.,"No, the Gen-Z girl is the one using a belt in the video.",https://www.youtube.com/shorts/3bisVkxCA0c,"The video shows two different styles, one labeled ""millennial"" and the other ""GEN-Z"". The video shows the Gen-Z girl using a belt."
0576-7,3bisVkxCA0c,Multiple-choice Question with a Single Correct Answer,Element Localization,"Which individual uses a belt in the video?
A. Neither
B. Both
C. Millennial
D. GEN-Z",13.25,"E. None of the above
Select one best answer to the above multiple-choice question based on the video. Respond with only the letter (A, B, C, D or E) of the correct option.",D,https://www.youtube.com/shorts/3bisVkxCA0c,The video shows the Gen-Z individual putting on a belt over the sweater. The Millennial individual does not use a belt.
0578-0,_hkdNurB1Fk,Primary Open-ended Question,Element Counting,How many people are in the video?,58.09,Please state your answer with a brief explanation.,"There are three people in the video: Mr. Bean (Rowan Atkinson), the man he is chasing, and the construction worker.",https://www.youtube.com/shorts/_hkdNurB1Fk,"1. Identify the different people appearing in the video.
2. Count each individual person.
3. Provide the final count."
0578-1,_hkdNurB1Fk,Paraphrased Open-ended Question,Element Counting,What is the total number of individuals shown in the video?,58.09,Please state your answer with a brief explanation.,"There are three individuals shown in the video: Johnny English, the person he is chasing, and a construction worker.",https://www.youtube.com/shorts/_hkdNurB1Fk,"The video shows a scene from Johnny English Reborn. I need to count the number of distinct individuals who appear in the video.
- There is the main character, Johnny English (Rowan Atkinson).
- There is the person he is chasing.
- There is a construction worker.
Therefore, there are three individuals."
0578-2,_hkdNurB1Fk,Correctly-led Open-ended Question,Element Counting,Are there eight people visible in the video?,58.09,Please state your answer with a brief explanation.,"Yes, there are eight people visible in the video: the man being chased, Mr. Bean, two construction workers, and three people in the street.",https://www.youtube.com/shorts/_hkdNurB1Fk,"I need to count the number of people visible in the video.
The video shows the following people:
- The man being chased
- Mr. Bean
- Two construction workers on the roof
- Three people in the street
- The crane operator

Therefore, there are eight people visible in the video."
0578-3,_hkdNurB1Fk,Wrongly-led Open-ended Question,Element Counting,Could there be at least ten people in the video?,58.09,Please state your answer with a brief explanation.,"Yes, it is possible to see at least ten people in the video.",https://www.youtube.com/shorts/_hkdNurB1Fk,"The video features scenes from the movie Johnny English Reborn.
I need to count the number of people that appear in the video.
The video features Johnny English (Rowan Atkinson), the man he is chasing, construction workers, and people in the background of the chase scene.
I can see at least two construction workers on the roof, Johnny English, the man he is chasing, and several people in the background of the chase scene.
It is possible to see at least ten people in the video."
0578-7,_hkdNurB1Fk,Multiple-choice Question with a Single Correct Answer,Element Counting,"How many people are in the video?
A. 10
B. 8
C. 12
D. 6",58.09,"E. None of the above
Select one best answer to the above multiple-choice question based on the video. Respond with only the letter (A, B, C, D or E) of the correct option.",D,https://www.youtube.com/shorts/_hkdNurB1Fk,"The video shows Mr. Bean, the person he is chasing, and construction workers.
I can see Mr. Bean, the person being chased, and at least 3 construction workers on the roof.
So, there are at least 5 people in the video.
There are also people in the background of the chase scene.
I can see at least 6 people in the video."
0580-0,85l_AvYt-XE,Primary Open-ended Question,Event Counting,How many steps did the girl run before she reached the top?,10.97,Please state your answer with a brief explanation.,The girl takes 3 steps on the wall before she reaches the top.,https://www.youtube.com/shorts/85l_AvYt-XE,"The girl runs up the wall and flips to the top. I need to count how many steps she takes on the wall before she reaches the top.
I can see that she takes 3 steps on the wall before she flips to the top."
0580-1,85l_AvYt-XE,Paraphrased Open-ended Question,Event Counting,How many steps did the girl take before reaching the top of the wall?,10.97,Please state your answer with a brief explanation.,The girl takes two steps before reaching the top of the wall.,https://www.youtube.com/shorts/85l_AvYt-XE,The girl takes two steps before reaching the top of the wall.
0580-2,85l_AvYt-XE,Correctly-led Open-ended Question,Event Counting,Did the girl run four steps before she reached the top?,10.97,Please state your answer with a brief explanation.,"Yes, the girl ran approximately four steps before she reached the top.",https://www.youtube.com/shorts/85l_AvYt-XE,"I will watch the video to see how many steps the girl took before reaching the top.
The girl took approximately 4 steps before reaching the top."
0580-3,85l_AvYt-XE,Wrongly-led Open-ended Question,Event Counting,Did the girl run five steps before she reached the top?,10.97,Please state your answer with a brief explanation.,"Yes, the girl runs approximately five steps before she reaches the top.",https://www.youtube.com/shorts/85l_AvYt-XE,"The video shows the girl running up the wall. I need to count the number of steps she takes before reaching the top.
At the start of the video, she runs up the wall and takes approximately 5 steps before she reaches the top."
0580-7,85l_AvYt-XE,Multiple-choice Question with a Single Correct Answer,Event Counting,"How many steps did the girl run before reaching the top?
A. Three
B. Four
C. Five
D. Six",10.97,"E. None of the above
Select one best answer to the above multiple-choice question based on the video. Respond with only the letter (A, B, C, D or E) of the correct option.",E,https://www.youtube.com/shorts/85l_AvYt-XE,The girl runs up the wall and reaches the top in one step.
0588-0,y5lL-l01ujA,Primary Open-ended Question,Element Counting,How many drawers are there on the table with the globe?,18.71,Please state your answer with a brief explanation.,There are 5 drawers on the table with the globe.,https://www.youtube.com/shorts/y5lL-l01ujA,"The video shows a house in Spain that is designed to make people look small. The video shows a table with a globe on it. I need to count the number of drawers on the table.
The table with the globe has 5 drawers."
0588-1,y5lL-l01ujA,Paraphrased Open-ended Question,Element Counting,What is the total number of drawers on the desk with the globe on top?,18.71,Please state your answer with a brief explanation.,The desk with the globe on top has 5 drawers.,https://www.youtube.com/shorts/y5lL-l01ujA,"The video shows a house in Spain where everything is oversized to make visitors feel small. The question asks about the number of drawers on a desk with a globe. I need to look for a desk with a globe and count the drawers.
At 0:07, there is a clear view of a white dresser with a globe on top. It has 5 drawers."
0588-2,y5lL-l01ujA,Correctly-led Open-ended Question,Element Counting,Can you confirm that the desk with the globe has five drawers?,18.71,Please state your answer with a brief explanation.,"Yes, the desk with the globe has five drawers.",https://www.youtube.com/shorts/y5lL-l01ujA,"The video shows a house in Spain that is designed to make people feel small. At timestamp 0:07, a desk with a globe on top is visible. Upon closer inspection, it is clear that the desk has five drawers."
0588-3,y5lL-l01ujA,Wrongly-led Open-ended Question,Element Counting,Is it true that the desk with the globe has four drawers?,18.71,Please state your answer with a brief explanation.,"No, the desk with the globe has three drawers.",https://www.youtube.com/shorts/y5lL-l01ujA,"The video shows a house in Spain that is designed to make people look small. The video shows a desk with a globe on it. I need to count the number of drawers on the desk.
The desk with the globe has three drawers."
0588-7,y5lL-l01ujA,Multiple-choice Question with a Single Correct Answer,Element Counting,"How many drawers are on the desk with the globe?
A. Four
B. Five
C. Three
D. Six",18.71,"E. None of the above
Select one best answer to the above multiple-choice question based on the video. Respond with only the letter (A, B, C, D or E) of the correct option.",B,https://www.youtube.com/shorts/y5lL-l01ujA,The video shows a house in Spain that is built to make people look small. The desk with the globe is visible at timestamp 0:07. The desk has five drawers.
0589-0,CltBandLYjM,Primary Open-ended Question,Event Localization,Did the person in the video eat all the chocolate in six hours?,40.15,Please state your answer with a brief explanation.,"No, the person did not eat all the chocolate in six hours.",https://www.youtube.com/shorts/CltBandLYjM,"The question asks if the person in the video ate all the chocolate in six hours.
The video shows the person eating chocolate for 6 hours, but the narrator says that the person will drink coconut water in four hours.
The video shows the person drinking coconut water with a fork.
The narrator says that it took the person 12 hours to finish the coconut water.
Therefore, the person did not eat all the chocolate in six hours."
0589-1,CltBandLYjM,Paraphrased Open-ended Question,Event Localization,Did the individual consume all the chocolate within a six-hour period?,40.15,Please state your answer with a brief explanation.,"No, the individual did not consume all the chocolate within a six-hour period. The video mentions that the individual ate the chocolate in small batches over several days.",https://www.youtube.com/shorts/CltBandLYjM,The video shows the individual attempting to consume a tank full of chocolate. The video mentions that the individual did not consume all the chocolate in one sitting.
0589-2,CltBandLYjM,Correctly-led Open-ended Question,Event Localization,Was half of the chocolate still uneaten at the six-hour mark in the video?,40.15,Please state your answer with a brief explanation.,"Yes, more than half of the coconut water was still uneaten at the six-hour mark in the video.",https://www.youtube.com/shorts/CltBandLYjM,"The video shows the man drinking coconut water with a fork.
At the 8-hour mark, the narrator says that he has only drunk half of the coconut water.
Therefore, at the 6-hour mark, more than half of the coconut water would have been left."
0589-3,CltBandLYjM,Wrongly-led Open-ended Question,Event Localization,Did the video show that it took 12 hours for the person to finish the chocolate?,40.15,Please state your answer with a brief explanation.,"No, the video showed that it took 12 hours for the person to finish drinking the coconut water with a fork.",https://www.youtube.com/shorts/CltBandLYjM,"The question asks if the video showed that it took 12 hours for the person to finish the chocolate.
The video shows the person attempting to drink a tank of coconut water with a fork.
At the end of the video, it is stated that it took 12 hours for the person to finish the challenge."
0589-7,CltBandLYjM,Multiple-choice Question with a Single Correct Answer,Event Localization,"How much chocolate was left uneaten at the six-hour mark?
A. Half
B. A quarter
C. None
D. All",40.15,"E. None of the above
Select one best answer to the above multiple-choice question based on the video. Respond with only the letter (A, B, C, D or E) of the correct option.",D,https://www.youtube.com/shorts/CltBandLYjM,"The video shows the man eating chocolate for 6 hours. At the end of the 6th hour, the tank is still full of chocolate. Therefore, none of the chocolate was eaten."
0590-0,bbiCkBWaOL8,Primary Open-ended Question,Character Reaction Causality,"At the end of the video, what made the man in the black jacket scream?",59.3,Please state your answer with a brief explanation.,"At the end of the video, the man in the black jacket screams because a spider is placed on his face.",https://www.youtube.com/shorts/bbiCkBWaOL8,"1. I need to identify the moment at the end of the video when the man in the black jacket screams.
2. I need to observe what happens to him right before he screams to determine the cause."
0590-1,bbiCkBWaOL8,Paraphrased Open-ended Question,Character Reaction Causality,What caused the man in the black jacket to scream at the end of the video?,59.3,Please state your answer with a brief explanation.,The man in the black jacket screamed because a spider was placed on his face.,https://www.youtube.com/shorts/bbiCkBWaOL8,"1. The question asks what caused the man in the black jacket to scream at the end of the video.
2. I need to watch the end of the video to determine the cause.
3. At the end of the video, the man in the black jacket is lying on the floor after falling down the stairs.
4. A spider is placed on his face, causing him to scream."
0590-2,bbiCkBWaOL8,Correctly-led Open-ended Question,Character Reaction Causality,Did the man in the black jacket scream because someone put a spider toy in his face?,59.3,Please state your answer with a brief explanation.,"Yes, the man in the black jacket screamed because someone put a spider toy in his face.",https://www.youtube.com/shorts/bbiCkBWaOL8,"1. The question is about the reason for the man's scream at the end of the video.
2. I need to watch the end of the video to see what happened.
3. At the end of the video, the man in the black jacket is lying on the floor, and a spider toy is placed on his face."
0590-3,bbiCkBWaOL8,Wrongly-led Open-ended Question,Character Reaction Causality,Did the man in the black jacket scream because he stepped on a spider?,59.3,Please state your answer with a brief explanation.,"No, the man in the black jacket screamed because the other man put a spider on his face.",https://www.youtube.com/shorts/bbiCkBWaOL8,"The video shows the man in the black jacket screaming after the other man puts a spider on his face.
Therefore, the man in the black jacket screamed because of the spider."
0590-7,bbiCkBWaOL8,Multiple-choice Question with a Single Correct Answer,Character Reaction Causality,"What made the man in the black jacket scream at the end of the video?
A. He saw a scary movie scene.
B. A spider toy was put in his face.
C. He stepped on sharp objects.
D. He heard a loud noise.",59.3,"E. None of the above
Select one best answer to the above multiple-choice question based on the video. Respond with only the letter (A, B, C, D or E) of the correct option.",B,https://www.youtube.com/shorts/bbiCkBWaOL8,The video shows the man in the black jacket screaming after a spider toy was put in his face.
0595-0,7tVlEGngX0s,Primary Open-ended Question,Element Localization,What items did the boy in the video scores with?,28.84,Please state your answer with a brief explanation.,"Michiel scored with a big blue ball, a soccer ball, and a tennis ball.",https://www.youtube.com/shorts/7tVlEGngX0s,"The question asks what items the boy in the video scored with.
I need to look for the boy in the video and see what items he successfully scored with.
The boy in the video is named Michiel.
Michiel scored with a big blue ball, a soccer ball, and a tennis ball."
0595-1,7tVlEGngX0s,Paraphrased Open-ended Question,Element Localization,What types of balls did the boy use to score in the video?,28.84,Please state your answer with a brief explanation.,"The boy scored using a blue ball, a soccer ball, and a tennis ball.",https://www.youtube.com/shorts/7tVlEGngX0s,"The question asks about the types of balls the boy used to score.
I need to look for instances where the boy scores and identify the ball used.
The boy scores with a blue ball, a soccer ball, and a tennis ball."
0595-2,7tVlEGngX0s,Correctly-led Open-ended Question,Element Localization,"Did the boy score with a blue exercise ball, a soccer ball, and a tennis ball in the video?",28.84,Please state your answer with a brief explanation.,"Yes, the boy scored with a blue exercise ball, a soccer ball, and a tennis ball in the video.",https://www.youtube.com/shorts/7tVlEGngX0s,"The video shows Michiel scoring with a blue exercise ball, a soccer ball, and a tennis ball."
0595-3,7tVlEGngX0s,Wrongly-led Open-ended Question,Element Localization,"Did the boy score with a basketball, a volleyball, and a baseball in the video?",28.84,Please state your answer with a brief explanation.,"No, the boy did not score with a basketball, a volleyball, and a baseball. He scored with a large blue ball, a soccer ball, and a tennis ball.",https://www.youtube.com/shorts/7tVlEGngX0s,"1. The question is whether the boy scored with a basketball, a volleyball, and a baseball.
2. Review the video to see what types of balls were used.
3. The video shows the boy scoring with a large blue ball, a soccer ball, and a tennis ball.
4. The boy did not score with a basketball, a volleyball, and a baseball."
0595-7,7tVlEGngX0s,Multiple-choice Question with a Single Correct Answer,Element Localization,"What kinds of items did the boy score with in the video?
A. Soccer ball, Rugby ball, Tennis ball
B. Baseball, Volleyball, Tennis ball
C. Blue exercise ball, Volleyball, Baseball
D. Blue exercise ball, Soccer ball, Tennis ball",28.84,"E. None of the above
Select one best answer to the above multiple-choice question based on the video. Respond with only the letter (A, B, C, D or E) of the correct option.",D,https://www.youtube.com/shorts/7tVlEGngX0s,"The video shows Michiel scoring with a blue exercise ball, a soccer ball, and a tennis ball."
0597-0,c4LTFnR3F0w,Primary Open-ended Question,Element Localization,What are the characteristics of the person holding the camera in the video?,59.93,Please state your answer with a brief explanation.,"The person holding the camera is athletic, creative, and also acts in the video.",https://www.youtube.com/shorts/c4LTFnR3F0w,"1. The question asks about the characteristics of the person holding the camera.
2. The video shows the person holding the camera is also acting in the video.
3. The person is athletic and can run while holding the camera.
4. The person is also creative and can act in different roles."
0597-1,c4LTFnR3F0w,Paraphrased Open-ended Question,Element Localization,Can you describe the person who is operating the camera in the video?,59.93,Please state your answer with a brief explanation.,"The person operating the camera is the other actor in the video. This is because the camera consistently follows the main actor, and the other actor is always present in the frame, interacting with him.",https://www.youtube.com/shorts/c4LTFnR3F0w,"The video features two men dressed in various costumes, sprinting through different scenarios. Based on the context, it's highly probable that the person operating the camera is the other actor in the video. This is because the camera consistently follows the main actor, and the other actor is always present in the frame, interacting with him."
0597-2,c4LTFnR3F0w,Correctly-led Open-ended Question,Element Localization,Is the person holding the camera in the video wearing a light gray jacket and white sneakers?,59.93,Please state your answer with a brief explanation.,"Yes, the photographer is wearing a light gray jacket and white sneakers. Since the video is shot from the photographer's point of view, the photographer is the one holding the camera.",https://www.youtube.com/shorts/c4LTFnR3F0w,"The question is about the person holding the camera.
I need to look for the person wearing a light gray jacket and white sneakers.
At 0:18, the photographer is wearing a light gray jacket and white sneakers.
The photographer is holding the camera."
0597-3,c4LTFnR3F0w,Wrongly-led Open-ended Question,Element Localization,Is the person holding the camera in the video wearing a white t-shirt and black sneakers?,59.93,Please state your answer with a brief explanation.,"No, the person holding the camera is wearing a grey t-shirt and white sneakers.",https://www.youtube.com/shorts/c4LTFnR3F0w,"I need to determine if the person holding the camera is wearing a white t-shirt and black sneakers.
I will scan the video to see if I can see the person holding the camera.
I can see the person holding the camera in some of the shots.
The person holding the camera is wearing a grey t-shirt and white sneakers."
0597-7,c4LTFnR3F0w,Multiple-choice Question with a Single Correct Answer,Element Localization,"What is the person holding the camera in the video wearing?
A. A blue t-shirt
B. A light gray t-shirt
C. A red jacket
D. A light gray jacket",59.93,"E. None of the above
Select one best answer to the above multiple-choice question based on the video. Respond with only the letter (A, B, C, D or E) of the correct option.",B,https://www.youtube.com/shorts/c4LTFnR3F0w,"The person holding the camera is Daniel LaBelle.
I need to find what Daniel is wearing in the video.
At 0:18, Daniel is wearing a light gray t-shirt."
0600-0,UuJQx4Z8zG4,Primary Open-ended Question,Positional Relationship,Which part of the boy did the orange ball hit in the video?,28.97,Please state your answer with a brief explanation.,The orange ball hit the boy in the head.,https://www.youtube.com/shorts/UuJQx4Z8zG4,"The video shows Celine and Michiel playing a game where they try to knock each other off balance using different sized balls. At the beginning of the video, Celine kicks the orange ball and it hits Michiel in the head."
0600-1,UuJQx4Z8zG4,Paraphrased Open-ended Question,Positional Relationship,Where did the orange ball make contact with the boy in the video?,28.97,Please state your answer with a brief explanation.,The orange ball hits the boy in the back of the head.,https://www.youtube.com/shorts/UuJQx4Z8zG4,"The question asks where the orange ball made contact with the boy in the video.
I need to scan the video and pinpoint the exact moment the orange ball hits the boy.
At timestamp 0:26, the orange ball hits the boy in the back of the head."
0600-2,UuJQx4Z8zG4,Correctly-led Open-ended Question,Positional Relationship,Did the orange ball hit the boy on his head?,28.97,Please state your answer with a brief explanation.,"Yes, the orange ball hits the boy on his head.",https://www.youtube.com/shorts/UuJQx4Z8zG4,"The video shows Celine and Michiel competing in a game where they have to kick balls at each other while balancing on a ball. At one point, Celine kicks the orange ball and it hits Michiel in the head."
0600-3,UuJQx4Z8zG4,Wrongly-led Open-ended Question,Positional Relationship,Did the orange ball hit the boy on his back?,28.97,Please state your answer with a brief explanation.,"Yes, the orange ball hits the boy on his back.",https://www.youtube.com/shorts/UuJQx4Z8zG4,"The question is whether the orange ball hit the boy on his back.
I need to watch the video to see if the orange ball hits the boy on his back.
At timestamp 0:26, the orange ball hits the boy on his back."
0600-7,UuJQx4Z8zG4,Multiple-choice Question with a Single Correct Answer,Positional Relationship,"Where did the orange ball hit the boy?
A. On his back
B. On his arm
C. On his head
D. On his leg",28.97,"E. None of the above
Select one best answer to the above multiple-choice question based on the video. Respond with only the letter (A, B, C, D or E) of the correct option.",C,https://www.youtube.com/shorts/UuJQx4Z8zG4,"The video shows Celine hitting Michiel with an orange ball. At the timestamp 0:26, the ball hits Michiel on the head."
0603-0,mgULlk8dagE,Primary Open-ended Question,Element Localization,"According to the video, what are the characteristics of the person who failed twice in a row and lost the heart-shaped pattern?",46.36,Please state your answer with a brief explanation.,The person who failed twice in a row and lost the heart-shaped pattern is wearing a blue shirt and blue pants.,https://www.youtube.com/shorts/mgULlk8dagE,"1. The question is asking about the characteristics of the person who failed twice and lost the heart-shaped pattern.
2. The video shows two people competing in a parkour challenge. The person who fails to hit the balloon twice in a row loses a heart.
3. The person who failed twice and lost the heart-shaped pattern is wearing a blue shirt and blue pants."
0603-1,mgULlk8dagE,Paraphrased Open-ended Question,Element Localization,What are the features of the person who failed twice in a row and lost the heart-shaped pattern in the video?,46.36,Please state your answer with a brief explanation.,The person who failed twice and lost the heart-shaped pattern is wearing a blue t-shirt and blue pants. He has a beard.,https://www.youtube.com/shorts/mgULlk8dagE,"1. The question asks about the features of the person who failed twice and lost the heart-shaped pattern.
2. From the video, the person who failed twice and lost the heart-shaped pattern is wearing a blue t-shirt and blue pants. He has a beard."
0603-2,mgULlk8dagE,Correctly-led Open-ended Question,Element Localization,Is the person who failed twice in a row and lost the heart-shaped pattern wearing a blue shirt and dark blue pants?,46.36,Please state your answer with a brief explanation.,"Yes, the person who failed twice in a row and lost the heart-shaped pattern is wearing a blue shirt and dark blue pants.",https://www.youtube.com/shorts/mgULlk8dagE,"1. The question is about the person who failed twice in a row.
2. The question is also about the person who lost the heart-shaped pattern.
3. The question is about the color of the shirt and pants of the person who failed twice in a row and lost the heart-shaped pattern.
4. At [00:00:01] the person on the right side of the screen failed to hit the balloon.
5. At [00:00:12] the person on the right side of the screen failed to hit the balloon again.
6. At [00:00:15] the person on the right side of the screen lost the heart-shaped pattern.
7. The person on the right side of the screen is wearing a blue shirt and dark blue pants.
8. Therefore, the answer is yes."
0603-3,mgULlk8dagE,Wrongly-led Open-ended Question,Element Localization,Is the person who failed twice in a row and lost the heart-shaped pattern wearing a red shirt with a white 'm' logo and standing in a pink hula hoop?,46.36,Please state your answer with a brief explanation.,"Yes, the person who failed twice in a row and lost the heart-shaped pattern is wearing a red shirt with a white 'm' logo and standing in a pink hula hoop.",https://www.youtube.com/shorts/mgULlk8dagE,"1. The question asks about the person who failed twice in a row and lost the heart-shaped pattern.
2. The question also asks about the color of the shirt, the logo on the shirt, and the color of the hula hoop.
3. At [00:00:00-00:00:03], the person wearing the red shirt with the white 'm' logo fails and loses a heart. He is standing in a pink hula hoop.
4. At [00:00:16-00:00:18], the person wearing the red shirt with the white 'm' logo fails again and loses a heart. He is standing in a pink hula hoop.
5. Therefore, the person who failed twice in a row and lost the heart-shaped pattern is wearing a red shirt with a white 'm' logo and standing in a pink hula hoop."
0603-7,mgULlk8dagE,Multiple-choice Question with a Single Correct Answer,Element Localization,"What is the person who failed twice and lost the heart-shaped pattern wearing?
A. A blue shirt and dark blue pants
B. A blue shirt and white pants
C. A red shirt with a white 'm' logo and black pants
D. A blue shirt with a white 'm' logo and black pants",46.36,"E. None of the above
Select one best answer to the above multiple-choice question based on the video. Respond with only the letter (A, B, C, D or E) of the correct option.",A,https://www.youtube.com/shorts/mgULlk8dagE,"The question asks about the person who failed twice and lost. Based on the video, the person who failed twice and lost is the one wearing blue.
Looking at the video, the person who failed twice and lost is wearing a blue shirt and dark blue pants.
Therefore, the correct answer is A."
0607-0,7pTwqG9VM7o,Primary Open-ended Question,Event Localization,"At the end of the video, what is the man doing?",26.94,Please state your answer with a brief explanation.,"At the end of the video, the man is hanging upside down from the ceiling and makes a basketball shot.",https://www.youtube.com/shorts/7pTwqG9VM7o,"The question asks what the man is doing at the end of the video.
At the end of the video, the man is hanging upside down from the ceiling and makes a basketball shot."
0607-1,7pTwqG9VM7o,Paraphrased Open-ended Question,Event Localization,What is the actual position of the man in the video?,26.94,Please state your answer with a brief explanation.,"The man is standing upright on the floor. The room is decorated to appear upside down, creating the illusion that he is hanging from the ceiling.",https://www.youtube.com/shorts/7pTwqG9VM7o,"The question asks about the actual position of the man in the video.
Based on the comments, the man is standing on the floor, and the room is set up to look upside down."
0607-2,7pTwqG9VM7o,Correctly-led Open-ended Question,Event Localization,"Is the man in the video standing on the ground, which is made to look like a ceiling?",26.94,Please state your answer with a brief explanation.,"Yes, the man in the video is standing on the ground, which is made to look like a ceiling. The room is set up upside down to create the illusion that he is hanging from the ceiling.",https://www.youtube.com/shorts/7pTwqG9VM7o,The top comments mention that the room is upside down and the man is standing on the floor. The comments also mention that the ceiling fan is on the floor.
0607-3,7pTwqG9VM7o,Wrongly-led Open-ended Question,Event Localization,Is the man in the video standing on the ceiling using equipment attached to his feet?,26.94,Please state your answer with a brief explanation.,"No, the man is not standing on the ceiling. The room is upside down, and he is standing on the floor. The equipment on his feet is part of the illusion.",https://www.youtube.com/shorts/7pTwqG9VM7o,"The question asks if the man is standing on the ceiling using equipment attached to his feet.
Based on the video and the top comments, the man is not standing on the ceiling. The room is upside down, and he is standing on the floor. The ""ceiling fan"" is actually on the floor. The balloons are weighted to float downwards, and the basketball is filled with helium. The equipment on his feet is likely for comedic effect to sell the illusion."
0607-7,7pTwqG9VM7o,Multiple-choice Question with a Single Correct Answer,Event Localization,"Where is the man in the video standing?
A. hanging upside down from the ceiling
B. On the ground made to look like a ceiling
C. On the ceiling using equipment
D. On a wall using suction cups",26.94,"E. None of the above
Select one best answer to the above multiple-choice question based on the video. Respond with only the letter (A, B, C, D or E) of the correct option.",B,https://www.youtube.com/shorts/7pTwqG9VM7o,"The video description and comments suggest that the man is on the ground, but the room is set up to look like he is on the ceiling.
The comments mention that the ceiling fan is on the floor, and the balloons are upside down.
Therefore, the man is standing on the ground made to look like a ceiling."
0609-0,MlPYPW1_a0U,Primary Open-ended Question,Plot Attribute,What is used to determine who should be eliminated in the video?,17.47,Please state your answer with a brief explanation.,The ball is used to determine who should be eliminated. The person whose hand the ball lands on is out.,https://www.youtube.com/shorts/MlPYPW1_a0U,"The video shows a game where participants place their hands on a table, and a ball is moved around the table. The person whose hand the ball lands on is eliminated."
0609-1,MlPYPW1_a0U,Paraphrased Open-ended Question,Plot Attribute,How is the elimination decided in the video game?,17.47,Please state your answer with a brief explanation.,"When the music stops, the person whose hand is under the ball is eliminated.",https://www.youtube.com/shorts/MlPYPW1_a0U,"The video shows a game where players place their hands on a table. A ball is moved around the table, and when the music stops, the person whose hand is under the ball is eliminated."
0609-2,MlPYPW1_a0U,Correctly-led Open-ended Question,Plot Attribute,Is the elimination based on whether participants move their hands while the ball is still held?,17.47,Please state your answer with a brief explanation.,"Yes, the elimination is based on whether participants move their hands while the ball is still held.",https://www.youtube.com/shorts/MlPYPW1_a0U,"The video shows a game where participants place their hands on a table. A ball is spun, and players must remove their hands before the ball stops spinning and points to them. If they fail to do so, they are eliminated. Therefore, the elimination is based on whether participants move their hands while the ball is still held."
0609-3,MlPYPW1_a0U,Wrongly-led Open-ended Question,Plot Attribute,Is the elimination determined by who is holding the ball when it stops?,17.47,Please state your answer with a brief explanation.,"Yes, the elimination is determined by who is holding the ball when it stops.",https://www.youtube.com/shorts/MlPYPW1_a0U,The video shows a game where players put their hands on a table and try to avoid being the one touching a ball when it stops moving. The comments confirm that the person touching the ball when it stops is eliminated.
0609-7,MlPYPW1_a0U,Multiple-choice Question with a Single Correct Answer,Plot Attribute,"How is the elimination process determined in the video?
A. Participants are eliminated if they keep hands still while the ball is still held by the carrier.
B. The person holding the ball when it stops is eliminated.
C. Participants are eliminated if they move their hands while the ball is still held by the carrier.
D. The person who is hitted by the ball is eliminated .",17.47,"E. None of the above
Select one best answer to the above multiple-choice question based on the video. Respond with only the letter (A, B, C, D or E) of the correct option.",B,https://www.youtube.com/shorts/MlPYPW1_a0U,"The video shows a game where participants place their hands on a table and a ball is moved around the table. When the music stops, the person whose hands are on the ball is eliminated."
0610-0,Ldcs4Venq1Q,Primary Open-ended Question,Character Motivation Causality,Why did the woman throw the package out of the window after writing the information on it in the video?,57.24,Please state your answer with a brief explanation.,The woman throws the package out the window as a task for the instant butlers to complete.,https://www.youtube.com/shorts/Ldcs4Venq1Q,The video shows a woman writing on a package and then throwing it out the window. The video is a comedy sketch about instant butlers. The woman throws the package out the window as a task for the instant butlers to complete.
0610-1,Ldcs4Venq1Q,Paraphrased Open-ended Question,Character Motivation Causality,What was the reason the woman tossed the package out of the window after writing on it?,57.24,Please state your answer with a brief explanation.,The woman tossed the package out of the window so that the instant butlers could catch it.,https://www.youtube.com/shorts/Ldcs4Venq1Q,"1. The question asks about the reason the woman tossed the package out of the window after writing on it.
2. I need to look for the scene where the woman is writing on a package and then throwing it out the window.
3. At timestamp 0:28, the woman is writing on a package near the window.
4. At timestamp 0:31, the woman throws the package out the window.
5. The video does not explicitly state the reason why the woman tossed the package out of the window.
6. The video is a comedy sketch about instant butlers. The woman is using the butlers to do everyday tasks.
7. The woman likely tossed the package out of the window because she wanted the butlers to catch it."
0610-2,Ldcs4Venq1Q,Correctly-led Open-ended Question,Character Motivation Causality,Did the woman throw the package out of the window so the two men could help her put it in the mailbox?,57.24,Please state your answer with a brief explanation.,"No, the woman threw the package out of the window, and the two men caught it, but the video does not show them putting it in the mailbox.",https://www.youtube.com/shorts/Ldcs4Venq1Q,"The question asks if the woman threw the package out of the window so the two men could help her put it in the mailbox.
I need to watch the video and see what happens with the package and the two men.
At around 0:29, the woman is seen writing on a package.
At around 0:31, the woman is seen throwing the package out of the window.
The two men are then seen catching the package.
The mailbox is not shown in the video.
The woman did throw the package out of the window, and the two men caught it.
The video does not show the men putting the package in the mailbox."
0610-3,Ldcs4Venq1Q,Wrongly-led Open-ended Question,Character Motivation Causality,Was the woman trying to quickly get rid of the package by throwing it out of the window?,57.24,Please state your answer with a brief explanation.,"No, the woman was not trying to get rid of the package. She was throwing it out of the window so that the butlers could catch it.",https://www.youtube.com/shorts/Ldcs4Venq1Q,"The question is whether the woman was trying to quickly get rid of the package by throwing it out of the window.
I need to watch the video and see the scene where the woman throws the package out of the window.
At [00:00:29-00:00:33], the woman is seen writing on the package, then she throws it out of the window.
The woman is not trying to get rid of the package. She is throwing it out of the window so that the butlers can catch it."
0610-7,Ldcs4Venq1Q,Multiple-choice Question with a Single Correct Answer,Character Motivation Causality,"Why did the woman throw the package out of the window?
A. She was preventing the men from getting it.
B. She wanted the two men to help her put it in the mailbox.
C. She was trying to get rid of it quickly.
D. She was frustrated with it.",57.24,"E. None of the above
Select one best answer to the above multiple-choice question based on the video. Respond with only the letter (A, B, C, D or E) of the correct option.",B,https://www.youtube.com/shorts/Ldcs4Venq1Q,"The video shows the woman throwing the package out of the window and the two men catching it. The video is a comedy sketch about instant butlers. The woman is not trying to get rid of it, prevent the men from getting it, or frustrated with it. She is simply utilizing the ""instant butler"" service in a humorous way. The best answer is that she wanted the two men to help her with it."
0612-0,qUCG8W5hMdw,Primary Open-ended Question,Character Motivation Causality,"According to the video, why does this person divide the paper into two parts when painting?",58.56,Please state your answer with a brief explanation.,The person divides the paper into two parts to compare the art created using $0 pencils (natural colors) versus $300 pencils.,https://www.youtube.com/shorts/qUCG8W5hMdw,The video shows the artist dividing the paper into two parts to demonstrate the difference between using $0 pencils (natural colors) and $300 pencils. This allows for a side-by-side comparison of the two methods and their respective results.
0612-1,qUCG8W5hMdw,Paraphrased Open-ended Question,Character Motivation Causality,What is the reason for dividing the paper into two sections in the painting video?,58.56,Please state your answer with a brief explanation.,The paper is divided into two sections to compare the artwork created using $0 pencils versus $300 pencils.,https://www.youtube.com/shorts/qUCG8W5hMdw,"The video clearly shows the paper divided into two sections, labeled ""$0 Pencils"" and ""$300 Pencils"". The purpose of this division is to compare the artwork created using inexpensive, readily available materials (like matchsticks, coffee, and toothpaste) versus professional-grade art supplies."
0612-2,qUCG8W5hMdw,Correctly-led Open-ended Question,Character Motivation Causality,Is the purpose of dividing the paper to compare $0 pencils using non-traditional tools with $300 pencils?,58.56,Please state your answer with a brief explanation.,"Yes, the purpose of dividing the paper is to compare the art created using $0 pencils (non-traditional tools) with the art created using $300 pencils.",https://www.youtube.com/shorts/qUCG8W5hMdw,"The video clearly divides the paper into two halves, labeling one side ""$0 Pencils"" and the other ""$300 Pencils"". The artist then proceeds to create a drawing on each side, using non-traditional tools like matchsticks, coffee, and plants on the ""$0 Pencils"" side and traditional pencils on the ""$300 Pencils"" side. This setup strongly suggests that the purpose is indeed to compare the results achieved with these vastly different sets of tools."
0612-3,qUCG8W5hMdw,Wrongly-led Open-ended Question,Character Motivation Causality,Is the reason for dividing the paper simply to compare $0 pencils with $300 pencils without any specific drawing tools?,58.56,Please state your answer with a brief explanation.,"Yes, the reason for dividing the paper is to compare the art created using $0 materials (labeled as ""$0 pencils"") with art created using $300 pencils, showcasing the artist's skill regardless of the tools used.",https://www.youtube.com/shorts/qUCG8W5hMdw,"The video clearly shows the artist dividing the paper into two halves to draw the same image. On one side, the artist uses $0 pencils, which are actually items like matchsticks, coffee, and plants, while on the other side, the artist uses $300 pencils. The purpose is to compare the results achieved with unconventional materials versus expensive art supplies."
0612-7,qUCG8W5hMdw,Multiple-choice Question with a Single Correct Answer,Character Motivation Causality,"Why does the person divide the paper into two parts?
A. To prove $300 pencils can draw better than $0 pencils.
B. To compare $0 pencils with $300 pencils without any specific tools.
C. To prove $0 pencils can draw better than $300 pencils.
D. To compare $0 pencils with $300 pencils using non-drawing tools.",58.56,"E. None of the above
Select one best answer to the above multiple-choice question based on the video. Respond with only the letter (A, B, C, D or E) of the correct option.",D,https://www.youtube.com/shorts/qUCG8W5hMdw,"The video shows the artist dividing the paper into two parts, one labeled ""$0 Pencils"" and the other ""$300 Pencils"". The artist then uses non-drawing tools like matchsticks, coffee, and toothpaste to draw on the $0 side, and regular pencils on the $300 side. The purpose is to compare the results of using unconventional materials with professional drawing tools."
0614-0,JOd2FBcirwk,Primary Open-ended Question,Character Motivation Causality,Why is the men trembling in their hands while eating at the beginning of the video?,60.08,Please state your answer with a brief explanation.,The man is trembling because he has Parkinson's disease.,https://www.youtube.com/shorts/JOd2FBcirwk,"The question is about why the man is trembling in their hands while eating at the beginning of the video.
I need to watch the beginning of the video to understand the context.
The man is eating and his hands are trembling.
Based on the video and the top comments, the man is trembling because he has Parkinson's disease."
0614-1,JOd2FBcirwk,Paraphrased Open-ended Question,Character Motivation Causality,What causes the man's hands to tremble while he is eating at the start of the video?,60.08,Please state your answer with a brief explanation.,The man's hands tremble because he has Parkinson's disease.,https://www.youtube.com/shorts/JOd2FBcirwk,The video shows a man eating in a restaurant. The top comments suggest that the man has Parkinson's disease.
0614-2,JOd2FBcirwk,Correctly-led Open-ended Question,Character Motivation Causality,"Is the man pretending to have a disability to see if anyone will help him, causing his hands to tremble?",60.08,Please state your answer with a brief explanation.,"No, the man is not pretending to have a disability.",https://www.youtube.com/shorts/JOd2FBcirwk,"The video shows a man sitting at a table in a restaurant. He appears to have difficulty eating, and his hands are shaking. A waitress notices this and helps him. Based on the video, it appears that the man has a genuine disability."
0614-3,JOd2FBcirwk,Wrongly-led Open-ended Question,Character Motivation Causality,Could the man's trembling hands be due to nervousness or excitement?,60.08,Please state your answer with a brief explanation.,It is unlikely that the man's trembling hands are due to nervousness or excitement. It is more likely due to a medical condition.,https://www.youtube.com/shorts/JOd2FBcirwk,"The video shows a man having difficulty eating. The top comments suggest the man has a condition that causes him to tremble. Therefore, the trembling is most likely not due to nervousness or excitement."
0614-7,JOd2FBcirwk,Multiple-choice Question with a Single Correct Answer,Character Motivation Causality,"Why are the man's hands trembling while he is eating?
A. Essential tremor
B. Pretending to have a disability
C. Nervousness
D. Excitement",60.08,"E. None of the above
Select one best answer to the above multiple-choice question based on the video. Respond with only the letter (A, B, C, D or E) of the correct option.",E,https://www.youtube.com/shorts/JOd2FBcirwk,"The video shows a man eating in a restaurant. He is being assisted by a waitress. The question asks why the man's hands are trembling. The video does not provide any information about the man's hands trembling. The comments also do not provide any information about the man's hands trembling. Therefore, the answer is E. None of the above."
0616-0,PN2XQBfWV2M,Primary Open-ended Question,Local Event Attribute,Which colored ball in the video reaches the finish line first?,29.68,Please state your answer with a brief explanation.,The white ball reaches the finish line first.,https://www.youtube.com/shorts/PN2XQBfWV2M,"The video shows three balls (white, blue, and black) rolling down a course with obstacles. The question asks which ball reaches the finish line first. By observing the video, the white ball is the first to reach the finish line."
0616-1,PN2XQBfWV2M,Paraphrased Open-ended Question,Local Event Attribute,Which ball crosses the finish line first in the video?,29.68,Please state your answer with a brief explanation.,"The white ball crosses the finish line first. This is shown in the video to demonstrate that it doesn't matter when you start, but that you start now.",https://www.youtube.com/shorts/PN2XQBfWV2M,"1. Observe the video to identify which ball crosses the finish line first.
2. Note the color of the ball that wins.
3. Provide a brief explanation based on the video."
0616-2,PN2XQBfWV2M,Correctly-led Open-ended Question,Local Event Attribute,Is the white ball the first to reach the finish line in the video?,29.68,Please state your answer with a brief explanation.,"Yes, the white ball is the first to reach the finish line in the video, even though it started last.",https://www.youtube.com/shorts/PN2XQBfWV2M,"The video shows three balls (white, blue, and black) starting at different positions on a track with obstacles. The white ball starts last, but it is the first to reach the finish line."
0616-3,PN2XQBfWV2M,Wrongly-led Open-ended Question,Local Event Attribute,Does the blue ball reach the finish line first in the video?,29.68,Please state your answer with a brief explanation.,"No, the blue ball does not reach the finish line first. The white ball finishes first.",https://www.youtube.com/shorts/PN2XQBfWV2M,"The video shows three balls (white, blue, and black) racing on a track with obstacles. The white ball finishes first, followed by the blue ball, and then the black ball."
0616-7,PN2XQBfWV2M,Multiple-choice Question with a Single Correct Answer,Local Event Attribute,"Which ball reaches the finish line first?
A. White
B. Red
C. Black
D. Blue",29.68,"E. None of the above
Select one best answer to the above multiple-choice question based on the video. Respond with only the letter (A, B, C, D or E) of the correct option.",A,https://www.youtube.com/shorts/PN2XQBfWV2M,"The video shows a demonstration with three balls (white, blue, and black) rolling down a track with obstacles. The white ball, despite starting last, reaches the finish line first."
0620-0,7pTwqG9VM7o,Primary Open-ended Question,Element Attributes (Optical Illusion),Where is the man in the video standing?,26.94,Please state your answer with a brief explanation.,The man is standing on the floor. The room is set up to look like he is standing on the ceiling.,https://www.youtube.com/shorts/7pTwqG9VM7o,"1. The video shows a man appearing to stand on the ceiling.
2. The top comments mention that the room is upside down and that the floor is painted to look like the ceiling.
3. Therefore, the man is standing on the floor."
0620-1,7pTwqG9VM7o,Paraphrased Open-ended Question,Element Attributes (Optical Illusion),What is the actual position of the man in the video?,26.94,Please state your answer with a brief explanation.,"The man is standing upright on the floor. The room is set up to look upside down, creating the illusion that he is hanging from the ceiling.",https://www.youtube.com/shorts/7pTwqG9VM7o,"The video is an illusion. The man is standing on the floor, and the room has been modified to appear upside down. This is achieved by attaching furniture to the ceiling, using a helium basketball, and having the man act as if he is hanging upside down."
0620-2,7pTwqG9VM7o,Correctly-led Open-ended Question,Element Attributes (Optical Illusion),"Is the man in the video standing on the ground, which is made to look like a ceiling?",26.94,Please state your answer with a brief explanation.,"Yes, the man in the video is standing on the ground, which is made to look like a ceiling.",https://www.youtube.com/shorts/7pTwqG9VM7o,"The top comments mention that the room is upside down and that the ceiling fan is on the floor. This implies that the man is standing on the floor, which is decorated to look like a ceiling."
0620-3,7pTwqG9VM7o,Wrongly-led Open-ended Question,Element Attributes (Optical Illusion),Is the man in the video standing on the ceiling using equipment attached to his feet?,26.94,Please state your answer with a brief explanation.,"No, the man is not standing on the ceiling. The room is set up upside down to create the illusion that he is standing on the ceiling.",https://www.youtube.com/shorts/7pTwqG9VM7o,"The question asks if the man is standing on the ceiling using equipment attached to his feet.
Based on the video and the comments, the man is not standing on the ceiling. The room is upside down, and he is standing on the floor. The ""ceiling fan"" is on the floor, and the balloons are weighted to float downwards, creating the illusion that he is on the ceiling."
0620-7,7pTwqG9VM7o,Multiple-choice Question with a Single Correct Answer,Element Attributes (Optical Illusion),"Where is the man in the video standing?
A. On the ground made to look like a ceiling
B. On the ceiling using equipment
C. Floating in mid-air
D. On a wall using suction cups",26.94,"E. None of the above
Select one best answer to the above multiple-choice question based on the video. Respond with only the letter (A, B, C, D or E) of the correct option.",A,https://www.youtube.com/shorts/7pTwqG9VM7o,"The video is filmed upside down to give the illusion that the man is standing on the ceiling. The top comments also confirm that the room is upside down. Therefore, the man is standing on the ground made to look like a ceiling."
0621-0,9SzIZz1CDcc,Primary Open-ended Question,Positional Relationship,Which foot of the person in the video is leaning against the wall first?,7.96,Please state your answer with a brief explanation.,The right foot is placed against the wall first.,https://www.youtube.com/shorts/9SzIZz1CDcc,"The video shows a group of people participating in a challenge where they have to lean against a wall.
I need to observe the video to see which foot is placed against the wall first.
From the video, it appears that the right foot is placed against the wall first."
0621-1,9SzIZz1CDcc,Paraphrased Open-ended Question,Positional Relationship,Which foot does the person place against the wall first in the video?,7.96,Please state your answer with a brief explanation.,The person places their forehead against the wall first.,https://www.youtube.com/shorts/9SzIZz1CDcc,"The video starts at timestamp 0:00.
At the beginning of the video, all the people are standing in a line.
The video shows that each person places their forehead against the wall first."
0621-2,9SzIZz1CDcc,Correctly-led Open-ended Question,Positional Relationship,Is the left foot the first one to lean against the wall in the video?,7.96,Please state your answer with a brief explanation.,"No, the forehead is the first to lean against the wall in the video.",https://www.youtube.com/shorts/9SzIZz1CDcc,"The video shows the participants leaning against the wall.
I need to observe the video to determine if the left foot is the first to lean against the wall.
Upon observation, it is clear that the participants are facing the wall and leaning their foreheads against the wall. Therefore, the feet are not the first to lean against the wall."
0621-3,9SzIZz1CDcc,Wrongly-led Open-ended Question,Positional Relationship,Is the right foot the first one to lean against the wall in the video?,7.96,Please state your answer with a brief explanation.,"No, the participants lean against the wall with their whole body at the same time.",https://www.youtube.com/shorts/9SzIZz1CDcc,"The video shows the participants leaning against the wall.
I need to observe the video to see if the right foot is the first one to lean against the wall.
From the video, it is clear that the participants lean against the wall with their whole body at the same time."
0621-7,9SzIZz1CDcc,Multiple-choice Question with a Single Correct Answer,Positional Relationship,"Which foot is placed against the wall first in the video?
A. Right foot
B. Neither foot
C. Left foot
D. Both feet simultaneously",7.96,"E. None of the above
Select one best answer to the above multiple-choice question based on the video. Respond with only the letter (A, B, C, D or E) of the correct option.",D,https://www.youtube.com/shorts/9SzIZz1CDcc,The video shows the participants placing both feet against the wall simultaneously.
0625-0,yQ2YZQhvc2c,Primary Open-ended Question,Displacement Attribute,What is the direction of displacement of the second ball?,24.03,Please state your answer with a brief explanation.,The second ball moves in a straight line.,https://www.youtube.com/shorts/yQ2YZQhvc2c,"The video shows several examples of simple harmonic motion. The question asks about the direction of displacement of the second ball. In all the examples, the balls move in a straight line. Therefore, the second ball also moves in a straight line."
0625-1,yQ2YZQhvc2c,Paraphrased Open-ended Question,Displacement Attribute,In which direction does the second ball move?,24.03,Please state your answer with a brief explanation.,The second ball moves horizontally.,https://www.youtube.com/shorts/yQ2YZQhvc2c,"The video shows different configurations of balls moving in simple harmonic motion. The question asks about the direction of the second ball.
In the second configuration, there are two balls. The balls move horizontally and vertically. Therefore, the second ball moves horizontally."
0625-2,yQ2YZQhvc2c,Correctly-led Open-ended Question,Displacement Attribute,Does the second ball move back and forth along a horizontal groove?,24.03,Please state your answer with a brief explanation.,"Yes, the second ball moves back and forth along a horizontal groove.",https://www.youtube.com/shorts/yQ2YZQhvc2c,"The video shows several examples of simple harmonic motion.
The second example shows a ball moving back and forth along a horizontal groove."
0625-3,yQ2YZQhvc2c,Wrongly-led Open-ended Question,Displacement Attribute,"Does the second ball follow a circular path, moving in a loop?",24.03,Please state your answer with a brief explanation.,"No, the second ball does not follow a circular path. It moves in a straight line.",https://www.youtube.com/shorts/yQ2YZQhvc2c,"The question asks if the second ball in the video follows a circular path.
I need to observe the motion of the second ball (when two balls are present) to determine its path.
At [00:00:02], the second ball moves horizontally in a straight line."
0625-7,yQ2YZQhvc2c,Multiple-choice Question with a Single Correct Answer,Displacement Attribute,"What is the path of the second ball's displacement?
A. Horizontal groove
B. Zigzag path
C. Circular track
D. Vertical groove",24.03,"E. None of the above
Select one best answer to the above multiple-choice question based on the video. Respond with only the letter (A, B, C, D or E) of the correct option.",A,https://www.youtube.com/shorts/yQ2YZQhvc2c,The video shows different balls moving in different paths. The second ball moves in a horizontal groove.
0627-0,pUIkzB8KebU,Primary Open-ended Question,Displacement Attribute,Who is changing their position in the video?,15.15,Please state your answer with a brief explanation.,The woman is changing her position in the video. She moves around the cardboard illusion to show how the illusion works.,https://www.youtube.com/shorts/pUIkzB8KebU,"The question asks who is changing their position in the video.
In the video, a woman is seen moving around the cardboard illusion."
0627-1,pUIkzB8KebU,Paraphrased Open-ended Question,Displacement Attribute,Who changed the position in the video？,15.15,Please state your answer with a brief explanation.,The woman in the video changed the position of the cardboard box.,https://www.youtube.com/shorts/pUIkzB8KebU,"The question asks who changed the position in the video.
Based on the video, the woman in the video changed the position of the cardboard box."
0627-2,pUIkzB8KebU,Correctly-led Open-ended Question,Displacement Attribute,Is it this photographer moving in the video to change the position of the other person?,15.15,Please state your answer with a brief explanation.,"No, the photographer is moving around the cardboard box to show how the illusion works.",https://www.youtube.com/shorts/pUIkzB8KebU,"The question is asking if the photographer is moving to change the position of the other person.
The video is about an illusion that works until you know the secret. The secret is that it is an inside-out cardboard box. The person in the video moves around the cardboard box to show how the illusion works.
The photographer is moving around the cardboard box, not the other person."
0627-3,pUIkzB8KebU,Wrongly-led Open-ended Question,Displacement Attribute,Is it the woman in the video who moves to change the position of the other person?,15.15,Please state your answer with a brief explanation.,"No, the woman in the video moves the cardboard cutout to show how the illusion works. There is no other person in the video.",https://www.youtube.com/shorts/pUIkzB8KebU,"The question asks if the woman in the video moves to change the position of the other person.
The video shows the woman moving the cardboard cutout to show how the illusion works.
The other person is not in the video."
0627-7,pUIkzB8KebU,Multiple-choice Question with a Single Correct Answer,Displacement Attribute,"Who changed position in the video?
A. The woman.
B. The little boy.
C. The photographer.
D. The dinosaur.",15.15,"E. None of the above
Select one best answer to the above multiple-choice question based on the video. Respond with only the letter (A, B, C, D or E) of the correct option.",A,https://www.youtube.com/shorts/pUIkzB8KebU,"The video shows a woman moving around the illusion.
The video does not show a little boy, a photographer, or a dinosaur."
0633-0,jI5XO3aa5_g,Primary Open-ended Question,Displacement Attribute,What is the direction in which the wheels of the black car turn at the end of the video?,20.03,Please state your answer with a brief explanation.,The wheels of the black car are turning forward at the end of the video. This is because the car is moving forward.,https://www.youtube.com/shorts/jI5XO3aa5_g,"The question asks about the direction of the wheels of the black car at the end of the video.
I need to look at the end of the video and determine the direction of the wheels.
At the end of the video, the black car is moving forward. Therefore, the wheels are turning forward."
0633-1,jI5XO3aa5_g,Paraphrased Open-ended Question,Displacement Attribute,In which direction do the wheels of the black car rotate at the conclusion of the video?,20.03,Please state your answer with a brief explanation.,"At the conclusion of the video, the wheels of the black car are rotating in a clockwise direction.",https://www.youtube.com/shorts/jI5XO3aa5_g,"1. The question asks about the direction of the wheels of the black car at the conclusion of the video.
2. I need to watch the video and identify the direction of the wheels of the black car at the end.
3. At the end of the video, the wheels of the black car are rotating in a clockwise direction."
0633-2,jI5XO3aa5_g,Correctly-led Open-ended Question,Displacement Attribute,Do the wheels of the black car turn forward at the end of the video?,20.03,Please state your answer with a brief explanation.,"Yes, the wheels of the black car turn forward at the end of the video. This is evident as the car is moving forward on the snowy road.",https://www.youtube.com/shorts/jI5XO3aa5_g,"The video shows a black car with tire chains on its wheels. At the end of the video, the car is shown driving on a snowy road. I need to observe the direction of the wheels to determine if they are turning forward."
0633-3,jI5XO3aa5_g,Wrongly-led Open-ended Question,Displacement Attribute,Are the wheels of the black car turning in reverse at the end of the video?,20.03,Please state your answer with a brief explanation.,"No, the wheels of the black car are not turning in reverse at the end of the video. They are turning forward as the car moves forward.",https://www.youtube.com/shorts/jI5XO3aa5_g,"The question asks if the wheels of the black car are turning in reverse at the end of the video.
I need to watch the end of the video and observe the direction of the wheel's rotation.
The video shows the black car moving forward with the wheels rotating forward."
0633-7,jI5XO3aa5_g,Multiple-choice Question with a Single Correct Answer,Displacement Attribute,"What is the direction of the wheels of the black car at the end of the video?
A. Not moving
B. Forward
C. Sideways
D. In reverse",20.03,"E. None of the above
Select one best answer to the above multiple-choice question based on the video. Respond with only the letter (A, B, C, D or E) of the correct option.",B,https://www.youtube.com/shorts/jI5XO3aa5_g,"The question asks about the direction of the wheels of the black car at the end of the video.
At the end of the video, the black car is moving forward."
0643-0,KwKJ6gtOGpQ,Primary Open-ended Question,Displacement Attribute,What is the wind direction on that day based on the video?,6.62,Please state your answer with a brief explanation.,"The wind direction is from right to left, as indicated by the movement of the flag.",https://www.youtube.com/shorts/KwKJ6gtOGpQ,"The video shows a flag being held by one of the soldiers. The flag is mostly still, but there is a slight movement. The flag is moving from right to left. This indicates that the wind is blowing from right to left."
0643-1,KwKJ6gtOGpQ,Paraphrased Open-ended Question,Displacement Attribute,How can you determine the wind direction on that day from the video?,6.62,Please state your answer with a brief explanation.,The wind direction can be determined by observing the direction the flag is blowing.,https://www.youtube.com/shorts/KwKJ6gtOGpQ,The video shows a flag being held by one of the soldiers. The direction the flag is blowing indicates the wind direction.
0643-2,KwKJ6gtOGpQ,Correctly-led Open-ended Question,Displacement Attribute,Is the wind blowing from the left to the right side of the screen in the video?,6.62,Please state your answer with a brief explanation.,"Yes, the wind is blowing from the left to the right side of the screen in the video. This is evident from the movement of the flag.",https://www.youtube.com/shorts/KwKJ6gtOGpQ,"The video shows a flag being held by a soldier. By observing the movement of the flag, it can be determined whether the wind is blowing from left to right."
0643-3,KwKJ6gtOGpQ,Wrongly-led Open-ended Question,Displacement Attribute,Does the video show the wind blowing from the right side of the screen to the left?,6.62,Please state your answer with a brief explanation.,"Yes, the video shows the wind blowing from the right side of the screen to the left. The flag's movement indicates this direction.",https://www.youtube.com/shorts/KwKJ6gtOGpQ,"The video shows the flag moving. By observing the flag's movement, I can determine the wind direction. The flag is blowing from the right side of the screen to the left."
0643-7,KwKJ6gtOGpQ,Multiple-choice Question with a Single Correct Answer,Displacement Attribute,"What is the wind direction on that day based on the video?
A. From top to bottom
B. From bottom to top
C. From the left to the right
D. From the right to the left",6.62,"E. None of the above
Select one best answer to the above multiple-choice question based on the video. Respond with only the letter (A, B, C, D or E) of the correct option.",E,https://www.youtube.com/shorts/KwKJ6gtOGpQ,"The flag is hanging straight down, indicating there is no wind.
Therefore, the answer is E."
0645-0,7mm85XogfLw,Primary Open-ended Question,Positional Relationship,"Relative to the camera perspective, where is the left end of the scarf worn by the student character at the beginning of the video located at the end of the video?",12.78,Please state your answer with a brief explanation.,"At the end of the video, the left end of the student's scarf is located at the center of the screen.",https://www.youtube.com/shorts/7mm85XogfLw,"The question asks about the location of the left end of the student's scarf at the end of the video, relative to the camera.
At the beginning of the video, the student is on the right side of the screen. The left end of her scarf is on the left side of her body, which is the center of the screen.
At the end of the video, the student is tangled in the scarf. The left end of the scarf is still on the left side of her body, which is the center of the screen."
0645-1,7mm85XogfLw,Paraphrased Open-ended Question,Positional Relationship,"Where does the left end of the scarf end up on the student character by the end of the video, from the camera's perspective?",12.78,Please state your answer with a brief explanation.,The left end of the scarf is on the right side of the student's body.,https://www.youtube.com/shorts/7mm85XogfLw,"The question asks where the left end of the scarf ends up on the student character by the end of the video, from the camera's perspective.
By the end of the video, the student is tangled in the scarf. The left end of the scarf is on the right side of the student's body."
0645-2,7mm85XogfLw,Correctly-led Open-ended Question,Positional Relationship,Does the left end of the scarf remain on the left side of the student character's body at the end of the video?,12.78,Please state your answer with a brief explanation.,"No, the left end of the scarf does not remain on the left side of the student's body at the end of the video. It is on the right side.",https://www.youtube.com/shorts/7mm85XogfLw,"The question asks about the final position of the left end of the scarf on the student's body.
I need to watch the video and observe the student's scarf.
At the end of the video, the student is tangled in the scarf. The left end of the scarf is on the right side of her body."
0645-3,7mm85XogfLw,Wrongly-led Open-ended Question,Positional Relationship,Is the left end of the scarf on the right side of the student character's body at the end of the video?,12.78,Please state your answer with a brief explanation.,"No, the left end of the scarf is on the left side of the student's body at the end of the video.",https://www.youtube.com/shorts/7mm85XogfLw,"The question asks about the position of the left end of the scarf on the student's body at the end of the video.
At the end of the video, the student is tangled in the scarf. The left end of the scarf is on the left side of the student's body."
0645-7,7mm85XogfLw,Multiple-choice Question with a Single Correct Answer,Positional Relationship,"Where is the left end of the scarf located at the end of the video?
A. Center
B. Left side
C. Not visible
D. Right side",12.78,"E. None of the above
Select one best answer to the above multiple-choice question based on the video. Respond with only the letter (A, B, C, D or E) of the correct option.",A,https://www.youtube.com/shorts/7mm85XogfLw,"The question asks about the location of the left end of the scarf at the end of the video.
At the end of the video, the teacher is on the left side of the screen.
The left end of the scarf is located at the center of the teacher's body."
0652-0,o77rfiYxaz8,Primary Open-ended Question,Displacement Attribute,What happened to the position of the car after the spin?,12.5,Please state your answer with a brief explanation.,"After the spin, the car is facing the correct direction of travel.",https://www.youtube.com/shorts/o77rfiYxaz8,"The question asks about the car's position after the spin.
Based on the video, the car ends up facing the correct direction of travel after the 360 spin."
0652-1,o77rfiYxaz8,Paraphrased Open-ended Question,Displacement Attribute,Where did the car end up after completing the spin?,12.5,Please state your answer with a brief explanation.,"After completing the spin, the car ended up facing forward in the same direction it was originally traveling.",https://www.youtube.com/shorts/o77rfiYxaz8,"The video shows a car hydroplaning and spinning 360 degrees on a highway. After the spin, the car continues driving in the same direction it was originally traveling."
0652-2,o77rfiYxaz8,Correctly-led Open-ended Question,Displacement Attribute,Did the car end up in the innermost lane facing the correct direction after the spin?,12.5,Please state your answer with a brief explanation.,"Yes, the car ended up in the innermost lane facing the correct direction after the spin.",https://www.youtube.com/shorts/o77rfiYxaz8,"I will analyze the video to determine the car's final position after the 360-degree spin.
The car starts in one of the outer lanes. After the spin, the car ends up in the innermost lane facing the correct direction."
0652-3,o77rfiYxaz8,Wrongly-led Open-ended Question,Displacement Attribute,Did the car end up facing the opposite direction on the highway after the spin?,12.5,Please state your answer with a brief explanation.,"No, the car does not end up facing the opposite direction on the highway after the spin.",https://www.youtube.com/shorts/o77rfiYxaz8,"The question asks if the car ended up facing the opposite direction after the spin.
I need to watch the video to determine the direction of the car after the spin.
After watching the video, the car does not end up facing the opposite direction."
0652-7,o77rfiYxaz8,Multiple-choice Question with a Single Correct Answer,Displacement Attribute,"What happened to the car after the spin?
A. It ended up in the innermost lane facing the correct direction.
B. It returned to its original lane and continued driving.
C. It is in the same position it started in.
D. It moved from the left lane to the right lane.",12.5,"E. None of the above
Select one best answer to the above multiple-choice question based on the video. Respond with only the letter (A, B, C, D or E) of the correct option.",A,https://www.youtube.com/shorts/o77rfiYxaz8,"The car starts in the left lane, spins 360 degrees, and ends up in the innermost lane facing the correct direction."
0655-0,tc_u7WlfrfU,Primary Open-ended Question,Event Duration & Speed Attribute,Which is faster between the truck and the camera?,10.33,Please state your answer with a brief explanation.,They are moving at the same speed. The camera is filming the truck.,https://www.youtube.com/shorts/tc_u7WlfrfU,"The camera is filming the truck, so they are moving at the same speed."
0655-1,tc_u7WlfrfU,Paraphrased Open-ended Question,Event Duration & Speed Attribute,"Which moves faster, the camera or the truck?",10.33,Please state your answer with a brief explanation.,They move at the same speed because the camera is tracking the truck.,https://www.youtube.com/shorts/tc_u7WlfrfU,"The camera is tracking the truck, so they are moving at the same speed."
0655-2,tc_u7WlfrfU,Correctly-led Open-ended Question,Event Duration & Speed Attribute,Is the camera moving faster than the truck in the video?,10.33,Please state your answer with a brief explanation.,"No, the camera is moving at the same speed as the truck.",https://www.youtube.com/shorts/tc_u7WlfrfU,"The camera is moving at the same speed as the truck. This is because the Batmobile on the back of the truck appears stationary in the frame. If the camera were moving faster or slower, the Batmobile would appear to move forward or backward relative to the frame."
0655-3,tc_u7WlfrfU,Wrongly-led Open-ended Question,Event Duration & Speed Attribute,Is the truck moving faster than the camera in the video?,10.33,Please state your answer with a brief explanation.,"No, the truck is not moving faster than the camera. The camera is moving at the same speed as the truck.",https://www.youtube.com/shorts/tc_u7WlfrfU,"The video shows a truck carrying the Batmobile. The camera appears to be moving at the same speed as the truck, as the Batmobile remains relatively stationary in the frame. Therefore, the truck is not moving faster than the camera."
0655-7,tc_u7WlfrfU,Multiple-choice Question with a Single Correct Answer,Event Duration & Speed Attribute,"Which is faster in the video?
A. The camera
B. Neither is moving
C. The truck
D. Both are the same speed",10.33,"E. None of the above
Select one best answer to the above multiple-choice question based on the video. Respond with only the letter (A, B, C, D or E) of the correct option.",D,https://www.youtube.com/shorts/tc_u7WlfrfU,"The video shows the Batmobile on the back of a truck. The camera is moving along with the truck, filming the Batmobile. Therefore, the truck and the camera are moving at the same speed."
0658-0,i1ki36EMLp8,Primary Open-ended Question,Event Duration & Speed Attribute,Who is faster during the race?,19.8,Please state your answer with a brief explanation.,The first racer (in black) is faster. He gains a significant lead right from the start and maintains it throughout the race.,https://www.youtube.com/shorts/i1ki36EMLp8,"The video shows two racers on a BMX track.
The question asks who is faster.
Visually, the first racer (in black) quickly gains a significant lead over the second racer (in white).
The first racer maintains and extends this lead throughout the race."
0658-1,i1ki36EMLp8,Paraphrased Open-ended Question,Event Duration & Speed Attribute,Which rider is quicker in the race?,19.8,Please state your answer with a brief explanation.,"The first rider is quicker in the race, as they quickly establish and maintain a significant lead over the second rider throughout the video.",https://www.youtube.com/shorts/i1ki36EMLp8,The video shows two riders racing on a BMX track. It is clear that the first rider quickly gains a significant lead over the second rider.
0658-2,i1ki36EMLp8,Correctly-led Open-ended Question,Event Duration & Speed Attribute,Is the rider in the black outfit the faster one during the race?,19.8,Please state your answer with a brief explanation.,"Yes, the rider in the black outfit is the faster one during the race. He maintains a significant lead over the other rider.",https://www.youtube.com/shorts/i1ki36EMLp8,"The video shows two racers on a BMX track. One is wearing a black outfit, and the other is wearing a white outfit. By observing the video, the rider in the black outfit is clearly ahead of the rider in the white outfit throughout the race."
0658-3,i1ki36EMLp8,Wrongly-led Open-ended Question,Event Duration & Speed Attribute,Is the rider in the white outfit the faster one during the race?,19.8,Please state your answer with a brief explanation.,"Yes, the rider in the white outfit is the faster one during the race, as they maintain a lead over the other rider.",https://www.youtube.com/shorts/i1ki36EMLp8,"The video shows two racers, one in white and one in black.
The rider in white is clearly ahead of the rider in black throughout the race."
0658-7,i1ki36EMLp8,Multiple-choice Question with a Single Correct Answer,Event Duration & Speed Attribute,"Who is faster during the race?
A. The rider in the black outfit
B. Neither is fast
C. Both are equally fast
D. The rider in the white outfit",19.8,"E. None of the above
Select one best answer to the above multiple-choice question based on the video. Respond with only the letter (A, B, C, D or E) of the correct option.",A,https://www.youtube.com/shorts/i1ki36EMLp8,"The video shows two racers, one in black and one in white. The racer in black quickly gains a significant lead over the racer in white."
0664-0,v02xe4_I5uY,Primary Open-ended Question,Event Counting,How many times did the woman roll the dice?,56.26,Please state your answer with a brief explanation.,The woman rolled the dice 6 times.,https://www.youtube.com/shorts/v02xe4_I5uY,"The question asks how many times the woman rolled the dice.
I need to count each time the woman rolls the dice in the video.
The woman rolls the dice a total of 6 times."
0664-1,v02xe4_I5uY,Paraphrased Open-ended Question,Event Counting,How many times did the woman throw the dice?,56.26,Please state your answer with a brief explanation.,The woman threw the dice 7 times.,https://www.youtube.com/shorts/v02xe4_I5uY,The captions and the video were reviewed. The woman threw the dice 7 times.
0664-2,v02xe4_I5uY,Correctly-led Open-ended Question,Event Counting,Did the woman roll the dice 9 times during the game?,56.26,Please state your answer with a brief explanation.,"No, the woman rolled the dice 10 times during the game.",https://www.youtube.com/shorts/v02xe4_I5uY,"I will count the number of times the woman rolls the dice in the video.
Roll 1: 0:00
Roll 2: 0:04
Roll 3: 0:09
Roll 4: 0:13
Roll 5: 0:17
Roll 6: 0:22
Roll 7: 0:27
Roll 8: 0:34
Roll 9: 0:40
Roll 10: 0:46

The woman rolled the dice 10 times."
0664-3,v02xe4_I5uY,Wrongly-led Open-ended Question,Event Counting,Did the woman roll the dice 11 times as shown in the sequence?,56.26,Please state your answer with a brief explanation.,"No, it is unlikely that the woman rolled the dice only 11 times as shown in the video. The video has cuts between each roll, suggesting that it was edited and that multiple attempts may have been made for each roll.",https://www.youtube.com/shorts/v02xe4_I5uY,"The question is whether the woman rolled the dice 11 times as shown in the video.
Many comments point out the cuts between each roll, suggesting that the video was edited.
Therefore, it is unlikely that the woman rolled the dice only 11 times as shown."
0664-7,v02xe4_I5uY,Multiple-choice Question with a Single Correct Answer,Event Counting,"How many times did the woman roll the dice?
A. 3
B. 10
C. 12
D. 9",56.26,"E. None of the above
Select one best answer to the above multiple-choice question based on the video. Respond with only the letter (A, B, C, D or E) of the correct option.",B,https://www.youtube.com/shorts/v02xe4_I5uY,"I need to count the number of times the woman rolls the dice in the video.
Roll 1: 0:00
Roll 2: 0:04
Roll 3: 0:09
Roll 4: 0:13
Roll 5: 0:16
Roll 6: 0:21
Roll 7: 0:27
Roll 8: 0:34
Roll 9: 0:40
Roll 10: 0:46
The woman rolls the dice 10 times."
0667-0,oI--S1dz9EM,Primary Open-ended Question,Event Counting,How many people participated in the challenge in the video?,45.42,Please state your answer with a brief explanation.,"There are 5 people participating in the challenge. They are Celine, Bram, Laura, Ise, and Michiel.",https://www.youtube.com/shorts/oI--S1dz9EM,"I need to count the number of people who are actively participating in the challenge, meaning those who are going down the stairs after the balloon is thrown. The person sitting on the stairs is not participating.
From the video, I can see that Celine, Bram, Laura, Ise, and Michiel are all participating in the challenge."
0667-1,oI--S1dz9EM,Paraphrased Open-ended Question,Event Counting,What is the total number of participants in the challenge shown in the video?,45.42,Please state your answer with a brief explanation.,"There are 5 participants in the challenge. They are Celine, Bram, Laura, Ise, and Michiel.",https://www.youtube.com/shorts/oI--S1dz9EM,"I need to count the number of people who are actively participating in the sprint challenge. The person sitting on the stairs is not participating.
I can see the names of the participants being crossed out as they go down the stairs.
The participants are Celine, Bram, Laura, Ise, and Michiel.
Therefore, there are 5 participants."
0667-2,oI--S1dz9EM,Correctly-led Open-ended Question,Event Counting,Are there six people participating in the challenge in the video?,45.42,Please state your answer with a brief explanation.,"Yes, there are six people participating in the challenge. Five people are standing and trying to catch the balloon, and one person is dropping the balloon from the second floor.",https://www.youtube.com/shorts/oI--S1dz9EM,"The video shows multiple people participating in a challenge where they have to catch a balloon after it is dropped from the second floor.
I will count the number of people who are actively participating in the challenge, excluding the person sitting on the stairs.
From the video, I can see that there are five people standing and trying to catch the balloon, and one person dropping the balloon from the second floor.
Therefore, there are six people participating in the challenge."
0667-3,oI--S1dz9EM,Wrongly-led Open-ended Question,Event Counting,Are there seven people participating in the challenge in the video?,45.42,Please state your answer with a brief explanation.,"No, there are six people participating in the challenge in the video. The person sitting on the stairs is not participating.",https://www.youtube.com/shorts/oI--S1dz9EM,"I will count the number of people who are running down the stairs in the video. The person sitting on the stairs is not participating in the challenge.
From the video, I can see that there are 6 people running down the stairs."
0667-7,oI--S1dz9EM,Multiple-choice Question with a Single Correct Answer,Event Counting,"How many people participated in the challenge in the video?
A. Eight
B. Seven
C. Six
D. Five",45.42,"E. None of the above
Select one best answer to the above multiple-choice question based on the video. Respond with only the letter (A, B, C, D or E) of the correct option.",C,https://www.youtube.com/shorts/oI--S1dz9EM,"I need to count the number of people who are actively participating in the sprint challenge, excluding the person sitting on the stairs.
Based on the video, I can see that there are 6 people who are running down the stairs."
0670-0,CCmVxAlwuo0,Primary Open-ended Question,Event Counting,How many children jumped into the water in the video?,43.07,Please state your answer with a brief explanation.,Five children jumped into the water in the video. This is shown in the scene between [00:00:11-00:00:16].,https://www.youtube.com/shorts/CCmVxAlwuo0,"The question asks how many children jumped into the water in the video.
I need to look for scenes where children are jumping into the water.
At [00:00:11-00:00:16], there is a group of children jumping into the water.
I will count the number of children jumping into the water in this scene.
There are 5 children jumping into the water."
0670-1,CCmVxAlwuo0,Paraphrased Open-ended Question,Event Counting,What is the number of children who jumped into the water in the video?,43.07,Please state your answer with a brief explanation.,At least 5 children jumped into the water in the video.,https://www.youtube.com/shorts/CCmVxAlwuo0,"The video shows a group of children and adults jumping into the water from a dock. The question asks for the number of children who jumped into the water. By observing the video, I can count the number of children who jumped."
0670-2,CCmVxAlwuo0,Correctly-led Open-ended Question,Event Counting,Is it true that only two children jumped into the water in the video?,43.07,Please state your answer with a brief explanation.,"No, it is not true that only two children jumped into the water in the video. At least nine children jumped into the water.",https://www.youtube.com/shorts/CCmVxAlwuo0,"The question asks if it is true that only two children jumped into the water in the video.
I need to watch the video and count how many children jumped into the water.
At around 0:11, a group of children are on a dock.
At around 0:12, one child jumps into the water.
At around 0:14, another child jumps into the water.
At around 0:15, another child jumps into the water.
At around 0:16, another child jumps into the water.
At around 0:21, another child jumps into the water.
At around 0:26, another child jumps into the water.
At around 0:27, another child jumps into the water.
At around 0:28, another child jumps into the water.
At around 0:29, another child jumps into the water.
I counted at least nine children jumping into the water."
0670-3,CCmVxAlwuo0,Wrongly-led Open-ended Question,Event Counting,Did four children jump into the water in the video?,43.07,Please state your answer with a brief explanation.,"Yes, four children jumped into the water in the video.",https://www.youtube.com/shorts/CCmVxAlwuo0,"The video shows a group of children jumping into the water from a dock. I need to count how many children jumped into the water.
At [00:00:27], I can see that four children jumped into the water."
0670-7,CCmVxAlwuo0,Multiple-choice Question with a Single Correct Answer,Event Counting,"How many children jumped into the water in the video?
A. Four
B. Three
C. One
D. Two",43.07,"E. None of the above
Select one best answer to the above multiple-choice question based on the video. Respond with only the letter (A, B, C, D or E) of the correct option.",E,https://www.youtube.com/shorts/CCmVxAlwuo0,"The video shows a group of Hawaiian Can Family members jumping into the water. From the video, I can see at least 5 children jumping into the water."
0673-0,nfCZqSebCuE,Primary Open-ended Question,Element Counting,"In the video, how many buckets of real popcorn are shown?",13.51,Please state your answer with a brief explanation.,There are 3 buckets of real popcorn shown in the video.,https://www.youtube.com/shorts/nfCZqSebCuE,"The question asks how many buckets of real popcorn are shown.
I need to look at the video and see how many buckets of real popcorn are shown.
At the beginning of the video, the person in the front is holding a cardboard with popcorn glued to it.
The other people in the video have buckets of real popcorn.
There are 3 buckets of real popcorn shown."
0673-1,nfCZqSebCuE,Paraphrased Open-ended Question,Element Counting,How many buckets of actual popcorn are visible in the video?,13.51,Please state your answer with a brief explanation.,There are 3 buckets of actual popcorn visible in the video.,https://www.youtube.com/shorts/nfCZqSebCuE,"The video shows a person doing a magic trick with popcorn.
I need to count the number of popcorn buckets that appear to contain actual popcorn.
At the beginning of the video, there are 3 buckets of popcorn visible. The person in the front has a fake popcorn prop. The other 3 people have real popcorn."
0673-2,nfCZqSebCuE,Correctly-led Open-ended Question,Element Counting,Are there two buckets of real popcorn shown in the video?,13.51,Please state your answer with a brief explanation.,"Yes, there are at least two buckets of real popcorn shown in the video.",https://www.youtube.com/shorts/nfCZqSebCuE,"The video shows a person holding a flat cardboard with popcorn glued to it. The cardboard is revealed to say ""FAKE"". The other buckets of popcorn in the video appear to be real.
There are 4 buckets of popcorn in the video."
0673-3,nfCZqSebCuE,Wrongly-led Open-ended Question,Element Counting,Are there four buckets of real popcorn shown in the video?,13.51,Please state your answer with a brief explanation.,"Yes, there are four buckets of real popcorn shown in the video.",https://www.youtube.com/shorts/nfCZqSebCuE,"The video shows four people with popcorn buckets.
I will check the video to confirm if all four buckets contain popcorn.
At the beginning of the video, all four buckets appear to contain popcorn."
0673-7,nfCZqSebCuE,Multiple-choice Question with a Single Correct Answer,Element Counting,"How many buckets of real popcorn are shown in the video?
A. Two
B. One
C. Three
D. Four",13.51,"E. None of the above
Select one best answer to the above multiple-choice question based on the video. Respond with only the letter (A, B, C, D or E) of the correct option.",C,https://www.youtube.com/shorts/nfCZqSebCuE,"The video shows multiple buckets of popcorn.
The question asks how many buckets of real popcorn are shown.
The video is about a magic trick with fake popcorn.
The first bucket of popcorn is fake.
The other buckets of popcorn are real.
There are three other buckets of popcorn.
Therefore, there are three buckets of real popcorn."
0675-0,wsPyV3igUG4,Primary Open-ended Question,Character Reaction Causality,"After the man on the right revealed how the magic tricks were performed, how did the man on the left feel and why?",43.35,Please state your answer with a brief explanation.,"After the man on the right revealed how the magic tricks were performed, the man on the left was surprised because he didn't realize he was already wearing the airpods.",https://www.youtube.com/shorts/wsPyV3igUG4,"The question asks how the man on the left felt after the man on the right revealed the magic tricks.
The man on the left is Milaad K.
The man on the right is Milaad's dad.
I need to analyze the video to determine how Milaad felt.
In the video, Milaad is smiling and laughing during the magic tricks.
At the end of the video, when his dad reveals that he was already wearing the airpods, Milaad is surprised and says ""Oh!""."
0675-1,wsPyV3igUG4,Paraphrased Open-ended Question,Character Reaction Causality,"What was the reaction of the man on the left when the man on the right exposed the magic tricks, and why?",43.35,Please state your answer with a brief explanation.,"The man on the left (the father) reacts with amusement and slight annoyance when the man on the right (Milaad) exposes his magic tricks. He smiles and shakes his head playfully, suggesting he's not seriously upset and is enjoying the interaction.",https://www.youtube.com/shorts/wsPyV3igUG4,"The question asks about the reaction of the man on the left when the man on the right exposed the magic tricks.
The man on the left is the father. The man on the right is Milaad.
The father is performing the magic tricks and Milaad is exposing them.
The father's reaction is a mix of amusement and slight annoyance. He smiles and shakes his head, as if playfully scolding Milaad for revealing his secrets. He seems to be taking it in stride and enjoying the interaction."
0675-2,wsPyV3igUG4,Correctly-led Open-ended Question,Character Reaction Causality,Did the man on the left feel displeased because he was exposed after the magic tricks were revealed?,43.35,Please state your answer with a brief explanation.,"No, the man on the left did not seem displeased. He was smiling and laughing throughout the video.",https://www.youtube.com/shorts/wsPyV3igUG4,"The question asks about the man on the left's feelings after his magic tricks were revealed.
Based on the video, the man on the left is smiling and laughing throughout the video, even after his tricks are revealed."
0675-3,wsPyV3igUG4,Wrongly-led Open-ended Question,Character Reaction Causality,Did the man on the left feel impressed and intrigued after the magic tricks were explained?,43.35,Please state your answer with a brief explanation.,"Yes, the man on the left seemed impressed and intrigued after the magic tricks were explained, especially after the last trick.",https://www.youtube.com/shorts/wsPyV3igUG4,"The question asks about the man on the left's reaction to the magic tricks.
I need to observe the video to determine his expressions and body language after each trick.
The man on the left appears to be the father.
After the first trick, he smiles and looks at his son.
After the second trick, he smiles and looks at his son.
After the third trick, he looks surprised and impressed."
0675-7,wsPyV3igUG4,Multiple-choice Question with a Single Correct Answer,Character Reaction Causality,"How did the man on the left feel after the magic tricks were revealed?
A. A sense of satisfaction
B. Amused and impressed
C. Displeased because he was exposed
D. Amused",43.35,"E. None of the above
Select one best answer to the above multiple-choice question based on the video. Respond with only the letter (A, B, C, D or E) of the correct option.",A,https://www.youtube.com/shorts/wsPyV3igUG4,"The question asks about the man on the left's feelings after the magic tricks were revealed. The man on the left is the dad.
Looking at the video, the dad is smiling and seems to be enjoying the process of revealing the magic tricks. He doesn't seem displeased at all. He seems to have a sense of satisfaction."
0679-0,K7T7JYxlcPo,Primary Open-ended Question,Character Emotion Attribute,"At the end of the video, how does the lady in the white tank top vest feel?",10.22,Please state your answer with a brief explanation.,"At the end of the video, the lady in the white tank top vest is shocked and curious, as she measures the exposed pole with her fingers.",https://www.youtube.com/shorts/K7T7JYxlcPo,"The video shows a prank where a chair malfunctions and the seat drops down. The lady in the white tank top is eating at the bar when the chair prank happens. Her initial reaction is shock and surprise, as she gasps and looks wide-eyed. Then, she touches and measures the exposed pole with her fingers, seemingly trying to understand what happened and how far it went down."
0679-1,K7T7JYxlcPo,Paraphrased Open-ended Question,Character Emotion Attribute,What is the reaction of the woman in the white tank top at the video's conclusion?,10.22,Please state your answer with a brief explanation.,"The woman in the white tank top is eating when the chair next to her breaks. She is startled and gasps, then looks at the broken chair and measures the exposed pole with her fingers.",https://www.youtube.com/shorts/K7T7JYxlcPo,"1. I need to identify the woman in the white tank top.
2. I need to watch the video and observe her reaction when the chair breaks.
3. I need to describe her reaction."
0679-2,K7T7JYxlcPo,Correctly-led Open-ended Question,Character Emotion Attribute,Does the woman in the white tank top feel surprised at the end of the video?,10.22,Please state your answer with a brief explanation.,"Yes, the woman in the white tank top looks surprised at the end of the video.",https://www.youtube.com/shorts/K7T7JYxlcPo,"The video shows a woman in a white tank top sitting on a bar stool. A man pulls the stool out from under her as a prank. The woman looks surprised and touches the stool.
Therefore, the answer is yes."
0679-3,K7T7JYxlcPo,Wrongly-led Open-ended Question,Character Emotion Attribute,Does the woman in the white tank top feel upset or frustrated at the end of the video?,10.22,Please state your answer with a brief explanation.,"No, the woman in the white tank top does not appear to be upset or frustrated at the end of the video. She is seen measuring the broken part of the chair with her fingers.",https://www.youtube.com/shorts/K7T7JYxlcPo,"The video shows a prank where a chair malfunctions when someone sits on it. The woman in the white tank top is the one sitting on the chair when it breaks. At the end of the video, she is seen measuring the broken part of the chair with her fingers and does not appear to be upset or frustrated."
0679-7,K7T7JYxlcPo,Multiple-choice Question with a Single Correct Answer,Character Emotion Attribute,"How does the woman in the white tank top feel at the end of the video?
A. Indifferent
B. Surprised
C. Upset
D. Annoyed",10.22,"E. None of the above
Select one best answer to the above multiple-choice question based on the video. Respond with only the letter (A, B, C, D or E) of the correct option.",B,https://www.youtube.com/shorts/K7T7JYxlcPo,"The woman in the video is eating at a bar when the stool next to her breaks. Her initial reaction is shock and surprise, as evidenced by her facial expression. She then inspects the broken stool."
0689-0,vwajGCpsoJ0,Primary Open-ended Question,Character Motivation Causality,Why did the man in the purple T-shirt change the other man's lock screen wallpaper to his own photo?,19.01,Please state your answer with a brief explanation.,The man in the purple T-shirt changed the other man's lock screen wallpaper to his own photo as a prank.,https://www.youtube.com/shorts/vwajGCpsoJ0,"The video shows a man in a purple T-shirt sneakily changing the lock screen wallpaper on another man's phone to a picture of himself. The video is presented as a ""lifehack,"" implying the action is a prank or a humorous trick."
0689-1,vwajGCpsoJ0,Paraphrased Open-ended Question,Character Motivation Causality,What was the reason the man in the purple T-shirt altered the lock screen wallpaper on the other man's phone to his own picture?,19.01,Please state your answer with a brief explanation.,The man in the purple T-shirt changed the lock screen wallpaper on the other man's phone to his own picture as a prank.,https://www.youtube.com/shorts/vwajGCpsoJ0,"The video shows a man in a purple T-shirt changing the wallpaper on another man's phone to his own picture. The video does not explicitly state the reason for this action. However, the man in the purple T-shirt laughs after changing the wallpaper, suggesting that it was done as a prank or joke."
0689-2,vwajGCpsoJ0,Correctly-led Open-ended Question,Character Motivation Causality,Did the man in the purple T-shirt change the lock screen wallpaper to his own photo to make the other man think the phone was his?,19.01,Please state your answer with a brief explanation.,"Yes, the man in the purple T-shirt changed the lock screen wallpaper to his own photo.",https://www.youtube.com/shorts/vwajGCpsoJ0,The video shows the man in the purple T-shirt changing the lock screen wallpaper to his own photo.
0689-3,vwajGCpsoJ0,Wrongly-led Open-ended Question,Character Motivation Causality,Did the man in the purple T-shirt change the lock screen wallpaper to his own photo just as a prank?,19.01,Please state your answer with a brief explanation.,"Yes, the man in the purple T-shirt changed the lock screen wallpaper to his own photo as a prank.",https://www.youtube.com/shorts/vwajGCpsoJ0,The video shows a man in a purple T-shirt taking a photo of himself on another man's phone and then setting it as the lock screen wallpaper. The reaction of the man who owns the phone suggests that this was done as a prank.
0689-7,vwajGCpsoJ0,Multiple-choice Question with a Single Correct Answer,Character Motivation Causality,"Why did the man in the purple T-shirt change the lock screen wallpaper to his own photo?
A. As a prank.
B. To make the other man think the phone was his.
C. To record a funny video.
D. To surprise the other man.",19.01,"E. None of the above
Select one best answer to the above multiple-choice question based on the video. Respond with only the letter (A, B, C, D or E) of the correct option.",A,https://www.youtube.com/shorts/vwajGCpsoJ0,The man in the purple T-shirt changed the lock screen wallpaper to his own photo as a prank.
0690-0,l2erI86JxzE,Primary Open-ended Question,Character Motivation Causality,Why is the child lying on the ground?,27.76,Please state your answer with a brief explanation.,,https://www.youtube.com/shorts/l2erI86JxzE,
0690-1,l2erI86JxzE,Paraphrased Open-ended Question,Character Motivation Causality,What is the reason the child is on the floor?,27.76,Please state your answer with a brief explanation.,,https://www.youtube.com/shorts/l2erI86JxzE,
0690-2,l2erI86JxzE,Correctly-led Open-ended Question,Character Motivation Causality,Is the child lying on the ground to secretly take the money during the trick?,27.76,Please state your answer with a brief explanation.,,https://www.youtube.com/shorts/l2erI86JxzE,
0690-3,l2erI86JxzE,Wrongly-led Open-ended Question,Character Motivation Causality,Is the child lying on the ground because they are playing or relaxing?,27.76,Please state your answer with a brief explanation.,,https://www.youtube.com/shorts/l2erI86JxzE,
0690-7,l2erI86JxzE,Multiple-choice Question with a Single Correct Answer,Character Motivation Causality,"Why is the child lying on the ground?
A. To sleep.
B. To play with toys.
C. To secretly get money.
D. To relax.",27.76,"E. None of the above
Select one best answer to the above multiple-choice question based on the video. Respond with only the letter (A, B, C, D or E) of the correct option.",,https://www.youtube.com/shorts/l2erI86JxzE,
0695-0,DN-gN9LaFGg,Primary Open-ended Question,Plot Attribute,Who won the game?,42.45,Please state your answer with a brief explanation.,The woman won the game.,https://www.youtube.com/shorts/DN-gN9LaFGg,The video shows a game between a man and a woman. They are trying to match the colors of the cups. The woman wins the game.
0695-1,DN-gN9LaFGg,Paraphrased Open-ended Question,Plot Attribute,Who emerged as the winner of the competition?,42.45,Please state your answer with a brief explanation.,"The woman won the competition. She had a strategy of only moving two cups at a time, which helped her remember the positions of the cups.",https://www.youtube.com/shorts/DN-gN9LaFGg,The video shows a game between a man and a woman. They are trying to match the colors of cups in a specific order. The woman wins the game.
0695-2,DN-gN9LaFGg,Correctly-led Open-ended Question,Plot Attribute,Did the woman win the game because she arranged her cups in the correct order?,42.45,Please state your answer with a brief explanation.,"Yes, the woman won the game because she arranged her cups in the correct order.",https://www.youtube.com/shorts/DN-gN9LaFGg,"The question asks if the woman won because she arranged her cups in the correct order.
Based on the video, the woman won the game.
The woman won the game because she arranged her cups in the correct order."
0695-3,DN-gN9LaFGg,Wrongly-led Open-ended Question,Plot Attribute,Did the man win the game because he was faster at arranging the cups?,42.45,Please state your answer with a brief explanation.,"No, the man did not win the game. The woman won the game.",https://www.youtube.com/shorts/DN-gN9LaFGg,"The question asks if the man won because he was faster.
Based on the video, the woman won the game.
The top comments also suggest that the woman had a better strategy and won the game."
0695-7,DN-gN9LaFGg,Multiple-choice Question with a Single Correct Answer,Plot Attribute,"Who won the cup matching game?
A. The woman
B. The man
C. It was a tie
D. Neither of them",42.45,"E. None of the above
Select one best answer to the above multiple-choice question based on the video. Respond with only the letter (A, B, C, D or E) of the correct option.",A,https://www.youtube.com/shorts/DN-gN9LaFGg,The video shows a cup matching game between a man and a woman. The woman wins the game at the end of the video.
0706-0,zLAwp0V1vng,Primary Open-ended Question,Character Motivation Causality,What is the purpose of the actions of the man in the first half of the video?,16.95,Please state your answer with a brief explanation.,The purpose of the man's actions in the first half of the video is to record the raw footage that will be used to create the special effects fight scene in the final product.,https://www.youtube.com/shorts/zLAwp0V1vng,"The question asks about the purpose of the man's actions in the first half of the video.
The video shows the man performing various movements and poses on a beach, with a camera set up on a tripod. The text overlay indicates that he is embarrassed by these actions.
The second half of the video shows the final product, which is a superhero-style fight scene with special effects.
Therefore, the purpose of the man's actions in the first half of the video is to capture the raw footage needed to create the special effects fight scene."
0706-1,zLAwp0V1vng,Paraphrased Open-ended Question,Character Motivation Causality,What is the man trying to achieve with his actions in the first part of the video?,16.95,Please state your answer with a brief explanation.,The man is trying to capture the raw footage needed to create visual effects for a superhero-themed video. He is performing various movements and poses in front of the camera to achieve this.,https://www.youtube.com/shorts/zLAwp0V1vng,"The question asks what the man is trying to achieve with his actions in the first part of the video.
In the first part of the video, the man is seen performing various movements and poses in front of a camera on a tripod. The video title and description suggest that he is creating visual effects for a superhero-themed video. Therefore, he is likely trying to capture the raw footage needed to create the visual effects seen later in the video."
0706-2,zLAwp0V1vng,Correctly-led Open-ended Question,Character Motivation Causality,Is the man in the first half of the video shooting footage for a video with special effects?,16.95,Please state your answer with a brief explanation.,"Yes, the man in the first half of the video is shooting footage for a video with special effects. The first half of the video shows the man setting up the camera and performing actions, while the second half shows the final product with special effects.",https://www.youtube.com/shorts/zLAwp0V1vng,"The question is whether the man in the first half of the video is shooting footage for a video with special effects.
The video title mentions special effects (vfx).
The video description is empty.
The top comments mention editing, special effects, and behind-the-scenes.
The first half of the video shows a man on a beach setting up a camera on a tripod. He then performs various movements and actions in front of the camera. The second half of the video shows the final product with special effects.
Therefore, the man in the first half of the video is shooting footage for a video with special effects."
0706-3,zLAwp0V1vng,Wrongly-led Open-ended Question,Character Motivation Causality,Is the man in the first half of the video setting up a camera on a tripod to record himself practicing martial arts?,16.95,Please state your answer with a brief explanation.,"Yes, the man in the first half of the video is setting up a camera on a tripod to record himself practicing martial arts-like movements.",https://www.youtube.com/shorts/zLAwp0V1vng,The video shows a man setting up a camera on a tripod on a beach. He then proceeds to perform a series of movements that resemble martial arts or dance moves.
0706-7,zLAwp0V1vng,Multiple-choice Question with a Single Correct Answer,Character Motivation Causality,"What is the purpose of the man's actions in the first half of the video?
A. Setting up a camera on a tripod
B. Shooting video material for the second half
C. Demonstrating moves for social media
D. Practicing martial arts",16.95,"E. None of the above
Select one best answer to the above multiple-choice question based on the video. Respond with only the letter (A, B, C, D or E) of the correct option.",B,https://www.youtube.com/shorts/zLAwp0V1vng,"The video shows the man setting up a camera on a tripod and then performing various actions. The title and description indicate that the video is about creating a superhero VFX video. Therefore, the man's actions in the first half of the video are to shoot video material that will be used in the second half to create the VFX video."
0707-0,VGmKsn6gx50,Primary Open-ended Question,Character Motivation Causality,What is the purpose of the person in the video running towards the camera?,18.24,Please state your answer with a brief explanation.,The person in the video is running towards the camera to grab the drink.,https://www.youtube.com/shorts/VGmKsn6gx50,The person in the video is running towards the camera to grab the drink and continue the video.
0707-1,VGmKsn6gx50,Paraphrased Open-ended Question,Character Motivation Causality,Why does the person run towards the camera in the video?,18.24,Please state your answer with a brief explanation.,The person runs towards the camera to show the drink up close.,https://www.youtube.com/shorts/VGmKsn6gx50,"The video shows a person dancing with a drink in their hand. At one point, they run towards the camera. Based on the video, it seems they run towards the camera to show the drink up close."
0707-2,VGmKsn6gx50,Correctly-led Open-ended Question,Character Motivation Causality,Is the person running towards the camera to show the drink up close for post-production?,18.24,Please state your answer with a brief explanation.,"Yes, the person is running towards the camera to show the drink up close.",https://www.youtube.com/shorts/VGmKsn6gx50,"The video shows the person dancing with the drink and then running towards the camera to show the drink up close.
The question asks if the person is running towards the camera to show the drink up close for post-production.
Based on the video, it seems like the person is running towards the camera to show the drink up close as part of the video itself, not necessarily for post-production purposes."
0707-3,VGmKsn6gx50,Wrongly-led Open-ended Question,Character Motivation Causality,Is the person running towards the camera to engage the audience with a dynamic introduction and What is his specific action?,18.24,Please state your answer with a brief explanation.,"Yes, the person is running towards the camera. His specific action is holding a drink and dancing.",https://www.youtube.com/shorts/VGmKsn6gx50,"1. Review the video to observe the person's movement at the beginning.
2. Identify if the person is running towards the camera.
3. Determine the specific action the person is performing."
0707-7,VGmKsn6gx50,Multiple-choice Question with a Single Correct Answer,Character Motivation Causality,"What is the purpose of the person running towards the camera?
A. To show the drink up close for post-production
B. To review the beverage
C. To engage the audience
D. To create a dynamic introduction",18.24,"E. None of the above
Select one best answer to the above multiple-choice question based on the video. Respond with only the letter (A, B, C, D or E) of the correct option.",D,https://www.youtube.com/shorts/VGmKsn6gx50,The person runs towards the camera at the beginning of the video. This creates a dynamic introduction to the video.
0708-0,dIKw3x7iLUo,Primary Open-ended Question,Character Reaction Causality,What is the reason for the cat screaming in the last shot?,18.9,Please state your answer with a brief explanation.,The cat is screaming because the owner has replaced all the beauty products that the cat destroyed.,https://www.youtube.com/shorts/dIKw3x7iLUo,"The video shows the cat making a mess with beauty products in the bathtub. The owner then arrives with a bag full of new products. The cat's reaction is a scream. Therefore, the cat is screaming because the owner has replaced all the products that the cat destroyed."
0708-1,dIKw3x7iLUo,Paraphrased Open-ended Question,Character Reaction Causality,Why is the cat yelling in the final scene?,18.9,Please state your answer with a brief explanation.,"The cat is yelling in the final scene because the owner brought home more beauty products, implying more mess-making that the cat will be blamed for.",https://www.youtube.com/shorts/dIKw3x7iLUo,"The video shows the cat making a mess with beauty products in a bathtub. The owner then arrives with more products in Ozon bags. The cat is initially laughing mischievously, but then screams in the final scene. The scream is likely due to the owner bringing even more products, implying more potential for mess-making that the cat will be blamed for."
0708-2,dIKw3x7iLUo,Correctly-led Open-ended Question,Character Reaction Causality,Did the cat scream because it saw more bath products being brought in after it thought it had destroyed them all?,18.9,Please state your answer with a brief explanation.,"Yes, the cat screamed because it saw more bath products being brought in after it thought it had destroyed them all.",https://www.youtube.com/shorts/dIKw3x7iLUo,The video shows the cat destroying bath products. The owner then brings in more bath products in Ozon bags. The cat screams after seeing the owner bring in more bath products.
0708-3,dIKw3x7iLUo,Wrongly-led Open-ended Question,Character Reaction Causality,Is the cat screaming in the last shot because it is upset about the mess in the bathtub?,18.9,Please state your answer with a brief explanation.,"No, the cat is likely screaming because it is shocked or surprised by the amount of new products.",https://www.youtube.com/shorts/dIKw3x7iLUo,"The video shows the cat making a mess of bath products in the bathtub. The owner then reveals a large amount of new products. The cat then screams. Given the context, it is likely the cat is screaming because it is shocked or surprised by the amount of new products."
0708-7,dIKw3x7iLUo,Multiple-choice Question with a Single Correct Answer,Character Reaction Causality,"Why did the cat scream in the last shot?
A. It was scared of the water.
B. It was upset about the mess in the bathtub.
C. It thought it had destroyed all the bath products, but more were brought out.
D. It was hungry.",18.9,"E. None of the above
Select one best answer to the above multiple-choice question based on the video. Respond with only the letter (A, B, C, D or E) of the correct option.",C,https://www.youtube.com/shorts/dIKw3x7iLUo,"The cat is shown destroying bath products in the bathtub. It seems pleased with itself. Then the owner brings in a bag full of more bath products. The cat screams in response. Therefore, the cat screamed because it thought it had destroyed all the bath products, but more were brought out."
0721-0,ir89-1OXw5U,Primary Open-ended Question,Element Attributes (Optical Illusion),What is the man in sunglasses holding in his hand?,32.97,Please state your answer with a brief explanation.,The man in sunglasses is holding an airplane.,https://www.youtube.com/shorts/ir89-1OXw5U,"The question asks what the man in sunglasses is holding in his hand.
I need to scan the video for a man in sunglasses.
At timestamp 0:24, there is a man in sunglasses holding an airplane."
0721-1,ir89-1OXw5U,Paraphrased Open-ended Question,Element Attributes (Optical Illusion),What is the man wearing sunglasses doing with his hands?,32.97,Please state your answer with a brief explanation.,The man wearing sunglasses is holding his left hand up as if he is holding the plane. He is also extending his right hand out to the side.,https://www.youtube.com/shorts/ir89-1OXw5U,"The question asks about what the man wearing sunglasses is doing with his hands.
I need to scan the video for a man wearing sunglasses.
I found the man wearing sunglasses at timestamp 0:24.
He is holding his left hand up as if he is holding the plane. He is also extending his right hand out to the side."
0721-2,ir89-1OXw5U,Correctly-led Open-ended Question,Element Attributes (Optical Illusion),Is the man in sunglasses actually holding anything in his hand?,32.97,Please state your answer with a brief explanation.,"Yes, the man in sunglasses is holding his hand up to make it look like he is holding up the plane.",https://www.youtube.com/shorts/ir89-1OXw5U,"The question is whether the man in sunglasses is holding anything in his hand.
I need to look at the video to find the man in sunglasses.
At timestamp 0:24, there is a man in sunglasses.
He is holding his hand up to make it look like he is holding up the plane."
0721-3,ir89-1OXw5U,Wrongly-led Open-ended Question,Element Attributes (Optical Illusion),Is the man in sunglasses holding a toy airplane in his hand?,32.97,Please state your answer with a brief explanation.,"No, the man in sunglasses is not holding a toy airplane in his hand. He is standing below a real airplane and using forced perspective to make it look like he is holding it.",https://www.youtube.com/shorts/ir89-1OXw5U,"The video shows a series of photos with forced perspective. At around 0:24, there is a man wearing sunglasses and holding his hand up to make it look like he is holding a plane. The plane is a real plane flying in the sky."
0721-7,ir89-1OXw5U,Multiple-choice Question with a Single Correct Answer,Element Attributes (Optical Illusion),"What is the man in sunglasses holding in his hand?
A. A potato chip
B. Nothing
C. A plane
D. A sail",32.97,"E. None of the above
Select one best answer to the above multiple-choice question based on the video. Respond with only the letter (A, B, C, D or E) of the correct option.",C,https://www.youtube.com/shorts/ir89-1OXw5U,"The question asks what the man in sunglasses is holding in his hand.
I need to look for the image of the man in sunglasses.
At timestamp 0:24, the man in sunglasses is holding a plane in his hand.
Therefore, the answer is C."
0723-0,pUIkzB8KebU,Primary Open-ended Question,Objective Causality,Why does the little monster in the video look like it's active?,15.15,Please state your answer with a brief explanation.,"The little monster looks like it's active because it is an inside-out cardboard box, which creates an illusion of depth and movement.",https://www.youtube.com/shorts/pUIkzB8KebU,"The video explains that the illusion of the monster being active is due to the fact that it is an inside-out cardboard box. Once you know the secret, it's hard to see the illusion again."
0723-1,pUIkzB8KebU,Paraphrased Open-ended Question,Objective Causality,What makes the little monster in the video seem like it's moving?,15.15,Please state your answer with a brief explanation.,"The little monster in the video seems like it's moving because of a depth perception illusion. The brain assumes the snout is pointing towards you and not receding away. Once you know that it's just an inside-out cardboard box, it's really hard to get that illusion to work again.",https://www.youtube.com/shorts/pUIkzB8KebU,"1. The question asks what makes the little monster in the video seem like it's moving.
2. The video description is empty, so I will rely on the video's transcript and top comments.
3. The video's transcript mentions that the illusion is created by an inside-out cardboard box.
4. The top comments mention that the illusion works because of depth perception, and the brain assumes the snout is pointing towards you and not receding away.
5. The top comments also mention that the illusion breaks when you concentrate or focus on the lines."
0723-2,pUIkzB8KebU,Correctly-led Open-ended Question,Objective Causality,Is the little monster in the video appearing to move due to an optical illusion involving a concave surface?,15.15,Please state your answer with a brief explanation.,"Yes, the little monster in the video appears to move due to an optical illusion involving a concave surface, specifically an inside-out cardboard box.",https://www.youtube.com/shorts/pUIkzB8KebU,"The video creator states that the illusion is created by an inside-out cardboard box. This implies that the surface is concave, and the illusion of movement is due to how our brains interpret depth and perspective on this unusual surface."
0723-3,pUIkzB8KebU,Wrongly-led Open-ended Question,Objective Causality,Is the little monster in the video appearing to move because someone is manipulating it?,15.15,Please state your answer with a brief explanation.,"No, the little monster in the video is not appearing to move because someone is manipulating it. The illusion of movement is due to the fact that it is an inside-out cardboard box.",https://www.youtube.com/shorts/pUIkzB8KebU,"The video creator explains that the illusion of the monster moving is due to the fact that it is an inside-out cardboard box. The illusion is broken once you realize that. Therefore, the monster is not moving because someone is manipulating it."
0723-7,pUIkzB8KebU,Multiple-choice Question with a Single Correct Answer,Objective Causality,"Why does the little monster in the video appear to be active?
A. It is a robotic creature.
B. It is being manipulated by a person.
C. It is animated using CGI.
D. It is painted on a concave surface creating an optical illusion.",15.15,"E. None of the above
Select one best answer to the above multiple-choice question based on the video. Respond with only the letter (A, B, C, D or E) of the correct option.",D,https://www.youtube.com/shorts/pUIkzB8KebU,"The video explains that the illusion is created by an inside-out cardboard box. The comments also mention that it is an optical illusion. Therefore, the answer is D."
0724-0,9Iof4qwbrwQ,Primary Open-ended Question,Objective Causality,"Why does the pen pass through the banknote, but the note is not broken?Please explain how a banknote is folded.",43.99,Please state your answer with a brief explanation.,"The pen passes through the banknote because of the way the banknote is folded. The banknote is folded in half, then folded again in the opposite direction, creating a small pocket in the middle. The pen is inserted into this pocket, giving the illusion that it is passing through the banknote.",https://www.youtube.com/shorts/9Iof4qwbrwQ,"The video shows a magic trick where a pen passes through a banknote without breaking it. The video explains the folding of the banknote. The banknote is folded in half, then folded again in the opposite direction, creating a small pocket in the middle. The pen is inserted into this pocket, giving the illusion that it is passing through the banknote."
0724-1,9Iof4qwbrwQ,Paraphrased Open-ended Question,Objective Causality,"How does the pen manage to go through the banknote without tearing it?Please explain how a banknote is folded,",43.99,Please state your answer with a brief explanation.,"The banknote is folded in half twice. The pen is inserted between the layers of the folded banknote. When the pen is pushed through, it appears to pierce the banknote, but it actually goes between the folded layers.",https://www.youtube.com/shorts/9Iof4qwbrwQ,"The video shows how the banknote is folded in half twice, creating a smaller square. Then, the pen is inserted between the layers of the folded banknote. When the pen is pushed through, it appears to pierce the banknote, but it actually goes between the folded layers. When the banknote is unfolded, there is no tear."
0724-2,9Iof4qwbrwQ,Correctly-led Open-ended Question,Objective Causality,Is the reason the banknote remains intact because the pen goes through a folded opening rather than the middle?,43.99,Please state your answer with a brief explanation.,"Yes, the reason the banknote remains intact is because the pen goes through a folded opening rather than the middle. The banknote is folded to create a hidden channel for the pen to pass through.",https://www.youtube.com/shorts/9Iof4qwbrwQ,"The video shows a magic trick where a pen is seemingly pushed through a banknote without damaging it. The video then reveals the secret to the trick. The banknote is folded in a specific way to create a hidden channel. The pen goes through this channel, giving the illusion that it's piercing the banknote. Therefore, the reason the banknote remains intact is indeed because the pen goes through a folded opening rather than the middle."
0724-3,9Iof4qwbrwQ,Wrongly-led Open-ended Question,Objective Causality,Is the banknote not broken because the pen has a hidden mechanism that creates the illusion of penetration?,43.99,Please state your answer with a brief explanation.,It is likely that the pen does not have a hidden mechanism.,https://www.youtube.com/shorts/9Iof4qwbrwQ,"The video shows several magic tricks. One of the tricks involves a pen being pushed through a folded banknote. After the pen is removed, the banknote is unfolded and shown to be undamaged. The question asks if the pen has a hidden mechanism.
The video does not explicitly reveal the secret behind this particular trick, but it is implied that the pen does not have a hidden mechanism. The video shows the secret behind other tricks, implying that the secrets are not always what one might expect."
0724-7,9Iof4qwbrwQ,Multiple-choice Question with a Single Correct Answer,Objective Causality,"Why does the pen pass through the banknote without breaking it?
A. The pen is very sharp.
B. The pen has a hidden mechanism.
C. The bill is specially folded.
D. The banknote is made of special material.",43.99,"E. None of the above
Select one best answer to the above multiple-choice question based on the video. Respond with only the letter (A, B, C, D or E) of the correct option.",C,https://www.youtube.com/shorts/9Iof4qwbrwQ,The video shows a magic trick where a pen appears to pass through a banknote without damaging it. The video then reveals the secret to the trick. The banknote is folded in a specific way to create a hidden space for the pen to pass through.
0725-0,PVMqxKAXDQo,Primary Open-ended Question,Objective Causality,Why has the drink in the bottle in the video decreased?,58.11,Please state your answer with a brief explanation.,"The drink in the bottle has decreased because the magician has attached a balloon to the inside of the bottle. When he squeezes the balloon, it takes up space in the bottle and pushes the liquid out.",https://www.youtube.com/shorts/PVMqxKAXDQo,"The video is a magic trick tutorial.
The magician empties the bottle, cuts it in half, makes a hole in the side, attaches a balloon to the inside of the bottle, and then reattaches the two halves.
When the magician ""drinks"" the soda, he is actually squeezing the balloon, which takes up space in the bottle and pushes the liquid out."
0725-1,PVMqxKAXDQo,Paraphrased Open-ended Question,Objective Causality,What causes the liquid level in the bottle to drop in the video?,58.11,Please state your answer with a brief explanation.,"The liquid level in the bottle drops because of an inflating balloon inside the bottle. The balloon takes up space, displacing the liquid and making it appear to vanish.",https://www.youtube.com/shorts/PVMqxKAXDQo,"The video demonstrates a magic trick where the liquid in a soda bottle appears to vanish. The tutorial reveals that a balloon is placed inside the bottle and glued to the inside of the bottle. When the magician blows into the bottle, the balloon inflates, taking up space inside the bottle. This causes the liquid to be displaced and appear to vanish."
0725-2,PVMqxKAXDQo,Correctly-led Open-ended Question,Objective Causality,Is the drink level decreasing because the balloon inside the bottle is deflating?,58.11,Please state your answer with a brief explanation.,"Yes, the drink level decreases because the balloon inside the bottle is deflating.",https://www.youtube.com/shorts/PVMqxKAXDQo,"The video shows the magician creating a hole in the bottle and attaching a balloon to it. The balloon is inside the bottle. When the magician squeezes the silicone, the balloon deflates. The drink level decreases because the balloon inside the bottle is deflating."
0725-3,PVMqxKAXDQo,Wrongly-led Open-ended Question,Objective Causality,Is the drink level decreasing because it is being consumed through a straw?,58.11,Please state your answer with a brief explanation.,"No, the drink level is not decreasing because it is being consumed through a straw. The drink level is decreasing because of a balloon inside the bottle that is taking up space.",https://www.youtube.com/shorts/PVMqxKAXDQo,"The video shows the magician creating a trick bottle with a balloon inside. The balloon is used to take up space inside the bottle, making it appear as though the drink level is decreasing when the magician is drinking from the straw."
0725-7,PVMqxKAXDQo,Multiple-choice Question with a Single Correct Answer,Objective Causality,"Why does the drink level in the bottle decrease?
A. The balloon inside the bottle is deflating.
B. The drink is evaporating.
C. It is being consumed through a straw.
D. The bottle has a leak.",58.11,"E. None of the above
Select one best answer to the above multiple-choice question based on the video. Respond with only the letter (A, B, C, D or E) of the correct option.",A,https://www.youtube.com/shorts/PVMqxKAXDQo,"The video shows a magic trick where the level of soda in a bottle appears to decrease as if being consumed. The tutorial reveals that a balloon is placed inside the bottle. When the magician appears to drink from the straw, they are actually deflating the balloon, which takes up more space inside the bottle, thus making it look like the liquid level is decreasing."
0729-0,fj2WYT0qBWA,Primary Open-ended Question,Element Attributes (Optical Illusion),Which color of the long strips is the shortest in the video?,10.45,Please state your answer with a brief explanation.,The red strip is the shortest.,https://www.youtube.com/shorts/fj2WYT0qBWA,"The video presents an optical illusion with three strips of different colors: black, red, and blue. The question asks which color is the shortest. At the end of the video, it is revealed that the black strip is the longest. Therefore, the red strip is the shortest."
0729-1,fj2WYT0qBWA,Paraphrased Open-ended Question,Element Attributes (Optical Illusion),What is the longest color of the long strips shown in the video?,10.45,Please state your answer with a brief explanation.,The black strip is longer.,https://www.youtube.com/shorts/fj2WYT0qBWA,"The video shows two strips, one black and one red. The video asks which strip is longer. At the end, the video shows that the black strip is longer."
0729-2,fj2WYT0qBWA,Correctly-led Open-ended Question,Element Attributes (Optical Illusion),Is the black strip the longest among the long strips in the video?,10.45,Please state your answer with a brief explanation.,"Yes, the black strip is the longest among the long strips in the video.",https://www.youtube.com/shorts/fj2WYT0qBWA,The video shows three strips of different colors. The question asks if the black strip is the longest among the long strips in the video. The video shows that the black strip is the longest.
0729-3,fj2WYT0qBWA,Wrongly-led Open-ended Question,Element Attributes (Optical Illusion),Is the black strip the shortest among the long strips in the video?,10.45,Please state your answer with a brief explanation.,"No, the black strip is not the shortest. It is the longest.",https://www.youtube.com/shorts/fj2WYT0qBWA,The video presents an optical illusion with colored strips. The question asks if the black strip is the shortest. The video shows the black strip is the longest.
0729-7,fj2WYT0qBWA,Multiple-choice Question with a Single Correct Answer,Element Attributes (Optical Illusion),"Which color of the long strips is the longest in the video?
A. Black
B. Red
C. Green
D. Blue",10.45,"E. None of the above
Select one best answer to the above multiple-choice question based on the video. Respond with only the letter (A, B, C, D or E) of the correct option.",A,https://www.youtube.com/shorts/fj2WYT0qBWA,"The video shows black and red strips and asks which one is longer.
The video then shows that the black strip is longer."
0731-0,oSyWpIh4vF8,Primary Open-ended Question,Element Attributes (Optical Illusion),"Based on dual perception, what else can the old man's nose look like in the video?",9.98,Please state your answer with a brief explanation.,The nose of the old man can also be perceived as a bird.,https://www.youtube.com/shorts/oSyWpIh4vF8,"1. The question asks about what else the old man's nose can look like.
2. The video shows an optical illusion image of an old man's face.
3. The nose of the old man is also a bird."
0731-1,oSyWpIh4vF8,Paraphrased Open-ended Question,Element Attributes (Optical Illusion),What alternative image can the old man's nose represent in the video?,9.98,Please state your answer with a brief explanation.,The old man's nose can also be seen as a mermaid sitting on a rock.,https://www.youtube.com/shorts/oSyWpIh4vF8,"1. The question asks about what the old man's nose represents in the video.
2. The video shows an optical illusion image of an old man's face.
3. The video asks the viewers to identify the other images hidden within the old man's face.
4. By observing the image, the old man's nose can also be seen as a mermaid sitting on a rock."
0731-2,oSyWpIh4vF8,Correctly-led Open-ended Question,Element Attributes (Optical Illusion),Could the old man's nose be seen as a mermaid sitting on a reef?,9.98,Please state your answer with a brief explanation.,"Yes, the old man's nose could be seen as a mermaid sitting on a reef.",https://www.youtube.com/shorts/oSyWpIh4vF8,"The video presents an optical illusion image of an old man's face. The question asks if the old man's nose could be seen as a mermaid sitting on a reef. Looking at the image, the nose does indeed resemble a mermaid sitting on a rock."
0731-3,oSyWpIh4vF8,Wrongly-led Open-ended Question,Element Attributes (Optical Illusion),Could the old man's nose be perceived as the head and beak of a bird?,9.98,Please state your answer with a brief explanation.,"Yes, the old man's nose can be perceived as the head and beak of a bird.",https://www.youtube.com/shorts/oSyWpIh4vF8,"The video presents an optical illusion image of an old man's face. The question asks if the old man's nose could be perceived as the head and beak of a bird. Looking at the image, the nose does indeed resemble the head and beak of a bird."
0731-7,oSyWpIh4vF8,Multiple-choice Question with a Single Correct Answer,Element Attributes (Optical Illusion),"What does the old man's nose resemble in the image?
A. A mermaid sitting on a reef
B. A tree branch
C. A bird's head and beak
D. A mountain peak",9.98,"E. None of the above
Select one best answer to the above multiple-choice question based on the video. Respond with only the letter (A, B, C, D or E) of the correct option.",C,https://www.youtube.com/shorts/oSyWpIh4vF8,The video shows an optical illusion image of an old man's face. The nose of the old man is formed by a bird's head and beak.
0735-0,fBExhFE2-ew,Primary Open-ended Question,Objective Causality (Videography Phenomenon & Illusion),"In the second segment in the video, how did the scenery on the artboard come about?",51.05,Please state your answer with a brief explanation.,,https://www.youtube.com/shorts/fBExhFE2-ew,
0735-1,fBExhFE2-ew,Paraphrased Open-ended Question,Objective Causality (Videography Phenomenon & Illusion),What is the method by which the scenery appears on the artboard in the second part of the video?,51.05,Please state your answer with a brief explanation.,,https://www.youtube.com/shorts/fBExhFE2-ew,
0735-2,fBExhFE2-ew,Correctly-led Open-ended Question,Objective Causality (Videography Phenomenon & Illusion),Is the scenery on the artboard in the second segment a reflection of the environment?,51.05,Please state your answer with a brief explanation.,,https://www.youtube.com/shorts/fBExhFE2-ew,
0735-3,fBExhFE2-ew,Wrongly-led Open-ended Question,Objective Causality (Videography Phenomenon & Illusion),Was the scenery on the artboard in the second segment painted by someone capturing a sunset over water?,51.05,Please state your answer with a brief explanation.,,https://www.youtube.com/shorts/fBExhFE2-ew,
0735-7,fBExhFE2-ew,Multiple-choice Question with a Single Correct Answer,Objective Causality (Videography Phenomenon & Illusion),"How was the scenery on the artboard created in the second segment?
A. Printed on the canvas
B. Reflected by a mirror
C. Projected with a light
D. Painted by an artist",51.05,"E. None of the above
Select one best answer to the above multiple-choice question based on the video. Respond with only the letter (A, B, C, D or E) of the correct option.",,https://www.youtube.com/shorts/fBExhFE2-ew,
0738-0,YpwGoqs1zjA,Primary Open-ended Question,Objective Causality (Videography Phenomenon & Illusion),How did the man in the video film the sky change from black to bright?,13.28,Please state your answer with a brief explanation.,"The man in the video filmed the sky change from black to bright by dragging the exposure setting on his iPhone camera down to make the sky appear black, and then slowly dragging it up as the sun rises to make the sky brighter.",https://www.youtube.com/shorts/YpwGoqs1zjA,"The video shows the man using the exposure setting on his iPhone camera. He drags the exposure setting down to make the sky appear black, and then slowly drags it up as the sun rises to make the sky brighter."
0738-1,YpwGoqs1zjA,Paraphrased Open-ended Question,Objective Causality (Videography Phenomenon & Illusion),What method did the man use to make the sky appear to change from dark to light in the video?,13.28,Please state your answer with a brief explanation.,"The man swiped up on the screen while recording to increase the brightness, making the sky appear to change from dark to light.",https://www.youtube.com/shorts/YpwGoqs1zjA,The video shows a man using his iPhone to record a sunset. He starts by focusing on the dark sky and then gradually increases the brightness by swiping up on the screen while recording. This causes the sky to appear to change from dark to light in the video.
0738-2,YpwGoqs1zjA,Correctly-led Open-ended Question,Objective Causality (Videography Phenomenon & Illusion),Did the man in the video change the sky from black to bright by adjusting the camera's brightness settings?,13.28,Please state your answer with a brief explanation.,"Yes, the man in the video changed the sky from black to bright by adjusting the camera's brightness settings. He tapped the screen to focus on the sun and then dragged his finger up the screen to increase the brightness.",https://www.youtube.com/shorts/YpwGoqs1zjA,The video shows a person filming a sunset at the beach. The person taps the screen to focus on the sun and then drags their finger up the screen to increase the brightness. This makes the sky brighter.
0738-3,YpwGoqs1zjA,Wrongly-led Open-ended Question,Objective Causality (Videography Phenomenon & Illusion),Did the man in the video use a time-lapse feature to show the sky changing from black to bright?,13.28,Please state your answer with a brief explanation.,"It is likely that the man used a time-lapse feature, as the sky changes from dark to bright in a short amount of time.",https://www.youtube.com/shorts/YpwGoqs1zjA,"The video shows a man on the beach using his iPhone to record the sunset. He adjusts the exposure by tapping on the screen. The video shows the sky changing from dark to bright. The question asks if he used a time-lapse feature.
The video does not explicitly state that he used a time-lapse feature. However, the video shows the sky changing from dark to bright in a short amount of time, which is indicative of a time-lapse."
0738-7,YpwGoqs1zjA,Multiple-choice Question with a Single Correct Answer,Objective Causality (Videography Phenomenon & Illusion),"How did the man in the video film the sky changing from black to bright?
A. By adjusting the brightness or exposure settings.
B. By using a time-lapse feature.
C. By changing the camera angle.
D. By using a filter.",13.28,"E. None of the above
Select one best answer to the above multiple-choice question based on the video. Respond with only the letter (A, B, C, D or E) of the correct option.",A,https://www.youtube.com/shorts/YpwGoqs1zjA,"The video shows the man holding his phone and tapping the screen to lock the focus and exposure. Then, he drags his finger up the screen to increase the brightness. This allows him to capture the sky changing from dark to bright."
0740-0,AoUnw7jcHhg,Primary Open-ended Question,Professional Knowledge,"For the first math problem shown in the video, what is the third step of the calculation process performed by the person in the explaination?",28.58,Please state your answer with a brief explanation.,"The third step is 8 divided by 2 which equals 4. This is because division and multiplication have the same precedence, so you must go from left to right.",https://www.youtube.com/shorts/AoUnw7jcHhg,"The question asks for the third step of the calculation process for the first math problem.
The first math problem is: 8 ÷ 2(2 + 2) = ?
The first step is to solve the parentheses: (2 + 2) = 4
The second step is to rewrite the equation: 8 ÷ 2 * 4
The third step is to perform the division from left to right: 8 ÷ 2 = 4"
0740-1,AoUnw7jcHhg,Paraphrased Open-ended Question,Professional Knowledge,What is the third step in the calculation process for the first math problem in the video?,28.58,Please state your answer with a brief explanation.,"The third step is 4 times 4, which equals 16.",https://www.youtube.com/shorts/AoUnw7jcHhg,"The question asks for the third step in the calculation process for the first math problem in the video.
The first math problem is: 8 ÷ 2(2 + 2) = ?
Step 1: Solve the parentheses: (2 + 2) = 4. The problem becomes 8 ÷ 2 * 4 = ?
Step 2: Division and multiplication have the same precedence, so perform the operations from left to right. 8 ÷ 2 = 4. The problem becomes 4 * 4 = ?
Step 3: Multiply 4 * 4 = 16."
0740-2,AoUnw7jcHhg,Correctly-led Open-ended Question,Professional Knowledge,"In the first math problem shown, is the third step performing the multiplication of 4 × 4?",28.58,Please state your answer with a brief explanation.,"Yes, the third step is performing the multiplication of 4 × 4.",https://www.youtube.com/shorts/AoUnw7jcHhg,"The question asks about the third step in the first math problem.
The first step is solving the parentheses: (2+2) = 4
The second step is performing the division: 8 / 2 = 4
The third step is performing the multiplication: 4 * 4 = 16"
0740-3,AoUnw7jcHhg,Wrongly-led Open-ended Question,Professional Knowledge,"In the first math problem shown, is the third step performing the division of 8 ÷ 2?",28.58,Please state your answer with a brief explanation.,"Yes, the third step is performing the division of 8 ÷ 2.",https://www.youtube.com/shorts/AoUnw7jcHhg,"The question asks about the third step in the first math problem.
The first math problem is: 8 ÷ 2(2 + 2) = ?
Step 1: Solve the parentheses: (2 + 2) = 4. The problem becomes 8 ÷ 2 * 4
Step 2: Multiplication and division have the same precedence, so work from left to right.
Step 3: 8 ÷ 2 = 4. The problem becomes 4 * 4
Step 4: 4 * 4 = 16"
0740-7,AoUnw7jcHhg,Multiple-choice Question with a Single Correct Answer,Professional Knowledge,"What is the third step in the calculation process for the first math problem?
A. Performing the division of 8 ÷ 2
B. Performing the subtraction of 8 - 4
C. Performing the addition of 2 + 2
D. Performing the multiplication of 4 × 4",28.58,"E. None of the above
Select one best answer to the above multiple-choice question based on the video. Respond with only the letter (A, B, C, D or E) of the correct option.",A,https://www.youtube.com/shorts/AoUnw7jcHhg,"The video explains the steps to solve the math problem 8 ÷ 2(2 + 2).
Step 1: Solve the parentheses: 2 + 2 = 4
Step 2: Rewrite the equation: 8 ÷ 2 × 4
Step 3: Perform division from left to right: 8 ÷ 2 = 4
Step 4: Perform multiplication: 4 × 4 = 16

Therefore, the third step is performing the division of 8 ÷ 2."
0742-0,LiP7IkD0-fk,Primary Open-ended Question,Professional Knowledge,What is the value of x?,36.71,Please state your answer with a brief explanation.,"The value of x is 18, because x + 2x + 2x = 90, which simplifies to 5x = 90. Dividing both sides by 5 gives x = 18.",https://www.youtube.com/shorts/LiP7IkD0-fk,"1. The video explains that the angles x, 2x, and 2x add up to 90 degrees.
2. The equation is set up as x + 2x + 2x = 90.
3. Combining like terms, we get 5x = 90.
4. To solve for x, we divide both sides of the equation by 5: x = 90 / 5 = 18."
0742-1,LiP7IkD0-fk,Paraphrased Open-ended Question,Professional Knowledge,How do you determine the value of x in the given diagram?,36.71,Please state your answer with a brief explanation.,"The value of 5x is 90 degrees. This is determined by recognizing that the angles x, 2x, and 2x add up to 90 degrees, leading to the equation 5x = 90.",https://www.youtube.com/shorts/LiP7IkD0-fk,"1. Recognize that the angles x, 2x, and 2x add up to 90 degrees because they form a right angle with the existing 90-degree angle on a straight line.
2. Write the equation: x + 2x + 2x = 90.
3. Simplify the equation: 5x = 90.
4. The question asks for the value of 5x, which is already isolated in the simplified equation."
0742-2,LiP7IkD0-fk,Correctly-led Open-ended Question,Professional Knowledge,Is the value of x 18?,36.71,Please state your answer with a brief explanation.,"Yes, the value of x is 18. This is because 5x = 90, and dividing both sides by 5 gives x = 18.",https://www.youtube.com/shorts/LiP7IkD0-fk,"The video explains that the sum of the angles x, 2x, and 2x equals 90 degrees. This is expressed as x + 2x + 2x = 90. Simplifying this equation, we get 5x = 90. The question asks if the value of x is 18. To find the value of x, we would divide both sides of the equation 5x = 90 by 5, resulting in x = 18."
0742-3,LiP7IkD0-fk,Wrongly-led Open-ended Question,Professional Knowledge,Is the value of x 25?,36.71,Please state your answer with a brief explanation.,"No, the value of x is not 25. The value of 5x is 90, which means x would be 18.",https://www.youtube.com/shorts/LiP7IkD0-fk,"The video explains that the angles x, 2x, and 2x add up to 90 degrees. This can be written as x + 2x + 2x = 90. Combining like terms, we get 5x = 90. The question asks if the value of x is 25. If x were 25, then 5x would be 5 * 25 = 125, which is not equal to 90. Therefore, the value of x is not 25."
0742-7,LiP7IkD0-fk,Multiple-choice Question with a Single Correct Answer,Professional Knowledge,"What is the value of x in the diagram?
A. 45
B. 18
C. 25
D. 90",36.71,"E. None of the above
Select one best answer to the above multiple-choice question based on the video. Respond with only the letter (A, B, C, D or E) of the correct option.",A,https://www.youtube.com/shorts/LiP7IkD0-fk,"The question asks for the value of x.
The video explains that x + 2x + 2x = 90, which simplifies to 5x = 90.
To find x, we divide both sides of the equation by 5: x = 90 / 5 = 18.
Therefore, the value of x is 18."
0743-0,Db26nmr_95c,Primary Open-ended Question,Professional Knowledge,What is the answer to the third math question in the video?,37.15,Please state your answer with a brief explanation.,"The answer to the third math question, ""20 + 10"", is 30.",https://www.youtube.com/shorts/Db26nmr_95c,"1.  Identify the third math question in the video. The third question is ""20 + 10"".
2.  Determine the answer selected by the video creator. The video creator selects ""30""."
0743-1,Db26nmr_95c,Paraphrased Open-ended Question,Professional Knowledge,What is the solution to the third math problem in the video?,37.15,Please state your answer with a brief explanation.,The solution to the third math problem in the video is 30.,https://www.youtube.com/shorts/Db26nmr_95c,"1. The question asks for the solution to the third math problem in the video.
2. I need to watch the video and identify the third math problem.
3. The third math problem is ""20 + 10"".
4. The solution to ""20 + 10"" is 30."
0743-2,Db26nmr_95c,Correctly-led Open-ended Question,Professional Knowledge,Is the answer to the third math question in the video 26?,37.15,Please state your answer with a brief explanation.,"Yes, the answer to the third math question in the video is 26.",https://www.youtube.com/shorts/Db26nmr_95c,"1. Identify the third math question in the video. The first question is 1+1, the second is 3+3, and the third is 13+13.
2. Determine the answer options for the third question. The options are 25 and 26.
3. The video creator selects 26 as the answer."
0743-3,Db26nmr_95c,Wrongly-led Open-ended Question,Professional Knowledge,Is the answer to the third math question in the video 25?,37.15,Please state your answer with a brief explanation.,"No, the answer to the third math question in the video is not 25. 13 + 13 = 26.",https://www.youtube.com/shorts/Db26nmr_95c,"1. Identify the third math question in the video. The third question is ""13 + 13"" with answer choices 25 and 26.
2. Determine if 25 is the correct answer to 13 + 13.
3. 13 + 13 = 26, therefore 25 is not the correct answer."
0743-7,Db26nmr_95c,Multiple-choice Question with a Single Correct Answer,Professional Knowledge,"What is the answer to the third math question in the video?
A. 25
B. 28
C. 26
D. 27",37.15,"E. None of the above
Select one best answer to the above multiple-choice question based on the video. Respond with only the letter (A, B, C, D or E) of the correct option.",C,https://www.youtube.com/shorts/Db26nmr_95c,The third math question in the video is 13+13. The options provided are 25 and 26. The video shows that the answer selected is 26.
0749-0,FBXl4t_t0aM,Primary Open-ended Question,Element Attributes,"In the first physics experiment in the video, what substances can pass through the sieve?",59.95,Please state your answer with a brief explanation.,"In the first physics experiment, rice can pass through the sieve, while flour cannot. This is because flour is more condense and builds up, while rice has small condensity.",https://www.youtube.com/shorts/FBXl4t_t0aM,"The question asks about the first experiment in the video.
The first experiment involves using a sieve with rice and flour.
The video shows that rice passes through the sieve, while flour does not."
0749-1,FBXl4t_t0aM,Paraphrased Open-ended Question,Element Attributes,Which materials are able to pass through the sieve in the first physics experiment shown in the video?,59.95,Please state your answer with a brief explanation.,"Rice is able to pass through the sieve, while flour is not. This is because flour is more condensed and builds up, while rice does not.",https://www.youtube.com/shorts/FBXl4t_t0aM,"The question asks about the first experiment in the video.
The first experiment involves a sieve and two materials: rice and flour.
The video shows rice passing through the sieve, while flour does not."
0749-2,FBXl4t_t0aM,Correctly-led Open-ended Question,Element Attributes,"In the first physics experiment, do rice and a yellow coarse grain pass through the sieve?",59.95,Please state your answer with a brief explanation.,"The rice passes through the sieve, but the yellow coarse grain does not.",https://www.youtube.com/shorts/FBXl4t_t0aM,"The question is about the first experiment in the video.
The first experiment involves putting rice and a yellow coarse grain through a sieve.
I need to determine whether the rice and yellow coarse grain pass through the sieve or not.
Looking at the video, the rice passes through the sieve, but the yellow coarse grain does not."
0749-3,FBXl4t_t0aM,Wrongly-led Open-ended Question,Element Attributes,"In the first physics experiment, does flour pass through the sieve?",59.95,Please state your answer with a brief explanation.,"No, the flour does not pass through the sieve.",https://www.youtube.com/shorts/FBXl4t_t0aM,"The question asks whether flour passes through the sieve in the first experiment.
Based on the video, the flour does not pass through the sieve. The flour stays on top of the sieve."
0749-7,FBXl4t_t0aM,Multiple-choice Question with a Single Correct Answer,Element Attributes,"In the first physics experiment, what substances can pass through the sieve?
A. Smaller particles like liquid
B. None of the above
C. Only the white powder
D. Rice and a yellow coarse grain",59.95,"E. None of the above
Select one best answer to the above multiple-choice question based on the video. Respond with only the letter (A, B, C, D or E) of the correct option.",D,https://www.youtube.com/shorts/FBXl4t_t0aM,"The first experiment involves a sieve and two substances: rice and a white powder. The rice passes through the sieve, while the white powder does not. Therefore, the answer is D."
0755-0,HsXS1Qt11cU,Primary Open-ended Question,Element Attributes (Optical Illusion),What is the material of the sponge used for cleaning?,17.62,Please state your answer with a brief explanation.,"The sponge used for cleaning is made of cake, as shown when the creator takes a bite out of it.",https://www.youtube.com/shorts/HsXS1Qt11cU,"The video shows a realistic cake of a sponge used for cleaning. At [00:00:01], the creator takes a bite out of the sponge, revealing that it is made of cake."
0755-1,HsXS1Qt11cU,Paraphrased Open-ended Question,Element Attributes (Optical Illusion),What is the composition of the sponge shown in the video?,17.62,Please state your answer with a brief explanation.,"The sponge is made of cake. The video shows the creator eating the sponge and later cutting into it, revealing its cake composition.",https://www.youtube.com/shorts/HsXS1Qt11cU,"The video shows the sponge being eaten, indicating it is made of cake. Later, the video shows a cutaway of the sponge, revealing it to be made of cake."
0755-2,HsXS1Qt11cU,Correctly-led Open-ended Question,Element Attributes (Optical Illusion),Is the sponge in the video made of an edible material like cake?,17.62,Please state your answer with a brief explanation.,"Yes, the sponge in the video is made of an edible material like cake. The video shows the creator eating it and then cutting into it to reveal its cake composition.",https://www.youtube.com/shorts/HsXS1Qt11cU,"The video shows the creator eating the sponge, and then later cutting into it to reveal that it is made of cake."
0755-3,HsXS1Qt11cU,Wrongly-led Open-ended Question,Element Attributes (Optical Illusion),Is the sponge in the video made of synthetic materials like polyurethane foam?,17.62,Please state your answer with a brief explanation.,"No, the sponge in the video is not made of synthetic materials like polyurethane foam. It is cake.",https://www.youtube.com/shorts/HsXS1Qt11cU,"The video shows the creator eating a sponge at the beginning. Since it is cake, it is not made of synthetic materials like polyurethane foam."
0755-7,HsXS1Qt11cU,Multiple-choice Question with a Single Correct Answer,Element Attributes (Optical Illusion),"What is the material of the sponge in the video?
A. Synthetic materials
B. Edible material like cake
C. Plastic
D. Metal",17.62,"E. None of the above
Select one best answer to the above multiple-choice question based on the video. Respond with only the letter (A, B, C, D or E) of the correct option.",B,https://www.youtube.com/shorts/HsXS1Qt11cU,"The video shows the creator eating the sponge, then cutting other objects to reveal that they are made of cake.
Therefore, the sponge is made of edible material like cake."
0757-0,as--BPL2gRQ,Primary Open-ended Question,Positional Relationship,Which foot of the boy in red is in the pit?,5.97,Please state your answer with a brief explanation.,The boy in red has his right foot in the pit.,https://www.youtube.com/shorts/as--BPL2gRQ,The video shows the boy in red stomping his right foot into the pit.
0757-1,as--BPL2gRQ,Paraphrased Open-ended Question,Positional Relationship,Which foot of the boy wearing red is inside the pit?,5.97,Please state your answer with a brief explanation.,The boy's right foot is inside the pit.,https://www.youtube.com/shorts/as--BPL2gRQ,The video shows a boy in a red soccer uniform stomping near a ball. It appears his right foot is inside the pit.
0757-2,as--BPL2gRQ,Correctly-led Open-ended Question,Positional Relationship,Is the boy in red's left foot the one in the pit?,5.97,Please state your answer with a brief explanation.,"No, the boy in red's right foot is the one in the pit.",https://www.youtube.com/shorts/as--BPL2gRQ,"The video shows the boy in red stomping his right foot into the ground, creating a pit. Therefore, his right foot is the one in the pit."
0757-3,as--BPL2gRQ,Wrongly-led Open-ended Question,Positional Relationship,Is the boy in red's right foot the one in the pit?,5.97,Please state your answer with a brief explanation.,"Yes, the boy in red's right foot is the one in the pit.",https://www.youtube.com/shorts/as--BPL2gRQ,The video shows the boy in red stomping with his right foot. The right foot is the one that ends up in the pit.
0757-7,as--BPL2gRQ,Multiple-choice Question with a Single Correct Answer,Positional Relationship,"Which foot of the boy in red is in the pit?
A. Left foot
B. Right foot
C. Both feet
D. Neither foot",5.97,"E. None of the above
Select one best answer to the above multiple-choice question based on the video. Respond with only the letter (A, B, C, D or E) of the correct option.",B,https://www.youtube.com/shorts/as--BPL2gRQ,The video shows the boy in red stomping on the ball. It appears that his right foot is the one that goes into the pit.
0762-0,Jo7sfpeWqwE,Primary Open-ended Question,Element Attributes,What was the second boat made of?,19.69,Please state your answer with a brief explanation.,The second boat was made of paper.,https://www.youtube.com/shorts/Jo7sfpeWqwE,"1. The question asks about the material of the second boat.
2. I need to watch the video and identify the second boat.
3. The second boat is made of paper."
0762-1,Jo7sfpeWqwE,Paraphrased Open-ended Question,Element Attributes,What material was used to make the second boat?,19.69,Please state your answer with a brief explanation.,The second boat was made of paper.,https://www.youtube.com/shorts/Jo7sfpeWqwE,"1. The question asks about the material used to make the second boat.
2. I need to identify the second boat shown in the video.
3. The video shows the first boat made of suitcases, the second boat made of paper, the third boat made of a couch, the fourth boat made of teddy bears, and the fifth boat made of guitars.
4. Therefore, the second boat was made of paper."
0762-2,Jo7sfpeWqwE,Correctly-led Open-ended Question,Element Attributes,"Is the second boat made of paper, as indicated by its immediate sinking when stepped on?",19.69,Please state your answer with a brief explanation.,"Yes, the second boat is made of paper, as indicated by its immediate sinking when stepped on.",https://www.youtube.com/shorts/Jo7sfpeWqwE,"The video shows the second boat sinking immediately when someone steps on it. The emoji above the boat is a paper emoji.
Therefore, the second boat is made of paper."
0762-3,Jo7sfpeWqwE,Wrongly-led Open-ended Question,Element Attributes,"Is the second boat made of a mattress, as suggested by the highlighted emoji?",19.69,Please state your answer with a brief explanation.,"Yes, the second boat is made of a mattress.",https://www.youtube.com/shorts/Jo7sfpeWqwE,"The question asks if the second boat is made of a mattress.
I need to look at the video to see what the second boat is made of.
The second boat is made of what appears to be a mattress."
0762-7,Jo7sfpeWqwE,Multiple-choice Question with a Single Correct Answer,Element Attributes,"What is the second boat made of?
A. Wood
B. Mattress
C. Paper
D. Plastic",19.69,"E. None of the above
Select one best answer to the above multiple-choice question based on the video. Respond with only the letter (A, B, C, D or E) of the correct option.",C,https://www.youtube.com/shorts/Jo7sfpeWqwE,"The video shows the boats in the following order:
1. Suitcases
2. Paper
3. Couch
4. Teddy Bears
5. Guitars
The question asks what the second boat is made of. The second boat is made of paper."
0763-0,XNYK4k7hq3Y,Primary Open-ended Question,Element Attributes (Optical Illusion),"Which one is real, the canned coke that was taken away or the canned Coke that is still in the picture?",58.84,Please state your answer with a brief explanation.,"The canned Coke that is still in the picture is not real, it is a drawing.",https://www.youtube.com/shorts/XNYK4k7hq3Y,"The video is about optical illusions. At around 0:22, a canned coke is shown and then taken away. The video explains that the canned coke in the picture is not real, it is a drawing."
0763-1,XNYK4k7hq3Y,Paraphrased Open-ended Question,Element Attributes (Optical Illusion),"Which canned Coke is genuine, the one removed or the one left in the image?",58.84,Please state your answer with a brief explanation.,The can of Coke left in the image is genuine. The video explains that our eyes perceive the image as a real 3D object.,https://www.youtube.com/shorts/XNYK4k7hq3Y,"The video discusses visual illusions. At , the video shows two cans of Coke, one of which is removed. The video then states that the eye will perceive the image as a real 3D object. Therefore, the can of Coke left in the image is the genuine one."
0763-2,XNYK4k7hq3Y,Correctly-led Open-ended Question,Element Attributes (Optical Illusion),Is the real canned Coke the one that was taken away?,58.84,Please state your answer with a brief explanation.,"Yes, the real canned Coke is the one that was taken away.",https://www.youtube.com/shorts/XNYK4k7hq3Y,"The question asks about the real canned Coke.
At 0:22, the video shows a hand holding two cans of Coke, then puts one down and takes the other away.
Therefore, the real canned Coke is the one that was taken away."
0763-3,XNYK4k7hq3Y,Wrongly-led Open-ended Question,Element Attributes (Optical Illusion),Is the real canned Coke the one that is still in the picture?,58.84,Please state your answer with a brief explanation.,"Yes, the real canned Coke is the one that is still in the picture.",https://www.youtube.com/shorts/XNYK4k7hq3Y,"The video discusses visual illusions. At , the video shows a real canned Coke. The video then explains how visual illusions work. Therefore, the real canned Coke is the one that is still in the picture."
0763-7,XNYK4k7hq3Y,Multiple-choice Question with a Single Correct Answer,Element Attributes (Optical Illusion),"Which canned Coke is real?
A. The one taken away.
B. Neither is real.
C. Both are real.
D. The one still in the picture.",58.84,"E. None of the above
Select one best answer to the above multiple-choice question based on the video. Respond with only the letter (A, B, C, D or E) of the correct option.",B,https://www.youtube.com/shorts/XNYK4k7hq3Y,"The video discusses visual illusions. At , the video shows two cans of Coke. The video mentions that the cans are perceived as real, but are actually illusions. Therefore, neither can is real."
0766-0,eoeIl02oH90,Primary Open-ended Question,Positional Relationship,Which shoulder did the archer use to release the bow?,19.04,Please state your answer with a brief explanation.,The archer used her right shoulder to release the bow.,https://www.youtube.com/shorts/eoeIl02oH90,"1. The question asks which shoulder the archer used to release the bow.
2. By observing the video, the archer is holding the bow with her left foot and releasing the bow with her right shoulder."
0766-1,eoeIl02oH90,Paraphrased Open-ended Question,Positional Relationship,From which shoulder did the archer release the bow?,19.04,Please state your answer with a brief explanation.,The archer released the bow from her left shoulder. She draws the bow with her right foot and releases it from her left shoulder.,https://www.youtube.com/shorts/eoeIl02oH90,"The question asks from which shoulder the archer released the bow.
I will look at the video to determine the archer's shoulder position during the release.
From the video, the archer is drawing the bow with her right foot and releasing the bow from her left shoulder."
0766-2,eoeIl02oH90,Correctly-led Open-ended Question,Positional Relationship,Did the archer release the bow using their right shoulder?,19.04,Please state your answer with a brief explanation.,"No, the archer did not release the bow using their right shoulder. She uses her right foot to pull the string back and release the arrow.",https://www.youtube.com/shorts/eoeIl02oH90,"The video shows the archer, Sheetal Devi, in action.
I need to observe her technique during the release of the arrow.
Based on the video, she uses her right foot to pull the string back and release the arrow."
0766-3,eoeIl02oH90,Wrongly-led Open-ended Question,Positional Relationship,Did the archer release the bow using their left shoulder?,19.04,Please state your answer with a brief explanation.,"No, the archer did not release the bow using their left shoulder. The bow is held in the left hand, and the string is pulled back and released using the right shoulder.",https://www.youtube.com/shorts/eoeIl02oH90,"The video shows the archer releasing the bow. The bow is held in the left hand, and the string is pulled back and released using the right shoulder."
0766-7,eoeIl02oH90,Multiple-choice Question with a Single Correct Answer,Positional Relationship,"Which shoulder did the archer use to release the bow?
A. Both shoulders
B. Neither shoulder
C. Left shoulder
D. Right shoulder",19.04,"E. None of the above
Select one best answer to the above multiple-choice question based on the video. Respond with only the letter (A, B, C, D or E) of the correct option.",C,https://www.youtube.com/shorts/eoeIl02oH90,The archer is using her left shoulder to hold the bow.
0777-0,LLo9u8GYUU0,Primary Open-ended Question,Event Counting,How many trick shots are shown totally?,59.28,Please state your answer with a brief explanation.,There are 14 trick shots shown in total.,https://www.youtube.com/shorts/LLo9u8GYUU0,"I will count each successful trick shot shown in the video.
The video shows the following trick shots:
1. Redbull can stacking
2. Ping pong ball in shot glass
3. Tennis ball in trash can
4. Ball on stick
5. Cup stacking
6. Dart on soccer ball
7. Ping pong ball in egg shell
8. Baseball bat flip
9. Dart in balloon
10. Post-it notes on cups
11. Ping pong ball in cup
12. Coke and Mentos
13. Skateboard on paper towel roll
14. Hanger on bar"
0777-1,LLo9u8GYUU0,Paraphrased Open-ended Question,Event Counting,What is the total number of trick shots displayed in the images?,59.28,Please state your answer with a brief explanation.,The total number of trick shots displayed in the images is 20.,https://www.youtube.com/shorts/LLo9u8GYUU0,"The video displays a compilation of trick shots. I will count each successful trick shot shown in the video.
- 3 Months of Trick Shots: 1
- 9 Months of Trick Shots: 1
- 1.5 Years of Trick Shots: 3
- 2 Years of Trick Shots: 4
- 2.5 Years of Trick Shots: 7
- 3 Years: 4
Total: 1+1+3+4+7+4 = 20"
0777-2,LLo9u8GYUU0,Correctly-led Open-ended Question,Event Counting,Is the total number of trick shots shown in the images 14?,59.28,Please state your answer with a brief explanation.,"Yes, the total number of trick shots shown in the images is 14.",https://www.youtube.com/shorts/LLo9u8GYUU0,"I will count the number of trick shots shown in the images.
Image 1: 1
Image 2: 2
Image 3: 3
Image 4: 4
Image 5: 5
Image 6: 6
Image 7: 7
Image 8: 8
Image 9: 9
Image 10: 10
Image 11: 11
Image 12: 12
Image 13: 13
Image 14: 14"
0777-3,LLo9u8GYUU0,Wrongly-led Open-ended Question,Event Counting,Is the total number of trick shots shown in the images 12?,59.28,Please state your answer with a brief explanation.,"Yes, the total number of trick shots shown in the images is 12.",https://www.youtube.com/shorts/LLo9u8GYUU0,"I will count the number of trick shots shown in the images provided.
Image 1: 1 trick shot
Image 2: 1 trick shot
Image 3: 1 trick shot
Image 4: 1 trick shot
Image 5: 1 trick shot
Image 6: 1 trick shot
Image 7: 1 trick shot
Image 8: 1 trick shot
Image 9: 1 trick shot
Image 10: 1 trick shot
Image 11: 1 trick shot
Image 12: 1 trick shot
Total: 12 trick shots"
0777-7,LLo9u8GYUU0,Multiple-choice Question with a Single Correct Answer,Event Counting,"How many trick shots are shown in the images?
A. 10
B. 12
C. 14
D. 8",59.28,"E. None of the above
Select one best answer to the above multiple-choice question based on the video. Respond with only the letter (A, B, C, D or E) of the correct option.",C,https://www.youtube.com/shorts/LLo9u8GYUU0,"I need to count the number of successful trick shots shown in the video.
The video shows the following trick shots:
1. Redbull cans on top of each other
2. Ping pong balls into glasses
3. Baseball into trash can
4. Basketball on top of a stick
5. Cups into cups
6. Dart into soccer ball
7. Ping pong balls into cups
8. Baseball bat flip
9. Dart into balloon
10. Paper into cups
11. Balloon into cup
12. Mentos into coke
13. Skateboard on top of stick
14. Hanger on bar

There are 14 trick shots shown in the video."
0779-0,jt3v-FRTbrY,Primary Open-ended Question,Objective Causality,"What illusion is achieved in the video, and how?",19.62,Please state your answer with a brief explanation.,"The video achieves the Penrose triangle illusion. At first, the object appears to be made of individual cubes, but after seeing the object's true form, the viewer's perception changes, and the cubes are no longer seen as separate entities.",https://www.youtube.com/shorts/jt3v-FRTbrY,"The video presents a Penrose triangle illusion made of orange blocks. Initially, the blocks appear as individual cubes stacked together. However, after revealing the actual structure of the object, the viewer's perception shifts, and the blocks are no longer seen as separate cubes but as a continuous, impossible shape."
0779-1,jt3v-FRTbrY,Paraphrased Open-ended Question,Objective Causality,"How is the illusion in the video created, and what is it?",19.62,Please state your answer with a brief explanation.,"The illusion is the Penrose triangle, an impossible object. It's created by connecting blocks in a specific arrangement that, when viewed from a certain angle, tricks the eye into perceiving a continuous triangular structure made of cubes, even though the actual structure is not a complete triangle.",https://www.youtube.com/shorts/jt3v-FRTbrY,"The video presents an optical illusion known as the Penrose triangle, constructed from blocks. Initially, the object appears to be made of nine individual cubes arranged in a triangular shape. However, when the object is rotated, it's revealed that the cubes are not separate but are connected in a specific way to create the illusion of a continuous, impossible triangle when viewed from a particular angle."
0779-2,jt3v-FRTbrY,Correctly-led Open-ended Question,Objective Causality,Does the video show a Penrose Triangle illusion created by arranging concave structures to appear as floating cubes?,19.62,Please state your answer with a brief explanation.,"Yes, the video shows a Penrose Triangle illusion created by arranging concave structures to appear as floating cubes.",https://www.youtube.com/shorts/jt3v-FRTbrY,"The video title mentions ""Penrose Triangle"" and ""optical illusion"". The video shows an object that appears to be made of cubes arranged in a triangular shape. The presenter then reveals that the cubes are actually concave structures. From a certain angle, these concave structures create the illusion of floating cubes forming a Penrose Triangle."
0779-3,jt3v-FRTbrY,Wrongly-led Open-ended Question,Objective Causality,Is the illusion in the video achieved by aligning blocks to form a continuous triangle from a specific angle?,19.62,Please state your answer with a brief explanation.,"Yes, the illusion in the video is achieved by aligning blocks to form a continuous triangle from a specific angle.",https://www.youtube.com/shorts/jt3v-FRTbrY,"The video shows an orange object that appears to be a triangle made of blocks. At first, the blocks appear to be protruding. However, the video reveals that the blocks are actually arranged in a way that creates the illusion of a continuous triangle from a specific viewpoint. When the object is rotated, it becomes clear that the blocks are not aligned in a way that would form a real triangle."
0779-7,jt3v-FRTbrY,Multiple-choice Question with a Single Correct Answer,Objective Causality,"How is the Penrose Triangle illusion achieved in the video?
A. By constructing a 3D convex object that appears as floating cubes.
B. By painting a triangle on a flat surface.
C. By aligning blocks to form a continuous triangle.
D. By using mirrors to reflect the shape.",19.62,"E. None of the above
Select one best answer to the above multiple-choice question based on the video. Respond with only the letter (A, B, C, D or E) of the correct option.",C,https://www.youtube.com/shorts/jt3v-FRTbrY,"The video shows a Penrose Triangle illusion created using orange blocks. The blocks are arranged in a specific way to give the illusion of a continuous triangle when viewed from a certain angle. The blocks are not floating, nor is the triangle painted on a flat surface or created using mirrors. The illusion is achieved by the specific alignment of the blocks."
0790-0,HPoyer1Ix-o,Primary Open-ended Question,Professional Knowledge,How to adjust the transparent sheet to see the blue tube?,35.78,Please state your answer with a brief explanation.,"To see the blue tube, adjust the transparent sheet vertically. When the transparent sheet is placed vertically, the blue tube is visible, while the red and green tubes disappear.",https://www.youtube.com/shorts/HPoyer1Ix-o,"The question asks how to adjust the transparent sheet to see the blue tube.
The video shows that when the transparent sheet is placed horizontally, the blue tube disappears. When the transparent sheet is placed vertically, the blue tube is visible."
0790-1,HPoyer1Ix-o,Paraphrased Open-ended Question,Professional Knowledge,What adjustment is needed to make the blue tube visible through the transparent sheet?,35.78,Please state your answer with a brief explanation.,Rotate the transparent sheet vertically.,https://www.youtube.com/shorts/HPoyer1Ix-o,"The video demonstrates how a transparent sheet can make the blue tube disappear and reappear depending on the sheet's orientation.
When the transparent sheet is placed horizontally, the blue tube disappears.
When the transparent sheet is rotated vertically, the blue tube becomes visible, while the red and green tubes disappear.
Therefore, to make the blue tube visible, the transparent sheet needs to be rotated vertically."
0790-2,HPoyer1Ix-o,Correctly-led Open-ended Question,Professional Knowledge,"To see the blue tube, should the transparent sheet be rotated by 90 degrees?",35.78,Please state your answer with a brief explanation.,"Yes, to see the blue tube, the transparent sheet should be rotated by 90 degrees.",https://www.youtube.com/shorts/HPoyer1Ix-o,"The video demonstrates that when the transparent sheet is placed horizontally, the blue tube disappears. When the sheet is rotated vertically, the blue tube becomes visible while the red and green tubes disappear. Therefore, to see the blue tube, the transparent sheet should be rotated by 90 degrees."
0790-3,HPoyer1Ix-o,Wrongly-led Open-ended Question,Professional Knowledge,"To see the blue tube, should the transparent sheet be rotated by 45 degrees?",35.78,Please state your answer with a brief explanation.,"No, when the transparent sheet is aligned vertically, the blue tube is visible. When the sheet is rotated by 45 degrees, all the tubes behind the sheet become blurry.",https://www.youtube.com/shorts/HPoyer1Ix-o,"The video demonstrates that when the transparent sheet is rotated by 45 degrees, the tubes behind the transparent sheet become blurry and disappear. However, the question asks specifically about the blue tube. The video shows that the blue tube is visible when the transparent sheet is aligned vertically."
0790-7,HPoyer1Ix-o,Multiple-choice Question with a Single Correct Answer,Professional Knowledge,"How should the transparent sheet be adjusted to see the blue tube?
A. Rotate by 180 degrees.
B. Rotate by 45 degrees.
C. Do not rotate.
D. Rotate by 90 degrees.",35.78,"E. None of the above
Select one best answer to the above multiple-choice question based on the video. Respond with only the letter (A, B, C, D or E) of the correct option.",D,https://www.youtube.com/shorts/HPoyer1Ix-o,The video shows that the blue tube disappears when the transparent sheet is placed over it. The video then shows that the blue tube is visible when the transparent sheet is rotated by 90 degrees.
0794-0,pxtbNUqh3Sc,Primary Open-ended Question,Plot Attribute,"Who in the video is the caption referring to as ""friend"" in the video?",17.14,Please state your answer with a brief explanation.,The caption is referring to the cat that ran away and didn't help the cat dangling from the ledge.,https://www.youtube.com/shorts/pxtbNUqh3Sc,"The video shows a cat dangling from a ledge, seemingly in distress. Another cat is present but does not help, instead running away. The caption ""Never trust your friend"" appears on the screen. Therefore, the caption is referring to the cat that abandoned the other cat in distress."
0794-1,pxtbNUqh3Sc,Paraphrased Open-ended Question,Plot Attribute,Which character in the video is described as the 'friend' in the caption?,17.14,Please state your answer with a brief explanation.,The cat that runs away is the 'friend' in the caption.,https://www.youtube.com/shorts/pxtbNUqh3Sc,"The video shows a cat in distress hanging from a ledge. Another cat is present but does not help, instead running away. The caption ""Never trust ur friend!"" suggests the cat that ran away is the 'friend' being referred to."
0794-2,pxtbNUqh3Sc,Correctly-led Open-ended Question,Plot Attribute,Is the 'friend' in the caption the white cat that leaves quickly at the start of the video?,17.14,Please state your answer with a brief explanation.,"Yes, the 'friend' in the caption is the white cat that leaves quickly at the start of the video. It abandons the other cat when it is in danger.",https://www.youtube.com/shorts/pxtbNUqh3Sc,"The video shows a cat in danger, and another cat runs away. The caption says ""Never trust your friend!"".
I need to determine if the white cat that runs away at the beginning is the 'friend' referred to in the caption.
The video shows the white cat leaving the cat in danger. The comments also refer to the Lion King scene where Scar betrays Mufasa."
0794-3,pxtbNUqh3Sc,Wrongly-led Open-ended Question,Plot Attribute,Is the 'friend' in the caption the black dog?,17.14,Please state your answer with a brief explanation.,"No, the 'friend' in the caption is not the black dog. It is the other cat that left the white cat hanging.",https://www.youtube.com/shorts/pxtbNUqh3Sc,"The caption ""Never trust your friend!"" appears at the beginning of the video when a white cat is hanging off the edge of a ledge. Another cat is present on the ledge but does not help the cat in danger. The dogs appear later in the video. Therefore, the 'friend' in the caption refers to the cat that abandoned the other cat."
0794-7,pxtbNUqh3Sc,Multiple-choice Question with a Single Correct Answer,Plot Attribute,"Who is the 'friend' mentioned in the caption?
A. The white cat leaving quickly at the beginning of the video.
B. The white cat leading another along a narrow ledge.
C. The cat with a black spot on its ear.
D. The balck dog.",17.14,"E. None of the above
Select one best answer to the above multiple-choice question based on the video. Respond with only the letter (A, B, C, D or E) of the correct option.",A,https://www.youtube.com/shorts/pxtbNUqh3Sc,"The video shows a white cat struggling to hold onto a ledge while another white cat quickly runs away. The caption says ""Never trust your friend"". The friend is the cat that abandons the other.
Option A describes this cat.
Option B describes the opposite situation.
Option C describes a cat that is not present in the video.
Option D describes a dog.
Option E is incorrect because A is correct."
0803-0,L4pEorJZ1a0,Primary Open-ended Question,Element Attributes,What was burning in the video?,29.53,Please state your answer with a brief explanation.,Candles were burning in the video. The presenter uses the burning candles to demonstrate atmospheric pressure.,https://www.youtube.com/shorts/L4pEorJZ1a0,"The video shows a science experiment involving candles, a glass vase, and water. The presenter asks what will happen when the vase is placed over the candles. The presenter then states that the candles warm the air inside the vase."
0803-1,L4pEorJZ1a0,Paraphrased Open-ended Question,Element Attributes,What is the object that is on fire in the video?,29.53,Please state your answer with a brief explanation.,The object that is on fire in the video is candles.,https://www.youtube.com/shorts/L4pEorJZ1a0,"The presenter in the video asks what will happen if he puts a glass vase over the candles.
Therefore, the object that is on fire in the video is candles."
0803-2,L4pEorJZ1a0,Correctly-led Open-ended Question,Element Attributes,Is it true that a bunch of candles is burning in the video?,29.53,Please state your answer with a brief explanation.,"Yes, it is true that a bunch of candles is burning in the video. The presenter asks what will happen if he puts a glass vase over 'these candles'.",https://www.youtube.com/shorts/L4pEorJZ1a0,"The presenter in the video asks what will happen if he puts a glass vase over the candles.
He clearly says 'these candles' and the video shows a bunch of candles burning."
0803-3,L4pEorJZ1a0,Wrongly-led Open-ended Question,Element Attributes,Is the burning object in the video a small blue sponge-like object?,29.53,Please state your answer with a brief explanation.,"Yes, the burning object in the video is a small blue sponge-like object. It is a candle.",https://www.youtube.com/shorts/L4pEorJZ1a0,"The presenter in the video states that he is putting a glass vase over candles. At [00:00:03] in the video, it is clear that the burning objects are small candles that are blue and sponge-like in appearance."
0803-7,L4pEorJZ1a0,Multiple-choice Question with a Single Correct Answer,Element Attributes,"What is burning in the video?
A. A bunch of candles
B. A small blue sponge-like object
C. A blue cylindrical object
D. A blue flame was burning on a blue wick",29.53,"E. None of the above
Select one best answer to the above multiple-choice question based on the video. Respond with only the letter (A, B, C, D or E) of the correct option.",A,https://www.youtube.com/shorts/L4pEorJZ1a0,The presenter asks what will happen if he puts a glass vase over the candles. The presenter is burning a bunch of candles.
0806-0,1dEijri97Qc,Primary Open-ended Question,Element Counting,How many cables were bundled?,19.9,Please state your answer with a brief explanation.,"Four cables were bundled. The cables are black, white, red, and gray.",https://www.youtube.com/shorts/1dEijri97Qc,"The video shows the bundling of four cables. The cables are black, white, red, and gray."
0806-1,1dEijri97Qc,Paraphrased Open-ended Question,Element Counting,What is the total number of cables that were bundled together in the video?,19.9,Please state your answer with a brief explanation.,There are 4 cables bundled together in the video.,https://www.youtube.com/shorts/1dEijri97Qc,"1. I need to watch the video and count the number of cables that are bundled together.
2. At timestamp 0:14, I can see the cables before they are bundled.
3. I count 4 cables."
0806-2,1dEijri97Qc,Correctly-led Open-ended Question,Element Counting,Can you confirm that the video shows four cables being bundled together?,19.9,Please state your answer with a brief explanation.,"Yes, the video shows four cables being bundled together. This is evident at [00:00:15] where the four cables are gathered and wrapped.",https://www.youtube.com/shorts/1dEijri97Qc,"The video shows the process of bundling cables using a homemade tool. At [00:00:14], four distinct cables (black, white, red, and gray) are shown laid out on a wooden surface. Then, at [00:00:15], these four cables are bundled together and wrapped with the homemade cable management tool."
0806-3,1dEijri97Qc,Wrongly-led Open-ended Question,Element Counting,Is it true that the video shows five cables being bundled together?,19.9,Please state your answer with a brief explanation.,"No, the video shows four cables being bundled together.",https://www.youtube.com/shorts/1dEijri97Qc,"The video shows the presenter bundling together four cables, not five."
0806-7,1dEijri97Qc,Multiple-choice Question with a Single Correct Answer,Element Counting,"How many cables were bundled together in the video?
A. Four
B. Six
C. Three
D. Five",19.9,"E. None of the above
Select one best answer to the above multiple-choice question based on the video. Respond with only the letter (A, B, C, D or E) of the correct option.",A,https://www.youtube.com/shorts/1dEijri97Qc,The video shows the person bundling four cables together.
0810-0,A-PdkbPZs6I,Primary Open-ended Question,Event Counting,How many times did the sausage pop up from the holes?,17.74,Please state your answer with a brief explanation.,The sausage pops up 5 times.,https://www.youtube.com/shorts/A-PdkbPZs6I,"I need to count how many times the sausage pops up from the holes in the video.
The sausage pops up a total of 5 times."
0810-1,A-PdkbPZs6I,Paraphrased Open-ended Question,Event Counting,How many times did the sausage appear from the holes?,17.74,Please state your answer with a brief explanation.,The sausage appears 4 times from the holes.,https://www.youtube.com/shorts/A-PdkbPZs6I,"I need to count how many times the sausage appears from the holes in the video.
The sausage appears a total of 4 times."
0810-2,A-PdkbPZs6I,Correctly-led Open-ended Question,Event Counting,Did the sausage emerge from the holes five times?,17.74,Please state your answer with a brief explanation.,"No, the sausage emerged from the holes four times.",https://www.youtube.com/shorts/A-PdkbPZs6I,"I will watch the video and count the number of times the sausage emerges from the holes.
The sausage emerges from the holes four times."
0810-3,A-PdkbPZs6I,Wrongly-led Open-ended Question,Event Counting,Did the sausage pop up from the holes only three times?,17.74,Please state your answer with a brief explanation.,"No, the sausage pops up from the holes four times.",https://www.youtube.com/shorts/A-PdkbPZs6I,"I will review the video to count how many times the sausage pops up from the holes.
The sausage pops up a total of four times."
0810-7,A-PdkbPZs6I,Multiple-choice Question with a Single Correct Answer,Event Counting,"How many times did the sausage pop up from the holes?
A. Three times
B. Six times
C. Four times
D. Five times",17.74,"E. None of the above
Select one best answer to the above multiple-choice question based on the video. Respond with only the letter (A, B, C, D or E) of the correct option.",D,https://www.youtube.com/shorts/A-PdkbPZs6I,The video shows the sausage popping up from the holes five times.
0812-0,5NgU4w_qPBg,Primary Open-ended Question,Event Counting,How many times did the person try to place the toy into the drawer?,14.76,Please state your answer with a brief explanation.,The person tried to place the toy into the drawer two times.,https://www.youtube.com/shorts/5NgU4w_qPBg,"The question asks how many times the person tried to place the toy into the drawer.
I need to count the number of attempts made to put the toy into the drawer.
Looking at the video, the person attempts to put the toy into the drawer twice."
0812-1,5NgU4w_qPBg,Paraphrased Open-ended Question,Event Counting,How many attempts did the person make to put the toy into the drawer?,14.76,Please state your answer with a brief explanation.,The person attempts to put the toy into the drawer twice.,https://www.youtube.com/shorts/5NgU4w_qPBg,The person attempts to put the toy into the drawer twice.
0812-2,5NgU4w_qPBg,Correctly-led Open-ended Question,Event Counting,Did the person try to place the toy into the drawer three times?,14.76,Please state your answer with a brief explanation.,"No, the person tried to place the toy into the drawer twice.",https://www.youtube.com/shorts/5NgU4w_qPBg,The video shows the person attempting to put the toy into the drawer twice.
0812-3,5NgU4w_qPBg,Wrongly-led Open-ended Question,Event Counting,Did the person try to place the toy into the drawer 10 times?,14.76,Please state your answer with a brief explanation.,"No, the person tried to place the toy into the drawer 4 times.",https://www.youtube.com/shorts/5NgU4w_qPBg,"The video shows the person attempting to put the toy into the drawer multiple times. I will count the number of attempts.
The person attempts to put the toy into the drawer 4 times."
0812-7,5NgU4w_qPBg,Multiple-choice Question with a Single Correct Answer,Event Counting,"How many times did the person try to place the toy into the drawer?
A. 2
B. 3
C. 5
D. 10",14.76,"E. None of the above
Select one best answer to the above multiple-choice question based on the video. Respond with only the letter (A, B, C, D or E) of the correct option.",A,https://www.youtube.com/shorts/5NgU4w_qPBg,The person tries to place the toy into the drawer twice.
0816-0,nqyt42Hj00Y,Primary Open-ended Question,Event Localization,What did the person do at the second experiment?,20.86,Please state your answer with a brief explanation.,"At the second experiment, the person inserted a straw into the bottle while pouring.",https://www.youtube.com/shorts/nqyt42Hj00Y,"1. The question asks about the second experiment in the video.
2. I need to identify the second experiment shown in the video.
3. I need to describe what the person did in that experiment.
4. The second experiment starts at 0:15.
5. In the second experiment, the person inserted a straw into the bottle while pouring."
0816-1,nqyt42Hj00Y,Paraphrased Open-ended Question,Event Localization,What actions did the person take during the second experiment?,20.86,Please state your answer with a brief explanation.,"During the second experiment, the person first attempts to pour water out of the bottle. Then, the person inserts a straw into the bottle while pouring.",https://www.youtube.com/shorts/nqyt42Hj00Y,"1. The question asks about the actions taken during the second experiment.
2. The second experiment starts at [00:00:09] and ends at [00:00:20].
3. During the second experiment, the person first attempts to pour water out of the bottle.
4. Then, the person inserts a straw into the bottle while pouring."
0816-2,nqyt42Hj00Y,Correctly-led Open-ended Question,Event Localization,Did the person spin the bottle to create a vortex in the second experiment?,20.86,Please state your answer with a brief explanation.,"No, the person did not spin the bottle in the second experiment. They inserted a straw into the bottle.",https://www.youtube.com/shorts/nqyt42Hj00Y,"The video shows two experiments. The first experiment shows water draining from a bottle. The second experiment shows water draining from a bottle with a straw inserted. In the second experiment, the person does not spin the bottle."
0816-3,nqyt42Hj00Y,Wrongly-led Open-ended Question,Event Localization,Did the person insert a straw into the bottle during the second experiment?,20.86,Please state your answer with a brief explanation.,"Yes, a straw was inserted into the bottle during the second experiment.",https://www.youtube.com/shorts/nqyt42Hj00Y,"1. The video shows two experiments.
2. The question asks if a straw was inserted in the second experiment.
3. Review the video to observe the second experiment.
4. The second experiment shows a straw being inserted into the bottle."
0816-7,nqyt42Hj00Y,Multiple-choice Question with a Single Correct Answer,Event Localization,"What did the person do in the second experiment?
A. Added more water
B. Sealed the bottle
C. Spun the bottle to create a vortex
D. Inserted a straw",20.86,"E. None of the above
Select one best answer to the above multiple-choice question based on the video. Respond with only the letter (A, B, C, D or E) of the correct option.",D,https://www.youtube.com/shorts/nqyt42Hj00Y,"The question asks what the person did in the second experiment.
In the second experiment, the person inserted a straw into the bottle."
0818-0,1_OTyluZCcg,Primary Open-ended Question,Element Attributes,What was the little girl watching nearby holding in her hand?,19.48,Please state your answer with a brief explanation.,The little girl is holding a claw machine claw.,https://www.youtube.com/shorts/1_OTyluZCcg,"The question asks what the little girl was holding in her hand.
I will scan the video to find the little girl and see what she is holding.
At [00:00:09] I can see that the little girl is holding a claw machine claw."
0818-1,1_OTyluZCcg,Paraphrased Open-ended Question,Element Attributes,What is the little girl holding in her hand while watching nearby?,19.48,Please state your answer with a brief explanation.,The little girl is holding a toy hammer in her hand.,https://www.youtube.com/shorts/1_OTyluZCcg,"The question asks what the little girl is holding in her hand.
I will look at the video at the timestamp provided to answer the question.
At timestamp 0:09-0:10, the little girl is holding a toy hammer in her hand."
0818-2,1_OTyluZCcg,Correctly-led Open-ended Question,Element Attributes,Is the little girl holding a piece of cash in her hand?,19.48,Please state your answer with a brief explanation.,"No, the little girl is not holding any cash in her hand. It is the little boy who is holding the cash.",https://www.youtube.com/shorts/1_OTyluZCcg,"The question asks if the little girl is holding cash.
I will scan the video to see if the little girl is holding cash.
At timestamp 0:00, the little boy is holding a $100 bill.
At timestamp 0:02, the little girl is not holding any cash."
0818-3,1_OTyluZCcg,Wrongly-led Open-ended Question,Element Attributes,Is the little girl holding a small bottle in her hand?,19.48,Please state your answer with a brief explanation.,"No, the little girl is holding a small toy in her hand.",https://www.youtube.com/shorts/1_OTyluZCcg,"I will analyze the video to determine if the little girl is holding a small bottle in her hand.
At [00:00:02] I can see the little girl standing next to the baby.
At [00:00:04] I can see the little girl is holding a small toy in her hand.
At [00:00:09] I can see the little girl is holding a small toy in her hand.
At [00:00:17] I can see the little girl is holding a small toy in her hand."
0818-7,1_OTyluZCcg,Multiple-choice Question with a Single Correct Answer,Element Attributes,"What is the little girl holding in her hand?
A. A book
B. A toy car
C. A small bottle
D. A piece of cash",19.48,"E. None of the above
Select one best answer to the above multiple-choice question based on the video. Respond with only the letter (A, B, C, D or E) of the correct option.",D,https://www.youtube.com/shorts/1_OTyluZCcg,"At timestamp 0:09-0:10, the little girl is holding a piece of cash in her hand."
0827-0,yFHKF8TjT5o,Primary Open-ended Question,Element Counting,How many pandas are there in the video?,9.73,Please state your answer with a brief explanation.,There are two pandas in the video.,https://www.youtube.com/shorts/yFHKF8TjT5o,"The video shows a horse being pranked by a person wearing a unicorn mask. Then the video cuts to a scene with pandas. I need to count the number of pandas in the video.
In the video, there are two pandas."
0827-1,yFHKF8TjT5o,Paraphrased Open-ended Question,Element Counting,What is the number of pandas shown in the video?,9.73,Please state your answer with a brief explanation.,There are two pandas shown in the video. One adult panda and one baby panda.,https://www.youtube.com/shorts/yFHKF8TjT5o,"1. I will review the video to determine the number of pandas shown.
2. I will provide the number of pandas and a brief explanation."
0827-2,yFHKF8TjT5o,Correctly-led Open-ended Question,Element Counting,Is there only one real panda in the video?,9.73,Please state your answer with a brief explanation.,"No, there are two real pandas in the video.",https://www.youtube.com/shorts/yFHKF8TjT5o,"The video shows a horse being pranked by a person wearing a unicorn mask. Then the video cuts to a scene with pandas.
I need to determine if there is only one real panda in the video.
The video shows two pandas."
0827-3,yFHKF8TjT5o,Wrongly-led Open-ended Question,Element Counting,"Are there two pandas in the video, including a baby panda?",9.73,Please state your answer with a brief explanation.,"Yes, there are two pandas in the video, including a baby panda. They are shown together in the same scene.",https://www.youtube.com/shorts/yFHKF8TjT5o,"The video shows a horse and a person wearing a unicorn mask, followed by a scene with two pandas. I need to determine if both pandas are present in the same scene and if one of them is a baby.
The video shows two pandas in the same scene. One panda is larger and appears to be an adult, while the other is smaller and appears to be a baby."
0827-7,yFHKF8TjT5o,Multiple-choice Question with a Single Correct Answer,Element Counting,"How many real pandas are in the video?
A. Two
B. None
C. One
D. Three",9.73,"E. None of the above
Select one best answer to the above multiple-choice question based on the video. Respond with only the letter (A, B, C, D or E) of the correct option.",A,https://www.youtube.com/shorts/yFHKF8TjT5o,The video shows a horse being pranked by a person wearing a unicorn mask. Then it cuts to a scene with pandas. I can see two pandas in the video.
0833-0,E2ILLN8TiPA,Primary Open-ended Question,Event Localization,What does the photo want to show in the fourth segment?,48.0,Please state your answer with a brief explanation.,,https://www.youtube.com/shorts/E2ILLN8TiPA,
0833-1,E2ILLN8TiPA,Paraphrased Open-ended Question,Event Localization,What is depicted in the fourth segment of the photo series?,48.0,Please state your answer with a brief explanation.,,https://www.youtube.com/shorts/E2ILLN8TiPA,
0833-2,E2ILLN8TiPA,Correctly-led Open-ended Question,Event Localization,Does the fourth segment show a man lying on the sand with his soul flying above him?,48.0,Please state your answer with a brief explanation.,,https://www.youtube.com/shorts/E2ILLN8TiPA,
0833-3,E2ILLN8TiPA,Wrongly-led Open-ended Question,Event Localization,Does the fourth segment show a person holding a glass jar with a drink?,48.0,Please state your answer with a brief explanation.,,https://www.youtube.com/shorts/E2ILLN8TiPA,
0833-7,E2ILLN8TiPA,Multiple-choice Question with a Single Correct Answer,Event Localization,"What does the fourth segment of the photo series show?
A. A person holding a glass jar with a drink.
B. A person painting on a canvas.
C. A sunset over the ocean.
D. A man lying on the sand with his soul flying above him.",48.0,"E. None of the above
Select one best answer to the above multiple-choice question based on the video. Respond with only the letter (A, B, C, D or E) of the correct option.",,https://www.youtube.com/shorts/E2ILLN8TiPA,
0835-0,_tVCT7lNvM4,Primary Open-ended Question,Element Localization,What is visible in the woman's mouth?,60.0,Please state your answer with a brief explanation.,A tongue piercing is visible in the woman's mouth.,https://www.youtube.com/shorts/_tVCT7lNvM4,"The question asks about what is visible in the woman's mouth.
I need to look at the video and see what is visible in the woman's mouth.
At timestamp 0:09, the woman opens her mouth and a tongue piercing is visible."
0835-1,_tVCT7lNvM4,Paraphrased Open-ended Question,Element Localization,What can be seen inside the woman's mouth?,60.0,Please state your answer with a brief explanation.,A tongue piercing can be seen inside the woman's mouth.,https://www.youtube.com/shorts/_tVCT7lNvM4,"The video shows the woman opening her mouth at certain points. At 0:09 and 0:41, it is possible to see inside her mouth."
0835-2,_tVCT7lNvM4,Correctly-led Open-ended Question,Element Localization,Is there a blue tongue stud visible in the woman's mouth?,60.0,Please state your answer with a brief explanation.,"Yes, a blue tongue stud is visible in the woman's mouth.",https://www.youtube.com/shorts/_tVCT7lNvM4,"The video shows the woman opening her mouth at different times. I need to carefully watch when her mouth is open to see if there is a blue tongue stud. At time 0:00:09-0:00:14 and 0:00:40-0:00:50, the woman opens her mouth and a blue tongue stud is visible."
0835-3,_tVCT7lNvM4,Wrongly-led Open-ended Question,Element Localization,Is there a dental appliance or mouth guard visible in the woman's mouth?,60.0,Please state your answer with a brief explanation.,"No, there is no dental appliance or mouth guard visible in the woman's mouth. I can see her teeth and tongue clearly when her mouth is open.",https://www.youtube.com/shorts/_tVCT7lNvM4,I will analyze the video to determine if the woman is wearing a dental appliance or mouth guard. I will pay close attention to the moments when her mouth is open.
0835-7,_tVCT7lNvM4,Multiple-choice Question with a Single Correct Answer,Element Localization,"What is visible in the woman's mouth?
A. A dental appliance
B. A mouth guard
C. A silver tooth
D. A blue tongue stud",60.0,"E. None of the above
Select one best answer to the above multiple-choice question based on the video. Respond with only the letter (A, B, C, D or E) of the correct option.",D,https://www.youtube.com/shorts/_tVCT7lNvM4,"The video shows the woman's mouth at different times. At 0:09 and 0:41, it is clear that she has a blue tongue stud."
0841-0,wfszvTxxLkk,Primary Open-ended Question,Positional Relationship,Which eye did the woman wipe with the parrot first in the video?,10.75,Please state your answer with a brief explanation.,The woman wipes her left eye first with the parrot.,https://www.youtube.com/shorts/wfszvTxxLkk,"I will analyze the video to determine which eye the woman wipes first with the parrot.
At [00:00:02], the woman wipes her left eye first with the parrot."
0841-1,wfszvTxxLkk,Paraphrased Open-ended Question,Positional Relationship,Which eye did the woman use the parrot to wipe first in the video?,10.75,Please state your answer with a brief explanation.,The woman used the parrot to wipe her left eye first.,https://www.youtube.com/shorts/wfszvTxxLkk,"The question asks which eye the woman wiped first with the parrot.
I need to watch the video to determine the answer.
At the beginning of the video, the woman uses the parrot to wipe her left eye first."
0841-2,wfszvTxxLkk,Correctly-led Open-ended Question,Positional Relationship,Did the woman first wipe her right eye with the parrot in the video?,10.75,Please state your answer with a brief explanation.,"Yes, the woman first wipes her right eye with the parrot in the video.",https://www.youtube.com/shorts/wfszvTxxLkk,"I will watch the video and observe which eye the woman wipes first with the parrot.

At [00:00:02], the woman wipes her right eye first with the parrot."
0841-3,wfszvTxxLkk,Wrongly-led Open-ended Question,Positional Relationship,Did the woman first wipe her left eye with the parrot in the video?,10.75,Please state your answer with a brief explanation.,"Yes, the woman first wipes her left eye with the parrot in the video.",https://www.youtube.com/shorts/wfszvTxxLkk,"The video shows the woman wiping her eyes with the parrot. At [00:00:02], she wipes her left eye first."
0841-7,wfszvTxxLkk,Multiple-choice Question with a Single Correct Answer,Positional Relationship,"Which eye did the woman wipe first with the parrot?
A. Left
B. Right",10.75,"E. None of the above
Select one best answer to the above multiple-choice question based on the video. Respond with only the letter (A, B, C, D or E) of the correct option.",B,https://www.youtube.com/shorts/wfszvTxxLkk,The video shows the woman wiping her right eye first with the parrot.
0848-0,wzf8uN_7hNc,Primary Open-ended Question,Element Attributes (Optical Illusion),Which one is a real cat in the video?,7.83,Please state your answer with a brief explanation.,The bottom one is the real cat because of the light reflecting off its fur.,https://www.youtube.com/shorts/wzf8uN_7hNc,"The question asks which one is the real cat.
I will look at the comments to find the answer.
Many comments point out that the bottom one is the real cat because of the light reflecting off its fur."
0848-1,wzf8uN_7hNc,Paraphrased Open-ended Question,Element Attributes (Optical Illusion),Which cat in the video is the actual one?,7.83,Please state your answer with a brief explanation.,The cat at the bottom is the actual one because light reflects off its fur.,https://www.youtube.com/shorts/wzf8uN_7hNc,"The question asks which cat is the real one.
Based on the comments, the bottom cat is the real one because light reflects off its fur."
0848-2,wzf8uN_7hNc,Correctly-led Open-ended Question,Element Attributes (Optical Illusion),Is the real cat in the video the one at the top of the frame?,7.83,Please state your answer with a brief explanation.,"No, the real cat in the video is the one at the bottom of the frame. The top one is the shadow.",https://www.youtube.com/shorts/wzf8uN_7hNc,"The question asks whether the cat at the top of the frame is the real cat.
I will look at the comments to see if there is a consensus.
Many comments indicate that the bottom cat is the real cat, and the top is the shadow. Some comments mention that the bottom cat has light reflecting off its fur, which is a key indicator."
0848-3,wzf8uN_7hNc,Wrongly-led Open-ended Question,Element Attributes (Optical Illusion),"Is the real cat in the video the one on top, casting a shadow below?",7.83,Please state your answer with a brief explanation.,"No, the real cat in the video is the one on the bottom. The top one is the shadow. This is indicated by the light reflecting off the fur of the bottom cat.",https://www.youtube.com/shorts/wzf8uN_7hNc,"The question asks whether the cat on top is the real cat casting a shadow below.
The comments suggest that the video is flipped, and the bottom one is the real cat. Some comments also mention that the bottom one has light reflecting off its fur, indicating it's the real cat."
0848-7,wzf8uN_7hNc,Multiple-choice Question with a Single Correct Answer,Element Attributes (Optical Illusion),"Which one is the real cat in the video?
A. The one that becomes bigger at the end of the video.
B. The one that appears darker.
C. The one at the bottom with a glossy shine.
D. The one on top casting a shadow.",7.83,"E. None of the above
Select one best answer to the above multiple-choice question based on the video. Respond with only the letter (A, B, C, D or E) of the correct option.",C,https://www.youtube.com/shorts/wzf8uN_7hNc,"The question asks which one is the real cat.
Option A says the one that becomes bigger at the end of the video. The shadow becomes bigger, not the real cat.
Option B says the one that appears darker. Both appear dark, so this is not the best answer.
Option C says the one at the bottom with a glossy shine. Several comments mention that the real cat has light reflecting off its fur.
Option D says the one on top casting a shadow. The top one is the shadow.
Option E says none of the above."
0854-0,Rjq4L_aIBh0,Primary Open-ended Question,Character Motivation Causality,Why does the operator of the drop tower ride engage in conversation with the visitors?,36.4,Please state your answer with a brief explanation.,"The operator engages in conversation with the visitors to catch them off guard and initiate the drop when they least expect it, maximizing the thrill and making the experience more memorable.",https://www.youtube.com/shorts/Rjq4L_aIBh0,"The video shows a drop tower ride where the operator engages in conversation with the riders before initiating the drop. The narrator explains that the operator does this to catch the riders off guard and start the ride when they least expect it, thus maximizing the thrill and making the experience more memorable."
0854-1,Rjq4L_aIBh0,Paraphrased Open-ended Question,Character Motivation Causality,What is the reason the drop tower operator talks to the visitors?,36.4,Please state your answer with a brief explanation.,The drop tower operator talks to the visitors to catch them off guard and make the experience more surprising and memorable.,https://www.youtube.com/shorts/Rjq4L_aIBh0,The video shows a drop tower operator talking to the visitors before starting the ride. The narrator mentions that the operator talks to the visitors and then suddenly presses the start button. The narrator also mentions that sometimes the operator will trick the visitors by saying the machine has a malfunction. The purpose of the operator talking to the visitors is to catch them off guard and make the experience more surprising and memorable.
0854-2,Rjq4L_aIBh0,Correctly-led Open-ended Question,Character Motivation Causality,Does the operator of the drop tower ride talk to visitors to make them more nervous and scared?,36.4,Please state your answer with a brief explanation.,"Yes, the operator of the drop tower ride talks to visitors to make them more nervous and scared. The operator chats with the visitors and then suddenly starts the ride. The operator also lies to the visitors and says that the machine is broken.",https://www.youtube.com/shorts/Rjq4L_aIBh0,The video shows the operator of the drop tower ride talking to the visitors before starting the ride. The narrator mentions that the operator will chat with the visitors and then suddenly press the start button. The narrator also mentions that the operator will sometimes lie to the visitors and say that the machine is broken.
0854-3,Rjq4L_aIBh0,Wrongly-led Open-ended Question,Character Motivation Causality,Is the operator's conversation with visitors meant to help them feel more at ease and prepared?,36.4,Please state your answer with a brief explanation.,"No, the operator's conversation with visitors is not meant to help them feel more at ease and prepared. The operator chats with the riders and then suddenly starts the ride, or even tells them the machine is broken before starting it, to catch them off guard.",https://www.youtube.com/shorts/Rjq4L_aIBh0,"The video shows a worker operating a drop tower ride. The narrator says that the worker likes to chat with the riders and then suddenly press the start button, dropping the riders when they are not expecting it. The narrator also mentions that the worker sometimes tells the riders that the machine is broken, and then starts the ride when they are scared. This indicates that the operator's conversation is not meant to help them feel at ease and prepared, but rather to catch them off guard."
0854-7,Rjq4L_aIBh0,Multiple-choice Question with a Single Correct Answer,Character Motivation Causality,"Why does the operator of the drop tower ride engage in conversation with the visitors?
A. To provide safety instructions.
B. To make them pay more
C. To make them feel more at ease.
D. To make them more nervous and scared.",36.4,"E. None of the above
Select one best answer to the above multiple-choice question based on the video. Respond with only the letter (A, B, C, D or E) of the correct option.",D,https://www.youtube.com/shorts/Rjq4L_aIBh0,"The video shows a drop tower ride operator talking to the riders before starting the ride. The narrator says that the operator talks to the riders and then suddenly starts the ride, catching them off guard. The narrator also mentions that the operator sometimes tells the riders that the machine is broken to scare them before starting the ride. Therefore, the operator engages in conversation with the visitors to make them more nervous and scared."
0857-0,POwncb1HzPQ,Primary Open-ended Question,Plot Attribute,What scenario is the woman in the video imitating with her actions?,10.22,Please state your answer with a brief explanation.,"The woman in the video is imitating the scenario of someone getting shot or falling in a dramatic way, as indicated by her exaggerated movements and the comments referencing her ""ragdoll"" falls.",https://www.youtube.com/shorts/POwncb1HzPQ,"The video shows a woman performing stunt falls on a sandy hill. The top comments describe her actions as imitating getting shot and falling like a ragdoll. Therefore, she is imitating the actions of someone who is getting shot or falling in a dramatic way."
0857-1,POwncb1HzPQ,Paraphrased Open-ended Question,Plot Attribute,What is the woman in the video trying to depict with her movements?,10.22,Please state your answer with a brief explanation.,The woman in the video is trying to depict stunt falls. She is showcasing her ability to fall and move in a way that would be required for stunt work in film or television.,https://www.youtube.com/shorts/POwncb1HzPQ,"The video shows a woman performing stunt falls on a sandy hill. The top comments describe her movements as if she is getting shot, falling like a ragdoll, and performing general stunts."
0857-2,POwncb1HzPQ,Correctly-led Open-ended Question,Plot Attribute,Is the man in the video imitating the experience of being shot?,10.22,Please state your answer with a brief explanation.,"No, the person in the video is a woman, not a man. She is imitating the experience of being shot in one of the falls.",https://www.youtube.com/shorts/POwncb1HzPQ,The video shows a woman performing stunt falls on a sandy hill. She is not a man. She is imitating the experience of being shot in one of the falls.
0857-3,POwncb1HzPQ,Wrongly-led Open-ended Question,Plot Attribute,Is the woman in the video imitating the act of fainting?,10.22,Please state your answer with a brief explanation.,"No, the woman in the video is not imitating the act of fainting. She is performing stunt falls, acting out being shot and falling in different ways.",https://www.youtube.com/shorts/POwncb1HzPQ,The video shows a woman performing stunt falls. She is acting out being shot and falling in different ways. She is not imitating the act of fainting.
0857-7,POwncb1HzPQ,Multiple-choice Question with a Single Correct Answer,Plot Attribute,"What scenario is the woman in the video imitating?
A. Being shot
B. Sleeping
C. Dancing
D. Fainting",10.22,"E. None of the above
Select one best answer to the above multiple-choice question based on the video. Respond with only the letter (A, B, C, D or E) of the correct option.",A,https://www.youtube.com/shorts/POwncb1HzPQ,"The video shows a woman falling in different ways on a beach. The top comments mention ""getting shot"" and ""falling over like a complete ragdoll"". Therefore, the woman is imitating being shot."
0858-0,3xCt7E3t3Pc,Primary Open-ended Question,Element Attributes (Optical Illusion),Which armrest did the man in the white short-sleeved shirt initially sit on when he tried to sit on the chair in the video?,53.82,Please state your answer with a brief explanation.,The man initially sat on the left armrest of the chair.,https://www.youtube.com/shorts/3xCt7E3t3Pc,"The question asks which armrest the man in the white short-sleeved shirt initially sat on when he tried to sit on the chair in the video.
The video shows the man trying to sit on the left armrest of the chair. The narrator mentions that everyone thought he sat on the left armrest, but he actually sat on the right armrest."
0858-1,3xCt7E3t3Pc,Paraphrased Open-ended Question,Element Attributes (Optical Illusion),On which armrest did the man in the white short-sleeved shirt first try to sit in the video?,53.82,Please state your answer with a brief explanation.,The man in the white short-sleeved shirt first tried to sit on the left armrest of the chair. The narrator said that everyone thought he sat on the left armrest of the chair.,https://www.youtube.com/shorts/3xCt7E3t3Pc,"The question asks on which armrest did the man in the white short-sleeved shirt first try to sit in the video.
The video shows a man in a white short-sleeved shirt trying to sit on a chair with a visual illusion.
At first, the narrator said that everyone thought he sat on the left armrest of the chair.
However, the narrator then said that he actually sat on the right armrest of the chair.
Therefore, the man first tried to sit on the left armrest of the chair."
0858-2,3xCt7E3t3Pc,Correctly-led Open-ended Question,Element Attributes (Optical Illusion),Did the man in the white short-sleeved shirt initially sit on the right armrest of the chair?,53.82,Please state your answer with a brief explanation.,"Yes, according to the narrator, the man in the white short-sleeved shirt initially sat on the right armrest of the chair.",https://www.youtube.com/shorts/3xCt7E3t3Pc,"The question is whether the man in the white short-sleeved shirt initially sat on the right armrest of the chair.
The video shows a man in a white short-sleeved shirt approaching a chair. The narrator says that everyone thought he sat on the left armrest, but he actually sat on the right armrest."
0858-3,3xCt7E3t3Pc,Wrongly-led Open-ended Question,Element Attributes (Optical Illusion),Did the man in the white short-sleeved shirt initially sit on the left armrest of the chair?,53.82,Please state your answer with a brief explanation.,"No, the narrator states that everyone thought he sat on the left armrest of the chair, but he actually sat on the right armrest.",https://www.youtube.com/shorts/3xCt7E3t3Pc,"The video shows a man in a white short-sleeved shirt approaching a chair. The narrator says that everyone thought he sat on the left armrest of the chair, but he actually sat on the right armrest."
0858-7,3xCt7E3t3Pc,Multiple-choice Question with a Single Correct Answer,Element Attributes (Optical Illusion),"Which armrest did the man in the white short-sleeved shirt initially sit on?
A. Left armrest
B. Both armrests
C. Right armrest
D. No armrest",53.82,"E. None of the above
Select one best answer to the above multiple-choice question based on the video. Respond with only the letter (A, B, C, D or E) of the correct option.",C,https://www.youtube.com/shorts/3xCt7E3t3Pc,"The question asks which armrest the man in the white short-sleeved shirt initially sat on.
At , the video shows a man in a white short-sleeved shirt approaching a chair.
The narrator says that everyone thought he sat on the left armrest, but actually he sat on the right armrest.
Therefore, the answer is C."
0865-0,NnjqjqMFdA0,Primary Open-ended Question,Element Counting,"
At the end of the video, how many worms are there?",6.76,Please state your answer with a brief explanation.,"At the end of the video, there is one worm.",https://www.youtube.com/shorts/NnjqjqMFdA0,"The video shows a bird trying to eat a worm. At the end of the video, there is one worm visible."
0865-1,NnjqjqMFdA0,Paraphrased Open-ended Question,Element Counting,How many worms can be seen at the conclusion of the video?,6.76,Please state your answer with a brief explanation.,Two worms can be seen at the conclusion of the video.,https://www.youtube.com/shorts/NnjqjqMFdA0,"The video shows a bird trying to eat a worm. At the end of the video, there are two worms visible."
0865-2,NnjqjqMFdA0,Correctly-led Open-ended Question,Element Counting,Is there only one worm visible at the end of the video?,6.76,Please state your answer with a brief explanation.,"Yes, there is only one worm visible at the end of the video.",https://www.youtube.com/shorts/NnjqjqMFdA0,"The video shows a bird trying to eat a worm. At the end of the video, there is one worm visible."
0865-3,NnjqjqMFdA0,Wrongly-led Open-ended Question,Element Counting,"Are there two worms visible at the end of the video, with one in the bird's beak?",6.76,Please state your answer with a brief explanation.,"Yes, there are two worms visible at the end of the video, with one in the bird's beak and another on the ground.",https://www.youtube.com/shorts/NnjqjqMFdA0,"The question asks about the presence of two worms at the end of the video, with one in the bird's beak.
I need to analyze the video to confirm this.
Based on the video, there is one worm in the bird's beak and another worm on the ground."
0865-7,NnjqjqMFdA0,Multiple-choice Question with a Single Correct Answer,Element Counting,"How many worms are visible at the end of the video?
A. Three
B. Two
C. None
D. One",6.76,"E. None of the above
Select one best answer to the above multiple-choice question based on the video. Respond with only the letter (A, B, C, D or E) of the correct option.",D,https://www.youtube.com/shorts/NnjqjqMFdA0,"The video shows a bird trying to eat a worm. At the end of the video, there is one worm visible."
0868-0,XCkJcIeGhS0,Primary Open-ended Question,Element Localization,What color is the tool that the person swings at the beginning of the video?,57.75,Please state your answer with a brief explanation.,,https://www.youtube.com/shorts/XCkJcIeGhS0,
0868-1,XCkJcIeGhS0,Paraphrased Open-ended Question,Element Localization,What is the color of the tool used by the person at the start of the video?,57.75,Please state your answer with a brief explanation.,,https://www.youtube.com/shorts/XCkJcIeGhS0,
0868-2,XCkJcIeGhS0,Correctly-led Open-ended Question,Element Localization,Is the tool that the person swings at the beginning of the video a silver-brownish metal hammer?,57.75,Please state your answer with a brief explanation.,,https://www.youtube.com/shorts/XCkJcIeGhS0,
0868-3,XCkJcIeGhS0,Wrongly-led Open-ended Question,Element Localization,Is the tool that the person swings at the beginning of the video red?,57.75,Please state your answer with a brief explanation.,,https://www.youtube.com/shorts/XCkJcIeGhS0,
0868-7,XCkJcIeGhS0,Multiple-choice Question with a Single Correct Answer,Element Localization,"What color is the tool that the person swings at the beginning of the video?
A. Green
B. Red
C. Silver-brownish
D. Blue",57.75,"E. None of the above
Select one best answer to the above multiple-choice question based on the video. Respond with only the letter (A, B, C, D or E) of the correct option.",,https://www.youtube.com/shorts/XCkJcIeGhS0,
0870-0,Po_UemYmEyg,Primary Open-ended Question,Character Motivation Causality,Why did this man give his belongings to the photographer?,59.24,Please state your answer with a brief explanation.,The man gave his belongings to the photographer because the photographer gave him food.,https://www.youtube.com/shorts/Po_UemYmEyg,"The video shows a man and his daughter who appear to be homeless. The photographer gives them food and then takes away their cardboard covering and straw hat. The man offers these items to the photographer. Later, the photographer returns with an umbrella, snacks, and drinks. The man then gives the photographer money.
The question asks why the man gave his belongings to the photographer. The man gave his belongings to the photographer because the photographer gave him food."
0870-1,Po_UemYmEyg,Paraphrased Open-ended Question,Character Motivation Causality,What motivated the man to hand over his belongings to the photographer?,59.24,Please state your answer with a brief explanation.,The man hands over his belongings to the photographer because the photographer asked for them.,https://www.youtube.com/shorts/Po_UemYmEyg,"The video shows a homeless man and his daughter sitting in the rain. Someone offers them food, then takes away the cardboard they were using as shelter. The man is then seen handing over the cardboard and a hat to the person filming. Later, the person filming returns with an umbrella, a bag of food and drinks, and money. The man hands over the money. The man hands over his belongings to the photographer because the photographer asked for them."
0870-2,Po_UemYmEyg,Correctly-led Open-ended Question,Character Motivation Causality,Did the man give his belongings to the photographer because he was asked and wanted to help out of kindness?,59.24,Please state your answer with a brief explanation.,"No, the photographer took the belongings.",https://www.youtube.com/shorts/Po_UemYmEyg,The video shows a man and his child who appear to be homeless. The photographer offers them food and then takes away the cardboard and hat they are using as shelter from the rain. The man seems distressed when the photographer takes away their belongings. The photographer then buys them snacks and an umbrella. The man accepts the gifts. It is not clear if the man gave his belongings to the photographer because he was asked and wanted to help out of kindness. It seems the photographer took the belongings.
0870-3,Po_UemYmEyg,Wrongly-led Open-ended Question,Character Motivation Causality,Did the man give his belongings to the photographer in exchange for food and other necessities?,59.24,Please state your answer with a brief explanation.,"Yes, the man gave his belongings to the photographer in exchange for food and other necessities. The video shows the man offering his cardboard and hat to the videographer, who then buys food and an umbrella for them.",https://www.youtube.com/shorts/Po_UemYmEyg,"The video shows a man and a child who appear to be homeless. The man offers his cardboard and hat to the videographer. The videographer then purchases food and an umbrella for the man and child. Therefore, the man did give his belongings to the videographer in exchange for food and other necessities."
0870-7,Po_UemYmEyg,Multiple-choice Question with a Single Correct Answer,Character Motivation Causality,"Why did the man give his belongings to the photographer?
A. In exchange for food and drinks.
B. Because he was asked and wanted to help out of kindness.
C. To receive money.
D. To get shelter.",59.24,"E. None of the above
Select one best answer to the above multiple-choice question based on the video. Respond with only the letter (A, B, C, D or E) of the correct option.",B,https://www.youtube.com/shorts/Po_UemYmEyg,The video shows a man and his daughter who are homeless. The photographer gives them food and drinks. The man gives his belongings to the photographer because he was asked and wanted to help out of kindness.
0871-0,eFW0FRHH1u8,Primary Open-ended Question,Element Attributes (Optical Illusion),What's in the middle of the road?,13.91,Please state your answer with a brief explanation.,There is a person holding a pink object in the middle of the road.,https://www.youtube.com/shorts/eFW0FRHH1u8,"The video shows a road with what appears to be an optical illusion in the middle. As the camera moves closer, it becomes clear that it is a person holding a pink object."
0871-1,eFW0FRHH1u8,Paraphrased Open-ended Question,Element Attributes (Optical Illusion),What is located in the center of the road?,13.91,Please state your answer with a brief explanation.,There is a person in the center of the road. They are holding a pink object and are part of a visual illusion.,https://www.youtube.com/shorts/eFW0FRHH1u8,The video shows a road with a person in the center. The person is holding a pink object and appears to be part of a visual illusion.
0871-2,eFW0FRHH1u8,Correctly-led Open-ended Question,Element Attributes (Optical Illusion),Is there a chalk drawing of a young boy picking up a pink ball in the middle of the road?,13.91,Please state your answer with a brief explanation.,"Yes, there is a chalk drawing of a young boy picking up a pink ball in the middle of the road.",https://www.youtube.com/shorts/eFW0FRHH1u8,The video shows a chalk drawing in the middle of the road. The drawing is of a young boy picking up a pink ball.
0871-3,eFW0FRHH1u8,Wrongly-led Open-ended Question,Element Attributes (Optical Illusion),Is there a person holding two bags in the middle of the road?,13.91,Please state your answer with a brief explanation.,"Yes, there is a person holding two bags in the middle of the road.",https://www.youtube.com/shorts/eFW0FRHH1u8,The video shows a person in the middle of the road. The person is holding what appears to be two bags.
0871-7,eFW0FRHH1u8,Multiple-choice Question with a Single Correct Answer,Element Attributes (Optical Illusion),"What is in the middle of the road?
A. A person holding two bags
B. A real child playing
C. A traffic cone
D. A chalk drawing of a young boy",13.91,"E. None of the above
Select one best answer to the above multiple-choice question based on the video. Respond with only the letter (A, B, C, D or E) of the correct option.",A,https://www.youtube.com/shorts/eFW0FRHH1u8,The video shows a person holding two bags in the middle of the road. The bags are pink and white.
0872-0,6O-PTTfiq48,Primary Open-ended Question,Displacement Attribute,"After the man puts down two water bottle packs, which direction did he move the upper pack relative to the camera's perspective?",59.97,Please state your answer with a brief explanation.,"To the right. The man moves the upper pack to his right, which is also to the right from the camera's perspective.",https://www.youtube.com/shorts/6O-PTTfiq48,"The question asks about the direction of the upper water bottle pack relative to the camera.
I need to watch the video and find the moment when the man puts down the water bottle packs.
At , the man puts down two water bottle packs.
He then moves the upper pack to his right, which is also to the right from the camera's perspective."
0872-1,6O-PTTfiq48,Paraphrased Open-ended Question,Displacement Attribute,"In which direction did the man move the top water bottle pack after placing them down, from the camera's viewpoint?",59.97,Please state your answer with a brief explanation.,The man moved the top water bottle pack to the left from the camera's viewpoint.,https://www.youtube.com/shorts/6O-PTTfiq48,"The question asks about the direction the man moved the top water bottle pack after placing them down.
I need to look at the beginning of the video to find the scene where the man places the water bottle pack.
At the beginning of the video, the man places the water bottle pack down and then moves it to the left from the camera's viewpoint."
0872-2,6O-PTTfiq48,Correctly-led Open-ended Question,Displacement Attribute,"Did the man move the upper water bottle pack to the left after placing them down, from the camera's perspective?",59.97,Please state your answer with a brief explanation.,"Yes, the man moves the upper water bottle pack to the left after placing them down, from the camera's perspective.",https://www.youtube.com/shorts/6O-PTTfiq48,"I need to watch the video and focus on the scene where the man places the water bottle packs down. I need to observe if he makes any adjustments to the position of the upper pack after placing it.
After reviewing the video, I can confirm whether he moves the upper pack to the left from the camera's perspective."
0872-3,6O-PTTfiq48,Wrongly-led Open-ended Question,Displacement Attribute,"Did the man move the upper water bottle pack to the right after placing them down, from the camera's perspective?",59.97,Please state your answer with a brief explanation.,"Yes, the man moves the upper water bottle pack to the right after placing them down, from the camera's perspective.",https://www.youtube.com/shorts/6O-PTTfiq48,"I need to watch the video to determine if the man moved the upper water bottle pack to the right after placing them down, from the camera's perspective.
After watching the video, I can confirm whether the man moved the water bottle pack to the right."
0872-7,6O-PTTfiq48,Multiple-choice Question with a Single Correct Answer,Displacement Attribute,"After the man puts down two water bottle packs, which direction did he move the upper pack relative to the camera's perspective?
A. Backward
B. Right
C. Forward
D. Left",59.97,"E. None of the above
Select one best answer to the above multiple-choice question based on the video. Respond with only the letter (A, B, C, D or E) of the correct option.",B,https://www.youtube.com/shorts/6O-PTTfiq48,"The relevant part of the video is at 0:42. The man puts down two water bottle packs. He then moves the upper pack to his right, which is also to the right from the camera's perspective."
0875-0,f3fywt6uJBM,Primary Open-ended Question,Element Counting,How many cell phones are on the piano in the video?,60.08,Please state your answer with a brief explanation.,There are zero cell phones on the piano in the video.,https://www.youtube.com/shorts/f3fywt6uJBM,"I need to watch the video and look at the piano to see if there are any cell phones on it.
I watched the video and did not see any cell phones on the piano."
0875-1,f3fywt6uJBM,Paraphrased Open-ended Question,Element Counting,What is the number of cell phones placed on the piano in the video?,60.08,Please state your answer with a brief explanation.,There are zero cell phones on the piano in the video.,https://www.youtube.com/shorts/f3fywt6uJBM,"I need to scan the video to see if there are any cell phones on the piano.
I will look at the beginning of the video and then scan through the rest of the video.
I see no cell phones on the piano."
0875-2,f3fywt6uJBM,Correctly-led Open-ended Question,Element Counting,"Are there two cell phones on the piano, one with a green case and another with a light-colored case?",60.08,Please state your answer with a brief explanation.,"Yes, there are two cell phones on the piano, one with a green case and another with a light-colored case.",https://www.youtube.com/shorts/f3fywt6uJBM,"I will scan the video to see if there are two cell phones on the piano, one with a green case and another with a light-colored case.
At timestamp 0:17, I can see a cell phone with a light-colored case on the piano.
At timestamp 0:36, I can see a cell phone with a green case on the piano."
0875-3,f3fywt6uJBM,Wrongly-led Open-ended Question,Element Counting,"Is there only one cell phone on the piano, positioned to the left of the pianist's hands?",60.08,Please state your answer with a brief explanation.,"No, there is more than one cell phone on the piano.",https://www.youtube.com/shorts/f3fywt6uJBM,"I need to verify if there is only one cell phone on the piano, positioned to the left of the pianist's hands.
I will scan the video to confirm the number and position of cell phones on the piano.
At 0:17, I can see a cell phone on the piano to the left of the pianist's hands.
At 0:36, I can see a cell phone on the piano to the right of the pianist's hands.
Therefore, there is more than one cell phone on the piano."
0875-7,f3fywt6uJBM,Multiple-choice Question with a Single Correct Answer,Element Counting,"How many cell phones are on the piano in the video?
A. None
B. Two
C. Three
D. One",60.08,"E. None of the above
Select one best answer to the above multiple-choice question based on the video. Respond with only the letter (A, B, C, D or E) of the correct option.",B,https://www.youtube.com/shorts/f3fywt6uJBM,"The question asks about the number of cell phones on the piano.
I need to carefully observe the video to count the cell phones on the piano.
At 0:18, a cell phone can be seen on the piano.
At 0:36, a cell phone can be seen on the piano.
Therefore, there are two cell phones on the piano."
0879-0,WVtaMmL93Vs,Primary Open-ended Question,Element Attributes (Optical Illusion),What do people standing on the same plane have in common after the fourth second？,15.05,Please state your answer with a brief explanation.,They are all standing on a plane.,https://www.youtube.com/shorts/WVtaMmL93Vs,"1. The question asks about what people standing on the same plane have in common after the fourth second.
2. After the fourth second, the camera rotates to show that the three lego figures are standing on different planes.
3. Therefore, the people standing on the same plane have in common that they are all standing on a plane."
0879-1,WVtaMmL93Vs,Paraphrased Open-ended Question,Element Attributes (Optical Illusion),What characteristics do people who are on the same plane share starting from the fourth second?,15.05,Please state your answer with a brief explanation.,"From the perspective of the camera, they appear to be on the same plane.",https://www.youtube.com/shorts/WVtaMmL93Vs,"The question asks about the characteristics shared by people on the same plane starting from the fourth second.
At the fourth second, the video shows three Lego figures on the Penrose triangle.
From the perspective of the camera, they appear to be on the same plane."
0879-2,WVtaMmL93Vs,Correctly-led Open-ended Question,Element Attributes (Optical Illusion),Are the two figures that are standing on the same plane physically one with a white head and the other with a black outfit?,15.05,Please state your answer with a brief explanation.,"No, the two figures are not physically one. The change in perspective reveals that they are on different planes.",https://www.youtube.com/shorts/WVtaMmL93Vs,"The video shows a Penrose triangle optical illusion. The question asks if the two figures that appear to be on the same plane are physically connected. By observing the video, especially when the camera angle changes, it becomes clear that the figures are not on the same plane and are not physically connected."
0879-3,WVtaMmL93Vs,Wrongly-led Open-ended Question,Element Attributes (Optical Illusion),Are the two figures on the same plane one wearing a blue outfit and one with a white head?,15.05,Please state your answer with a brief explanation.,"No, based on the optical illusion, the two figures are not on the same plane.",https://www.youtube.com/shorts/WVtaMmL93Vs,"The video shows a Penrose triangle with three Lego figures placed on each of the triangle's corners. The question asks if the figure in blue and the figure with a white head are on the same plane. Based on the optical illusion of the Penrose triangle, they appear to be on different planes."
0879-7,WVtaMmL93Vs,Multiple-choice Question with a Single Correct Answer,Element Attributes (Optical Illusion),"What are the hair colors of the figures on the same plane physically?
A. Brunette and blonde
B. Black and white
C. White and black
D. Blonde and white",15.05,"E. None of the above
Select one best answer to the above multiple-choice question based on the video. Respond with only the letter (A, B, C, D or E) of the correct option.",D,https://www.youtube.com/shorts/WVtaMmL93Vs,The video shows a Penrose triangle with three figures on each of its vertices. The figures on the same plane have blonde and white hair.
0880-0,0cKKHnAmncI,Primary Open-ended Question,Element Attributes (Optical Illusion),How does the state of direction of the structure change when the person holds up with a hand?,42.98,Please state your answer with a brief explanation.,"When the arrow is touched with a hand, it appears to change direction due to an optical illusion.",https://www.youtube.com/shorts/0cKKHnAmncI,"1. The question asks about the change in direction of the arrow when held up with a hand.
2. The video shows that when the arrow is touched with a hand, it appears to change direction.
3. The video also shows that the arrow is an optical illusion."
0880-1,0cKKHnAmncI,Paraphrased Open-ended Question,Element Attributes (Optical Illusion),What happens to the perceived direction of the structure when it is lifted by hand?,42.98,Please state your answer with a brief explanation.,"When the structure is lifted and rotated, its perceived direction changes. This is due to the visual illusion created by the shape and angles of the structure.",https://www.youtube.com/shorts/0cKKHnAmncI,"The video shows an arrow-shaped structure that appears to point in one direction. When the structure is lifted and rotated, its perceived direction changes. This is due to the visual illusion created by the shape and angles of the structure."
0880-2,0cKKHnAmncI,Correctly-led Open-ended Question,Element Attributes (Optical Illusion),Does the structure lose its directional illusion when held up towards the camera?,42.98,Please state your answer with a brief explanation.,"No, the structure maintains its directional illusion when held up towards the camera.",https://www.youtube.com/shorts/0cKKHnAmncI,"The video shows an arrow structure that appears to change direction when rotated. When a mirror is placed behind the structure, the reflection shows the arrow pointing in the opposite direction, confirming the illusion. The structure maintains its directional illusion when held up towards the camera."
0880-3,0cKKHnAmncI,Wrongly-led Open-ended Question,Element Attributes (Optical Illusion),Does the structure appear to change direction when lifted due to its interaction with a mirror?,42.98,Please state your answer with a brief explanation.,"Yes, the structure appears to change direction when lifted due to its interaction with a mirror. The reflection in the mirror shows the arrow pointing in the opposite direction, creating the illusion of a change in direction when the structure is lifted.",https://www.youtube.com/shorts/0cKKHnAmncI,"The video shows an arrow-shaped structure. When a mirror is placed next to it, the reflection of the arrow appears to point in the opposite direction. When the structure is lifted, the direction of the arrow appears to change."
0880-7,0cKKHnAmncI,Multiple-choice Question with a Single Correct Answer,Element Attributes (Optical Illusion),"What happens to the structure's direction when it is lifted?
A. It points in the opposite direction.
B. It points upwards.
C. It loses its directional illusion.
D. It spins around.",42.98,"E. None of the above
Select one best answer to the above multiple-choice question based on the video. Respond with only the letter (A, B, C, D or E) of the correct option.",C,https://www.youtube.com/shorts/0cKKHnAmncI,"The video shows an arrow structure that appears to point in one direction, but when viewed in a mirror, it points in the opposite direction. When the structure is lifted, it maintains its directional illusion."
0886-0,5QLh5ias93M,Primary Open-ended Question,Positional Relationship,Where is the watch worn by the man in black in the video?,19.29,Please state your answer with a brief explanation.,The watch is worn on the man's left wrist.,https://www.youtube.com/shorts/5QLh5ias93M,"The question asks where the watch is worn by the man in the video.
I need to look at the video to find the man's watch.
At the beginning of the video, the man is shown wearing a watch on his left wrist."
0886-1,5QLh5ias93M,Paraphrased Open-ended Question,Positional Relationship,On which wrist is the man in black wearing his watch in the video?,19.29,Please state your answer with a brief explanation.,The man is wearing his watch on his left wrist.,https://www.youtube.com/shorts/5QLh5ias93M,The man is wearing his watch on his left wrist. This is visible when he is dropping the cans into the tube and when he is pouring the water out of the tube.
0886-2,5QLh5ias93M,Correctly-led Open-ended Question,Positional Relationship,Is the watch worn on the right wrist of the man in black?,19.29,Please state your answer with a brief explanation.,"Yes, the man is wearing a watch on his right wrist.",https://www.youtube.com/shorts/5QLh5ias93M,I will look at the video at the beginning to see if the man is wearing a watch on his right wrist.
0886-3,5QLh5ias93M,Wrongly-led Open-ended Question,Positional Relationship,Is the watch worn on the left wrist of the man in black?,19.29,Please state your answer with a brief explanation.,"Yes, the watch is worn on the left wrist of the man in black.",https://www.youtube.com/shorts/5QLh5ias93M,"I need to determine which wrist the man is wearing the watch on.
I will look at the video to see which wrist the watch is on.
At timestamp 0:00, I can see the man is wearing a watch on his left wrist."
0886-7,5QLh5ias93M,Multiple-choice Question with a Single Correct Answer,Positional Relationship,"Where is the watch worn by the man in black?
A. On his ankle
B. Not wearing a watch
C. Left wrist
D. Right wrist",19.29,"E. None of the above
Select one best answer to the above multiple-choice question based on the video. Respond with only the letter (A, B, C, D or E) of the correct option.",C,https://www.youtube.com/shorts/5QLh5ias93M,The man in the video is wearing a watch on his left wrist.
0895-0,7hg7oglAyKc,Primary Open-ended Question,Event Localization,What scene is cut to after a basketball smaller than standard is thrown?,34.99,Please state your answer with a brief explanation.,The scene cut to after the basketball smaller than standard is thrown is a scene where the basketball is thrown while dodging a wind turbine.,https://www.youtube.com/shorts/7hg7oglAyKc,"1. The question asks what scene is cut to after a basketball smaller than standard is thrown.
2. Scan the video to find a scene where a basketball smaller than standard is thrown.
3. The scene where a basketball smaller than standard is thrown is at [00:00:28].
4. The scene cut to after the basketball smaller than standard is thrown is a scene where the basketball is thrown while dodging a wind turbine."
0895-1,7hg7oglAyKc,Paraphrased Open-ended Question,Event Localization,What happens in the scene following the throw of a smaller basketball?,34.99,Please state your answer with a brief explanation.,The basketball goes into the hoop.,https://www.youtube.com/shorts/7hg7oglAyKc,"1. The question asks about the scene following the throw of a smaller basketball.
2. I need to identify the scene where a smaller basketball is thrown.
3. I need to describe what happens in the scene immediately after the throw.
4. The scene where a smaller basketball is thrown is at [00:00:25].
5. The scene immediately after the throw shows the basketball going into the hoop."
0895-2,7hg7oglAyKc,Correctly-led Open-ended Question,Event Localization,Does the scene cut to a person shooting a basketball into a chainsaw-rim hoop after the smaller basketball is thrown?,34.99,Please state your answer with a brief explanation.,"Yes, the scene cuts to a person shooting a basketball into a chainsaw-rim hoop after the smaller basketball is thrown.",https://www.youtube.com/shorts/7hg7oglAyKc,"1. I need to find the scene where a smaller basketball is thrown.
2. I need to check if the scene cuts to a person shooting a basketball into a chainsaw-rim hoop after the smaller basketball is thrown."
0895-3,7hg7oglAyKc,Wrongly-led Open-ended Question,Event Localization,Does the scene cut to a person shooting a basketball into a mini hoop after the smaller basketball is thrown?,34.99,Please state your answer with a brief explanation.,"No, the scene cuts to a person shooting a basketball into a chainsaw rim after the smaller basketball is thrown.",https://www.youtube.com/shorts/7hg7oglAyKc,"1. The question asks about the scene immediately following the mini hoop shot.
2. I need to check the video to see what shot comes after the mini hoop shot.
3. The mini hoop shot is followed by the chainsaw rim shot."
0895-7,7hg7oglAyKc,Multiple-choice Question with a Single Correct Answer,Event Localization,"What scene is shown after the smaller basketball is thrown?
A. A person shooting into a mini hoop.
B. A person shooting into a chainsaw-rim hoop.
C. A person missing a shot.
D. A person shooting into a regular hoop.",34.99,"E. None of the above
Select one best answer to the above multiple-choice question based on the video. Respond with only the letter (A, B, C, D or E) of the correct option.",B,https://www.youtube.com/shorts/7hg7oglAyKc,"The question asks what scene is shown after the smaller basketball is thrown.
The smaller basketball is thrown into a mini hoop.
The scene after the mini hoop is a person shooting into a chainsaw-rim hoop.
Therefore, the answer is B."
0898-0,fD02ePuiOtU,Primary Open-ended Question,Displacement Attribute,In which direction did the man move the first pillow after it is on the water?,9.49,Please state your answer with a brief explanation.,The man moves the first pillow away from the sofa.,https://www.youtube.com/shorts/fD02ePuiOtU,"The man places the first pillow on the water at [00:00:02]. Then, at [00:00:03], he moves the pillow away from the sofa."
0898-1,fD02ePuiOtU,Paraphrased Open-ended Question,Displacement Attribute,Which way did the man move the first pillow once it was on the water?,9.49,Please state your answer with a brief explanation.,"The man moved the first pillow forward, away from the couch.",https://www.youtube.com/shorts/fD02ePuiOtU,"The question asks about the direction the man moved the first pillow after placing it on the water.
I need to watch the video and observe the movement of the first pillow.
At [00:00:03], the man places the first pillow on the water.
At [00:00:05], the man moves the pillow forward, away from the couch."
0898-2,fD02ePuiOtU,Correctly-led Open-ended Question,Displacement Attribute,"Did the man move the first pillow to the front, closer to the camera, after it was on the water?",9.49,Please state your answer with a brief explanation.,"Yes, at [00:00:02] the man adjusts the first pillow to the front, closer to the camera, after it was on the water.",https://www.youtube.com/shorts/fD02ePuiOtU,"I will analyze the video to see if the man moves the first pillow after placing it on the water.
At [00:00:01], the man places the first pillow on the water.
At [00:00:02], the man is seen adjusting the pillow to the front, closer to the camera."
0898-3,fD02ePuiOtU,Wrongly-led Open-ended Question,Displacement Attribute,Did the man move the first pillow to the right after it was on the water?,9.49,Please state your answer with a brief explanation.,"Yes, the man does move the first pillow slightly to the right after placing it on the water.",https://www.youtube.com/shorts/fD02ePuiOtU,"1. Observe the video at the beginning to see the man placing the first pillow on the water.
2. Check if the man adjusts the pillow's position after placing it on the water."
0898-7,fD02ePuiOtU,Multiple-choice Question with a Single Correct Answer,Displacement Attribute,"In which direction did the man move the first pillow after it was on the water?
A. Right
B. Left
C. Back
D. Front, nearer to the camera",9.49,"E. None of the above
Select one best answer to the above multiple-choice question based on the video. Respond with only the letter (A, B, C, D or E) of the correct option.",D,https://www.youtube.com/shorts/fD02ePuiOtU,"The man puts the first pillow on the water. Then he moves it forward, nearer to the camera."
0901-0,pPiXRxb2Vfo,Primary Open-ended Question,Element Counting,"At the beginning of the video, how many rubber bands are held in the hands?",18.24,Please state your answer with a brief explanation.,"At the beginning of the video, one rubber band is held in the hands.",https://www.youtube.com/shorts/pPiXRxb2Vfo,"The question asks how many rubber bands are held at the beginning of the video.
I need to watch the first few seconds of the video to determine the number of rubber bands.
At the beginning of the video, there is one rubber band held between the fingers."
0901-1,pPiXRxb2Vfo,Paraphrased Open-ended Question,Element Counting,How many rubber bands are being held at the start of the video?,18.24,Please state your answer with a brief explanation.,One rubber band is being held at the start of the video.,https://www.youtube.com/shorts/pPiXRxb2Vfo,"The question asks how many rubber bands are being held at the start of the video.
I need to watch the beginning of the video and count the number of rubber bands.
At the start of the video, I can see that there is one rubber band."
0901-2,pPiXRxb2Vfo,Correctly-led Open-ended Question,Element Counting,Is the hand holding two rubber bands at the beginning of the video?,18.24,Please state your answer with a brief explanation.,"No, the hand is holding one rubber band at the beginning of the video. The magician uses a trick to make it look like there are two.",https://www.youtube.com/shorts/pPiXRxb2Vfo,"The video starts with the magician holding what appears to be two rubber bands between his fingers. However, after closer inspection, it is revealed that there is only one rubber band. The magician then uses a trick to make it look like there are two rubber bands."
0901-3,pPiXRxb2Vfo,Wrongly-led Open-ended Question,Element Counting,Is the hand holding only one rubber band at the beginning of the video?,18.24,Please state your answer with a brief explanation.,"Yes, the hand is holding only one rubber band at the beginning of the video.",https://www.youtube.com/shorts/pPiXRxb2Vfo,"The video starts with the magician's hands already holding a rubber band.
Therefore, the answer is yes."
0901-7,pPiXRxb2Vfo,Multiple-choice Question with a Single Correct Answer,Element Counting,"How many rubber bands are held in the hand at the start of the video?
A. Three
B. Four
C. One
D. Two",18.24,"E. None of the above
Select one best answer to the above multiple-choice question based on the video. Respond with only the letter (A, B, C, D or E) of the correct option.",C,https://www.youtube.com/shorts/pPiXRxb2Vfo,The video starts with one rubber band held between the fingers of both hands.
0905-0,cUxIb3Pt-hQ,Primary Open-ended Question,Element Attributes (Optical Illusion),"At the beginning of the video, is the slope where the ball is located an uphill or downhill?",31.81,Please state your answer with a brief explanation.,"At the beginning of the video, the slope where the ball is located is actually a downhill. The creator rotates the 3D printed illusion later in the video to reveal this.",https://www.youtube.com/shorts/cUxIb3Pt-hQ,"The video creator asks the question ""If I let go of this marble right now, where will it go? Up or down?"" at the beginning of the video. The creator then states that ""Laws of physics definitely tells you down, but actually, it rolls upstairs."" However, later in the video, the creator rotates the 3D printed illusion and reveals that the slope is actually a downhill."
0905-1,cUxIb3Pt-hQ,Paraphrased Open-ended Question,Element Attributes (Optical Illusion),"At the start of the video, is the ball positioned on an incline or a decline?",31.81,Please state your answer with a brief explanation.,"The ball is positioned on a decline. The video later reveals that the structure is an optical illusion, and the ball is actually on a decline.",https://www.youtube.com/shorts/cUxIb3Pt-hQ,"The video shows the ball being placed on what appears to be an incline. However, the video later reveals that the structure is an optical illusion, and the ball is actually on a decline."
0905-2,cUxIb3Pt-hQ,Correctly-led Open-ended Question,Element Attributes (Optical Illusion),Is the slope where the ball is located at the beginning of the video a downhill slope?,31.81,Please state your answer with a brief explanation.,"Yes, the slope where the ball is located at the beginning of the video is a downhill slope. This is clarified when the presenter shows the illusion from a different angle.",https://www.youtube.com/shorts/cUxIb3Pt-hQ,"The video shows a 3D printed illusion. At the beginning of the video, the presenter asks whether the ball will go up or down if released on the slope. The presenter then clarifies that the slope is actually a downhill slope when viewed from a different angle."
0905-3,cUxIb3Pt-hQ,Wrongly-led Open-ended Question,Element Attributes (Optical Illusion),Is the slope where the ball is located at the beginning of the video an uphill slope?,31.81,Please state your answer with a brief explanation.,"No, the slope is actually a downhill slope.",https://www.youtube.com/shorts/cUxIb3Pt-hQ,The video shows that the slope where the ball is located at the beginning of the video is actually a downhill slope. The video creator shows this by changing the camera angle and revealing that the slope is pointing downwards.
0905-7,cUxIb3Pt-hQ,Multiple-choice Question with a Single Correct Answer,Element Attributes (Optical Illusion),"At the beginning of the video, what type of slope is the ball on?
A. Curved
B. Uphill
C. Downhill
D. Flat",31.81,"E. None of the above
Select one best answer to the above multiple-choice question based on the video. Respond with only the letter (A, B, C, D or E) of the correct option.",C,https://www.youtube.com/shorts/cUxIb3Pt-hQ,The video shows the ball on a slope at the beginning. The narrator asks if the ball will go up or down. The narrator then says that the laws of physics say it will go down.
0907-0,DP4eZl-4QOY,Primary Open-ended Question,Positional Relationship,What does the dog land on at the end of the video?,16.96,Please state your answer with a brief explanation.,The dog lands in the man's arms at the end of the video.,https://www.youtube.com/shorts/DP4eZl-4QOY,"The video shows a man launching a dog into the air using a see-saw. At the end of the video, the man catches the dog."
0907-1,DP4eZl-4QOY,Paraphrased Open-ended Question,Positional Relationship,Where does the dog end up landing at the conclusion of the video?,16.96,Please state your answer with a brief explanation.,"At the conclusion of the video, the dog lands safely in the arms of the man who launched it.",https://www.youtube.com/shorts/DP4eZl-4QOY,"The video shows a man launching a dog into the air using a makeshift seesaw. At the end of the video, the man catches the dog."
0907-2,DP4eZl-4QOY,Correctly-led Open-ended Question,Positional Relationship,Does the dog land on the man's body at the end of the video?,16.96,Please state your answer with a brief explanation.,"No, the dog does not land on the man's body at the end of the video. The man catches the dog in his arms.",https://www.youtube.com/shorts/DP4eZl-4QOY,"The video shows a man launching a dog into the air using a seesaw. At the end of the video, the man catches the dog."
0907-3,DP4eZl-4QOY,Wrongly-led Open-ended Question,Positional Relationship,Does the dog land on the grass at the end of the video?,16.96,Please state your answer with a brief explanation.,"Yes, the dog lands on the grass at the end of the video.",https://www.youtube.com/shorts/DP4eZl-4QOY,"The video shows a man launching a dog into the air using a seesaw. At the end of the video, the man catches the dog. The background is a grassy lawn.
Therefore, the dog lands on the grass at the end of the video."
0907-7,DP4eZl-4QOY,Multiple-choice Question with a Single Correct Answer,Positional Relationship,"Where does the dog land at the end of the video?
A. On a bench
B. On the grass
C. On the man's body
D. On a tree",16.96,"E. None of the above
Select one best answer to the above multiple-choice question based on the video. Respond with only the letter (A, B, C, D or E) of the correct option.",C,https://www.youtube.com/shorts/DP4eZl-4QOY,"The video shows a man launching a dog into the air using a makeshift seesaw. At the end of the video, the man catches the dog.
Therefore, the dog lands on the man's body."
0910-0,7_jo2loOZ9Q,Primary Open-ended Question,Character Motivation Causality,Why does the man in the video keep picking up the child?,47.85,Please state your answer with a brief explanation.,The man is picking up the child as part of a social experiment.,https://www.youtube.com/shorts/7_jo2loOZ9Q,"The question asks why the man in the video keeps picking up the child.
Based on the top comments, this video is a social experiment. The man is picking up the child as part of the experiment."
0910-1,7_jo2loOZ9Q,Paraphrased Open-ended Question,Character Motivation Causality,What is the reason the man repeatedly picks up the child in the video?,47.85,Please state your answer with a brief explanation.,The man is picking up the child as part of a social experiment to see how people react.,https://www.youtube.com/shorts/7_jo2loOZ9Q,"The title of the video mentions a social experiment. The top comments mention that the man is snatching the child and that people are ignoring it. Therefore, the man is picking up the child as part of a social experiment to see how people react."
0910-2,7_jo2loOZ9Q,Correctly-led Open-ended Question,Character Motivation Causality,Is the man picking up the child to see if anyone will intervene in a social experiment?,47.85,Please state your answer with a brief explanation.,"Yes, the man is picking up the child to see if anyone will intervene in a social experiment. The video title and top comments indicate that this is a social experiment.",https://www.youtube.com/shorts/7_jo2loOZ9Q,"The title of the video mentions a social experiment. The description does not provide any additional information. The top comments refer to the events in the video as a social experiment. Therefore, the man is picking up the child to see if anyone will intervene in a social experiment."
0910-3,7_jo2loOZ9Q,Wrongly-led Open-ended Question,Character Motivation Causality,Is the man picking up the child to help them cross the street safely?,47.85,Please state your answer with a brief explanation.,"No, the man is not picking up the child to help them cross the street safely. The comments suggest the man is snatching the child.",https://www.youtube.com/shorts/7_jo2loOZ9Q,"The top comments indicate that the man is snatching the child, not helping them cross the street."
0910-7,7_jo2loOZ9Q,Multiple-choice Question with a Single Correct Answer,Character Motivation Causality,"Why does the man keep picking up the child in the video?
A. To teach the child how to walk.
B. To help the child cross the street safely.
C. To play a game with the child.
D. To conduct a social experiment.",47.85,"E. None of the above
Select one best answer to the above multiple-choice question based on the video. Respond with only the letter (A, B, C, D or E) of the correct option.",D,https://www.youtube.com/shorts/7_jo2loOZ9Q,"The title of the video mentions a social experiment. The comments also suggest that the man is doing something that people are ignoring, and that a woman reacted positively. This suggests that the man is picking up the child as part of a social experiment to see how people react."
0914-0,3TSZfcowUus,Primary Open-ended Question,Professional Knowledge,Why is the beer bottle placed under the faucet in the video?,16.75,Please state your answer with a brief explanation.,The beer bottle is placed under the faucet to apply hot water to shrink wrap the label onto the bottle.,https://www.youtube.com/shorts/3TSZfcowUus,The video shows a beer bottle being placed under a faucet dispensing hot water. The purpose of this is to shrink wrap the label onto the bottle.
0914-1,3TSZfcowUus,Paraphrased Open-ended Question,Professional Knowledge,What is the purpose of placing the beer bottle under the faucet in the video?,16.75,Please state your answer with a brief explanation.,The purpose of placing the beer bottle under the faucet is to shrink wrap the label onto the bottle. The hot water causes the label to conform tightly to the bottle's surface.,https://www.youtube.com/shorts/3TSZfcowUus,The video shows a bottle being placed under a hot water faucet. The purpose of this is to shrink wrap the label onto the bottle.
0914-2,3TSZfcowUus,Correctly-led Open-ended Question,Professional Knowledge,Is the beer bottle placed under the faucet to show how hot water can shrink plastic packaging around it?,16.75,Please state your answer with a brief explanation.,"Yes, the beer bottle is placed under the faucet to show how hot water can shrink plastic packaging around it.",https://www.youtube.com/shorts/3TSZfcowUus,"The video shows a bottle with a plastic label being placed under hot water. The hot water causes the plastic to shrink and adhere tightly to the bottle. Therefore, the beer bottle is placed under the faucet to show how hot water can shrink plastic packaging around it."
0914-3,3TSZfcowUus,Wrongly-led Open-ended Question,Professional Knowledge,Is the beer bottle placed under the faucet to demonstrate a quick cooling method for the beer?,16.75,Please state your answer with a brief explanation.,"No, the beer bottle is not placed under the faucet to demonstrate a quick cooling method for the beer. The hot water is used to shrink wrap the label onto the bottle.",https://www.youtube.com/shorts/3TSZfcowUus,"The video shows a person placing a bottle with a label under hot water. Based on the comments, the hot water is used to shrink wrap the label onto the bottle. Therefore, it is not a cooling method."
0914-7,3TSZfcowUus,Multiple-choice Question with a Single Correct Answer,Professional Knowledge,"Why is the beer bottle placed under the faucet in the video?
A. To demonstrate how hot water can shrink plastic packaging.
B. To clean the bottle.
C. To quickly cool the beer.
D. To fill the bottle with water.",16.75,"E. None of the above
Select one best answer to the above multiple-choice question based on the video. Respond with only the letter (A, B, C, D or E) of the correct option.",A,https://www.youtube.com/shorts/3TSZfcowUus,"The video shows a bottle with a plastic label being placed under a hot water faucet. The hot water causes the plastic label to shrink and conform to the shape of the bottle. Therefore, the purpose is to demonstrate how hot water can shrink plastic packaging."
0918-0,KOhSr62NQAY,Primary Open-ended Question,Positional Relationship,Which hand does the man put the soap in the box?,20.42,Please state your answer with a brief explanation.,The man puts the soap in the box with his left hand.,https://www.youtube.com/shorts/KOhSr62NQAY,The video shows the man putting the soap in the box with his left hand.
0918-1,KOhSr62NQAY,Paraphrased Open-ended Question,Positional Relationship,With which hand does the man place the soap into the box?,20.42,Please state your answer with a brief explanation.,The man uses his left hand to place the soap into the box.,https://www.youtube.com/shorts/KOhSr62NQAY,"The question asks which hand the man uses to place the soap into the box.
I need to watch the video and see which hand he uses to place the soap into the box.
At , the man uses his left hand to place the soap into the box."
0918-2,KOhSr62NQAY,Correctly-led Open-ended Question,Positional Relationship,Does the man use his right hand to put the soap in the box?,20.42,Please state your answer with a brief explanation.,"Yes, the man uses his right hand to put the soap in the box.",https://www.youtube.com/shorts/KOhSr62NQAY,"The question asks if the man uses his right hand to put the soap in the box.
I need to watch the video to see which hand he uses.
At timestamp 0:05, the man is seen using his left hand to hold the container and his right hand to put the soap in the box."
0918-3,KOhSr62NQAY,Wrongly-led Open-ended Question,Positional Relationship,Does the man use his left hand to put the soap in the box?,20.42,Please state your answer with a brief explanation.,"No, the man uses his right hand to put the soap in the box.",https://www.youtube.com/shorts/KOhSr62NQAY,The video shows the man using a tool to cut the soap into small pieces. Then he uses his right hand to put the soap pieces into the box.
0918-7,KOhSr62NQAY,Multiple-choice Question with a Single Correct Answer,Positional Relationship,"Which hand does the man use to put the soap in the box?
A. Left hand
B. Both hands
C. Neither hand
D. Right hand",20.42,"E. None of the above
Select one best answer to the above multiple-choice question based on the video. Respond with only the letter (A, B, C, D or E) of the correct option.",B,https://www.youtube.com/shorts/KOhSr62NQAY,The man uses both hands to put the soap in the box.
0919-0,mtLq3F4lIfY,Primary Open-ended Question,Plot Attribute,How does the man create the rainbow?,40.83,Please state your answer with a brief explanation.,The man creates the rainbow by coloring a piece of tape with rainbow colors and then shining a light through it.,https://www.youtube.com/shorts/mtLq3F4lIfY,The man creates the rainbow by coloring a piece of tape with rainbow colors and then shining a light through it.
0919-1,mtLq3F4lIfY,Paraphrased Open-ended Question,Plot Attribute,What method does the man use to make a rainbow appear?,40.83,Please state your answer with a brief explanation.,The man colors a roll of tape with rainbow colors and shines a light through it using his phone flashlight.,https://www.youtube.com/shorts/mtLq3F4lIfY,"The man uses a roll of tape, colors it with markers in the colors of the rainbow, and then shines a light through it using his phone flashlight to project a rainbow onto the wall."
0919-2,mtLq3F4lIfY,Correctly-led Open-ended Question,Plot Attribute,Does the man create the rainbow by using colored markers on clear tape?,40.83,Please state your answer with a brief explanation.,"Yes, the man creates the rainbow by using colored markers on clear tape.",https://www.youtube.com/shorts/mtLq3F4lIfY,The video shows the man using colored markers on clear tape. He then shines a light through the tape to create a rainbow effect.
0919-3,mtLq3F4lIfY,Wrongly-led Open-ended Question,Plot Attribute,Does the man create the rainbow by using a prism to refract light?,40.83,Please state your answer with a brief explanation.,"No, the man creates the rainbow by coloring a piece of tape with different colored markers and shining a light through it.",https://www.youtube.com/shorts/mtLq3F4lIfY,The man in the video creates the rainbow by coloring a piece of tape with different colored markers and shining a light through it. He does not use a prism.
0919-7,mtLq3F4lIfY,Multiple-choice Question with a Single Correct Answer,Plot Attribute,"How does the man create the rainbow?
A. By painting on a wall
B. By using colored glass
C. By coloring clear tape with markers
D. By using a prism",40.83,"E. None of the above
Select one best answer to the above multiple-choice question based on the video. Respond with only the letter (A, B, C, D or E) of the correct option.",C,https://www.youtube.com/shorts/mtLq3F4lIfY,The video shows the man coloring clear tape with markers and then shining a light through it to create a rainbow effect.
0924-0,ubFbhebEchE,Primary Open-ended Question,Element Localization,"At the end of the video, what is the red object in the hand of the woman in the white top?",24.57,Please state your answer with a brief explanation.,"At the end of the video, the red object in the hand of the woman in the white top is a book.",https://www.youtube.com/shorts/ubFbhebEchE,"The question asks about the red object in the hand of the woman in the white top at the end of the video.
I need to look at the end of the video to identify the object.
At 0:17, the woman in the white top is sitting in a chair and reading a book with a red cover."
0924-1,ubFbhebEchE,Paraphrased Open-ended Question,Element Localization,What is the red item the woman in the white top is holding at the video's conclusion?,24.57,Please state your answer with a brief explanation.,The red item the woman in the white top is holding at the video's conclusion is a book with a red cover.,https://www.youtube.com/shorts/ubFbhebEchE,"The question asks about a red item the woman in the white top is holding at the video's conclusion.
At the end of the video, the woman in the white top is sitting in a chair and reading a book with a red cover."
0924-2,ubFbhebEchE,Correctly-led Open-ended Question,Element Localization,Is the woman in the white top holding a red book at the end of the video?,24.57,Please state your answer with a brief explanation.,"Yes, the woman in the white top is holding a red book at the end of the video.",https://www.youtube.com/shorts/ubFbhebEchE,"The question asks if the woman in the white top is holding a red book at the end of the video.
At timestamp 0:16, the woman in the white top is sitting on a chair and holding a red book.
At timestamp 0:17, the woman in the pink top pours the blue liquid on the woman in the white top.
At timestamp 0:22, the woman in the white top is covered in blue liquid and the red book is on the ground."
0924-3,ubFbhebEchE,Wrongly-led Open-ended Question,Element Localization,Is the woman in the white top holding a red bottle at the end of the video?,24.57,Please state your answer with a brief explanation.,"No, the woman is not wearing a white top, she is wearing a pink top. She is holding a glass with a red liquid in it, not a red bottle.",https://www.youtube.com/shorts/ubFbhebEchE,"The question asks about the woman in the white top holding a red bottle at the end of the video.
At the end of the video, the woman is wearing a pink top, not a white top.
She is holding a glass with a red liquid in it, not a red bottle."
0924-7,ubFbhebEchE,Multiple-choice Question with a Single Correct Answer,Element Localization,"What is the red object the woman in the white top is holding at the end of the video?
A. A red bottle
B. A red book
C. A red bag
D. A red cup",24.57,"E. None of the above
Select one best answer to the above multiple-choice question based on the video. Respond with only the letter (A, B, C, D or E) of the correct option.",D,https://www.youtube.com/shorts/ubFbhebEchE,"The question asks about the red object the woman in the white top is holding at the end of the video.
At the end of the video, the woman is wearing a pink top, not a white top.
At timestamp 0:07, the woman is wearing a pink top and holding a clear glass with a red liquid.
Therefore, the red object is a red cup."
0926-0,XaP6KFsFnp4,Primary Open-ended Question,Positional Relationship,Which hand is pulling the thread?,13.89,Please state your answer with a brief explanation.,The right hand is pulling the thread. This is because the right hand is holding the thread taut while the left hand is manipulating the needle.,https://www.youtube.com/shorts/XaP6KFsFnp4,"The video shows two hands. One hand is holding the thread taut, while the other hand is using a needle to rub against the thread. Therefore, the hand holding the thread taut is pulling the thread."
0926-1,XaP6KFsFnp4,Paraphrased Open-ended Question,Positional Relationship,Which hand is used to pull the thread through the needle?,13.89,Please state your answer with a brief explanation.,"Both hands are used. The left hand holds the needle, and the right hand holds the thread.",https://www.youtube.com/shorts/XaP6KFsFnp4,The video shows both hands being used to pull the thread through the needle. The left hand holds the needle and the right hand holds the thread. The needle is rubbed against the thread to get it through the eye of the needle.
0926-2,XaP6KFsFnp4,Correctly-led Open-ended Question,Positional Relationship,Is the right hand responsible for pulling the thread through the needle?,13.89,Please state your answer with a brief explanation.,"No, the right hand is not responsible for pulling the thread through the needle. The right hand is responsible for the back-and-forth motion of the needle against the thread.",https://www.youtube.com/shorts/XaP6KFsFnp4,"The video shows a person using their left hand to hold the needle and thread, and then using their right hand to manipulate the needle against the thread. The right hand is responsible for the back-and-forth motion of the needle against the thread."
0926-3,XaP6KFsFnp4,Wrongly-led Open-ended Question,Positional Relationship,Is the left hand responsible for pulling the thread through the needle?,13.89,Please state your answer with a brief explanation.,"No, the right hand is responsible for pulling the thread through the needle.",https://www.youtube.com/shorts/XaP6KFsFnp4,The video shows a person using a needle and thread. The left hand holds the needle while the right hand manipulates the thread. The right hand is responsible for pulling the thread through the needle.
0926-7,XaP6KFsFnp4,Multiple-choice Question with a Single Correct Answer,Positional Relationship,"Which hand is pulling the thread through the needle?
A. Neither hand
B. Left hand
C. Both hands
D. Right hand",13.89,"E. None of the above
Select one best answer to the above multiple-choice question based on the video. Respond with only the letter (A, B, C, D or E) of the correct option.",D,https://www.youtube.com/shorts/XaP6KFsFnp4,"The video shows two hands. The left hand is holding the needle and moving it back and forth on the thread, which is held by the right hand. Therefore, the right hand is pulling the thread through the needle."
0927-0,2DEz3_PwR80,Primary Open-ended Question,Positional Relationship,With which arm does the man in black in the video hold the child?,18.55,Please state your answer with a brief explanation.,The man holds the child with his left arm.,https://youtube.com/shorts/2DEz3_PwR80,The video shows the man holding the child with his left arm.
0927-1,2DEz3_PwR80,Paraphrased Open-ended Question,Positional Relationship,Which arm does the man in black use to hold the child in the video?,18.55,Please state your answer with a brief explanation.,The man in black uses his left arm to hold the child in the video.,https://youtube.com/shorts/2DEz3_PwR80,The video shows the man holding the baby with his left arm while he opens the popsicle with his right hand.
0927-2,2DEz3_PwR80,Correctly-led Open-ended Question,Positional Relationship,Does the man in black hold the child with his left arm while his right hand holds the popsicle?,18.55,Please state your answer with a brief explanation.,"Yes, the man in black holds the child with his left arm while his right hand holds the popsicle.",https://youtube.com/shorts/2DEz3_PwR80,The video shows the man holding the baby with his left arm and the popsicle with his right hand.
0927-3,2DEz3_PwR80,Wrongly-led Open-ended Question,Positional Relationship,Does the man in black hold the child with his right arm while his left hand holds the popsicle?,18.55,Please state your answer with a brief explanation.,"Yes, the man in black holds the child with his right arm while his left hand holds the popsicle.",https://youtube.com/shorts/2DEz3_PwR80,The video shows the man holding the child with his right arm and the popsicle with his left hand.
0927-7,2DEz3_PwR80,Multiple-choice Question with a Single Correct Answer,Positional Relationship,"With which arm does the man in black hold the child?
A. Left arm
B. Both arms
C. Right arm
D. Neither arm",18.55,"E. None of the above
Select one best answer to the above multiple-choice question based on the video. Respond with only the letter (A, B, C, D or E) of the correct option.",A,https://youtube.com/shorts/2DEz3_PwR80,The man is holding the child with his left arm.
0929-0,9y91My_upXU,Primary Open-ended Question,Plot Attribute (Montage),What are the similarities between the actions of the little girl in the green dress and the little girl in the blue dress in the video?,38.02,Please state your answer with a brief explanation.,"Both girls initially tried to help the statue from falling over, demonstrating a sense of concern and responsibility.",https://youtube.com/shorts/9y91My_upXU,"1. Identify the little girl in the green dress and the little girl in the blue dress.
2. Observe their initial reactions to the living statue.
3. Note the similarities in their actions.
4. Summarize the similarities in a concise statement."
0929-1,9y91My_upXU,Paraphrased Open-ended Question,Plot Attribute (Montage),In what ways do the little girl in the green dress and the little girl in the blue dress behave similarly towards the statue in the video?,38.02,Please state your answer with a brief explanation.,"Both girls initially try to help the statue from falling over. The girl in the green dress reaches out to support the statue, while the girl in the blue dress also tries to hold onto the statue to prevent it from falling.",https://youtube.com/shorts/9y91My_upXU,"1. Identify the little girl in the green dress and the little girl in the blue dress.
2. Observe their initial reactions to the statue.
3. Note the similarities in their behavior.
4. Formulate a concise answer."
0929-2,9y91My_upXU,Correctly-led Open-ended Question,Plot Attribute (Montage),Do the little girl in the green dress and the little girl in the blue dress both try to support the statue when it pretends to fall?,38.02,Please state your answer with a brief explanation.,"Yes, both the little girl in the green dress and the little girl in the blue dress try to support the statue when it pretends to fall.",https://youtube.com/shorts/9y91My_upXU,"The video shows two separate instances of the statue prank.
The first instance shows a little girl in a green dress who tries to support the statue when it pretends to fall.
The second instance shows a little girl in a blue dress who also tries to support the statue when it pretends to fall.
Therefore, both girls try to support the statue."
0929-3,9y91My_upXU,Wrongly-led Open-ended Question,Plot Attribute (Montage),Are the little girl in the green dress and the little girl in the blue dress trying to determine if the statue is real or not?,38.02,Please state your answer with a brief explanation.,"No, the little girl in the green dress and the little girl in the blue dress are not trying to determine if the statue is real or not. They are reacting to the statue as if it were real.",https://youtube.com/shorts/9y91My_upXU,"The question is whether the girls are trying to determine if the statue is real.
The video shows the girls interacting with the statue. The girl in the green dress touches the statue and then calls for her mom. The girl in the blue dress touches the statue and then hugs it. Both girls seem to be reacting to the statue as if it were real, not trying to determine if it is real."
0929-7,9y91My_upXU,Multiple-choice Question with a Single Correct Answer,Plot Attribute (Montage),"What did the little girl in the green dress and the little girl in the blue dress do when the statue pretended to fall?
A. They tried to support it, thinking they had broken it.
B. They laughed and walked away.
C. They ignored it and continued playing.
D. They asked an adult for help.",38.02,"E. None of the above
Select one best answer to the above multiple-choice question based on the video. Respond with only the letter (A, B, C, D or E) of the correct option.",A,https://youtube.com/shorts/9y91My_upXU,"The video shows two separate instances of children interacting with the living statue.
The girl in the green dress tried to support the statue and called for her mother's help.
The girl in the blue dress also tried to support the statue.
Therefore, the best answer is A."
0933-0,bLr422lyAyY,Primary Open-ended Question,Character Motivation Causality,Why did the man in the costume light the fire?,8.62,Please state your answer with a brief explanation.,The man in the costume did not light a fire. He made a firework sound effect and then threw a pie at the woman's face.,https://youtube.com/shorts/bLr422lyAyY,"The question asks why the man in the costume lit the fire. However, there was no fire lit in the video. The man in the costume made a firework sound effect and then threw a pie at the woman's face. Therefore, the question is based on a misunderstanding of the video content."
0933-1,bLr422lyAyY,Paraphrased Open-ended Question,Character Motivation Causality,What was the reason the man in the costume started the fire?,8.62,Please state your answer with a brief explanation.,There was no fire. The man in the costume threw a pie in the woman's face.,https://youtube.com/shorts/bLr422lyAyY,"The question asks the reason the man in the costume started the fire.
However, based on the video and the comments, there was no fire. The man in the costume threw a pie in the woman's face.
Therefore, the answer is that there was no fire."
0933-2,bLr422lyAyY,Correctly-led Open-ended Question,Character Motivation Causality,Did the man in the costume light the fire to catch the woman's attention for a prank?,8.62,Please state your answer with a brief explanation.,"No, the man in the costume made a firework sound to catch the woman's attention before throwing the pie.",https://youtube.com/shorts/bLr422lyAyY,"The video shows a mascot character approaching a woman working on a laptop. The mascot makes a firework sound effect, and then throws a pie at the woman's face. The woman looks up after the sound effect, as if expecting to see a firework. Therefore, the sound effect was used to catch her attention."
0933-3,bLr422lyAyY,Wrongly-led Open-ended Question,Character Motivation Causality,Was the fire lit by the man in the costume to surprise the person being pranked?,8.62,Please state your answer with a brief explanation.,"No, there was no fire lit by the man in the costume. He threw a pie at her face.",https://youtube.com/shorts/bLr422lyAyY,"The question asks if the fire was lit by the man in the costume.
I need to determine if there was a fire lit in the video.
The video shows the man in the costume throwing a pie at the woman's face.
There was no fire lit in the video."
0933-7,bLr422lyAyY,Multiple-choice Question with a Single Correct Answer,Character Motivation Causality,"Why did the man in the costume light the fire?
A. To catch the woman's attention for a prank.
B. To surprise the person unexpectedly.
C. To start a campfire.
D. To signal the end of an event.",8.62,"E. None of the above
Select one best answer to the above multiple-choice question based on the video. Respond with only the letter (A, B, C, D or E) of the correct option.",A,https://youtube.com/shorts/bLr422lyAyY,"The man in the costume lit a firework sound effect to catch the woman's attention for a prank, which was to hit her with a pie."
0939-0,vz9D4nqhTyk,Primary Open-ended Question,Element Counting,How many people were there playing roles in the video?,37.68,Please state your answer with a brief explanation.,There are four people playing roles in the video: three boys and one dad.,https://youtube.com/shorts/vz9D4nqhTyk,"The video shows three boys playing video games and one person playing the role of the dad.
Therefore, there are four people playing roles in the video."
0939-1,vz9D4nqhTyk,Paraphrased Open-ended Question,Element Counting,What is the number of individuals acting in the video?,37.68,Please state your answer with a brief explanation.,There are four individuals acting in the video: three friends and one parent.,https://youtube.com/shorts/vz9D4nqhTyk,"The video depicts a sleepover scenario with a group of friends and a parent.
I need to count the number of individuals acting in the video.
There are three friends playing video games and one parent."
0939-2,vz9D4nqhTyk,Correctly-led Open-ended Question,Element Counting,Is it true that only one person played all the roles in the video?,37.68,Please state your answer with a brief explanation.,"Yes, it is true that only one person played all the roles in the video. This is evident from the similar facial features and build of all the characters.",https://youtube.com/shorts/vz9D4nqhTyk,The video shows the same person playing all the roles. This is evident from the similar facial features and build of all the characters.
0939-3,vz9D4nqhTyk,Wrongly-led Open-ended Question,Element Counting,Are there four different people playing roles in the video?,37.68,Please state your answer with a brief explanation.,"Yes, there are four different people playing roles in the video. Three boys are playing video games, and one person is playing the dad.",https://youtube.com/shorts/vz9D4nqhTyk,"The video shows three boys playing video games and one person playing the dad.
Therefore, there are four different people playing roles in the video."
0939-7,vz9D4nqhTyk,Multiple-choice Question with a Single Correct Answer,Element Counting,"How many people are actually playing roles in the video?
A. Two
B. One
C. Four
D. Three",37.68,"E. None of the above
Select one best answer to the above multiple-choice question based on the video. Respond with only the letter (A, B, C, D or E) of the correct option.",C,https://youtube.com/shorts/vz9D4nqhTyk,"The video shows three boys playing video games and one person acting as the dad. Therefore, there are four people playing roles in the video."
0942-0,ly70cIZgrRA,Primary Open-ended Question,Character Motivation Causality,What is the purpose of the man in the video catching the egg with the side of the spatula and breaking it?,30.93,Please state your answer with a brief explanation.,"The purpose of the man in the video catching the egg with the side of the spatula and breaking it is to demonstrate his skill and expertise as a chef. He is showing off his ability to perform a difficult task with precision and control, likely to impress customers and inspire his employees.",https://youtube.com/shorts/ly70cIZgrRA,"The man in the video is demonstrating his skill as a chef. He is showing off his ability to catch an egg with the side of a spatula and break it open, then use the egg to create a design on the grill. This is likely to impress customers and show his employees that he is capable of doing the same work as them."
0942-1,ly70cIZgrRA,Paraphrased Open-ended Question,Character Motivation Causality,Why does the man use the side of the spatula to catch and break the egg in the video?,30.93,Please state your answer with a brief explanation.,"The man uses the side of the spatula to catch and break the egg to demonstrate his skill and control, allowing him to break it precisely and artistically.",https://youtube.com/shorts/ly70cIZgrRA,"The video shows a man using the side of a spatula to catch and break an egg on a flat cooking surface. He then proceeds to use the egg to create a design. The reason he uses the side of the spatula is to demonstrate his skill and control over the egg, allowing him to break it precisely and artistically."
0942-2,ly70cIZgrRA,Correctly-led Open-ended Question,Character Motivation Causality,Is the man in the video demonstrating a teppanyaki cooking technique by catching and breaking the egg with a spatula?,30.93,Please state your answer with a brief explanation.,"Yes, the man in the video is demonstrating a teppanyaki cooking technique by catching and breaking the egg with a spatula.",https://youtube.com/shorts/ly70cIZgrRA,"The man in the video is cooking on a flat grill, which is consistent with teppanyaki. He does catch the egg with a spatula, and then uses the spatula to break the egg. He then proceeds to use the egg to write on the grill."
0942-3,ly70cIZgrRA,Wrongly-led Open-ended Question,Character Motivation Causality,Is the man in the video breaking the egg with the spatula to show how fragile eggs are?,30.93,Please state your answer with a brief explanation.,"No, the man in the video is not breaking the egg with the spatula to show how fragile eggs are. He is using the egg to create a signature design.",https://youtube.com/shorts/ly70cIZgrRA,The man in the video is not breaking the egg to show how fragile eggs are. He is using the egg yolk and white to create a signature design on the hot plate.
0942-7,ly70cIZgrRA,Multiple-choice Question with a Single Correct Answer,Character Motivation Causality,"What is the purpose of the man catching and breaking the egg with the spatula?
A. To show how fragile eggs are
B. To make scrambled eggs
C. To demonstrate a cooking technique
D. To clean the spatula",30.93,"E. None of the above
Select one best answer to the above multiple-choice question based on the video. Respond with only the letter (A, B, C, D or E) of the correct option.",C,https://youtube.com/shorts/ly70cIZgrRA,"The man in the video catches an egg with a spatula and then breaks it with another spatula. He then proceeds to use the egg to draw a heart and write on the cooking surface. This is not a standard cooking technique, but rather a demonstration of skill and control.
A. The man is not trying to show how fragile eggs are.
B. The man is not making scrambled eggs.
C. The man is demonstrating a cooking technique, but it is more of a performance than a practical cooking method.
D. The man is not cleaning the spatula.
E. None of the above is not the best answer because the man is demonstrating a cooking technique."
0946-0,JmEOYcf8wiE,Primary Open-ended Question,Positional Relationship,"When the chicken stopped moving, which foot did the man touch?",44.2,Please state your answer with a brief explanation.,The man touched the chicken's right foot.,https://youtube.com/shorts/JmEOYcf8wiE,"The video shows the man drawing a line in front of the chicken, and the chicken becomes fixated on the line. The man then touches the chicken's right foot when it is in this state."
0946-1,JmEOYcf8wiE,Paraphrased Open-ended Question,Positional Relationship,Which foot did the man touch when the chicken became still?,44.2,Please state your answer with a brief explanation.,"Right foot. At [00:00:09-00:00:12], the man's right foot is visible in the background as the chicken becomes still.",https://youtube.com/shorts/JmEOYcf8wiE,"The question asks which foot the man touched when the chicken became still.
I need to look at the video to find the moment when the chicken becomes still.
At [00:00:00-00:00:20], the chicken becomes still.
At [00:00:09-00:00:12], the man's foot is visible in the background. It is his right foot."
0946-2,JmEOYcf8wiE,Correctly-led Open-ended Question,Positional Relationship,Did the man touch the chicken's left foot after it stopped moving?,44.2,Please state your answer with a brief explanation.,"No, the man did not touch the chicken's left foot after it stopped moving.",https://youtube.com/shorts/JmEOYcf8wiE,"The question asks if the man touched the chicken's left foot after it stopped moving.
I need to look at the video to see if the man touched the chicken's left foot after it stopped moving.
At [00:00:00 to 00:00:44], the man did not touch the chicken's left foot after it stopped moving."
0946-3,JmEOYcf8wiE,Wrongly-led Open-ended Question,Positional Relationship,Did the man touch the chicken's right foot after it stopped moving?,44.2,Please state your answer with a brief explanation.,"No, the man did not touch the chicken's right foot after it stopped moving.",https://youtube.com/shorts/JmEOYcf8wiE,"I need to analyze the video to determine if the man touched the chicken's right foot after it stopped moving.
The video shows the man drawing a line in front of the chicken, and the chicken becomes fixated on the line and stops moving. The man then attempts to erase the line, and the chicken pecks his hand.
I did not see the man touch the chicken's right foot after it stopped moving."
0946-7,JmEOYcf8wiE,Multiple-choice Question with a Single Correct Answer,Positional Relationship,"Which foot did the man touch after the chicken stopped moving?
A. Both feet
B. Neither foot
C. Left foot
D. Right foot",44.2,"E. None of the above
Select one best answer to the above multiple-choice question based on the video. Respond with only the letter (A, B, C, D or E) of the correct option.",B,https://youtube.com/shorts/JmEOYcf8wiE,"The video shows the man kneeling down. After the chicken pecks him, he falls backwards. It is difficult to see his feet clearly, but it appears that he does not touch either foot."
0949-0,GpJpQzdYtL0,Primary Open-ended Question,Plot Attribute,Where does the boss of this company appear in the video?,59.9,Please state your answer with a brief explanation.,The boss of the company appears at the end of the video when he walks into the office to reveal that the test started earlier in the day.,https://www.youtube.com/shorts/GpJpQzdYtL0,"The question asks where the boss of the company appears in the video.
The video is about a rich man pretending to be blind to test people's humanity.
At the end of the video, the boss appears in the office to reveal that the test started earlier in the day.
Therefore, the boss appears at the end of the video."
0949-1,GpJpQzdYtL0,Paraphrased Open-ended Question,Plot Attribute,In which scenes does the company's boss make an appearance in the video?,59.9,Please state your answer with a brief explanation.,"The company's boss appears as a beggar from 0:00 to 0:10, from 0:11 to 0:23, from 0:23 to 0:35. The boss appears as the boss from 0:53 to 1:00.",https://www.youtube.com/shorts/GpJpQzdYtL0,"The question asks about the scenes where the company's boss appears.
The boss appears as a beggar at the beginning of the video.
The boss appears at the end of the video during the job interview."
0949-2,GpJpQzdYtL0,Correctly-led Open-ended Question,Plot Attribute,Does the boss appear at the start as a beggar and later in a suit?,59.9,Please state your answer with a brief explanation.,"Yes, the boss appears at the start as a beggar and later in a suit.",https://www.youtube.com/shorts/GpJpQzdYtL0,"The question asks if the boss appears as a beggar at the start and later in a suit.
The video shows the boss disguised as a beggar at the start.
Later in the video, the same person appears in a suit during the job interviews.
Therefore, the answer is yes."
0949-3,GpJpQzdYtL0,Wrongly-led Open-ended Question,Plot Attribute,Does the boss only appear at the end of the video in a suit?,59.9,Please state your answer with a brief explanation.,"No, the boss appears earlier in the video at [00:00:10] in a suit.",https://www.youtube.com/shorts/GpJpQzdYtL0,"The question asks if the boss only appears at the end of the video in a suit.
I need to watch the video and see when the boss appears in a suit.
The video shows the boss in a suit at [00:00:10] and [00:00:53].
Therefore, the boss does not only appear at the end of the video in a suit."
0949-7,GpJpQzdYtL0,Multiple-choice Question with a Single Correct Answer,Plot Attribute,"Where does the boss appear in the video?
A. Only in the middle
B. At the beginning and end
C. Throughout the video
D. Only at the end",59.9,"E. None of the above
Select one best answer to the above multiple-choice question based on the video. Respond with only the letter (A, B, C, D or E) of the correct option.",B,https://www.youtube.com/shorts/GpJpQzdYtL0,"The video starts with the boss disguised as a blind man. Then, at the end of the video, the boss appears in the office.
Therefore, the boss appears at the beginning and end of the video."
0950-0,Pagl1zg0j4A,Primary Open-ended Question,Displacement Attribute,What is the state of motion of the ball when the man strikes the second time?,52.55,Please state your answer with a brief explanation.,"At 0:22, the ball is stationary.",https://www.youtube.com/shorts/Pagl1zg0j4A,"The question asks about the state of motion of the ball when the man strikes the tuning fork the second time.
The man strikes the tuning fork the first time at 0:05. The man strikes the tuning fork the second time at 0:22.
At 0:22, the ball is not moving."
0950-1,Pagl1zg0j4A,Paraphrased Open-ended Question,Displacement Attribute,What happens to the ball when the man hits the tuning fork for the second time?,52.55,Please state your answer with a brief explanation.,Nothing happens to the ping pong ball.,https://www.youtube.com/shorts/Pagl1zg0j4A,"The question asks what happens to the ball when the man hits the tuning fork for the second time.
The man hits the tuning fork for the second time at 0:22.
At this time, the ball does not move."
0950-2,Pagl1zg0j4A,Correctly-led Open-ended Question,Displacement Attribute,"When the man strikes the tuning fork the second time, does the ball remain still?",52.55,Please state your answer with a brief explanation.,"Yes, the ball remains still because the frequencies of the tuning forks are different.",https://www.youtube.com/shorts/Pagl1zg0j4A,"The question asks about the second time the man strikes the tuning fork.
The man strikes the tuning fork at 0:22.
At 0:23, the ball remains still."
0950-3,Pagl1zg0j4A,Wrongly-led Open-ended Question,Displacement Attribute,"When the man strikes the tuning fork the second time, does the ball start moving upwards?",52.55,Please state your answer with a brief explanation.,"No, the ball does not move upwards.",https://www.youtube.com/shorts/Pagl1zg0j4A,"The question asks about the second time the man strikes the tuning fork.
The man first strikes the tuning fork at 0:05. The ball starts moving upwards.
The man strikes the tuning fork the second time at 0:22. The ball does not move upwards."
0950-7,Pagl1zg0j4A,Multiple-choice Question with a Single Correct Answer,Displacement Attribute,"What is the state of the ball when the man strikes the tuning fork for the second time?
A. Moving upwards
B. Spinning
C. Moving downwards
D. Stationary",52.55,"E. None of the above
Select one best answer to the above multiple-choice question based on the video. Respond with only the letter (A, B, C, D or E) of the correct option.",D,https://www.youtube.com/shorts/Pagl1zg0j4A,"The question asks about the state of the ball when the man strikes the tuning fork for the second time.
The first time the man strikes the tuning fork, the ball is moving around.
The man then changes the frequency of the second tuning fork.
The man then strikes the second tuning fork.
The ball is stationary at this time."
0952-0,RLEEXr_WsRQ,Primary Open-ended Question,Element Localization,What colour is the dress of the third person that can be seen clearly in the video?,18.88,Please state your answer with a brief explanation.,"The colour of the dress of the third person that can be seen clearly in the video is red and black. The third person is the dad, and he is wearing a red and black jacket.",https://www.youtube.com/shorts/RLEEXr_WsRQ,"The question asks about the colour of the dress of the third person that can be seen clearly in the video.
The first person is the toddler.
The second person is another child.
The third person is the dad.
The dad is wearing a red and black jacket."
0952-1,RLEEXr_WsRQ,Paraphrased Open-ended Question,Element Localization,What is the color of the outfit worn by the third individual in the image?,18.88,Please state your answer with a brief explanation.,"The color of the outfit worn by the third individual in the image is pink. The third individual is the toddler, Adia, and she is wearing a pink ski suit.",https://www.youtube.com/shorts/RLEEXr_WsRQ,"1. I need to identify the third individual in the image.
2. I need to determine the color of the outfit worn by the third individual.
3. I will provide the answer with a brief explanation."
0952-2,RLEEXr_WsRQ,Correctly-led Open-ended Question,Element Localization,Is the third person in the picture wearing an orange-black outfit?,18.88,Please state your answer with a brief explanation.,"No, the third person in the picture is wearing an orange and black outfit. The person is wearing a jacket that is primarily orange with black accents, along with black pants.",https://www.youtube.com/shorts/RLEEXr_WsRQ,"1. The question asks about the outfit of the third person in the picture.
2. I need to examine the video to identify the third person and describe their outfit.
3. I will look at the video and identify the third person.
4. I will describe the outfit of the third person.
5. I will answer the question."
0952-3,RLEEXr_WsRQ,Wrongly-led Open-ended Question,Element Localization,Is the third person in the picture wearing a pink outfit?,18.88,Please state your answer with a brief explanation.,"Yes, the third person in the picture is wearing a pink outfit.",https://www.youtube.com/shorts/RLEEXr_WsRQ,"The question asks about the third person in the picture.
I need to look at the video to determine if the third person is wearing a pink outfit.
At timestamp 0:00:10, the third person is wearing a pink outfit."
0952-7,RLEEXr_WsRQ,Multiple-choice Question with a Single Correct Answer,Element Localization,"What color is the dress of the third person in the picture?
A. Green
B. Blue
C. Orange-Black
D. Pink",18.88,"E. None of the above
Select one best answer to the above multiple-choice question based on the video. Respond with only the letter (A, B, C, D or E) of the correct option.",D,https://www.youtube.com/shorts/RLEEXr_WsRQ,"The question asks about the color of the dress of the third person in the picture.
Based on the video at timestamp 0:09, the third person in the picture is wearing a pink dress."
0956-0,Evie7TV-E8s,Primary Open-ended Question,Displacement Attribute,What is the rotation direction of the red stick?,39.72,Please state your answer with a brief explanation.,The red stick rotates counter-clockwise.,https://www.youtube.com/shorts/Evie7TV-E8s,"The question asks about the rotation direction of the red stick.
I need to look for the part of the video that shows the red stick rotating.
At 0:00:49, the video shows the red and blue sticks rotating.
The red stick rotates counter-clockwise."
0956-1,Evie7TV-E8s,Paraphrased Open-ended Question,Displacement Attribute,In which direction does the red stick rotate?,39.72,Please state your answer with a brief explanation.,The red stick rotates to the right.,https://www.youtube.com/shorts/Evie7TV-E8s,"The video shows two rods, one with a blue end and the other with a red end, being spun with the same force. The question asks about the direction of the red stick.
I need to observe the direction of the red stick's rotation in the video."
0956-2,Evie7TV-E8s,Correctly-led Open-ended Question,Displacement Attribute,Does the red stick rotate in a clockwise direction relative to the camera?,39.72,Please state your answer with a brief explanation.,"Yes, the red stick rotates in a clockwise direction relative to the camera.",https://www.youtube.com/shorts/Evie7TV-E8s,"The question asks about the direction of rotation of the red stick relative to the camera.
I need to look for the part of the video where the red stick is shown rotating.
At timestamp 00:00:50, the red stick is shown rotating.
The red stick rotates in a clockwise direction relative to the camera."
0956-3,Evie7TV-E8s,Wrongly-led Open-ended Question,Displacement Attribute,Does the red stick rotate in a counterclockwise direction relative to the camera?,39.72,Please state your answer with a brief explanation.,"No, the red stick rotates in a clockwise direction relative to the camera.",https://www.youtube.com/shorts/Evie7TV-E8s,"The video shows two rods being spun at 0:00:50. The question asks about the red rod.
The red rod is spun in a clockwise direction relative to the camera."
0956-7,Evie7TV-E8s,Multiple-choice Question with a Single Correct Answer,Displacement Attribute,"What is the rotation direction of the red stick?
A. Counterclockwise
B. Upward
C. Clockwise
D. Downward",39.72,"E. None of the above
Select one best answer to the above multiple-choice question based on the video. Respond with only the letter (A, B, C, D or E) of the correct option.",C,https://www.youtube.com/shorts/Evie7TV-E8s,"The video shows two rods, one blue and one red, being spun. The blue rod rotates counterclockwise, and the red rod rotates clockwise."
0957-0,DtZdE1P45yQ,Primary Open-ended Question,Displacement Attribute,How did the stuff in the beaker end up on the rod in the second half of the video in brief?,83.22,Please state your answer with a brief explanation.,"After adding 10mL of each solution to a small beaker, the presenter uses tweezers to pull out a gross slimy string and wraps it on a glass rod.",https://www.youtube.com/shorts/DtZdE1P45yQ,"1. The question asks how the stuff in the beaker ended up on the rod.
2. Review the video to find the answer.
3. The video explains that after adding 10mL of each solution to a small beaker, the presenter uses tweezers to pull out a gross slimy string.
4. The presenter then wraps the string on a glass rod."
0957-1,DtZdE1P45yQ,Paraphrased Open-ended Question,Displacement Attribute,What process led to the substance in the beaker being transferred to the rod in the latter part of the video?,83.22,Please state your answer with a brief explanation.,"Nylon formed between the two liquids, and tweezers were used to pull out a string of the substance, which was then wrapped around a glass rod.",https://www.youtube.com/shorts/DtZdE1P45yQ,"1. Rephrasing the question: How did the nylon form and get onto the glass rod?
2. According to the video, nylon formed between the two liquids (water-based and cyclohexane).
3. The tweezers were used to pull out a string of the substance, and it was wrapped around a glass rod."
0957-2,DtZdE1P45yQ,Correctly-led Open-ended Question,Displacement Attribute,Did the substance in the beaker end up on the rod by being pulled out and wrapped around it?,83.22,Please state your answer with a brief explanation.,"Yes, the substance in the beaker ended up on the rod by being pulled out and wrapped around it.",https://www.youtube.com/shorts/DtZdE1P45yQ,"The video shows the creator using tweezers to pull out a slimy string from the beaker. Then, he wraps the string around a glass rod."
0957-3,DtZdE1P45yQ,Wrongly-led Open-ended Question,Displacement Attribute,Did the substance in the beaker end up on the rod because it adhered to the rod when it was inserted?,83.22,Please state your answer with a brief explanation.,"No, the nylon is forming between the two liquids and is not adhering to the rod.",https://www.youtube.com/shorts/DtZdE1P45yQ,The video shows the creation of nylon at the interface of two liquids. The tweezers are used to initially grab the nylon that forms at the interface. Then the glass rod is used to wrap the nylon around it and pull it out. The nylon is forming between the two liquids and is not adhering to the rod.
0957-7,DtZdE1P45yQ,Multiple-choice Question with a Single Correct Answer,Displacement Attribute,"How did the substance in the beaker end up on the rod?
A. It was poured onto the rod.
B. It was left to dry on the rod.
C. It adhered to the rod when inserted.
D. It was pulled out and wrapped around the rod.",83.22,"E. None of the above
Select one best answer to the above multiple-choice question based on the video. Respond with only the letter (A, B, C, D or E) of the correct option.",D,https://www.youtube.com/shorts/DtZdE1P45yQ,"The question asks how the substance in the beaker ended up on the rod.
The video shows that the tweezers were used to pull out a string from the beaker, and then the string was wrapped around the glass rod."
0973-0,BkFjtOqLNmk,Primary Open-ended Question,Event Localization,When did the man in the gray hoodie on the left in the video get injured?,53.44,Please state your answer with a brief explanation.,Mr. Beast got injured at 00:00:38 when the balloons bounced back and hit him.,https://www.youtube.com/shorts/BkFjtOqLNmk,"The question asks when the man in the gray hoodie on the left in the video got injured.
The man in the gray hoodie is Mr. Beast.
I need to scan the video to find the moment when Mr. Beast got injured.
At [00:00:38] Mr. Beast says ""Ow!"" and at [00:00:45] he says ""These things hurt!"".
So, Mr. Beast got injured at [00:00:38]."
0973-1,BkFjtOqLNmk,Paraphrased Open-ended Question,Event Localization,At what point in the video did the man in the gray hoodie on the left sustain an injury?,53.44,Please state your answer with a brief explanation.,0:40. Mr. Beast is hit in the head by a balloon.,https://www.youtube.com/shorts/BkFjtOqLNmk,"The question asks at what point in the video did the man in the gray hoodie on the left sustain an injury.
The man in the gray hoodie on the left is Mr. Beast.
At timestamp 0:40, Mr. Beast is hit in the head by a balloon.
At timestamp 0:45, Mr. Beast says ""These things hurt!""
At timestamp 0:48, Mr. Beast says ""I think one of those hit me there.""
At timestamp 0:50, Mr. Beast asks ""How bad did it hit?"""
0973-2,BkFjtOqLNmk,Correctly-led Open-ended Question,Event Localization,Did the man in the gray hoodie on the left get injured during the final balloon popping game?,53.44,Please state your answer with a brief explanation.,"Yes, the man in the gray hoodie on the left, Mr. Beast, got injured during the final balloon popping game. He was hit in the forehead by one of the balloons, resulting in a cut.",https://www.youtube.com/shorts/BkFjtOqLNmk,"The question asks if the man in the gray hoodie on the left got injured.
I need to check the video to see if the man in the gray hoodie got injured.
At timestamp 0:48, the man in the gray hoodie is seen pointing to his forehead and saying ""I think one of those hit me there"".
At timestamp 0:50, it is clear that the man in the gray hoodie has a cut on his forehead."
0973-3,BkFjtOqLNmk,Wrongly-led Open-ended Question,Event Localization,Did the man in the gray hoodie on the left get injured at the beginning of the video?,53.44,Please state your answer with a brief explanation.,"Yes, the man in the gray hoodie on the left got injured. He was hit by a balloon and sustained a cut on his forehead.",https://www.youtube.com/shorts/BkFjtOqLNmk,"The question asks if the man in the gray hoodie on the left got injured at the beginning of the video.
I need to watch the beginning of the video and look for any injuries to the man in the gray hoodie on the left.
At around 0:40, the man in the gray hoodie on the left gets hit by a balloon.
At around 0:48, the man in the gray hoodie on the left is shown to have a cut on his forehead."
0973-7,BkFjtOqLNmk,Multiple-choice Question with a Single Correct Answer,Event Localization,"When did the man in the gray hoodie on the left get injured?
A. While setting up the balloons
B. During the last balloon popping game
C. During the second balloon popping game
D. At the start of the video",53.44,"E. None of the above
Select one best answer to the above multiple-choice question based on the video. Respond with only the letter (A, B, C, D or E) of the correct option.",B,https://www.youtube.com/shorts/BkFjtOqLNmk,"The man in the gray hoodie, Mr. Beast, got injured during the last balloon popping game."
0974-0,_a6lFCUYTA4,Primary Open-ended Question,Event Localization,When did the person in the video put the straw into the bottle?,17.45,Please state your answer with a brief explanation.,00:00,https://www.youtube.com/shorts/_a6lFCUYTA4,"The video shows the straw being put into the bottle at the beginning of the video, where the person is preparing the trick."
0974-1,_a6lFCUYTA4,Paraphrased Open-ended Question,Event Localization,At what point in the video does the person insert the straw into the bottle?,17.45,Please state your answer with a brief explanation.,The straw is already inside the bottle at the beginning of the video.,https://www.youtube.com/shorts/_a6lFCUYTA4,The video starts with the straw already inside the bottle.
0974-2,_a6lFCUYTA4,Correctly-led Open-ended Question,Event Localization,Did the person in the video put the straw into the bottle before doing the trick?,17.45,Please state your answer with a brief explanation.,"Yes, the person in the video put the straw into the bottle before doing the trick.",https://www.youtube.com/shorts/_a6lFCUYTA4,"The video shows the person preparing the bottle with the straw already inside.
Therefore, the answer is yes."
0974-3,_a6lFCUYTA4,Wrongly-led Open-ended Question,Event Localization,Did the person in the video put the straw into the bottle at the end of the video while sitting at a table?,17.45,Please state your answer with a brief explanation.,"Yes, the person in the video put the straw into the bottle at the end of the video while sitting at a table.",https://www.youtube.com/shorts/_a6lFCUYTA4,"The video shows the person performing the trick at a table with a girl. At the end of the video, the straw goes into the bottle."
0974-7,_a6lFCUYTA4,Multiple-choice Question with a Single Correct Answer,Event Localization,"When did the person in the video put the straw into the bottle?
A. At the end of the video.
B. There is no straw.
C. Right before doing the trick.
D. At the beginning of the video.",17.45,"E. None of the above
Select one best answer to the above multiple-choice question based on the video. Respond with only the letter (A, B, C, D or E) of the correct option.",D,https://www.youtube.com/shorts/_a6lFCUYTA4,The video shows the person preparing the bottle with the straw at the beginning of the video.
0976-0,fPW-zkcTRgM,Primary Open-ended Question,Event Localization,Who answers the question first in the first scene of the video?,40.96,Please state your answer with a brief explanation.,"The woman answers ""Crossroads"" first.",https://www.youtube.com/shorts/fPW-zkcTRgM,"1. The question asks who answers first in the first scene.
2. In the first scene, the question is ""What is this?""
3. The woman answers ""Crossroads"" first."
0976-1,fPW-zkcTRgM,Paraphrased Open-ended Question,Event Localization,Who is the first person to respond to the question in the initial scene of the video?,40.96,Please state your answer with a brief explanation.,"The woman is the first person to respond to the question in the initial scene of the video. She responds with ""Roads"".",https://www.youtube.com/shorts/fPW-zkcTRgM,"The question asks who is the first person to respond to the question in the initial scene of the video.
The initial scene starts at 0:00. The question is ""What is this?"".
The woman responds first with ""Roads"".
The man responds second with ""Crossroads"".
Therefore, the woman is the first person to respond to the question in the initial scene of the video."
0976-2,fPW-zkcTRgM,Correctly-led Open-ended Question,Event Localization,Is the person on the left from the observer's perspective the first to answer the question in the first scene?,40.96,Please state your answer with a brief explanation.,"No, the person on the left from the observer's perspective was not the first to answer the question in the first scene.",https://www.youtube.com/shorts/fPW-zkcTRgM,"The question asks who was the first to answer the question in the first scene.
In the first scene, the question was ""What is this?"".
The person on the left said ""Roads"" and the person on the right said ""Crossroads"".
The correct answer was ""Crossroads"" and the person on the right was the first to answer the question correctly."
0976-3,fPW-zkcTRgM,Wrongly-led Open-ended Question,Event Localization,Is the person on the right from the observer's perspective the first to answer the question in the first scene?,40.96,Please state your answer with a brief explanation.,"Yes, the person on the right from the observer's perspective is the first to answer the question in the first scene.",https://www.youtube.com/shorts/fPW-zkcTRgM,"The question asks who was the first to answer in the first scene.
In the first scene, the question is ""What is this?"" and the image shows the word ""ROADS"" repeated four times.
The person on the right answers ""Crossroads"" first."
0976-7,fPW-zkcTRgM,Multiple-choice Question with a Single Correct Answer,Event Localization,"Who answers the question first in the first scene of the video?
A. Neither answers
B. Both answer at the same time
C. The person on the right
D. The person on the left",40.96,"E. None of the above
Select one best answer to the above multiple-choice question based on the video. Respond with only the letter (A, B, C, D or E) of the correct option.",C,https://www.youtube.com/shorts/fPW-zkcTRgM,"The question asks who answers first in the first scene.
In the first scene, the woman on the right answers first."
0983-0,9btQkaci6kA,Primary Open-ended Question,Plot Attribute,Why is there an appearance of a second person in the video?,27.7,Please state your answer with a brief explanation.,A security guard appears in the video to stop Zach King from doing graffiti.,https://www.youtube.com/shorts/9btQkaci6kA,"1. The question asks about the appearance of a second person in the video.
2. Review the video to identify when a second person appears.
3. The second person appears when Zach King is spray painting the heart on the wall. The second person is a security guard."
0983-1,9btQkaci6kA,Paraphrased Open-ended Question,Plot Attribute,What causes the appearance of a second individual in the video?,27.7,Please state your answer with a brief explanation.,The second individual appears because he is a security guard who sees Zach King doing graffiti and attempts to stop him.,https://www.youtube.com/shorts/9btQkaci6kA,"1. The question asks about the appearance of a second individual in the video.
2. Reviewing the video, the first individual is Zach King, who is doing graffiti.
3. A second individual appears as a security guard who attempts to stop Zach King.
4. The security guard appears because he sees Zach King doing graffiti and intervenes."
0983-2,9btQkaci6kA,Correctly-led Open-ended Question,Plot Attribute,Is the second person in the video a security guard investigating the graffiti artist?,27.7,Please state your answer with a brief explanation.,"Yes, the second person in the video is a security guard investigating the graffiti artist. He is wearing a uniform with ""SECURITY"" printed on the back and tells the artist to stop.",https://www.youtube.com/shorts/9btQkaci6kA,"The video shows a person doing graffiti art. Another person in a black uniform with ""SECURITY"" printed on the back appears and says ""Hey you, you can't be doing this""."
0983-3,9btQkaci6kA,Wrongly-led Open-ended Question,Plot Attribute,Is the second person in the video actually a painted silhouette of a girl on the wall?,27.7,Please state your answer with a brief explanation.,"Yes, the second person in the video is actually a painted silhouette of a girl on the wall. Zach King is shown painting the silhouette at the beginning of the video.",https://www.youtube.com/shorts/9btQkaci6kA,"The question asks if the second person in the video is a painted silhouette.
I need to observe the video to determine if the girl is a painting or a real person.
At the beginning of the video, Zach King is painting the silhouette of a girl on the wall.
Therefore, the second person in the video is a painted silhouette."
0983-7,9btQkaci6kA,Multiple-choice Question with a Single Correct Answer,Plot Attribute,"Why does a second person appear in the video?
A. They are a security guard.
B. They are a painted silhouette.
C. They are a passerby.
D. They are a friend of the artist.",27.7,"E. None of the above
Select one best answer to the above multiple-choice question based on the video. Respond with only the letter (A, B, C, D or E) of the correct option.",A,https://www.youtube.com/shorts/9btQkaci6kA,"The second person appears at 0:15. The person is wearing a black jacket with the word ""SECURITY"" on the back.
Therefore, the second person is a security guard."
0985-0,xhCvWSZOo8A,Primary Open-ended Question,Plot Attribute,Does the money in the cup at the end of the video come from the money in the cup at the beginning of the video?,14.44,Please state your answer with a brief explanation.,"No, the money in the cup at the end of the video comes from behind the magician's ear.",https://www.youtube.com/shorts/xhCvWSZOo8A,The top comments suggest that the money at the end of the video comes from behind the magician's ear. The money in the cup at the beginning of the video disappears.
0985-1,xhCvWSZOo8A,Paraphrased Open-ended Question,Plot Attribute,Is the money in the cup at the end the same as the money in the cup at the start of the video?,14.44,Please state your answer with a brief explanation.,"No, the money in the cup at the end is not the same as the money in the cup at the start. The money at the end comes from behind the magician's ear.",https://www.youtube.com/shorts/xhCvWSZOo8A,"The comments suggest that the money at the end of the trick comes from behind the magician's ear. Therefore, it is not the same dollar bill that was initially placed under the cup."
0985-2,xhCvWSZOo8A,Correctly-led Open-ended Question,Plot Attribute,Did the money in the cup at the end come from the man's right ear at the beginning?,14.44,Please state your answer with a brief explanation.,"Yes, the money in the cup at the end came from the man's right ear at the beginning.",https://www.youtube.com/shorts/xhCvWSZOo8A,Many comments suggest that the dollar bill was hidden behind the man's ear. The video shows the man placing the cup near his ear before revealing the dollar bill inside the cup.
0985-3,xhCvWSZOo8A,Wrongly-led Open-ended Question,Plot Attribute,Did the money stay in the cup throughout the video as it was shaken?,14.44,Please state your answer with a brief explanation.,"No, the money was hidden behind his ear and was never in the cup.",https://www.youtube.com/shorts/xhCvWSZOo8A,"The comments suggest the money was hidden behind his ear and was never in the cup.
I will confirm this by watching the video.
The money was never in the cup."
0985-7,xhCvWSZOo8A,Multiple-choice Question with a Single Correct Answer,Plot Attribute,"Where does the money in the cup at the end of the video come from?
A. The man's right ear
B. The person's hand
C. The table
D. The cup at the beginning",14.44,"E. None of the above
Select one best answer to the above multiple-choice question based on the video. Respond with only the letter (A, B, C, D or E) of the correct option.",A,https://www.youtube.com/shorts/xhCvWSZOo8A,"The top comments indicate that the money was hidden behind the man's ear.
Therefore, the money in the cup at the end of the video comes from the man's right ear."
0995-0,sVsv_cKxmXY,Primary Open-ended Question,Event Localization,What is the answer to the eighth question in the video?,62.29,Please state your answer with a brief explanation.,"The answer to the eighth question is ""Different strokes for different folks"".",https://www.youtube.com/shorts/sVsv_cKxmXY,"1. The question asks for the answer to the eighth question in the video.
2. I will scan the video captions to find the eighth question.
3. The eighth question appears at 00:00:38.
4. The answer to the eighth question is ""Different strokes for different folks""."
0995-1,sVsv_cKxmXY,Paraphrased Open-ended Question,Event Localization,What is the response to the eighth question in the video?,62.29,Please state your answer with a brief explanation.,"The eighth question is ""Can you solve this?"" with the image ""strokes folks"" written twice, one on top of the other. The response is ""Different strokes for different folks"".",https://www.youtube.com/shorts/sVsv_cKxmXY,"1. The question asks for the response to the eighth question in the video.
2. I will scan the transcript and video to find the eighth question.
3. I will then state the response to the question."
0995-2,sVsv_cKxmXY,Correctly-led Open-ended Question,Event Localization,Is the answer to the eighth question in the video 'long over due'?,62.29,Please state your answer with a brief explanation.,"Yes, the answer to the eighth question is 'long overdue'.",https://www.youtube.com/shorts/sVsv_cKxmXY,"1. The question asks about the answer to the eighth question in the video.
2. I need to find the eighth question in the video.
3. At 0:56, the eighth question is shown. The answer given is 'long overdue'."
0995-3,sVsv_cKxmXY,Wrongly-led Open-ended Question,Event Localization,Is the answer to the eighth question in the video 'up to no good'?,62.29,Please state your answer with a brief explanation.,"Yes, the answer to the eighth question in the video is 'up to no good'.",https://www.youtube.com/shorts/sVsv_cKxmXY,"1. I need to identify the eighth question in the video.
2. I need to determine the answer given to the eighth question.
3. I need to compare the answer given to the eighth question with the answer provided in the prompt.
4. I need to state whether the answer provided in the prompt is correct or not.

The eighth question in the video is the one with the image of '2' above 'GOOD' with a line through 'GOOD'. The answer given to this question is 'up to no good'. Therefore, the answer provided in the prompt is correct."
0995-7,sVsv_cKxmXY,Multiple-choice Question with a Single Correct Answer,Event Localization,"What is the answer to the eighth question in the video?
A. Over the top
B. Not good enough
C. Up to no good
D. Long over due",62.29,"E. None of the above
Select one best answer to the above multiple-choice question based on the video. Respond with only the letter (A, B, C, D or E) of the correct option.",D,https://www.youtube.com/shorts/sVsv_cKxmXY,"1. The question asks for the answer to the eighth question in the video.
2. I need to watch the video and identify the eighth question.
3. The eighth question appears at 0:38.
4. The answer to the eighth question is ""Long overdue"".
5. Compare the answer with the options provided."
0996-0,q8cjGfTq5XI,Primary Open-ended Question,Event Localization,Which is the third timer tool allowed to be shown in the video?,59.74,Please state your answer with a brief explanation.,"The third time-telling tool allowed to be shown in the video is the sundial, as mentioned at the end of the video.",https://www.youtube.com/shorts/q8cjGfTq5XI,"The video presents two time-telling tools:
1. A concept using the sun to cast a shadow.
2. A pendulum swing mechanism to create a constant movement in what he calls ""hands"".
The question asks for the third time-telling tool allowed to be shown in the video. The video ends with the statement that the Pharaoh is actually Galileo who steals Mobohmad's idea of the pendulum clock and time travels back to 1637 and ""invents"" the pendulum clock concept himself... leaving the ancient Egyptians with only the sundial.
Therefore, the third time-telling tool is the sundial."
0996-1,q8cjGfTq5XI,Paraphrased Open-ended Question,Event Localization,What is the third timekeeping device featured in the video?,59.74,Please state your answer with a brief explanation.,"The third timekeeping device is the ""clawK,"" which is the name given to both the sundial and the pendulum clock.",https://www.youtube.com/shorts/q8cjGfTq5XI,"The video features two timekeeping devices: a sundial and a pendulum clock. The third timekeeping device is the ""clawK,"" which is the name given to both the sundial and the pendulum clock."
0996-2,q8cjGfTq5XI,Correctly-led Open-ended Question,Event Localization,Is the third timekeeping tool shown in the video a clock that uses a pendulum swing mechanism?,59.74,Please state your answer with a brief explanation.,"Yes, the third timekeeping tool shown in the video is a clock that uses a pendulum swing mechanism. This is because the second timekeeping tool, which is the one that uses a pendulum swing mechanism, is shown again after the first timekeeping tool.",https://www.youtube.com/shorts/q8cjGfTq5XI,"The question asks about the third timekeeping tool shown in the video.
The first timekeeping tool is shown at 0:09 and uses the sun to cast a shadow.
The second timekeeping tool is shown at 0:17 and uses a pendulum swing mechanism.
Therefore, the third timekeeping tool is the same as the second timekeeping tool."
0996-3,q8cjGfTq5XI,Wrongly-led Open-ended Question,Event Localization,Is the third timekeeping tool shown in the video a sundial?,59.74,Please state your answer with a brief explanation.,"Yes, the third timekeeping tool shown in the video is a sundial.",https://www.youtube.com/shorts/q8cjGfTq5XI,"1. The question asks about the *third* timekeeping tool shown in the video.
2. The first timekeeping tool is shown at 0:04. It is a sundial.
3. The second timekeeping tool is shown at 0:17. It is a pendulum clock.
4. The third timekeeping tool is shown at 0:49. It is a sundial."
0996-7,q8cjGfTq5XI,Multiple-choice Question with a Single Correct Answer,Event Localization,"What is the third timekeeping tool shown in the video?
A. Hourglass
B. Clock with pendulum
C. Water clock
D. Sundial",59.74,"E. None of the above
Select one best answer to the above multiple-choice question based on the video. Respond with only the letter (A, B, C, D or E) of the correct option.",B,https://www.youtube.com/shorts/q8cjGfTq5XI,"The video shows three timekeeping tools.
1. An hourglass
2. A sundial
3. A clock with a pendulum"
0999-0,TE7YjiQZpZo,Primary Open-ended Question,Event Localization,How does the man who plays Curly go through the branches on the ground?,60.01,Please state your answer with a brief explanation.,"The man who plays Curly trips over the branch, falls, and then crawls on the ground.",https://www.youtube.com/shorts/TE7YjiQZpZo,"1. The question is about how the man who plays Curly goes through the branches on the ground.
2. Need to find the part in the video where the man is imitating Curly from the Three Stooges.
3. Analyze the way he goes through the branches on the ground."
0999-1,TE7YjiQZpZo,Paraphrased Open-ended Question,Event Localization,What happens to the man portraying Curly as he navigates the branches on the ground?,60.01,Please state your answer with a brief explanation.,"The man portraying Curly trips over the branch, falls to the ground, and then crawls around while making noises.",https://www.youtube.com/shorts/TE7YjiQZpZo,"1. The question asks about the man portraying Curly from the Three Stooges.
2. Need to find the section in the video where the man is portraying Curly.
3. Need to describe what happens to him as he navigates the branches on the ground."
0999-2,TE7YjiQZpZo,Correctly-led Open-ended Question,Event Localization,"Does the man playing Curly trip over a branch while walking backwards, leading to a comedic fall?",60.01,Please state your answer with a brief explanation.,"Yes, the man playing Curly does trip over the branch while walking backwards, leading to a comedic fall.",https://www.youtube.com/shorts/TE7YjiQZpZo,"1.  Identify the segment in the video where the man is imitating Curly from The Three Stooges.
2.  Observe his movements and actions in relation to the branch.
3.  Determine if he trips over the branch while walking backwards and if the fall is comedic."
0999-3,TE7YjiQZpZo,Wrongly-led Open-ended Question,Event Localization,"Does the man playing Curly trip over the branches, fall, and then get back up to continue moving?",60.01,Please state your answer with a brief explanation.,"Yes, the man playing Curly trips over the branch, falls, and then gets back up to continue moving.",https://www.youtube.com/shorts/TE7YjiQZpZo,"1. Identify the segment where the man is imitating Curly from the Three Stooges.
2. Observe his actions around the branch.
3. Determine if he trips, falls, and gets back up."
0999-7,TE7YjiQZpZo,Multiple-choice Question with a Single Correct Answer,Event Localization,"How does the man playing Curly interact with the branches on the ground?
A. He trips over them and falls, matching Curly's comedic style.
B. He trips, falls, and then gets back up to continue moving.
C. He steps over them carefully.
D. He avoids them entirely.",60.01,"E. None of the above
Select one best answer to the above multiple-choice question based on the video. Respond with only the letter (A, B, C, D or E) of the correct option.",A,https://www.youtube.com/shorts/TE7YjiQZpZo,"The question asks how the man playing Curly interacts with the branches on the ground.
I need to watch the video and find the part where he is playing Curly.
I see the man playing Curly at [00:00:34-00:00:37].
He trips over the branch and falls, matching Curly's comedic style.
The correct answer is A."
1002-0,W7aL-aUocLA,Primary Open-ended Question,Event Localization,"In the first scene, when the fourth stick falls, how does the man catch it?",25.43,Please state your answer with a brief explanation.,The man catches the fourth stick with his hand.,https://www.youtube.com/shorts/W7aL-aUocLA,"The question asks about the first scene of the video.
In the first scene, the man catches the fourth stick with his hand."
1002-1,W7aL-aUocLA,Paraphrased Open-ended Question,Event Localization,What method does the man use to catch the fourth stick in the first scene?,25.43,Please state your answer with a brief explanation.,The man catches the fourth stick with his hand.,https://www.youtube.com/shorts/W7aL-aUocLA,"1. The question asks about the method used to catch the fourth stick in the first scene.
2. I need to watch the first scene and identify the fourth stick that falls.
3. I need to describe the method used to catch the fourth stick."
1002-2,W7aL-aUocLA,Correctly-led Open-ended Question,Event Localization,Did the man use his foot to assist in catching the fourth stick in the first scene?,25.43,Please state your answer with a brief explanation.,"No, the man did not use his foot to assist in catching the fourth stick in the first scene.",https://www.youtube.com/shorts/W7aL-aUocLA,I will review the first scene of the video to determine if the man used his foot to assist in catching the fourth stick.
1002-3,W7aL-aUocLA,Wrongly-led Open-ended Question,Event Localization,Did the man catch the fourth stick with his right hand in the first scene?,25.43,Please state your answer with a brief explanation.,"No, the man did not catch the fourth stick in the first scene.",https://www.youtube.com/shorts/W7aL-aUocLA,"The question asks about the first scene of the video.
I need to watch the video to determine if the man caught the fourth stick with his right hand.
Upon watching the video, the man fails to catch the fourth stick."
1002-7,W7aL-aUocLA,Multiple-choice Question with a Single Correct Answer,Event Localization,"How did the man catch the fourth stick in the first scene?
A. By kicking it with his foot and then catching it with his hand
B. By letting it fall to the ground
C. With his left hand
D. With his right hand",25.43,"E. None of the above
Select one best answer to the above multiple-choice question based on the video. Respond with only the letter (A, B, C, D or E) of the correct option.",D,https://www.youtube.com/shorts/W7aL-aUocLA,"The question asks how the man caught the fourth stick in the first scene.
The first scene shows a woman catching the sticks.
The woman catches the sticks with her right hand."
1009-0,m_H3uWi3_2o,Primary Open-ended Question,Character Emotion Attribute,What is the reaction of the man in the first two scenes after the visitor waved at him?,12.65,Please state your answer with a brief explanation.,"In the first two scenes, the man looks visibly disappointed after the visitor waves him off. In the first scene, he looks down and adjusts his shirt. In the second scene, he looks down and away.",https://www.youtube.com/shorts/m_H3uWi3_2o,"1. Identify the first two scenes in the video.
2. Observe the man's reaction in each of those scenes after the visitor waves him off.
3. Summarize the reaction."
1009-1,m_H3uWi3_2o,Paraphrased Open-ended Question,Character Emotion Attribute,How does the man react in the first two scenes after the visitor waves at him?,12.65,Please state your answer with a brief explanation.,"In the first scene, the man is initially disappointed when the visitor says ""I'm just looking thank you."" In the second scene, the man is also initially disappointed when the visitor says ""Oh I'm ok thank you.""",https://www.youtube.com/shorts/m_H3uWi3_2o,"1. Identify the first two scenes where a visitor waves at the man.
2. Analyze the man's reaction in each of those scenes.
3. Summarize the reactions."
1009-2,m_H3uWi3_2o,Correctly-led Open-ended Question,Character Emotion Attribute,Does the man seem disappointed and walk away after the visitor waves at him in the first two scenes?,12.65,Please state your answer with a brief explanation.,"Yes, in both scenes, the man seems a little disappointed but he smiles and nods. He doesn't walk away immediately.",https://www.youtube.com/shorts/m_H3uWi3_2o,"The question asks about the man's reaction in the first two scenes.
In the first scene, the woman says ""I'm just looking thank you"" and the man does seem a little disappointed, but he smiles and nods.
In the second scene, the woman says ""Oh I'm ok thank you"" and the man again seems a little disappointed, but he smiles and nods."
1009-3,m_H3uWi3_2o,Wrongly-led Open-ended Question,Character Emotion Attribute,Does the man appear enthusiastic and eager to engage with the visitor in the first two scenes?,12.65,Please state your answer with a brief explanation.,"Yes, the man appears enthusiastic and eager to engage with the visitor in the first two scenes. He immediately starts talking about the art with a smile and uses hand gestures to emphasize his points.",https://www.youtube.com/shorts/m_H3uWi3_2o,"1. Review the video from 0:00-0:07 to analyze the man's behavior in the first two scenes.
2. Observe his body language, facial expressions, and tone of voice in the video.
3. Determine if his actions suggest enthusiasm and eagerness to engage with the visitors.
4. Formulate a concise answer based on the observations."
1009-7,m_H3uWi3_2o,Multiple-choice Question with a Single Correct Answer,Character Emotion Attribute,"What is the man's reaction in the first two scenes after the visitor waves at him?
A. He seems disappointed and walks away.
B. He ignores the visitor completely.
C. He starts discussing the art pieces animatedly.
D. He is enthusiastic and eager to engage.",12.65,"E. None of the above
Select one best answer to the above multiple-choice question based on the video. Respond with only the letter (A, B, C, D or E) of the correct option.",D,https://www.youtube.com/shorts/m_H3uWi3_2o,"The question asks about the man's reaction in the first two scenes after a visitor waves at him.
In the first scene, the man is pointing at a painting and talking about the artist's age. The visitor says ""I'm just looking thank you"". The man seems a little disappointed.
In the second scene, the man is pointing at a painting and talking about the amount of paint on the canvas. The visitor says ""Oh I'm ok thank you"". The man seems a little disappointed.
In the third scene, the visitor says ""Hey I have a question!"". The man's face lights up and he smiles.
Therefore, the man is enthusiastic and eager to engage when someone shows interest."
1011-0,QV6iOzP_OXY,Primary Open-ended Question,Character Reaction Causality,Why did the woman use hose on the man?,31.95,Please state your answer with a brief explanation.,The woman used the hose on the man because he was eating a sponge.,https://www.youtube.com/shorts/QV6iOzP_OXY,The video shows the man eating a blue sponge. The woman is shocked and uses the hose on him.
1011-1,QV6iOzP_OXY,Paraphrased Open-ended Question,Character Reaction Causality,What prompted the woman to spray the man with the hose?,31.95,Please state your answer with a brief explanation.,The woman sprayed the man with the hose because he put the blue sponge in his mouth and started eating it.,https://www.youtube.com/shorts/QV6iOzP_OXY,"1. The question asks what prompted the woman to spray the man with the hose.
2. Review the video to find the moment when the woman sprays the man with the hose.
3. Identify the action that immediately preceded the woman spraying the man with the hose.
4. Provide the answer."
1011-2,QV6iOzP_OXY,Correctly-led Open-ended Question,Character Reaction Causality,Did the woman use the hose on the man because she thought he accidentally consumed soap?,31.95,Please state your answer with a brief explanation.,"No, the woman likely used the hose on the man because she thought he was eating a real sponge.",https://www.youtube.com/shorts/QV6iOzP_OXY,"The question is whether the woman used the hose on the man because she thought he accidentally consumed soap.
In the video, the man eats a blue sponge. The woman is shocked and uses the hose on him.
The man is seen putting blue paint on a rice crispy treat to make it look like a sponge.
The woman likely used the hose on the man because she thought he was eating a real sponge, not because she thought he was eating soap."
1011-3,QV6iOzP_OXY,Wrongly-led Open-ended Question,Character Reaction Causality,Did the woman spray the man with the hose as a playful response to a prank he played on her?,31.95,Please state your answer with a brief explanation.,"Yes, the woman sprays the man with the hose as a playful response to a prank he played on her.",https://www.youtube.com/shorts/QV6iOzP_OXY,The video shows the man replacing a normal sponge with a rice crispy treat that is painted blue. He then pretends to eat the sponge. The woman is shocked and sprays him with the water hose.
1011-7,QV6iOzP_OXY,Multiple-choice Question with a Single Correct Answer,Character Reaction Causality,"Why did the woman use the hose on the man?
A. She was angry at him.
B. He played a prank on her.
C. He was dirty.
D. She thought he accidentally ate soap.",31.95,"E. None of the above
Select one best answer to the above multiple-choice question based on the video. Respond with only the letter (A, B, C, D or E) of the correct option.",B,https://www.youtube.com/shorts/QV6iOzP_OXY,"The video shows the man eating a blue sponge. The woman is shocked and sprays him with water from the sink hose. The video shows that the man replaced the real sponge with a rice crispy treat that he painted blue. Therefore, the woman used the hose on the man because he played a prank on her."
1018-0,1jh1WQq_fHs,Primary Open-ended Question,Character Emotion Attribute,What's the rapper's reaction after the traffic controller took his microphone?,19.39,Please state your answer with a brief explanation.,"The rapper hands the microphone to the traffic controller without hesitation. After the traffic controller is done, the rapper takes the microphone back and continues rapping as if nothing happened.",https://www.youtube.com/shorts/1jh1WQq_fHs,"The rapper hands the microphone to the traffic controller without hesitation. After the traffic controller is done, the rapper takes the microphone back and continues rapping as if nothing happened."
1018-1,1jh1WQq_fHs,Paraphrased Open-ended Question,Character Emotion Attribute,How did the rapper respond when the traffic controller took his microphone?,19.39,Please state your answer with a brief explanation.,The rapper handed the microphone to the traffic controller without hesitation.,https://www.youtube.com/shorts/1jh1WQq_fHs,"The question asks how the rapper responded when the traffic controller took his microphone.
Based on the video, the rapper handed the microphone to the traffic controller without hesitation."
1018-2,1jh1WQq_fHs,Correctly-led Open-ended Question,Character Emotion Attribute,Did the rapper continue his performance calmly after the traffic controller took his microphone?,19.39,Please state your answer with a brief explanation.,"Yes, the rapper calmly continued his performance after the traffic controller took his microphone.",https://www.youtube.com/shorts/1jh1WQq_fHs,"The video shows the rapper handing the microphone to the traffic controller, who then uses it to give safety instructions. After the traffic controller is done, he hands the microphone back to the rapper, who then continues his performance. The comments also mention how chill and respectful both individuals were."
1018-3,1jh1WQq_fHs,Wrongly-led Open-ended Question,Character Emotion Attribute,Did the rapper get angry and stop performing when the traffic controller took his microphone?,19.39,Please state your answer with a brief explanation.,"No, the rapper did not get angry and stop performing. He willingly handed the microphone to the traffic controller and continued rapping after the controller was finished.",https://www.youtube.com/shorts/1jh1WQq_fHs,"The question asks if the rapper got angry and stopped performing when the traffic controller took his microphone.
I will analyze the video and the top comments to determine the answer.
The video shows the rapper handing the microphone to the traffic controller, who then uses it to make a safety announcement. The rapper then takes the microphone back and continues rapping.
The top comments indicate that both men were chill and respectful."
1018-7,1jh1WQq_fHs,Multiple-choice Question with a Single Correct Answer,Character Emotion Attribute,"What was the rapper's reaction after the traffic controller took his microphone?
A. He hesitated before continuing performing.
B. He is still performing.
C. He left the stage.
D. He argued with the traffic controller.",19.39,"E. None of the above
Select one best answer to the above multiple-choice question based on the video. Respond with only the letter (A, B, C, D or E) of the correct option.",B,https://www.youtube.com/shorts/1jh1WQq_fHs,"The video shows the rapper handing the microphone to the traffic controller. The traffic controller makes an announcement about safety. The rapper then takes the microphone back and continues performing.
Therefore, the rapper is still performing."
1020-0,C4l7rfjX49I,Primary Open-ended Question,Character Emotion Attribute,What's the baby's reaction when they see dad?,13.12,Please state your answer with a brief explanation.,The baby looks at the dad with a neutral expression.,https://www.youtube.com/shorts/C4l7rfjX49I,"1. The video shows the baby's reaction to mom, dad, and big brother.
2. When the dad says ""Hi"", the baby looks at him with a neutral expression."
1020-1,C4l7rfjX49I,Paraphrased Open-ended Question,Character Emotion Attribute,How does the baby respond when they see their father?,13.12,Please state your answer with a brief explanation.,The baby looks at their father with a neutral expression.,https://www.youtube.com/shorts/C4l7rfjX49I,"The video shows the baby's reaction to their mom, dad, and big brother. When the dad says ""Hi"", the baby looks at him with a neutral expression."
1020-2,C4l7rfjX49I,Correctly-led Open-ended Question,Character Emotion Attribute,Does the baby show a lack of excitement when they see their dad?,13.12,Please state your answer with a brief explanation.,"Yes, the baby does show a lack of excitement when they see their dad. The baby has a neutral expression when greeted by their dad, in contrast to the smiles and giggles they show when greeted by their mom and big brother.",https://www.youtube.com/shorts/C4l7rfjX49I,"The video shows the baby's reaction to their mom, dad, and big brother. When the mom greets the baby, the baby smiles and reaches for her. When the dad greets the baby, the baby looks at him with a neutral expression. When the big brother greets the baby, the baby smiles and giggles. Therefore, the baby does show a lack of excitement when they see their dad."
1020-3,C4l7rfjX49I,Wrongly-led Open-ended Question,Character Emotion Attribute,Does the baby react with excitement and joy when they see their dad?,13.12,Please state your answer with a brief explanation.,"No, the baby does not react with excitement and joy when they see their dad.",https://www.youtube.com/shorts/C4l7rfjX49I,"The video shows the baby's reaction to their mom, dad, and brother. When the dad greets the baby, the baby does not react with excitement or joy."
1020-7,C4l7rfjX49I,Multiple-choice Question with a Single Correct Answer,Character Emotion Attribute,"What is the baby's reaction when they see their dad?
A. Crying
B. Excitement and joy
C. Expressionless and looking away
D. Laughing",13.12,"E. None of the above
Select one best answer to the above multiple-choice question based on the video. Respond with only the letter (A, B, C, D or E) of the correct option.",C,https://www.youtube.com/shorts/C4l7rfjX49I,"The video shows the baby's reaction to their mom, dad, and brother. When the dad greets the baby, the baby looks at him with a neutral expression."
1023-0,m_H3uWi3_2o,Primary Open-ended Question,Character Emotion Attribute,What's the man's reaction after the first woman talked to him?,12.65,Please state your answer with a brief explanation.,"After the first woman says ""I'm just looking thank you"", the man looks down and seems disappointed.
After the third woman says ""Hey I have a question!"", the man's face lights up and he smiles widely.",https://www.youtube.com/shorts/m_H3uWi3_2o,"1. I need to find the part of the video where the man is talking to the first woman.
2. I need to observe his reaction after the woman speaks to him."
1023-1,m_H3uWi3_2o,Paraphrased Open-ended Question,Character Emotion Attribute,How did the man respond after the first woman spoke to him?,12.65,Please state your answer with a brief explanation.,"After the second woman says ""Hey I have a question!"", the man smiles widely.",https://www.youtube.com/shorts/m_H3uWi3_2o,"1. Locate the part of the video where the man is approached by a woman who has a question.
2. Observe the man's reaction after the woman speaks to him.
3. Describe the man's reaction."
1023-2,m_H3uWi3_2o,Correctly-led Open-ended Question,Character Emotion Attribute,Did the man show signs of frustration or disappointment after the first woman talked to him?,12.65,Please state your answer with a brief explanation.,"Yes, the man showed signs of disappointment after the first woman talked to him. He looked down and away, which could be interpreted as a sign of disappointment.",https://www.youtube.com/shorts/m_H3uWi3_2o,"The video shows a man talking about art to different women.
The first woman says ""I'm just looking thank you"". The man then looks down and away, which could be interpreted as a sign of disappointment.
The second woman says ""Oh I'm ok thank you"". The man then looks down and away, which could be interpreted as a sign of disappointment.
The third woman says ""Hey I have a question!"". The man's face lights up and he smiles."
1023-3,m_H3uWi3_2o,Wrongly-led Open-ended Question,Character Emotion Attribute,Did the man seem happy and excited after the first woman spoke to him?,12.65,Please state your answer with a brief explanation.,"Yes, the man seemed happy and excited after the woman asked a question. His face lit up, and he laughed, indicating a positive and enthusiastic response.",https://www.youtube.com/shorts/m_H3uWi3_2o,"1. Review the video to observe the man's reaction when the woman asks a question.
2. Note his facial expression and body language.
3. Determine if his demeanor suggests happiness and excitement."
1023-7,m_H3uWi3_2o,Multiple-choice Question with a Single Correct Answer,Character Emotion Attribute,"What was the man's reaction after the first woman talked to him?
A. He was frustrated or disappointed.
B. He was indifferent.
C. He was excited and happy.
D. He was confused.",12.65,"E. None of the above
Select one best answer to the above multiple-choice question based on the video. Respond with only the letter (A, B, C, D or E) of the correct option.",C,https://www.youtube.com/shorts/m_H3uWi3_2o,"The video shows the man's reaction after the first woman says ""I'm just looking thank you"". He looks a little sad. Then the video shows the man's reaction after the second woman says ""Hey I have a question!"". He smiles and laughs. Therefore, the man was excited and happy."
1031-0,RbdWggNEZGw,Primary Open-ended Question,Character Emotion Attribute,What emotion is the man in a white shirt eating a banana experiencing in the video?,39.72,Please state your answer with a brief explanation.,"The man in the white shirt eating a banana is experiencing a sense of disbelief or bewilderment, as indicated by his signature blank stare. This reaction is likely due to the absurdity of the situation, where a banana taped to a wall is being auctioned for millions of dollars.",https://www.youtube.com/shorts/RbdWggNEZGw,"The video shows a man in a white shirt eating a banana. The man is Khaby Lame. Khaby Lame is known for his comedic reactions to absurd situations. In this video, he is reacting to the auction of a banana taped to a wall for millions of dollars. When he eats the banana, he has a blank stare, which is his signature reaction."
1031-1,RbdWggNEZGw,Paraphrased Open-ended Question,Character Emotion Attribute,What feeling is the man in the white shirt experiencing while eating a banana in the video?,39.72,Please state your answer with a brief explanation.,The man in the white shirt is experiencing confusion and disbelief. This is evident from his facial expressions and body language as he observes the auction and eats his banana.,https://www.youtube.com/shorts/RbdWggNEZGw,The video shows a man in a white shirt eating a banana while an auctioneer is selling a banana taped to a wall for millions of dollars. The man in the white shirt looks confused and surprised by the high price of the banana.
1031-2,RbdWggNEZGw,Correctly-led Open-ended Question,Character Emotion Attribute,Is the man in the white shirt eating a banana feeling surprised and shocked by the banana auction?,39.72,Please state your answer with a brief explanation.,"Yes, the man in the white shirt eating a banana is feeling surprised and shocked by the banana auction.",https://www.youtube.com/shorts/RbdWggNEZGw,"The video shows a banana being auctioned off for millions of dollars. Khaby Lame is seen sitting at a table with a banana. As the price of the auctioned banana increases, Khaby's facial expressions change from surprised to shocked."
1031-3,RbdWggNEZGw,Wrongly-led Open-ended Question,Character Emotion Attribute,Is the man in the white shirt eating a banana feeling calm and relaxed in the third scene?,39.72,Please state your answer with a brief explanation.,"No, the man in the white shirt eating a banana in the third scene does not appear to be feeling calm and relaxed. He looks around with a surprised expression.",https://www.youtube.com/shorts/RbdWggNEZGw,"The question asks about the man in the white shirt eating a banana in the third scene.
I need to observe the man's facial expression and body language to determine if he is feeling calm and relaxed.
In the third scene, the man is sitting at a table with a banana. He looks around with a surprised expression and then starts eating the banana. He does not appear to be calm or relaxed."
1031-7,RbdWggNEZGw,Multiple-choice Question with a Single Correct Answer,Character Emotion Attribute,"What emotion is the man in the white shirt eating a banana experiencing?
A. Boredom
B. Relaxation
C. Surprise
D. Calm",39.72,"E. None of the above
Select one best answer to the above multiple-choice question based on the video. Respond with only the letter (A, B, C, D or E) of the correct option.",C,https://www.youtube.com/shorts/RbdWggNEZGw,"The video shows Khaby Lame reacting to the auction of a banana taped to a wall. He is seen sitting at a table with a banana, looking around with a surprised expression. He then starts eating the banana. His facial expressions suggest he is surprised and perhaps amused by the situation."
1037-0,y-Ey4mW-BKs,Primary Open-ended Question,Character Motivation Causality,Why does the man make an OK gesture at the end of the video?,57.69,Please state your answer with a brief explanation.,The man makes an OK gesture at the end of the video to mimic the woman in the original video who also makes an OK gesture after trying the drink.,https://www.youtube.com/shorts/y-Ey4mW-BKs,"The man in the video is recreating a drink recipe from another video. At the end of the video, he spits out the drink and then makes an OK gesture. The OK gesture is made to mimic the woman in the original video who also makes an OK gesture after trying the drink."
1037-1,y-Ey4mW-BKs,Paraphrased Open-ended Question,Character Motivation Causality,What is the reason the man makes an OK gesture at the conclusion of the video?,57.69,Please state your answer with a brief explanation.,"The man makes an OK gesture to mimic the woman in the video, even though he spits out the drink.",https://www.youtube.com/shorts/y-Ey4mW-BKs,"The question is asking why the man makes an OK gesture at the end of the video.
The woman in the video makes an OK gesture after trying the drink.
The man spits out the drink after trying it.
The man makes an OK gesture to mimic the woman in the video."
1037-2,y-Ey4mW-BKs,Correctly-led Open-ended Question,Character Motivation Causality,Does the man make the OK gesture at the end of the video to mimic the blonde woman?,57.69,Please state your answer with a brief explanation.,"Yes, the man makes the OK gesture at the end of the video to mimic the blonde woman.",https://www.youtube.com/shorts/y-Ey4mW-BKs,"The video shows the man recreating the drink recipe of the blonde woman. At the end of the video, the woman drinks the drink and makes the OK gesture while saying ""Perfect"". The man then drinks the drink, spits it out, and then makes the OK gesture while saying ""Perfect"". Therefore, the man is mimicking the blonde woman."
1037-3,y-Ey4mW-BKs,Wrongly-led Open-ended Question,Character Motivation Causality,Does the man make the OK gesture at the end of the video to show that the drink he made is satisfactory?,57.69,Please state your answer with a brief explanation.,"No, the man spits out the drink and then makes the OK gesture, indicating that the drink was not satisfactory.",https://www.youtube.com/shorts/y-Ey4mW-BKs,"The question asks if the man makes the OK gesture at the end of the video to show that the drink he made is satisfactory.
At the end of the video, the man spits out the drink and then makes the OK gesture.
Therefore, the man makes the OK gesture at the end of the video."
1037-7,y-Ey4mW-BKs,Multiple-choice Question with a Single Correct Answer,Character Motivation Causality,"Why does the man make an OK gesture at the end of the video?
A. To indicate the drink is satisfactory.
B. To express approval of the drink.
C. To imitate the blonde woman.
D. To show he enjoyed the drink.",57.69,"E. None of the above
Select one best answer to the above multiple-choice question based on the video. Respond with only the letter (A, B, C, D or E) of the correct option.",C,https://www.youtube.com/shorts/y-Ey4mW-BKs,The man is imitating the woman in the video. The woman makes an OK gesture at the end of her video to express approval of the drink. The man is doing the same.
1044-0,gpeIf-lCeIQ,Primary Open-ended Question,Plot Attribute,What kind of psychological activity is going on in the person under the quilt at the end of the video?,21.23,Please state your answer with a brief explanation.,"The person under the quilt experiences a rapid transition from sleep to alertness, immediately engaging in the video game. This suggests a state of surprise followed by a quick return to focus and concentration on the game.",https://www.youtube.com/shorts/gpeIf-lCeIQ,"1. The question asks about the psychological activity of the person under the quilt at the end of the video.
2. At the end of the video, the person under the quilt is startled awake by a loud noise and immediately starts playing the video game.
3. This indicates a rapid shift from sleep to alertness and engagement in a pre-existing activity."
1044-1,gpeIf-lCeIQ,Paraphrased Open-ended Question,Plot Attribute,What is the mental state of the person under the quilt at the end of the video?,21.23,Please state your answer with a brief explanation.,"The person under the quilt is startled and confused, but quickly adapts and resumes playing the video game.",https://www.youtube.com/shorts/gpeIf-lCeIQ,"The video shows a person sleeping in bed while playing a video game. The other person in the video throws a pillow at the sleeping person, waking them up. The person who was sleeping seems startled and confused at first, but then quickly realizes what is happening and starts playing the game again."
1044-2,gpeIf-lCeIQ,Correctly-led Open-ended Question,Plot Attribute,Is the person under the quilt surprised and confused about what is happening?,21.23,Please state your answer with a brief explanation.,"Yes, the person under the quilt is surprised and confused about what is happening. They are woken up abruptly and immediately start playing a game.",https://www.youtube.com/shorts/gpeIf-lCeIQ,"The video shows a person sleeping under a quilt. Another person places headphones on the sleeping person and then throws something on the bed to wake them up. The sleeping person wakes up startled and confused, quickly grabbing a controller to play a game."
1044-3,gpeIf-lCeIQ,Wrongly-led Open-ended Question,Plot Attribute,Is the person under the quilt deeply engrossed in a video game?,21.23,Please state your answer with a brief explanation.,"No, the person under the quilt was sleeping, not deeply engrossed in a video game.",https://www.youtube.com/shorts/gpeIf-lCeIQ,"The video shows a person sleeping under a quilt with a game controller in their hand. The other person in the video wakes them up by hitting the headset. After being woken up, the person starts playing the game. Therefore, the person was sleeping while holding the controller."
1044-7,gpeIf-lCeIQ,Multiple-choice Question with a Single Correct Answer,Plot Attribute,"What is the psychological state of the person under the quilt?
A. Deeply engrossed in a video game.
B. Surprised and confused.
C. Focused on the game.
D. Calm and relaxed.",21.23,"E. None of the above
Select one best answer to the above multiple-choice question based on the video. Respond with only the letter (A, B, C, D or E) of the correct option.",B,https://www.youtube.com/shorts/gpeIf-lCeIQ,"The video shows a person sleeping under a quilt while holding a game controller. The other person throws something to wake him up. He wakes up startled and confused, but quickly starts playing the game.
Therefore, the best answer is B. Surprised and confused."
1045-0,uXvcjTHtZIs,Primary Open-ended Question,Character Motivation Causality,What is the reason why the person on the left of the video hugs the person wearing the tie-dye hoodie and then lets him go?,20.67,Please state your answer with a brief explanation.,The person on the left hugs the person wearing the tie-dye hoodie because he pretends to faint after seeing fake blood. He lets him go after their mom walks away.,https://www.youtube.com/shorts/uXvcjTHtZIs,"The question asks why the person on the left hugs the person wearing the tie-dye hoodie and then lets him go.
I need to analyze the video to understand the context of the hug and release.
The person on the left hugs the person wearing the tie-dye hoodie after he pretends to faint from seeing fake blood.
The person on the left lets him go after their mom walks away."
1045-1,uXvcjTHtZIs,Paraphrased Open-ended Question,Character Motivation Causality,Why does the person on the left embrace the individual in the tie-dye hoodie and then release him?,20.67,Please state your answer with a brief explanation.,The person on the left embraces the individual in the tie-dye hoodie to comfort him after a prank involving fake blood. He releases him after their mom leaves the room.,https://www.youtube.com/shorts/uXvcjTHtZIs,"1. The question asks why the person on the left embraces and then releases the individual in the tie-dye hoodie.
2. Review the video to understand the context of the interaction.
3. The person on the left embraces the individual in the tie-dye hoodie after a prank involving fake blood.
4. The person on the left releases the individual in the tie-dye hoodie after their mom leaves the room."
1045-2,uXvcjTHtZIs,Correctly-led Open-ended Question,Character Motivation Causality,Did the person on the left hug the one in the tie-dye hoodie to prevent their mother from discovering that his brother fainted?,20.67,Please state your answer with a brief explanation.,"Yes, the person on the left hugged the one in the tie-dye hoodie to prevent their mother from discovering that his brother fainted.",https://www.youtube.com/shorts/uXvcjTHtZIs,"The video shows the person on the left hugging the one in the tie-dye hoodie after he pretends to faint from seeing fake blood. The mother walks in and asks if they are good, and the person on the left says they are having a great time. This suggests that the hug was indeed to cover up the fainting act."
1045-3,uXvcjTHtZIs,Wrongly-led Open-ended Question,Character Motivation Causality,Was the hug between the person on the left and the one in the tie-dye hoodie a celebration of a successful magic trick?,20.67,Please state your answer with a brief explanation.,"No, the hug was not a celebration of a successful magic trick. It was an attempt to comfort the person in the tie-dye hoodie after they were scared by the fake blood.",https://www.youtube.com/shorts/uXvcjTHtZIs,"The question asks if the hug was a celebration of a successful magic trick.
The video shows the person on the left performing a magic trick on the person in the tie-dye hoodie.
The trick involves guessing which of two paper rolls contains a pencil.
When the person in the tie-dye hoodie guesses correctly, the person on the left reveals that the pencil is covered in fake blood, causing the person in the tie-dye hoodie to faint.
The person on the left then hugs the person in the tie-dye hoodie, seemingly to comfort them.
Therefore, the hug was not a celebration of a successful magic trick, but rather an attempt to comfort the person in the tie-dye hoodie after they were scared by the fake blood."
1045-7,uXvcjTHtZIs,Multiple-choice Question with a Single Correct Answer,Character Motivation Causality,"Why did the person on the left hug the one in the tie-dye hoodie?
A. To prevent their mother from finding out about the fainting.
B. As a spontaneous expression of joy.
C. They were celebrating a magic trick.
D. Because they were impressed by a trick.",20.67,"E. None of the above
Select one best answer to the above multiple-choice question based on the video. Respond with only the letter (A, B, C, D or E) of the correct option.",A,https://www.youtube.com/shorts/uXvcjTHtZIs,The person on the left hugs the one in the tie-dye hoodie after the tie-dye hoodie person pretends to faint from seeing fake blood. The person on the left hugs the one in the tie-dye hoodie to prevent their mother from finding out about the fainting.
1046-0,X31PraTwwnE,Primary Open-ended Question,Character Motivation Causality,How come the person wearing the black hat in the video suddenly threw the person in the gray T-shirt into the swimming pool?,22.91,Please state your answer with a brief explanation.,The person in the black hat threw the person in the gray T-shirt into the swimming pool as payback for being pushed into the pool first.,https://www.youtube.com/shorts/X31PraTwwnE,"The video shows a man in a black hat being pushed into the pool by the person filming. After getting out of the pool, the man in the black hat says ""We cool man"" to the person filming, but then proceeds to throw the person filming into the pool as payback."
1046-1,X31PraTwwnE,Paraphrased Open-ended Question,Character Motivation Causality,What prompted the person in the black hat to toss the individual in the gray T-shirt into the pool?,22.91,Please state your answer with a brief explanation.,The person in the black hat was thrown into the pool because he had previously thrown the man in the gray shirt into the pool. It was a retaliatory action.,https://www.youtube.com/shorts/X31PraTwwnE,"The question asks why the person in the black hat was thrown into the pool.
Based on the video, the man in the gray shirt was thrown into the pool first by the person in the black hat. Then the man in the gray shirt was thrown into the pool by the man in the black hat."
1046-2,X31PraTwwnE,Correctly-led Open-ended Question,Character Motivation Causality,Did the person in the black hat throw the person in the gray T-shirt into the pool because they were pushed in earlier by the same person?,22.91,Please state your answer with a brief explanation.,"Yes, the person in the black hat threw the person in the gray T-shirt into the pool because they were pushed in earlier by the same person.",https://www.youtube.com/shorts/X31PraTwwnE,"The video shows a person in a black hat being pushed into the pool. After getting out of the pool, the person in the black hat chases after the person who pushed them in, and then throws them into the pool."
1046-3,X31PraTwwnE,Wrongly-led Open-ended Question,Character Motivation Causality,Was the reason the person in the black hat threw the person in the gray T-shirt into the pool because it was a prank?,22.91,Please state your answer with a brief explanation.,"Yes, the person in the black hat threw the person in the gray T-shirt into the pool because it was a prank. The person in the gray T-shirt had thrown the person in the black hat into the pool first.",https://www.youtube.com/shorts/X31PraTwwnE,The video shows the person in the black hat throwing the person in the gray T-shirt into the pool. The person in the gray T-shirt had thrown the person in the black hat into the pool first. The comments suggest that the person in the black hat was getting revenge for the prank.
1046-7,X31PraTwwnE,Multiple-choice Question with a Single Correct Answer,Character Motivation Causality,"Why did the person in the black hat throw the person in the gray T-shirt into the pool?
A. It was a prank.
B. They wanted to start a fight.
C. They believed the person in the gray T-shirt had pushed them in earlier.
D. They were angry.",22.91,"E. None of the above
Select one best answer to the above multiple-choice question based on the video. Respond with only the letter (A, B, C, D or E) of the correct option.",A,https://www.youtube.com/shorts/X31PraTwwnE,"The person in the gray T-shirt pushed the person in the black hat into the pool. The person in the black hat then said ""We cool man"" but then pushed the person in the gray T-shirt into the pool. This indicates it was a prank."
1049-0,3krczYGxVjE,Primary Open-ended Question,Local Event Attribute,What does the person who hits the dog with a slipper while looking at his phone want to express?,36.73,Please state your answer with a brief explanation.,The person hitting the dog with a slipper wants to express that the dog should get off the bed.,https://www.youtube.com/shorts/3krczYGxVjE,"The question is about what the person hitting the dog with a slipper wants to express.
First, I need to identify the part of the video where someone hits the dog with a slipper.
The video shows a person hitting the dog with a slipper at [00:00:09-00:00:10].
The person is hitting the dog to make it get off the bed."
1049-1,3krczYGxVjE,Paraphrased Open-ended Question,Local Event Attribute,What is the intention behind the person hitting the dog with a slipper while using their phone?,36.73,Please state your answer with a brief explanation.,The dog is hit with a slipper to get it to turn off the light.,https://www.youtube.com/shorts/3krczYGxVjE,"The question asks about the intention behind hitting the dog with a slipper while using a phone.
First, I need to identify the part of the video where this action occurs.
After reviewing the video, I found that the dog is not hit with a slipper while someone is using their phone. The dog is hit with a slipper to get it to turn off the light."
1049-2,3krczYGxVjE,Correctly-led Open-ended Question,Local Event Attribute,Did the person hit the dog with a slipper to get it to turn off the lights?,36.73,Please state your answer with a brief explanation.,"No, the person did not hit the dog with a slipper to turn off the lights. The dog turned off the lights in the video shown at the beginning of the video. The person in the video used a bow and arrow to turn off the lights.",https://www.youtube.com/shorts/3krczYGxVjE,"The question asks if the person hit the dog with a slipper to turn off the lights.
I need to watch the video and see how the lights were turned off.
At the beginning of the video, the person shows a video of a dog turning off the lights.
The person then pulls out a bow and arrow and shoots the light switch to turn off the lights.
The dog was not hit with a slipper in this video."
1049-3,3krczYGxVjE,Wrongly-led Open-ended Question,Local Event Attribute,Was the person expressing frustration or annoyance by hitting the dog with a slipper?,36.73,Please state your answer with a brief explanation.,"No, the person was not expressing frustration or annoyance. The tap with the slipper appeared to be a gentle cue or signal for the dog to perform the task of turning off the light.",https://www.youtube.com/shorts/3krczYGxVjE,"The question is whether the person was expressing frustration or annoyance by hitting the dog with a slipper.
I need to watch the video and observe the interaction between the person and the dog.
At the beginning of the video, the person picks up a slipper and gently taps the dog with it. The dog then gets off the bed and jumps to turn off the light. The person's actions do not seem aggressive."
1049-7,3krczYGxVjE,Multiple-choice Question with a Single Correct Answer,Local Event Attribute,"What was the person trying to achieve by hitting the dog with a slipper?
A. Disciplining the dog
B. Getting the dog to turn off the lights
C. Expressing frustration
D. Distracting the dog",36.73,"E. None of the above
Select one best answer to the above multiple-choice question based on the video. Respond with only the letter (A, B, C, D or E) of the correct option.",B,https://www.youtube.com/shorts/3krczYGxVjE,"The question asks what the person was trying to achieve by hitting the dog with a slipper.
In the video, the person hits the dog with a slipper, and the dog then jumps off the bed and turns off the light.
Therefore, the person was trying to get the dog to turn off the lights."
1051-0,NK6UDnyZf4g,Primary Open-ended Question,Character Motivation Causality,What does the man in black in the video want to express when he bites his hand when he takes a photo?,12.08,Please state your answer with a brief explanation.,"The man in black likely bites his hand to express a feeling of emotion, possibly sadness or nostalgia, at the passage of time and the role reversal with his grandfather.",https://www.youtube.com/shorts/NK6UDnyZf4g,"The question asks about the man in black biting his hand during the photo recreation.
The video shows the man in black recreating an old photo with his grandfather. In the old photo, the grandfather is holding the man as a child. In the recreated photo, the man is holding his grandfather in the same pose. As he sits down with his grandfather, he bites his hand.
Based on the context of the video and the comments, the man is likely expressing a feeling of emotion, possibly sadness or nostalgia, at the passage of time and the role reversal with his grandfather."
1051-1,NK6UDnyZf4g,Paraphrased Open-ended Question,Character Motivation Causality,What is the man in black trying to convey by biting his hand in the photo?,12.08,Please state your answer with a brief explanation.,"The man in black is biting his hand to recreate the old photo where he, as a baby, was biting his grandfather's hand.",https://www.youtube.com/shorts/NK6UDnyZf4g,"The question is asking about the man in black biting his hand in the photo.
The man in black is the grandson.
The grandson is recreating an old photo with his grandfather.
In the old photo, the grandfather is holding the grandson as a baby, and the baby is biting his hand.
Therefore, the grandson is biting his hand to mimic the old photo."
1051-2,NK6UDnyZf4g,Correctly-led Open-ended Question,Character Motivation Causality,Is the man in black mimicking his childhood actions in the photo by biting his hand?,12.08,Please state your answer with a brief explanation.,"Yes, the man in black is mimicking his childhood actions in the photo by biting his hand.",https://www.youtube.com/shorts/NK6UDnyZf4g,"The video shows a man recreating a photo with his father. In the original photo, the child is biting his hand. In the recreation, the man in black is also biting his hand."
1051-3,NK6UDnyZf4g,Wrongly-led Open-ended Question,Character Motivation Causality,Is the man in black expressing nostalgia or sentimentality by biting his hand in the photo?,12.08,Please state your answer with a brief explanation.,"Yes, the man in black is expressing sentimentality by biting his hand in the photo. This gesture, in the context of recreating a childhood memory with his elderly father, suggests a sentimental reflection on their relationship and the passage of time.",https://www.youtube.com/shorts/NK6UDnyZf4g,"The question is whether the man in black is expressing nostalgia or sentimentality by biting his hand in the photo.
The video shows the man in black sitting on his father's lap, recreating an old photo. He then bites his hand.
Given the context of recreating a childhood photo with his elderly father, the hand-biting gesture seems to be an expression of sentimentality, possibly reflecting on the passage of time and the bond with his father."
1051-7,NK6UDnyZf4g,Multiple-choice Question with a Single Correct Answer,Character Motivation Causality,"What is the man in black expressing by biting his hand in the photo?
A. Nostalgia
B. Holding back emotions
C. Mimicking childhood actions
D. Sentimentality",12.08,"E. None of the above
Select one best answer to the above multiple-choice question based on the video. Respond with only the letter (A, B, C, D or E) of the correct option.",C,https://www.youtube.com/shorts/NK6UDnyZf4g,"The video shows a man recreating a photo with his 95-year-old father. In the recreated photo, the man is sitting on his father's lap and biting his hand. The original photo shows the father holding the man as a child. Biting his hand could be a way of holding back emotions or showing sentimentality. However, it is more likely that he is mimicking the actions of his younger self in the original photo."
1053-0,cSzVOc6h_Us,Primary Open-ended Question,Character Motivation Causality,What does this man in the black T-shirt want to express by raising his black hat?,15.15,Please state your answer with a brief explanation.,The man in the black T-shirt raises his hat slightly and smiles to acknowledge the joke that the man in the black jacket is trying to pull on the person trying to sit in the seat.,https://www.youtube.com/shorts/cSzVOc6h_Us,"The man in the black T-shirt is sitting on the right side of the screen. At the beginning of the video, he is wearing a black baseball cap. At [00:00:02], he raises his hat slightly and smiles. He is doing this to acknowledge the joke that the man in the black jacket is trying to pull on the person trying to sit in the seat."
1053-1,cSzVOc6h_Us,Paraphrased Open-ended Question,Character Motivation Causality,What is the man in the black T-shirt trying to convey by lifting his black hat?,15.15,Please state your answer with a brief explanation.,"The man in the brown jacket is lifting his hat to reveal his face as part of a joke or prank, attempting to trick the man in the black T-shirt into thinking he is someone else.",https://www.youtube.com/shorts/cSzVOc6h_Us,The man in the black T-shirt is not lifting his hat. The man in the black T-shirt is sitting down. The man in the black T-shirt is not the one lifting his hat. The man in the grey hoodie is not lifting his hat. The man in the brown jacket is lifting his hat. The man in the brown jacket is trying to sit down in the seat next to the man in the black T-shirt. The man in the brown jacket is lifting his hat to show his face. The man in the brown jacket is trying to trick the man in the black T-shirt into thinking he is someone else.
1053-2,cSzVOc6h_Us,Correctly-led Open-ended Question,Character Motivation Causality,Is the man in the black T-shirt raising his hat to make it seem like the middle seat is occupied?,15.15,Please state your answer with a brief explanation.,"No, the man in the black T-shirt is putting his jacket on the middle seat.",https://www.youtube.com/shorts/cSzVOc6h_Us,The man in the black T-shirt is sitting in the window seat. He is not raising his hat to make it seem like the middle seat is occupied. He is putting his jacket on the middle seat.
1053-3,cSzVOc6h_Us,Wrongly-led Open-ended Question,Character Motivation Causality,Is the man in the black T-shirt raising his hat to greet someone or acknowledge their presence?,15.15,Please state your answer with a brief explanation.,No. The man in the black T-shirt is not wearing a hat.,https://www.youtube.com/shorts/cSzVOc6h_Us,The man in the black T-shirt is not wearing a hat. The man in the grey hoodie is wearing a hat. He does not raise his hat to greet anyone or acknowledge their presence.
1053-7,cSzVOc6h_Us,Multiple-choice Question with a Single Correct Answer,Character Motivation Causality,"Why did the man in the black T-shirt raise his hat?
A. To pretend the seat was occupied.
B. To show respect.
C. To adjust his hat.
D. To greet someone.",15.15,"E. None of the above
Select one best answer to the above multiple-choice question based on the video. Respond with only the letter (A, B, C, D or E) of the correct option.",A,https://www.youtube.com/shorts/cSzVOc6h_Us,The man in the black T-shirt raised his hat to pretend the seat was occupied.
1055-0,7Xofsx0XAaM,Primary Open-ended Question,Plot Attribute,What is the enlightenment value of this video?,14.19,Please state your answer with a brief explanation.,The enlightenment value of this video lies in the discussion it sparks about the ethics of pranks and the potential consequences of one's actions.,https://www.youtube.com/shorts/7Xofsx0XAaM,"The question asks about the enlightenment value of the video.
The video shows a prank that goes too far, causing someone to faint.
The comments reflect a range of opinions, from finding it funny to expressing concern for the person who fainted.
The enlightenment value lies in the discussion it sparks about the ethics of pranks and the potential consequences of one's actions."
1055-1,7Xofsx0XAaM,Paraphrased Open-ended Question,Plot Attribute,What is the educational or insightful takeaway from this video?,14.19,Please state your answer with a brief explanation.,"Pranks can have unintended and severe consequences, potentially causing distress or even physical harm to the person being pranked.",https://www.youtube.com/shorts/7Xofsx0XAaM,"The video shows a prank where a person puts ketchup in a blender and pretends to have cut their hand. The person being pranked screams and faints. The educational takeaway is that pranks can have unintended and severe consequences, potentially causing distress or even physical harm to the person being pranked."
1055-2,7Xofsx0XAaM,Correctly-led Open-ended Question,Plot Attribute,Does the video have a high enlightenment value due to its humorous depiction of a prank?,14.19,Please state your answer with a brief explanation.,"No, the video does not have a high enlightenment value. It is a prank video that is intended to be humorous, but it does not offer any significant insight or knowledge.",https://www.youtube.com/shorts/7Xofsx0XAaM,"The question asks about the enlightenment value of the video. Enlightenment value would mean that the video provides some sort of insight or knowledge. Given the video is a prank video, it is unlikely to have any enlightenment value. The comments also suggest that the prank may have gone too far, and some viewers found it sad or even fake."
1055-3,7Xofsx0XAaM,Wrongly-led Open-ended Question,Plot Attribute,Is the enlightenment value of this video low because it mainly shows a messy prank with ketchup?,14.19,Please state your answer with a brief explanation.,"Yes, the enlightenment value of this video is low because it mainly shows a messy prank with ketchup and does not offer any educational or insightful content.",https://www.youtube.com/shorts/7Xofsx0XAaM,"The question asks about the enlightenment value of the video. Enlightenment value refers to the educational or insightful content. The video shows a prank involving ketchup that causes the victim to faint. The comments reflect that the video is primarily for entertainment, with some viewers finding it funny and others expressing concern. There is no educational or insightful content."
1055-7,7Xofsx0XAaM,Multiple-choice Question with a Single Correct Answer,Plot Attribute,"What is the enlightenment value of the video?
A. High, because it provides insightful content.
B. Low, because it focuses on educational content.
C. High, because it humorously depicts a prank that scares a girl.
D. Low, because it shows a messy prank with ketchup.",14.19,"E. None of the above
Select one best answer to the above multiple-choice question based on the video. Respond with only the letter (A, B, C, D or E) of the correct option.",E,https://www.youtube.com/shorts/7Xofsx0XAaM,"The video shows a prank where a girl is scared and faints. The question asks about the enlightenment value of the video. Enlightenment value refers to the educational, insightful, or thought-provoking nature of the content.
Option A: High, because it provides insightful content. This is incorrect because the video is a prank, not insightful content.
Option B: Low, because it focuses on educational content. This is incorrect because the video is a prank, not educational content.
Option C: High, because it humorously depicts a prank that scares a girl. This is incorrect because the video is a prank, not insightful content.
Option D: Low, because it shows a messy prank with ketchup. This is a possible answer.
Option E: None of the above. This is a possible answer.
The video is a prank, and pranks are not generally considered to have high enlightenment value. The video is not educational or insightful. Therefore, the best answer is E."
1064-0,UKieuClPKvI,Primary Open-ended Question,Character Reaction Causality,Why is the man so surprised at the end of the video?,41.71,Please state your answer with a brief explanation.,"The man is surprised at the end of the video because after running away from the firecracker, he ends up back at the same spot where he started.",https://www.youtube.com/shorts/UKieuClPKvI,"The video shows a man lighting a firecracker. He runs away from the firecracker and eventually ends up back where he started. At the end of the video, he is surprised to see that he has returned to the same spot where he lit the firecracker."
1064-1,UKieuClPKvI,Paraphrased Open-ended Question,Character Reaction Causality,What causes the man's surprise at the conclusion of the video?,41.71,Please state your answer with a brief explanation.,"The man is surprised because after running away from the firework, he ends up right back where he started.",https://www.youtube.com/shorts/UKieuClPKvI,"The man is surprised at the end of the video because after lighting the firework, he ends up right back where he started."
1064-2,UKieuClPKvI,Correctly-led Open-ended Question,Character Reaction Causality,Is the man surprised because he ends up back at the bomb site after running a long distance?,41.71,Please state your answer with a brief explanation.,"Yes, the man is surprised because he ends up back at the bomb site after running a long distance.",https://www.youtube.com/shorts/UKieuClPKvI,"The video shows a man lighting a firecracker and running away. After running a long distance, he ends up back at the same spot where he started. At the end of the video, the man looks surprised to be back at the same spot."
1064-3,UKieuClPKvI,Wrongly-led Open-ended Question,Character Reaction Causality,Is the man surprised because the firework he lit exploded unexpectedly?,41.71,Please state your answer with a brief explanation.,"Yes, the man is surprised because the firework he lit exploded unexpectedly.",https://www.youtube.com/shorts/UKieuClPKvI,"The video shows a man lighting a firework. Based on his facial expression and immediate reaction, he is surprised by the firework's explosion."
1064-7,UKieuClPKvI,Multiple-choice Question with a Single Correct Answer,Character Reaction Causality,"Why is the man surprised at the end of the video?
A. He forgot to light the fuse.
B. The firework exploded unexpectedly.
C. He returned to the bomb site after running a long way.
D. The bomb didn't explode.",41.71,"E. None of the above
Select one best answer to the above multiple-choice question based on the video. Respond with only the letter (A, B, C, D or E) of the correct option.",C,https://www.youtube.com/shorts/UKieuClPKvI,"The man lights the firework and runs away. He returns to the same spot and is surprised to see the firework explode. Therefore, he is surprised because he returned to the bomb site after running a long way."
1075-0,GfygSdVWewQ,Primary Open-ended Question,Plot Attribute (Montage),Why does the video splice together shots of this ordinary man and Spider-Man?,60.61,Please state your answer with a brief explanation.,The video splices together shots of Peter Parker and Spider-Man to highlight the contrast between the public's perception of the superhero and the personal struggles of the man behind the mask.,https://www.youtube.com/shorts/GfygSdVWewQ,"The video splices together shots of Peter Parker and Spider-Man to highlight the contrast between the public's perception of the superhero and the personal struggles of the man behind the mask. The video aims to show that while everyone loves and admires Spider-Man, Peter Parker is often overlooked, disrespected, and faces numerous hardships."
1075-1,GfygSdVWewQ,Paraphrased Open-ended Question,Plot Attribute (Montage),What is the purpose of splicing together shots of this ordinary man and Spider-Man in the video?,60.61,Please state your answer with a brief explanation.,"The purpose is to highlight the contrast between the public's adoration of Spider-Man and their indifference or disrespect towards Peter Parker, emphasizing the theme that people care about the hero but not the person behind the mask.",https://www.youtube.com/shorts/GfygSdVWewQ,"The question asks about the purpose of splicing together shots of Peter Parker and Spider-Man in the video.
The video title and top comments suggest that the video is about the contrast between the public's perception of Spider-Man and their lack of concern for Peter Parker.
Therefore, the splicing of shots is likely intended to highlight this contrast and emphasize the idea that people love Spider-Man but often overlook or disrespect Peter Parker."
1075-2,GfygSdVWewQ,Correctly-led Open-ended Question,Plot Attribute (Montage),Does the video splice shots of the ordinary man and Spider-Man to highlight the exclusion of ordinary people compared to the hero identity of Spider-Man?,60.61,Please state your answer with a brief explanation.,"Yes, the video splices shots of the ordinary man and Spider-Man to highlight the exclusion of ordinary people compared to the hero identity of Spider-Man.",https://www.youtube.com/shorts/GfygSdVWewQ,"The video splices shots of Peter Parker as an ordinary man and as Spider-Man. The video also includes scenes where Peter is being bullied or ignored, contrasted with scenes where Spider-Man is celebrated. This juxtaposition highlights the theme of the video, which is that people love Spider-Man but don't care about Peter Parker."
1075-3,GfygSdVWewQ,Wrongly-led Open-ended Question,Plot Attribute (Montage),Is the video simply splicing together shots of an ordinary person and Spider-Man just to suggest that they are the same person?,60.61,Please state your answer with a brief explanation.,"No, the video splices together shots of Peter Parker and Spider-Man, who are the same person.",https://www.youtube.com/shorts/GfygSdVWewQ,"The video splices together shots of Peter Parker and Spider-Man. Peter Parker is Spider-Man's alter ego. Therefore, the video is not simply splicing together shots of an ordinary person and Spider-Man."
1075-7,GfygSdVWewQ,Multiple-choice Question with a Single Correct Answer,Plot Attribute (Montage),"Why does the video splice together shots of the ordinary man and Spider-Man?
A. To compare the exclusion of ordinary people with Spider-Man's hero identity.
B. To highlight Peter Parker's personal life.
C. To emphasize Spider-Man's powers.
D. To show Peter Parker's dual identity.",60.61,"E. None of the above
Select one best answer to the above multiple-choice question based on the video. Respond with only the letter (A, B, C, D or E) of the correct option.",D,https://www.youtube.com/shorts/GfygSdVWewQ,"The video splices together shots of Peter Parker and Spider-Man to highlight the contrast between his ordinary life and his superhero identity. The top comments also suggest that Peter Parker is not appreciated as much as Spider-Man. Therefore, the video is trying to show Peter Parker's dual identity."
1080-0,LD8Br6QMZqg,Primary Open-ended Question,Character Motivation Causality,Why does the man peel the carrot and seems amazed?,44.61,Please state your answer with a brief explanation.,"The man peels the carrot to show how easy it is to peel a carrot with a regular peeler, contrasting it with the overly complicated method of creating a peeler from a spoon. He seems amazed at the unnecessary complexity of the initial method when a simple peeler does the job efficiently.",https://youtube.com/shorts/LD8Br6QMZqg,"1. The video starts with a demonstration of how to turn a spoon into a peeler using an angle grinder and sandpaper.
2. The person then uses the modified spoon to peel a carrot.
3. Khaby Lame then appears in the kitchen with a carrot and a peeler.
4. He peels the carrot with the peeler, demonstrating the simpler and more conventional method.
5. Khaby then looks at the camera with a look of disbelief and exasperation, questioning the need for the complicated spoon-peeler contraption when a regular peeler works just fine."
1080-1,LD8Br6QMZqg,Paraphrased Open-ended Question,Character Motivation Causality,The reason why this man peels the carrot and appears amazed is？,44.61,Please state your answer with a brief explanation.,He is amazed at the unnecessary complexity of using a modified spoon to peel a carrot when a simple peeler works just fine.,https://youtube.com/shorts/LD8Br6QMZqg,"The video shows someone using an angle grinder and sandpaper to modify a spoon into a makeshift peeler. Then, Khaby peels a carrot with a normal peeler. He is amazed at the unnecessary complexity of using a modified spoon to peel a carrot when a simple peeler works just fine."
1080-2,LD8Br6QMZqg,Correctly-led Open-ended Question,Character Motivation Causality,Is the man peeling the carrot and feeling amazed because he doesn't understand why the previous person had to go through so much trouble to peel it?,44.61,Please state your answer with a brief explanation.,"Yes, the man is peeling the carrot and is disappointed because he doesn't understand why the previous person had to go through so much trouble to peel it.",https://youtube.com/shorts/LD8Br6QMZqg,"The video shows someone using an angle grinder and sandpaper to modify a spoon into a makeshift peeler. Then, Khaby Lame peels a carrot with a normal peeler. He then looks at the camera with a disappointed expression, implying that the first method was unnecessarily complicated.
Therefore, the man is peeling the carrot and is disappointed because he doesn't understand why the previous person had to go through so much trouble to peel it."
1080-3,LD8Br6QMZqg,Wrongly-led Open-ended Question,Character Motivation Causality,Did the man peel the carrots and feel surprised because another person had actually made a usable carrot peeler out of a spoon?,44.61,Please state your answer with a brief explanation.,"No, the man peeled the carrots and felt disappointed because it was unnecessary to make a carrot peeler out of a spoon.",https://youtube.com/shorts/LD8Br6QMZqg,The video shows a person using an angle grinder and sandpaper to make a carrot peeler out of a spoon. The video then shows Khaby peeling a carrot with a knife and then with the spoon peeler. He then looks at the camera with a disappointed look.
1080-7,LD8Br6QMZqg,Multiple-choice Question with a Single Correct Answer,Character Motivation Causality,"Why does the man seem amazed while peeling the carrot?
A. He is using a new vegetable peeler.
B. He is peeling the carrot with his hands.
C. He doesn't understand why the other person had to go through so much trouble to peel the carrot.
D. He is using a sharpened spoon.",44.61,"E. None of the above
Select one best answer to the above multiple-choice question based on the video. Respond with only the letter (A, B, C, D or E) of the correct option.",C,https://youtube.com/shorts/LD8Br6QMZqg,"The video shows someone using an angle grinder and sandpaper to sharpen a spoon. Then, they use the sharpened spoon to peel a carrot. Khaby then shows a carrot and a peeler, and peels the carrot with the peeler. He looks at the camera with a look of disbelief, as if to say, ""Why would someone go through all that trouble to peel a carrot when a peeler works just fine?""
Therefore, the answer is C."
1081-0,erlagkVhNDI,Primary Open-ended Question,Element Attributes,What does the little green brick represent?,31.49,Please state your answer with a brief explanation.,The little green bricks represent mouthwash.,https://youtube.com/shorts/erlagkVhNDI,"The question asks what the little green brick represents.
I need to look at the video and transcript to find the answer.
At timestamp 0:00:18, the presenter uses a container full of little green bricks to represent mouthwash."
1081-1,erlagkVhNDI,Paraphrased Open-ended Question,Element Attributes,What is the significance of the small green brick in the video?,31.49,Please state your answer with a brief explanation.,The small green bricks are used as mouthwash for the Lego mimic.,https://youtube.com/shorts/erlagkVhNDI,"The question asks about the significance of the small green brick in the video.
I need to look for the part of the video where a small green brick is shown.
At timestamp 00:00:18, a container with a green lid is shown. The container is filled with small green bricks.
The presenter pours the small green bricks into the mouth of the Lego mimic.
The presenter then says ""swish that around and spit"".
Therefore, the small green bricks are used as mouthwash."
1081-2,erlagkVhNDI,Correctly-led Open-ended Question,Element Attributes,Does the little green brick in the video represent mouthwash used in the teeth cleaning demonstration?,31.49,Please state your answer with a brief explanation.,"Yes, the little green bricks in the video represent mouthwash used in the teeth cleaning demonstration.",https://youtube.com/shorts/erlagkVhNDI,"The video shows the creator demonstrating the daily oral hygiene routine for the LEGO brick mimic.
The creator uses LEGO floss, LEGO mouthwash, and a LEGO toothbrush with toothpaste.
The mouthwash is represented by small green LEGO pieces."
1081-3,erlagkVhNDI,Wrongly-led Open-ended Question,Element Attributes,Does the little green brick in the video represent grass?,31.49,Please state your answer with a brief explanation.,"No, the little green bricks in the video represent mouthwash.",https://youtube.com/shorts/erlagkVhNDI,"The question asks if the little green brick in the video represents grass.
The video shows the daily oral hygiene routine of a Lego brick mimic.
At timestamp 0:17, the video shows the mouthwash being poured into the mimic's mouth.
At timestamp 0:20, the mimic spits the mouthwash into a sink. The sink is made of white Lego bricks and has some small green Lego pieces scattered around it.
Given the context of the scene, the green pieces likely represent the mouthwash that was spat into the sink."
1081-7,erlagkVhNDI,Multiple-choice Question with a Single Correct Answer,Element Attributes,"What does the little green brick represent in the video?
A. A Lego piece for building
B. A part of a monster-like box
C. Mouthwash
D. Grass",31.49,"E. None of the above
Select one best answer to the above multiple-choice question based on the video. Respond with only the letter (A, B, C, D or E) of the correct option.",C,https://youtube.com/shorts/erlagkVhNDI,"The video shows the daily oral hygiene routine of a Lego brick mimic. The routine includes flossing, using mouthwash, and brushing. The mouthwash is represented by small green Lego pieces."
1087-0,v93w7cXDNC0,Primary Open-ended Question,Displacement Attribute,"In which direction is the circle on the left, from the camera perspective moving?",15.12,Please state your answer with a brief explanation.,"The circle on the left appears to be moving to the left, from the camera perspective.",https://www.youtube.com/shorts/v93w7cXDNC0,The video creator states that the circles appear to be moving in the same direction as the arrows are pointing. The circle on the left has an arrow pointing to the left.
1087-1,v93w7cXDNC0,Paraphrased Open-ended Question,Displacement Attribute,What is the movement direction of the circle on the left from the camera's viewpoint?,15.12,Please state your answer with a brief explanation.,"The circle on the left appears to be moving to the left, as indicated by the arrow within it.",https://www.youtube.com/shorts/v93w7cXDNC0,"1. The video presents an optical illusion with two circles.
2. Initially, the video claims the circles appear to be moving in the direction the arrows are pointing.
3. The arrow in the left circle points to the left.
4. Therefore, from the camera's viewpoint, the circle on the left appears to be moving to the left."
1087-2,v93w7cXDNC0,Correctly-led Open-ended Question,Displacement Attribute,"Is it true that the circle on the left does not actually move, despite appearing to shift due to the arrow's direction?",15.12,Please state your answer with a brief explanation.,"According to the video creator, the circle on the left does not actually move. He claims it is an optical illusion. However, many commenters disagree, stating that the circles continue to move even when the arrows are covered.",https://www.youtube.com/shorts/v93w7cXDNC0,"The video creator claims that the circles only appear to be moving in the direction of the arrows. He suggests covering the arrows with your fingers to see that the circles are not actually moving. However, many commenters disagree, stating that the circles continue to move even when the arrows are covered. Some commenters suggest that the circles are actually moving at the beginning of the video, but stop moving when the creator instructs viewers to cover the arrows. Other commenters suggest that the illusion is caused by the movement of the colors within the circles, not the arrows themselves. Some commenters also suggest that the circles are actually moving, but the movement is very subtle."
1087-3,v93w7cXDNC0,Wrongly-led Open-ended Question,Displacement Attribute,Dose the circle on the left move in the direction indicated by the arrow inside it?,15.12,Please state your answer with a brief explanation.,"Yes, at the beginning of the video, the circle on the left appears to move in the direction indicated by the arrow inside it. However, the illusion may be caused by the colors in the circle, not the arrows themselves.",https://www.youtube.com/shorts/v93w7cXDNC0,"The video presents an optical illusion with two circles, each containing an arrow. The presenter claims that the circles appear to move in the direction of the arrows. The presenter then instructs the viewer to cover the arrows with their fingers, at which point the circles should no longer appear to move.
I will analyze the video and top comments to determine if the circle on the left moves in the direction indicated by the arrow inside it.
The presenter says that the circles appear to be moving in the same direction the arrows are pointing.
Many top comments indicate that the circles still appear to move even when the arrows are covered.
Some comments suggest that the circles only move at the beginning of the video, before the presenter instructs the viewer to cover the arrows.
Other comments suggest that the illusion is caused by the colors in the circle, not the arrows.
One comment suggests that the circles are actually moving, but very subtly.
Another comment suggests that the circles are not moving at all, and that the illusion is caused by the colors in the circle.
Based on the video and top comments, it is likely that the circle on the left does move in the direction indicated by the arrow inside it, at least at the beginning of the video. However, the illusion may be caused by the colors in the circle, not the arrows themselves."
1087-7,v93w7cXDNC0,Multiple-choice Question with a Single Correct Answer,Displacement Attribute,"What is the actual movement of the circle on the left?
A. It moves to the right.
B. It moves up and down.
C. It does not move.
D. It moves to the left.",15.12,"E. None of the above
Select one best answer to the above multiple-choice question based on the video. Respond with only the letter (A, B, C, D or E) of the correct option.",C,https://www.youtube.com/shorts/v93w7cXDNC0,"The video claims that the circles appear to be moving in the direction of the arrows, but when you cover the arrows with your fingers, you can see that they are not actually moving. The illusion is that your brain is tricked into thinking they are moving.
Therefore, the actual movement of the circle on the left is that it does not move."
1090-0,myeDvP4Tz4E,Primary Open-ended Question,Element Attributes (Optical Illusion),What does the person's painting on the ground look like from the perspective of a group of sheep in the video?,35.74,Please state your answer with a brief explanation.,"From the sheep's perspective, the painting on the ground would likely appear as a distorted set of lines and shapes, not resembling a ledge or hole.",https://www.youtube.com/shorts/myeDvP4Tz4E,"The video and many comments indicate that the optical illusion only works from a specific perspective, which is the viewer's perspective in the video. From the sheep's perspective, the drawing would likely appear as a distorted or abstract set of lines and shapes on the road, not resembling a ledge or hole."
1090-1,myeDvP4Tz4E,Paraphrased Open-ended Question,Element Attributes (Optical Illusion),How does the painting on the ground appear to the sheep in the video?,35.74,Please state your answer with a brief explanation.,"The painting would not appear as a ledge to the sheep. The optical illusion is created from the viewer's perspective, so the sheep would likely see a distorted or messy drawing on the ground.",https://www.youtube.com/shorts/myeDvP4Tz4E,"1. The question asks how the painting appears to the sheep.
2. The video description mentions that the artist tried to create a false perspective.
3. The video captions mention that the illusion works from ""our point of view"".
4. Several comments mention that the illusion only works from the viewer's perspective and would not look like a ledge to the sheep.
5. Some comments suggest that the sheep may have smelled the paint or chalk.
6. One comment suggests that the sheep were directed by the shepherd.
7. Based on the information, the painting would not appear as a ledge to the sheep because the perspective is designed for the viewer. It would likely appear as a distorted or messy drawing on the ground."
1090-2,myeDvP4Tz4E,Correctly-led Open-ended Question,Element Attributes (Optical Illusion),Does the painting on the ground look like a broken bridge to the sheep?,35.74,Please state your answer with a brief explanation.,"No, the painting on the ground does not look like a broken bridge to the sheep (or goats). The optical illusion is designed to work from a specific viewpoint, which is not the perspective of the animals.",https://www.youtube.com/shorts/myeDvP4Tz4E,"The video shows a man drawing an optical illusion on a road to fool a flock of sheep. The illusion is designed to look like a broken bridge from a specific viewpoint. The question asks if the painting looks like a broken bridge to the sheep.
Based on the video and the comments, the optical illusion only works from a specific perspective, which is the viewer's perspective in the video. The sheep (or goats, as many commenters point out) would not perceive the drawing as a broken bridge because they are approaching it from a different angle. Several comments confirm this."
1090-3,myeDvP4Tz4E,Wrongly-led Open-ended Question,Element Attributes (Optical Illusion),Dose the painting on the ground appears to the sheep like a large puddle?,35.74,Please state your answer with a brief explanation.,"No, the painting would not appear as a large puddle to the sheep because the optical illusion is created from a specific perspective, and it would not look the same from the sheep's point of view.",https://www.youtube.com/shorts/myeDvP4Tz4E,"The question asks if the painting on the ground appears to the sheep like a large puddle.
The video shows that the optical illusion is created from a specific perspective. The comments also confirm that the illusion only works from the viewer's angle, not from the sheep's perspective. Therefore, the painting would not appear as a large puddle to the sheep."
1090-7,myeDvP4Tz4E,Multiple-choice Question with a Single Correct Answer,Element Attributes (Optical Illusion),"What does the painting on the ground look like to the sheep?
A. A solid wall
B. A broken bridge
C. A tunnel
D. A raised platform",35.74,"E. None of the above
Select one best answer to the above multiple-choice question based on the video. Respond with only the letter (A, B, C, D or E) of the correct option.",E,https://www.youtube.com/shorts/myeDvP4Tz4E,"The video shows an artist creating an optical illusion on a road to fool a flock of sheep. The illusion is designed to look like a ledge or a drop-off from a specific viewpoint. However, from the sheep's perspective, the drawing would not appear as a ledge. The comments also confirm that the illusion only works from the viewer's perspective. Therefore, the painting would likely appear as a distorted or abstract pattern on the ground to the sheep."
1091-0,1BW-MQMdTRQ,Primary Open-ended Question,Element Attributes (Optical Illusion),"Based on dual perception, how many people can be identified in the last video?",14.77,Please state your answer with a brief explanation.,"Based on dual perception, four people can be identified in the image. There is a woman reading on a bench, a man standing behind her, and a woman walking in the background. Additionally, the faces of a man and a woman can be seen in the negative space of the image.",https://www.youtube.com/shorts/1BW-MQMdTRQ,"1. Analyze the image in the video to identify the number of people that can be seen.
2. Consider the possibility of dual perception, where the image can be interpreted in multiple ways.
3. Count the number of people based on the most common interpretation."
1091-1,1BW-MQMdTRQ,Paraphrased Open-ended Question,Element Attributes (Optical Illusion),"How many individuals are visible in the final segment of the video, and can you describe them?",14.77,Please state your answer with a brief explanation.,"There are three individuals visible in the final segment of the video. One is a woman with long hair sitting on a bench and reading a book. Another is an older man with a beard, wearing a dark robe and holding a book, standing behind her. The third is a woman standing in the background near a house.",https://www.youtube.com/shorts/1BW-MQMdTRQ,"1. Analyze the image in the final segment of the video.
2. Identify the individuals present in the image.
3. Describe the individuals based on their appearance and actions.
4. Count the number of individuals identified."
1091-2,1BW-MQMdTRQ,Correctly-led Open-ended Question,Element Attributes (Optical Illusion),"Can you confirm if there are three people visible in the last video, including a person sitting on a bench reading a book, another person standing behind her wearing dark clothing, and a man dressed in pink with a hat standing next to the man in dark clothing?",14.77,Please state your answer with a brief explanation.,"Yes, there are three people visible in the image: a woman sitting on a bench reading a book, a man standing behind her wearing dark clothing, and a person dressed in pink with a hat standing in the background.",https://www.youtube.com/shorts/1BW-MQMdTRQ,"The question asks about the number of people visible in the image.
Based on the image, I can see a woman sitting on a bench reading a book, a man standing behind her wearing dark clothing, and another person standing in the background.
The person in the background appears to be wearing pink clothing and a hat.
Therefore, there are three people visible in the image."
1091-3,1BW-MQMdTRQ,Wrongly-led Open-ended Question,Element Attributes (Optical Illusion),"Is it true that only two people can be identified in the last video, one sitting and one standing behind?",14.77,Please state your answer with a brief explanation.,"No, it is not true. There are three people in the image: one sitting, one standing behind her, and another one in the background.",https://www.youtube.com/shorts/1BW-MQMdTRQ,"The question asks about the number of people that can be identified in the video.
By carefully observing the image in the video, it is possible to identify three people: one sitting, one standing behind her, and another one in the background."
1091-7,1BW-MQMdTRQ,Multiple-choice Question with a Single Correct Answer,Element Attributes (Optical Illusion),"How many people can be identified in the last video?
A. One
B. Three
C. Four
D. Two",14.77,"E. None of the above
Select one best answer to the above multiple-choice question based on the video. Respond with only the letter (A, B, C, D or E) of the correct option.",B,https://www.youtube.com/shorts/1BW-MQMdTRQ,The video shows an image with an optical illusion. There are three people in the image.
1095-0,O3DoSbaw4E0,Primary Open-ended Question,Objective Causality (Videography Phenomenon & Illusion),What does the person in the upper left corner do by throwing a small stone into the keg?,8.66,Please state your answer with a brief explanation.,The person in the upper left corner throws small stones into a blue bucket.,https://www.youtube.com/shorts/O3DoSbaw4E0,"1. Identify the clip in the upper left corner, labeled as ""CLIP -1"".
2. Observe the action in CLIP-1: A person is squatting and throwing small stones into a blue bucket."
1095-1,O3DoSbaw4E0,Paraphrased Open-ended Question,Objective Causality (Videography Phenomenon & Illusion),What was the reason for the person in the upper left corner threw a small stone into the keg?,8.66,Please state your answer with a brief explanation.,"The person in the upper left corner threw a small stone into the keg to prepare the scene for the final result, which involves a person jumping into the keg of water.",https://www.youtube.com/shorts/O3DoSbaw4E0,"1. The question asks about the reason for throwing a small stone into the keg.
2. The video shows the process of creating a creative video.
3. The person in the upper left corner is preparing the scene for the final result.
4. The final result shows a person jumping into a keg of water.
5. Therefore, the reason for throwing a small stone into the keg is to prepare the scene for the final result."
1095-2,O3DoSbaw4E0,Correctly-led Open-ended Question,Objective Causality (Videography Phenomenon & Illusion),Dose the person in the upper left corner threw a small stone into the keg to create a visual effect in the edited video where it looks like someone jumping into the water and splashing?,8.66,Please state your answer with a brief explanation.,"The person in the upper left corner is preparing the bucket with water, but it is not clear if he is throwing a stone into the bucket.",https://www.youtube.com/shorts/O3DoSbaw4E0,"The video shows the process of creating a visual effect. In the upper left corner (CLIP -1), the person is preparing the bucket with water. It is not clear if he is throwing a stone into the bucket. However, the final result shows that the person in CLIP-2 jumps and the person in CLIP-3 is in the bucket."
1095-3,O3DoSbaw4E0,Wrongly-led Open-ended Question,Objective Causality (Videography Phenomenon & Illusion),Does the person in the upper left corner cause someone to appear inside the keg by throwing a small stone?,8.66,Please state your answer with a brief explanation.,"Yes, the person in the upper left corner causes someone to appear inside the keg by throwing a small stone.",https://www.youtube.com/shorts/O3DoSbaw4E0,"The question asks if the person in the upper left corner causes someone to appear inside the keg by throwing a small stone.
The video shows a person in the upper left corner throwing a stone into a bucket of water. The final result shows a person inside the bucket of water."
1095-7,O3DoSbaw4E0,Multiple-choice Question with a Single Correct Answer,Objective Causality (Videography Phenomenon & Illusion),"What happens when the person in the upper left corner throws a small stone into the keg?
A. It causes the keg to overflow.
B. It makes the keg disappear.
C. It causes someone to appear inside the keg.
D. It creates a visual effect with a splash of liquid.",8.66,"E. None of the above
Select one best answer to the above multiple-choice question based on the video. Respond with only the letter (A, B, C, D or E) of the correct option.",C,https://www.youtube.com/shorts/O3DoSbaw4E0,The video shows a creative videography tutorial. The final result shows a person inside the keg after the stone is thrown in.
1101-0,budZcalJRO8,Primary Open-ended Question,Character Motivation Causality,"During the shoot, why did the man gradually submerge the piece of paper under water?",10.3,Please state your answer with a brief explanation.,The man gradually submerged the piece of paper under water to create the illusion of the goddess Durga floating on the water.,https://www.youtube.com/shorts/budZcalJRO8,"The video shows a man gradually submerging a piece of paper with an image on it under water. The final shot shows the image of the goddess Durga seemingly floating on the water. Therefore, the man submerged the paper to create the illusion of the goddess floating on the water."
1101-1,budZcalJRO8,Paraphrased Open-ended Question,Character Motivation Causality,What was the reason for the man to slowly dip the piece of paper into the water during the shoot?,10.3,Please state your answer with a brief explanation.,The man slowly dipped the piece of paper into the water to create a creative video effect of the goddess Durga appearing to float on the water.,https://www.youtube.com/shorts/budZcalJRO8,"The video shows two men in a river, one holding a phone to record and the other slowly dipping a piece of paper with an image on it into the water. The final shot shows the image of the goddess Durga floating on the water. Therefore, the reason for slowly dipping the paper into the water is to create a creative video effect of the goddess Durga appearing to float on the water."
1101-2,budZcalJRO8,Correctly-led Open-ended Question,Character Motivation Causality,Did the man submerge the paper gradually to create an effect of it emerging from the water in the final video?,10.3,Please state your answer with a brief explanation.,"Yes, the man submerged the paper gradually to create an effect of it emerging from the water in the final video.",https://www.youtube.com/shorts/budZcalJRO8,"The video shows two men in the water. One is holding a phone and recording, while the other is holding a paper cutout of a deity. The video shows the paper cutout being submerged in the water. The final shot shows the paper cutout emerging from the water. Therefore, the paper was submerged gradually to create the effect of it emerging from the water."
1101-3,budZcalJRO8,Wrongly-led Open-ended Question,Character Motivation Causality,Was the purpose of slowly submerging the paper into the water to make it completely wet?,10.3,Please state your answer with a brief explanation.,"No, the purpose of slowly submerging the paper into the water was to create a visual effect for the video.",https://www.youtube.com/shorts/budZcalJRO8,"The video shows a paper cutout of a deity being placed in water. The purpose of submerging the paper is not explicitly stated, but it appears to be part of a creative video project. The paper is slowly submerged to create a visual effect of the deity floating on the water."
1101-7,budZcalJRO8,Multiple-choice Question with a Single Correct Answer,Character Motivation Causality,"Why did the man gradually submerge the piece of paper under water?
A. To create a visual effect of the paper emerging from the water.
B. To ensure a controlled transition.
C. To maintain the integrity of the image on the paper.
D. To make the paper completely wet.",10.3,"E. None of the above
Select one best answer to the above multiple-choice question based on the video. Respond with only the letter (A, B, C, D or E) of the correct option.",A,https://www.youtube.com/shorts/budZcalJRO8,The video shows a man gradually submerging a piece of paper with an image of Durga Maa in water. The final shot shows the image floating on the water. The gradual submersion is likely to create a visual effect of the image emerging from the water.
1111-0,CTYUD-TtBPA,Primary Open-ended Question,Element Localization,Who decided to sit down after standing up instead of joining the dance?,16.38,Please state your answer with a brief explanation.,The woman wearing a brown saree decided to sit back down instead of joining the dance.,https://www.youtube.com/shorts/CTYUD-TtBPA,"The video shows four women standing up to dance with the content creator. One of the women, who is wearing a brown saree, decides to sit back down after standing up."
1111-1,CTYUD-TtBPA,Paraphrased Open-ended Question,Element Localization,Who chose to sit back down after initially standing up instead of participating in the dance?,16.38,Please state your answer with a brief explanation.,The woman wearing a maroon sari chose to sit back down after initially standing up.,https://www.youtube.com/shorts/CTYUD-TtBPA,"The video shows a man dancing with a group of women. Initially, all four women stand up to dance with him. However, one of the women, who is wearing a maroon sari, sits back down after a few seconds."
1111-2,CTYUD-TtBPA,Correctly-led Open-ended Question,Element Localization,Was it the woman in the brown and red sari who decided to sit down after standing up instead of joining the dance?,16.38,Please state your answer with a brief explanation.,"Yes, it was the woman in the brown and red sari who decided to sit down after standing up instead of joining the dance.",https://www.youtube.com/shorts/CTYUD-TtBPA,"The video shows four women sitting on a ledge. When the music starts, all four women stand up. The woman in the brown and red sari is the second from the left. After standing up, she sits back down."
1111-3,CTYUD-TtBPA,Wrongly-led Open-ended Question,Element Localization,Was it the man in the white shirt who decided to sit down after standing up instead of joining the dance?,16.38,Please state your answer with a brief explanation.,"No, the man in the white shirt did not stand up at all.",https://www.youtube.com/shorts/CTYUD-TtBPA,The video shows a man in a white shirt sitting down on the left side of the screen. He does not stand up to dance.
1111-7,CTYUD-TtBPA,Multiple-choice Question with a Single Correct Answer,Element Localization,"Who decided to sit down after standing up instead of joining the dance?
A. The man in the white shirt
B. The woman in the green sari
C. The man in the blue shirt
D. The woman in the brown and red sari",16.38,"E. None of the above
Select one best answer to the above multiple-choice question based on the video. Respond with only the letter (A, B, C, D or E) of the correct option.",D,https://www.youtube.com/shorts/CTYUD-TtBPA,The video shows the woman in the brown and red sari sitting back down after standing up.
1112-0,1nMiInCRdfU,Primary Open-ended Question,Element Localization,Who took the firework instead of lighter?,31.79,Please state your answer with a brief explanation.,His friend took the firework.,https://www.youtube.com/shorts/1nMiInCRdfU,"The question asks who took the firework instead of the lighter.
The video transcript says ""turns out his friend had taken the firework""."
1112-1,1nMiInCRdfU,Paraphrased Open-ended Question,Element Localization,Who picked up the firework instead of the lighter?,31.79,Please state your answer with a brief explanation.,The friend picked up the firework instead of the lighter.,https://www.youtube.com/shorts/1nMiInCRdfU,"The question is ""Who picked up the firework instead of the lighter?"".
The video shows two guys trying to set off a firework. They cover it with a bucket and run away. One of them comes back to check on it and finds only the lighter. The narrator says that his friend had taken the firework."
1112-2,1nMiInCRdfU,Correctly-led Open-ended Question,Element Localization,Was it the person in the blue shirt who took the firework instead of the lighter?,31.79,Please state your answer with a brief explanation.,"Yes, it was the person in the blue shirt who took the firework.",https://www.youtube.com/shorts/1nMiInCRdfU,The video shows the person in the pink shirt lifting the bucket to find only the lighter. The narrator states that the friend had taken the firework. The video shows the person in the blue shirt exiting the building after the firework went off.
1112-3,1nMiInCRdfU,Wrongly-led Open-ended Question,Element Localization,Was it the person in the white shirt who took the firework instead of the lighter?,31.79,Please state your answer with a brief explanation.,"Yes, it was the person in the white shirt who took the firework.",https://www.youtube.com/shorts/1nMiInCRdfU,The video shows that the person in the white shirt took the firework.
1112-7,1nMiInCRdfU,Multiple-choice Question with a Single Correct Answer,Element Localization,"Who took the firework instead of the lighter?
A. The person in the blue shirt.
B. The person in the pink shirt.
C. The person in the green shirt.
D. The person in the white shirt.",31.79,"E. None of the above
Select one best answer to the above multiple-choice question based on the video. Respond with only the letter (A, B, C, D or E) of the correct option.",B,https://www.youtube.com/shorts/1nMiInCRdfU,The video explains that the person in the pink shirt took the lighter and the friend took the firework.
1117-0,l9HF9qcNvBs,Primary Open-ended Question,Element Localization,Who made the water overflow and failed the challenge?,58.86,Please state your answer with a brief explanation.,The person in the light purple shirt made the water overflow and failed the challenge.,https://www.youtube.com/shorts/l9HF9qcNvBs,"The question asks who made the water overflow and failed the challenge.
I need to watch the video and identify the person who caused the water to spill over the glass.
At 0:10, the person in the light purple shirt made the water overflow."
1117-1,l9HF9qcNvBs,Paraphrased Open-ended Question,Element Localization,Who was responsible for the water overflowing and losing the challenge?,58.86,Please state your answer with a brief explanation.,The person in the purple shirt was responsible for the water overflowing and losing the challenge.,https://www.youtube.com/shorts/l9HF9qcNvBs,The video shows a group of people taking turns filling a glass with water. The person in the purple shirt was responsible for the water overflowing and losing the challenge.
1117-2,l9HF9qcNvBs,Correctly-led Open-ended Question,Element Localization,Was it the person in the blue shirt who caused the water to overflow and failed the challenge?,58.86,Please state your answer with a brief explanation.,"No, it was not the person in the blue shirt who caused the water to overflow. It was the person in the purple shirt.",https://www.youtube.com/shorts/l9HF9qcNvBs,"1. Review the video to identify the person in the blue shirt.
2. Observe the video to see if the person in the blue shirt caused the water to overflow.
3. Note that the person in the blue shirt did not cause the water to overflow. The person in the purple shirt caused the water to overflow."
1117-3,l9HF9qcNvBs,Wrongly-led Open-ended Question,Element Localization,Was it the person in the red shirt who made the water overflow and failed the challenge?,58.86,Please state your answer with a brief explanation.,"No, it was not the person in the red shirt who made the water overflow. The water overflowed when the person in the blue shirt was filling the glass.",https://www.youtube.com/shorts/l9HF9qcNvBs,"1. I need to watch the video to determine who caused the water to overflow.
2. I need to pay close attention to the order in which each person fills the glass and whether any spillage occurs during their turn.
3. I need to identify the person wearing the red shirt and observe their actions.
4. I need to determine if the water overflowed during the red shirt person's turn."
1117-7,l9HF9qcNvBs,Multiple-choice Question with a Single Correct Answer,Element Localization,"Who made the water overflow and failed the challenge?
A. The person in the yellow shirt
B. The person in the red shirt
C. The person in the purple shirt
D. The person in the blue shirt",58.86,"E. None of the above
Select one best answer to the above multiple-choice question based on the video. Respond with only the letter (A, B, C, D or E) of the correct option.",C,https://www.youtube.com/shorts/l9HF9qcNvBs,The video shows a group of people taking turns filling a glass with water. The person in the purple shirt is the one who causes the water to overflow.
1119-0,JdPIts7RgUM,Primary Open-ended Question,Positional Relationship,Where's the iron bowl when the person in red reacted to the cat and dog picture?,11.97,Please state your answer with a brief explanation.,The iron bowl is on the person's lap at 0:00.,https://www.youtube.com/shorts/JdPIts7RgUM,"The question asks about the location of the iron bowl when the person in red reacted to the cat and dog picture.
The person in red is sitting on a couch at the beginning of the video.
The video starts at 0:00."
1119-1,JdPIts7RgUM,Paraphrased Open-ended Question,Positional Relationship,Where is the iron bowl located when the person in red responds to the image of the cat and dog?,11.97,Please state your answer with a brief explanation.,The iron bowl is on the floor next to the couch.,https://www.youtube.com/shorts/JdPIts7RgUM,"1. The question asks where the iron bowl is located when the person in red responds to the image of the cat and dog.
2. Scan the transcript for the phrase ""that is pretty good"" because that is what the person in red says.
3. Scan the video for when the person in red says ""that is pretty good""
4. The person in red is on the floor next to the couch when he says ""that is pretty good""
5. The iron bowl is on the floor next to the couch."
1119-2,JdPIts7RgUM,Correctly-led Open-ended Question,Positional Relationship,Is the iron bowl on the floor under the oversized phone screen when the person in red reacts to the cat and dog picture?,11.97,Please state your answer with a brief explanation.,"No, the iron bowl is not on the floor under the oversized phone screen when the person in red reacts to the cat and dog picture.",https://www.youtube.com/shorts/JdPIts7RgUM,"The question asks if the iron bowl is on the floor under the oversized phone screen when the person in red reacts to the cat and dog picture.
I need to watch the video and look for the moment when the person in red reacts to the cat and dog picture.
At 0:05-0:07, the person in red is on the floor, covered in popcorn, with the oversized phone screen on top of him.
I can see the floor under the phone screen, and there is no iron bowl visible."
1119-3,JdPIts7RgUM,Wrongly-led Open-ended Question,Positional Relationship,Is the iron bowl on the lap of the person in red when they react to the cat and dog picture?,11.97,Please state your answer with a brief explanation.,"No, the bowl is white, not iron.",https://www.youtube.com/shorts/JdPIts7RgUM,"The question asks about the iron bowl on the lap of the person in red when they react to the cat and dog picture.
I need to check the video to see if the person in red has an iron bowl on their lap when they react to the cat and dog picture.
At [00:00:02] the person in red is sitting on the couch with a bowl of popcorn on their lap.
At [00:00:06] the person in red is on the floor covered in popcorn.
The bowl is white, not iron."
1119-7,JdPIts7RgUM,Multiple-choice Question with a Single Correct Answer,Positional Relationship,"Where is the iron bowl when the person in red reacts to the cat and dog picture?
A. On the lap of the person in red.
B. In the kitchen.
C. On the floor under the oversized phone screen.
D. On the couch next to the person in red.",11.97,"E. None of the above
Select one best answer to the above multiple-choice question based on the video. Respond with only the letter (A, B, C, D or E) of the correct option.",A,https://www.youtube.com/shorts/JdPIts7RgUM,"The question asks where the iron bowl is when the person in red reacts to the cat and dog picture.
The person in red is on the couch at the beginning of the video.
The bowl is on the lap of the person in red."
1121-0,NFMqcsBtY30,Primary Open-ended Question,Positional Relationship,Which symbol is the filament light bulb closest to in the control panel?,20.27,Please state your answer with a brief explanation.,The filament light bulb is closest to the cloud symbol.,https://www.youtube.com/shorts/NFMqcsBtY30,"The question asks about the symbol closest to the filament light bulb in the control panel.
The control panel is shown at 0:08.
The filament light bulb is closest to the cloud symbol."
1121-1,NFMqcsBtY30,Paraphrased Open-ended Question,Positional Relationship,What symbol is nearest to the filament light bulb on the control panel?,20.27,Please state your answer with a brief explanation.,The symbol nearest to the filament light bulb is the clouds.,https://www.youtube.com/shorts/NFMqcsBtY30,"The question asks about the symbol nearest to the filament light bulb on the control panel.
The control panel is visible at 0:08-0:11.
The symbol nearest to the filament light bulb is the clouds."
1121-2,NFMqcsBtY30,Correctly-led Open-ended Question,Positional Relationship,Is the symbol closest to the filament light bulb on the control panel three clouds?,20.27,Please state your answer with a brief explanation.,"Yes, the symbol closest to the filament light bulb on the control panel is three clouds.",https://www.youtube.com/shorts/NFMqcsBtY30,The video shows a control panel with different weather symbols. The symbol closest to the filament light bulb is indeed three clouds.
1121-3,NFMqcsBtY30,Wrongly-led Open-ended Question,Positional Relationship,Is the symbol closest to the filament light bulb on the control panel the sun?,20.27,Please state your answer with a brief explanation.,"Yes, the symbol closest to the filament light bulb on the control panel is the sun.",https://www.youtube.com/shorts/NFMqcsBtY30,The video shows a control panel with different weather symbols. The symbol closest to the filament light bulb is indeed the sun.
1121-7,NFMqcsBtY30,Multiple-choice Question with a Single Correct Answer,Positional Relationship,"Which symbol is the filament light bulb closest to on the control panel?
A. Three clouds
B. Sun
C. Snowflake
D. Lightning",20.27,"E. None of the above
Select one best answer to the above multiple-choice question based on the video. Respond with only the letter (A, B, C, D or E) of the correct option.",D,https://www.youtube.com/shorts/NFMqcsBtY30,"The question asks which symbol is closest to the filament light bulb on the control panel.
At [00:00:09], we can see the control panel. The filament light bulb is closest to the lightning symbol."
1122-0,Z5fnnWTVTrI,Primary Open-ended Question,Positional Relationship,"At the end of the video, where is the little man in the overalls with the white bag?",31.25,Please state your answer with a brief explanation.,"At the end of the video, the little man in the overalls with the white bag is sucked up by the vacuum.",https://www.youtube.com/shorts/Z5fnnWTVTrI,"The question asks where the little man in the overalls with the white bag is at the end of the video.
At the end of the video, the man in the overalls is sucked up by the vacuum."
1122-1,Z5fnnWTVTrI,Paraphrased Open-ended Question,Positional Relationship,Where does the little man in overalls with the white bag end up at the conclusion of the video?,31.25,Please state your answer with a brief explanation.,The little man in overalls with the white bag ends up being sucked up by the vacuum cleaner.,https://www.youtube.com/shorts/Z5fnnWTVTrI,The video shows the man in overalls being sucked up by the vacuum cleaner at the end.
1122-2,Z5fnnWTVTrI,Correctly-led Open-ended Question,Positional Relationship,Does the little man in overalls with the white bag end up inside the vacuum cleaner at the end of the video?,31.25,Please state your answer with a brief explanation.,"Yes, the little man in overalls with the white bag is vacuumed up at the end of the video.",https://www.youtube.com/shorts/Z5fnnWTVTrI,The video shows a miniature world under the couch. The little man in overalls with the white bag is vacuumed up at the end of the video.
1122-3,Z5fnnWTVTrI,Wrongly-led Open-ended Question,Positional Relationship,Is the little man in overalls with the white bag found inside a janitor's closet at the end of the video?,31.25,Please state your answer with a brief explanation.,"Yes, the little man in overalls with the white bag is found inside a janitor's closet at the end of the video.",https://www.youtube.com/shorts/Z5fnnWTVTrI,"The video shows a man vacuuming under a couch. The vacuum sucks up a janitor's closet with two little men in overalls inside. One of the men is carrying a white bag. Therefore, the little man in overalls with the white bag is found inside a janitor's closet at the end of the video."
1122-7,Z5fnnWTVTrI,Multiple-choice Question with a Single Correct Answer,Positional Relationship,"Where is the little man in overalls with the white bag at the end of the video?
A. In a black cylinder of the vacuum cleaner
B. In a toy house
C. On a miniature set
D. Inside a janitor's closet",31.25,"E. None of the above
Select one best answer to the above multiple-choice question based on the video. Respond with only the letter (A, B, C, D or E) of the correct option.",A,https://www.youtube.com/shorts/Z5fnnWTVTrI,"The video shows a transition from under the couch to a miniature set. The little man in overalls with the white bag is seen exiting a ""Janitor's Closet"" on the miniature set. He is then sucked up by the vacuum cleaner.
The question asks where the little man is at the end of the video. The video ends with Zach King looking confused after vacuuming. The little man is inside the vacuum cleaner."
1124-0,_uSQXykxzT0,Primary Open-ended Question,Positional Relationship,Where is the egg after the trick performer pushed on it?,17.62,Please state your answer with a brief explanation.,The egg is inside the bottle.,https://www.youtube.com/shorts/_uSQXykxzT0,The video shows the egg being pushed into the bottle. The water then squirts out of the bottle.
1124-1,_uSQXykxzT0,Paraphrased Open-ended Question,Positional Relationship,What happens to the egg after the performer applies pressure to it?,17.62,Please state your answer with a brief explanation.,The egg causes the water to shoot out of the bottle and onto the person standing behind it.,https://www.youtube.com/shorts/_uSQXykxzT0,"The video shows a performer placing an egg on top of a water bottle. The performer then applies pressure to the egg, causing the water to shoot out of the bottle and onto the person standing behind it."
1124-2,_uSQXykxzT0,Correctly-led Open-ended Question,Positional Relationship,Is the egg actually behind the water bottle and in the hand of the people after the performer pushes on it?,17.62,Please state your answer with a brief explanation.,"No, the egg is gone.",https://www.youtube.com/shorts/_uSQXykxzT0,"The video shows a person drawing a sad face on a yellow paper. Then, the person puts an egg on top of a water bottle. The person then pushes down on the egg, and the water shoots out of the bottle. The egg is not behind the water bottle and in the hand of the people after the performer pushes on it. The egg is gone."
1124-3,_uSQXykxzT0,Wrongly-led Open-ended Question,Positional Relationship,Did the egg end up inside the water bottle after the performer pushed it?,17.62,Please state your answer with a brief explanation.,"No, the egg did not end up inside the water bottle. The water shot out of the bottle when the performer pushed down on the egg.",https://www.youtube.com/shorts/_uSQXykxzT0,"The video shows the performer placing an egg on top of a water bottle. The performer then pushes down on the egg, causing the water to shoot out and soak the person standing behind the bottle. The egg is no longer on top of the bottle.
The video does not show the egg inside the bottle."
1124-7,_uSQXykxzT0,Multiple-choice Question with a Single Correct Answer,Positional Relationship,"Where is the egg after the performer pushes it?
A. Inside the water bottle
B. Behind the water bottle, held by the performer
C. On the floor
D. In the audience's view",17.62,"E. None of the above
Select one best answer to the above multiple-choice question based on the video. Respond with only the letter (A, B, C, D or E) of the correct option.",E,https://www.youtube.com/shorts/_uSQXykxzT0,"The video shows the performer placing an egg on top of a water bottle. He then pushes the egg, and water squirts out of the bottle, soaking the person standing behind the bottle. The egg is no longer on top of the bottle. It is not inside the bottle. It is not being held by the performer. It is not on the floor. It is not in the audience's view."
1127-0,J_W4i0HkKJ0,Primary Open-ended Question,Positional Relationship,"In the third segment, what is the position of the target basket and the ball shooter, from the perspective of the camera?",20.01,Please state your answer with a brief explanation.,"In the third segment, the target basket is positioned to the left of the ball shooter from the camera's perspective.",https://www.youtube.com/shorts/J_W4i0HkKJ0,"1. Locate the third segment in the video.
2. Analyze the position of the target basket and the ball shooter from the camera's perspective."
1127-1,J_W4i0HkKJ0,Paraphrased Open-ended Question,Positional Relationship,How are the target basket and the ball shooter positioned in the third segment from the camera's viewpoint?,20.01,Please state your answer with a brief explanation.,"In the third segment, the target basket is positioned to the left of the ball shooter from the camera's viewpoint.",https://www.youtube.com/shorts/J_W4i0HkKJ0,"1. Identify the third segment in the video. The third segment starts at 0:07.
2. Describe the relative position of the shooter and the target basket from the camera's perspective."
1127-2,J_W4i0HkKJ0,Correctly-led Open-ended Question,Positional Relationship,"In the third segment, is the target basket located behind the man, who is facing away from it and the camera?",20.01,Please state your answer with a brief explanation.,"Yes, in the third segment, the target basket is located behind the man, who is facing away from it and the camera.",https://www.youtube.com/shorts/J_W4i0HkKJ0,"The question asks about the location of the target basket in the third segment.
I need to watch the video and identify the third segment and determine the position of the basket relative to the man.
The third segment starts at 0:07.
In this segment, the man is facing away from the camera, and the basket is behind him."
1127-3,J_W4i0HkKJ0,Wrongly-led Open-ended Question,Positional Relationship,"In the third segment, is the target basket positioned directly in front of the ball shooter, who is facing it?",20.01,Please state your answer with a brief explanation.,"Yes, in the third segment, the target basket is positioned directly in front of the ball shooter, who is facing it.",https://www.youtube.com/shorts/J_W4i0HkKJ0,"The question asks about the third segment.
The third segment starts at 0:07.
In this segment, the shooter is facing the basket."
1127-7,J_W4i0HkKJ0,Multiple-choice Question with a Single Correct Answer,Positional Relationship,"In the third segment, where is the target basket positioned relative to the ball shooter?
A. Above the ball shooter.
B. To the right of the ball shooter.
C. Behind the man, who is facing away from it.
D. On the wooden fence directly in front of the ball shooter.",20.01,"E. None of the above
Select one best answer to the above multiple-choice question based on the video. Respond with only the letter (A, B, C, D or E) of the correct option.",D,https://www.youtube.com/shorts/J_W4i0HkKJ0,"The question asks about the position of the target basket relative to the ball shooter in the third segment.
The third segment starts at 0:04.
In this segment, the basket is positioned directly in front of the ball shooter. The basket is attached to a wooden fence."
1130-0,te4-qw7DW6M,Primary Open-ended Question,Professional Knowledge,What color ball moved significantly when the old man swung his arm the largest magnitude?,16.7,Please state your answer with a brief explanation.,The red ball moved significantly when the old man swung his arm the largest magnitude.,https://www.youtube.com/shorts/te4-qw7DW6M,"The question asks which color ball moved significantly when the old man swung his arm the largest magnitude.
I need to watch the video and observe which ball has the largest swing when the old man swings his arm with the largest magnitude.
The red ball is the one that moves the most when the old man swings his arm with the largest magnitude."
1130-1,te4-qw7DW6M,Paraphrased Open-ended Question,Professional Knowledge,Which ball showed the most movement when the old man swung his arm widely?,16.7,Please state your answer with a brief explanation.,The red ball showed the most movement when the old man swung his arm widely.,https://www.youtube.com/shorts/te4-qw7DW6M,"The question asks which ball showed the most movement when the old man swung his arm widely.
Based on the video, the red ball showed the most movement when the old man swung his arm widely."
1130-2,te4-qw7DW6M,Correctly-led Open-ended Question,Professional Knowledge,Did the red ball move significantly when the old man swung his arm with the largest magnitude?,16.7,Please state your answer with a brief explanation.,"Yes, the red ball moved significantly when the old man swung his arm with the largest magnitude.",https://www.youtube.com/shorts/te4-qw7DW6M,"The question asks about the red ball's movement when the old man swung his arm with the largest magnitude.
I need to observe the video to determine the red ball's movement during the largest swing.
The red ball moved significantly when the old man swung his arm with the largest magnitude."
1130-3,te4-qw7DW6M,Wrongly-led Open-ended Question,Professional Knowledge,Was it the blue ball that moved significantly when the old man swung his arm with the largest magnitude?,16.7,Please state your answer with a brief explanation.,"No, it was the red ball that moved significantly when the old man swung his arm with the largest magnitude.",https://www.youtube.com/shorts/te4-qw7DW6M,"The question is whether the blue ball moved significantly when the old man swung his arm with the largest magnitude.
I need to observe the video to see which ball moved the most when the man swung his arm with the largest magnitude.
From the video, it is clear that the red ball moved significantly when the old man swung his arm with the largest magnitude."
1130-7,te4-qw7DW6M,Multiple-choice Question with a Single Correct Answer,Professional Knowledge,"Which ball moved significantly when the old man swung his arm with the largest magnitude?
A. Red
B. Blue
C. Neither
D. Green",16.7,"E. None of the above
Select one best answer to the above multiple-choice question based on the video. Respond with only the letter (A, B, C, D or E) of the correct option.",A,https://www.youtube.com/shorts/te4-qw7DW6M,"The video shows the old man swinging his arm at different speeds. The red ball moves significantly when the arm is swung at a slow pace, the green ball moves significantly when the arm is swung at a medium pace, and the blue ball moves significantly when the arm is swung at a fast pace. Therefore, the red ball moved significantly when the old man swung his arm with the largest magnitude."
1134-0,J_W4i0HkKJ0,Primary Open-ended Question,Displacement Attribute,How did the ball of the first throw in the last scene move about when it is released by the person?,20.01,Please state your answer with a brief explanation.,"The ball is thrown upwards and backwards, over the house, and into another basketball hoop.",https://www.youtube.com/shorts/J_W4i0HkKJ0,"1. The question is asking about the movement of the ball in the last scene.
2. Need to watch the video to understand the movement of the ball in the last scene.
3. The ball is thrown upwards and backwards, over the house, and into another basketball hoop."
1134-1,J_W4i0HkKJ0,Paraphrased Open-ended Question,Displacement Attribute,What was the trajectory of the ball during the first throw in the final scene when it was released?,20.01,Please state your answer with a brief explanation.,The ball was thrown backwards over the thrower's head and into another basketball hoop.,https://www.youtube.com/shorts/J_W4i0HkKJ0,"1. Identify the final scene in the video.
2. Analyze the trajectory of the ball during the first throw in the final scene.
3. Describe the trajectory of the ball."
1134-2,J_W4i0HkKJ0,Correctly-led Open-ended Question,Displacement Attribute,Did the ball of the first throw in the last scene bounce back to the person after hitting the ring of the hoop?,20.01,Please state your answer with a brief explanation.,"No, the ball of the first throw in the last scene does not bounce back to the person after hitting the ring of the hoop. It bounces into another hoop.",https://www.youtube.com/shorts/J_W4i0HkKJ0,"The question is about the last scene of the video. I need to watch the last scene and see if the ball bounces back to the person after hitting the ring of the hoop.
In the last scene, the ball hits the ring of the hoop and bounces into another hoop. It does not bounce back to the person."
1134-3,J_W4i0HkKJ0,Wrongly-led Open-ended Question,Displacement Attribute,Did the ball of the first throw in the last scene descend directly towards the basketball hoop?,20.01,Please state your answer with a brief explanation.,"No, the ball of the first throw in the last scene did not descend directly towards the basketball hoop.",https://www.youtube.com/shorts/J_W4i0HkKJ0,"The question asks about the first throw in the last scene.
I need to analyze the last scene of the video and observe the trajectory of the ball in the first throw.
The last scene shows the man throwing the ball towards the hoop, but the ball does not descend directly towards the hoop."
1134-7,J_W4i0HkKJ0,Multiple-choice Question with a Single Correct Answer,Displacement Attribute,"How did the ball of the first throw in the last scene move after being released?
A. It descended directly towards the basketball hoop.
B. It moved in a high arc trajectory and bounced back to the person.
C. It moved in a straight line towards the hoop.
D. It was thrown with a downward motion.",20.01,"E. None of the above
Select one best answer to the above multiple-choice question based on the video. Respond with only the letter (A, B, C, D or E) of the correct option.",A,https://www.youtube.com/shorts/J_W4i0HkKJ0,"The question asks about the ball movement of the first throw in the last scene.
The last scene shows the person throwing the ball in a downward motion.
The ball then descends directly towards the basketball hoop."
1137-0,4AqYhTpPpBI,Primary Open-ended Question,Positional Relationship,"When the woman is upside down, which way is the head of the man in white facing?",6.12,Please state your answer with a brief explanation.,"When the woman is upside down, the head of the man in white is facing down.",https://www.youtube.com/shorts/4AqYhTpPpBI,"The video shows a woman, a man in white, and a child. The woman turns upside down, holding the child. The man in white is also upside down. Therefore, the man's head is facing down."
1137-1,4AqYhTpPpBI,Paraphrased Open-ended Question,Positional Relationship,In which direction is the man in white looking when the woman is upside down?,6.12,Please state your answer with a brief explanation.,The man in white is looking at the camera when the woman is upside down.,https://www.youtube.com/shorts/4AqYhTpPpBI,"The video shows a man, a woman, and a child. The woman turns upside down.
I need to determine the direction the man is looking when the woman is upside down.
At [00:00:04], the woman is upside down, and the man is looking directly at the camera."
1137-2,4AqYhTpPpBI,Correctly-led Open-ended Question,Positional Relationship,"When the woman is upside down, is the man's head facing up and forward at the camera?",6.12,Please state your answer with a brief explanation.,"Yes, when the woman is upside down, the man's head is facing up and forward at the camera.",https://www.youtube.com/shorts/4AqYhTpPpBI,"The video shows a woman, a man, and a child. The woman holds the child upside down, and then the man holds the woman upside down. When the man is holding the woman upside down, his head is facing up and forward at the camera."
1137-3,4AqYhTpPpBI,Wrongly-led Open-ended Question,Positional Relationship,"When the woman is upside down, is the man's head facing downward?",6.12,Please state your answer with a brief explanation.,"No, the man's head is not facing downward. He is standing upright behind the woman, holding her legs.",https://www.youtube.com/shorts/4AqYhTpPpBI,"The video shows a woman, a man, and a child. The woman turns upside down, holding the child. The man is standing behind her and holding her legs. Therefore, the man's head is not facing downward."
1137-7,4AqYhTpPpBI,Multiple-choice Question with a Single Correct Answer,Positional Relationship,"When the woman is upside down, which direction is the man's head facing?
A. To the left
B. Upward and forward at the camera
C. Backward
D. Downward",6.12,"E. None of the above
Select one best answer to the above multiple-choice question based on the video. Respond with only the letter (A, B, C, D or E) of the correct option.",B,https://www.youtube.com/shorts/4AqYhTpPpBI,"The video shows the woman turning upside down. At that moment, the man's head is facing upward and forward at the camera."
1145-0,N2BiQKS3e2Y,Primary Open-ended Question,Event Duration & Speed Attribute,"As an adult, how long does it past between the woman looking at her phone twice?",30.04,Please state your answer with a brief explanation.,"12 hours. The first time she looks at her phone it is 8:00 AM, and the second time it is 8:00 PM.",https://www.youtube.com/shorts/N2BiQKS3e2Y,"1. The question is asking about the time difference between the woman looking at her phone twice as an adult.
2. The first time she looks at her phone, the time is 8:00.
3. The second time she looks at her phone, the time is 20:00, which is 8:00 PM.
4. Therefore, the time difference is 12 hours."
1145-1,N2BiQKS3e2Y,Paraphrased Open-ended Question,Event Duration & Speed Attribute,What is the time gap between the two instances when the woman checks her phone as an adult?,30.04,Please state your answer with a brief explanation.,The time gap between the two instances when the woman checks her phone as an adult is 12 hours. The first time is 8:00 AM and the second time is 8:00 PM.,https://www.youtube.com/shorts/N2BiQKS3e2Y,"1. Identify the two instances where the woman checks her phone as an adult.
2. Note the time displayed on the phone in each instance.
3. Calculate the time difference between the two instances.
4. The first time she checks her phone, the time is 8:00.
5. The second time she checks her phone, the time is 20:00, which is 8:00 PM.
6. The time gap between 8:00 AM and 8:00 PM is 12 hours."
1145-2,N2BiQKS3e2Y,Correctly-led Open-ended Question,Event Duration & Speed Attribute,Does the woman check her phone 12 hours apart as an adult?,30.04,Please state your answer with a brief explanation.,"Yes, the woman checks her phone 12 hours apart as an adult. The first time is at 8:00 AM and the second time is at 8:00 PM.",https://www.youtube.com/shorts/N2BiQKS3e2Y,"1. Observe the time on the phone when the woman checks it as an adult. The first time is 8:00 and the second time is 20:00.
2. Convert 20:00 to standard time. 20:00 is 8:00 PM.
3. Calculate the time difference between 8:00 AM and 8:00 PM. The time difference is 12 hours."
1145-3,N2BiQKS3e2Y,Wrongly-led Open-ended Question,Event Duration & Speed Attribute,Does the woman check her phone twice within a minute as an adult?,30.04,Please state your answer with a brief explanation.,"No, the woman does not check her phone twice within a minute as an adult. The times she checks her phone are 12 hours apart.",https://www.youtube.com/shorts/N2BiQKS3e2Y,"1. The video shows the woman checking her phone as an adult at [00:00:18] and [00:00:28].
2. The time on the phone at [00:00:18] is 8:00.
3. The time on the phone at [00:00:28] is 20:00 (8:00 PM).
4. Since the times are 12 hours apart, the woman does not check her phone twice within a minute as an adult."
1145-7,N2BiQKS3e2Y,Multiple-choice Question with a Single Correct Answer,Event Duration & Speed Attribute,"How long is the interval between the woman's phone checks as an adult?
A. 30 minutes
B. 1 minute
C. 24 hours
D. 12 hours",30.04,"E. None of the above
Select one best answer to the above multiple-choice question based on the video. Respond with only the letter (A, B, C, D or E) of the correct option.",D,https://www.youtube.com/shorts/N2BiQKS3e2Y,"The video shows the woman checking her phone at 8:00 AM and then again at 8:00 PM.
8:00 PM is 20:00 in 24-hour time.
The interval between 8:00 AM and 8:00 PM is 12 hours."
1159-0,0-ugjds_Rz8,Primary Open-ended Question,Element Localization,What are the fifth and seventh items shown in the video?,16.67,Please state your answer with a brief explanation.,"The fifth item shown in the video is highlighters, which are used to emphasize important text. The seventh item shown in the video is a measurement scale, which is used to measure the length of an object.",https://www.youtube.com/shorts/0-ugjds_Rz8,"1. I will watch the video and identify the fifth and seventh items shown.
2. I will state the items along with a brief explanation."
1159-1,0-ugjds_Rz8,Paraphrased Open-ended Question,Element Localization,Can you identify the fifth and seventh items displayed in the video?,16.67,Please state your answer with a brief explanation.,The fifth item displayed in the video is highlighters. The seventh item displayed in the video is an eraser.,https://www.youtube.com/shorts/0-ugjds_Rz8,"1. I will watch the video and identify the items displayed in order.
2. I will identify the fifth and seventh items.
3. I will state the answer with a brief explanation."
1159-2,0-ugjds_Rz8,Correctly-led Open-ended Question,Element Localization,"Are the fifth and seventh items in the video highlighters and erasers, respectively?",16.67,Please state your answer with a brief explanation.,"Yes, the fifth and seventh items in the video are highlighters and erasers, respectively.",https://www.youtube.com/shorts/0-ugjds_Rz8,"The video displays a series of stationary items. I need to identify the fifth and seventh items shown.
The fifth item shown is highlighters.
The seventh item shown is erasers."
1159-3,0-ugjds_Rz8,Wrongly-led Open-ended Question,Element Localization,Are the fifth and seventh items in the video sticky notes and a measurement scale?,16.67,Please state your answer with a brief explanation.,"Yes, the fifth and seventh items in the video are sticky notes and a measurement scale.",https://www.youtube.com/shorts/0-ugjds_Rz8,"1. I need to identify the fifth and seventh items shown in the video.
2. I will watch the video and note what those items are.
3. I will then answer the question based on my observations.

The fifth item is sticky notes and the seventh item is a measurement scale."
1159-7,0-ugjds_Rz8,Multiple-choice Question with a Single Correct Answer,Element Localization,"What are the fifth and seventh items shown in the video?
A. Highlighters and erasers
B. Pens and glue
C. Sticky notes and measurement scale
D. Notebooks and pencil",16.67,"E. None of the above
Select one best answer to the above multiple-choice question based on the video. Respond with only the letter (A, B, C, D or E) of the correct option.",A,https://www.youtube.com/shorts/0-ugjds_Rz8,"The video shows the following items in order: notebooks, pencils, pens, sticky notes, highlighters, measurement scale, eraser, sharpener, and glue.
The fifth item is highlighters and the seventh item is erasers."
1160-0,yTKp6HP2_wU,Primary Open-ended Question,Element Localization,What is the fourth item shown in the video?,27.38,Please state your answer with a brief explanation.,The fourth item shown in the video is the Tom EDC Mahjong Slider.,https://www.youtube.com/shorts/yTKp6HP2_wU,"1. The question asks for the fourth item shown in the video.
2. I will look at the video description and transcript to find the answer.
3. The video description lists the items in order shown.
4. The fourth item listed in the description is ""Tom EDC Mahjong Slider""."
1160-1,yTKp6HP2_wU,Paraphrased Open-ended Question,Element Localization,What is the fourth toy displayed in the video?,27.38,Please state your answer with a brief explanation.,The fourth toy displayed in the video is the Tom EDC Mahjong Slider.,https://www.youtube.com/shorts/yTKp6HP2_wU,"1. The question asks about the fourth toy displayed in the video.
2. I will refer to the video description and captions to identify the fourth toy.
3. The video description lists the toys in order shown.
4. The fourth toy listed is ""Tom EDC Mahjong Slider""."
1160-2,yTKp6HP2_wU,Correctly-led Open-ended Question,Element Localization,Is the fourth item in the video a metal fidget toy resembling a mahjong tile?,27.38,Please state your answer with a brief explanation.,"Yes, the fourth item in the video is a metal fidget toy resembling a mahjong tile. It is called the ""Tom EDC Mahjong Slider"".",https://www.youtube.com/shorts/yTKp6HP2_wU,"1. The question asks about the fourth item in the video.
2. I need to identify the fourth item from the video's description or transcript.
3. The description lists the items in order. The fourth item is ""Tom EDC Mahjong Slider"".
4. The question asks if it is a metal fidget toy resembling a mahjong tile.
5. Based on the name ""Tom EDC Mahjong Slider"", it is likely a fidget toy resembling a mahjong tile."
1160-3,yTKp6HP2_wU,Wrongly-led Open-ended Question,Element Localization,Is the fourth item in the video a small black pill-shaped fidget toy?,27.38,Please state your answer with a brief explanation.,"No, the fourth item in the video is not a small black pill-shaped fidget toy. It is a chunky and heavy piece of metal.",https://www.youtube.com/shorts/yTKp6HP2_wU,"1. The question asks about the fourth item in the video.
2. I need to identify the fourth item in the video.
3. The fourth item is the Tom EDC Mahjong Slider, according to the description.
4. I need to determine if the Tom EDC Mahjong Slider is a small black pill-shaped fidget toy.
5. Based on the video, the Tom EDC Mahjong Slider is not a small black pill-shaped fidget toy. It is a chunky and heavy piece of metal."
1160-7,yTKp6HP2_wU,Multiple-choice Question with a Single Correct Answer,Element Localization,"What is the fourth item shown in the video?
A. A sliding round button.
B. A deck of cards fidget toy.
C. A metal fidget toy that looks like a mahjong tile.
D. A small black pill-shaped fidget toy.",27.38,"E. None of the above
Select one best answer to the above multiple-choice question based on the video. Respond with only the letter (A, B, C, D or E) of the correct option.",C,https://www.youtube.com/shorts/yTKp6HP2_wU,"The video shows 5 fidget toys.
1. Lautie Shuffle
2. FidgetThings Chill Pill
3. ZY EDC - MT-01
4. Tom EDC Mahjong Slider
5. TwoEDC Coracle

The fourth item is the Tom EDC Mahjong Slider, which is a metal fidget toy that looks like a mahjong tile."
1161-0,9gPw1jw3Ukk,Primary Open-ended Question,Element Localization,What is the color order displayed by the long strip of light for the objects in the video?,11.58,Please state your answer with a brief explanation.,"The color order displayed by the long strip of light is: Yellow, Green, Blue, Purple, Red, Orange.",https://www.youtube.com/shorts/9gPw1jw3Ukk,"The question asks about the color order displayed by the long strip of light on the object in the video.
I need to watch the video and observe the color changes of the light strip.
The light strip cycles through the following colors: Yellow, Green, Blue, Purple, Red, Orange."
1161-1,9gPw1jw3Ukk,Paraphrased Open-ended Question,Element Localization,What sequence of colors is shown by the long strip of light on the objects in the video?,11.58,Please state your answer with a brief explanation.,"The sequence of colors shown by the long strip of light is yellow, green, blue, purple, red, and orange.",https://www.youtube.com/shorts/9gPw1jw3Ukk,"The question asks about the sequence of colors shown by the long strip of light on the object in the video.
I need to watch the video and identify the colors in the order they appear.
The colors appear to be yellow, green, blue, purple, red, and orange."
1161-2,9gPw1jw3Ukk,Correctly-led Open-ended Question,Element Localization,"Does the long strip of light on the objects in the video display the colors in the order of yellow, green, cyan, blue, purple, red, and orange?",11.58,Please state your answer with a brief explanation.,"Yes, the long strip of light on the objects in the video displays the colors in the order of yellow, green, cyan, blue, purple, red, and orange.",https://www.youtube.com/shorts/9gPw1jw3Ukk,"The video shows the long strip of light on the Loop Gear SK-05 Flashlight cycling through different colors. I need to observe the order of the colors displayed and compare it to the order specified in the question.
The colors appear in the following order: yellow, green, cyan, blue, purple, red, and orange."
1161-3,9gPw1jw3Ukk,Wrongly-led Open-ended Question,Element Localization,"Is the color order displayed by the long strip of light on the object in the video yellow, green, blue, purple, and red?",11.58,Please state your answer with a brief explanation.,"Yes, the color order displayed by the long strip of light on the object in the video is yellow, green, blue, purple, and red.",https://www.youtube.com/shorts/9gPw1jw3Ukk,"The video shows the Loop Gear SK-05 flashlight changing colors. I need to observe the order of colors displayed in the long strip of light. The colors appear in the following order: yellow, green, blue, purple, and red."
1161-7,9gPw1jw3Ukk,Multiple-choice Question with a Single Correct Answer,Element Localization,"What is the correct color order displayed by the long strip of light on the objects in the video?
A. Yellow, green, cyan, blue, purple, red, and orange.
B. Yellow, green, blue, purple, and red.
C. Green, yellow, blue, purple, and red.
D. Yellow, blue, green, purple, and red.",11.58,"E. None of the above
Select one best answer to the above multiple-choice question based on the video. Respond with only the letter (A, B, C, D or E) of the correct option.",E,https://www.youtube.com/shorts/9gPw1jw3Ukk,"The video shows the light cycling through the following colors: yellow, green, blue, purple, red, and orange.
Option A is: Yellow, green, cyan, blue, purple, red, and orange.
Option B is: Yellow, green, blue, purple, and red.
Option C is: Green, yellow, blue, purple, and red.
Option D is: Yellow, blue, green, purple, and red.
The correct order is yellow, green, blue, purple, red, and orange. Option A is the closest, but it includes cyan. However, the video does not show cyan. Therefore, the answer is E."
1162-0,4jmQCgMy1mE,Primary Open-ended Question,Event Localization,"In the menu interface, what is the order of the menu options that are BROWSED?",25.77,Please state your answer with a brief explanation.,"The menu options are browsed in the following order: Calendar, Clock, Notes, Calculator, Settings.",https://www.youtube.com/shorts/4jmQCgMy1mE,"The video shows the presenter browsing through the menu options on the Punkt. MP02 Minimalist Phone. I need to identify the order in which the menu options appear on the screen.
At [00:00:05], the presenter presses the menu button. The menu options are shown in the following order:
1. Calendar
2. Clock
3. Notes
4. Calculator
5. Settings"
1162-1,4jmQCgMy1mE,Paraphrased Open-ended Question,Event Localization,What sequence of menu options does the person navigate through in the interface?,25.77,Please state your answer with a brief explanation.,The person navigates through the following menu options: Bottom left button > Notes.,https://www.youtube.com/shorts/4jmQCgMy1mE,"The video shows the person navigating the phone's interface.
First, the person presses the bottom left button, which opens a menu with options like Calendar, Clock, Notes, Calculator, and Settings.
Then, the person navigates to the ""Notes"" option.
After that, the person uses the T9 keyboard to type a message."
1162-2,4jmQCgMy1mE,Correctly-led Open-ended Question,Event Localization,Does the person browse through the menu options starting with Calendar and ending with Calculator?,25.77,Please state your answer with a brief explanation.,"Yes, the person browses through the menu options starting with Calendar and ending with Calculator.",https://www.youtube.com/shorts/4jmQCgMy1mE,"The video shows the person browsing through the menu options on the phone.
The menu options start with Calendar, then Clock, Notes, and finally Calculator."
1162-3,4jmQCgMy1mE,Wrongly-led Open-ended Question,Event Localization,Does the person browse through the menu options including Settings?,25.77,Please state your answer with a brief explanation.,"Yes, the person browses through the menu options including Settings.",https://www.youtube.com/shorts/4jmQCgMy1mE,"The video shows the person browsing through the menu options of the phone. At around [00:00:05], the person scrolls through the menu options: Calendar, Clock, Notes, Calculator, and Settings."
1162-7,4jmQCgMy1mE,Multiple-choice Question with a Single Correct Answer,Event Localization,"What is the correct order of the menu options browsed in the video?
A. Calendar, Clock, Calculator, Notes
B. Calendar, Clock, Notes, Calculator, Settings
C. Calendar, Notes, Clock, Calculator
D. Calendar, Clock, Notes, Calculator",25.77,"E. None of the above
Select one best answer to the above multiple-choice question based on the video. Respond with only the letter (A, B, C, D or E) of the correct option.",D,https://www.youtube.com/shorts/4jmQCgMy1mE,"The video shows the phone's menu options being browsed in the following order: Calendar, Clock, Notes, Calculator."
1168-0,aWdGWNIye8M,Primary Open-ended Question,Objective Causality (Videography Phenomenon & Illusion),Why did the man in the red hat fall into a hole in the video?,14.58,Please state your answer with a brief explanation.,The man in the red hat fell into a hole because it was actually a cleverly designed piece of street art that created the illusion of a hole.,https://www.youtube.com/shorts/aWdGWNIye8M,"The video shows a man in a red hat falling into what appears to be a hole. However, the description indicates that it is street art. Therefore, the man fell because of the street art."
1168-1,aWdGWNIye8M,Paraphrased Open-ended Question,Objective Causality (Videography Phenomenon & Illusion),What caused the man in the red hat to fall into the hole in the video?,14.58,Please state your answer with a brief explanation.,The man in the red hat fell because the street art was designed to look like a hole.,https://www.youtube.com/shorts/aWdGWNIye8M,"1. The question asks what caused the man in the red hat to fall into the hole.
2. Review the video to observe the man in the red hat.
3. The man in the red hat fell because the street art was designed to look like a hole."
1168-2,aWdGWNIye8M,Correctly-led Open-ended Question,Objective Causality (Videography Phenomenon & Illusion),Did the man in the red hat fall into the hole because of video editing and an optical illusion?,14.58,Please state your answer with a brief explanation.,"Yes, the man in the red hat fell because of video editing and an optical illusion. The street art creates the illusion of a hole, and the video editing enhances the effect, making it appear as if he actually fell into a hole.",https://www.youtube.com/shorts/aWdGWNIye8M,"The video shows a man in a red hat falling into a hole that is actually a street art optical illusion. The comments also mention the editing and realistic design of the video. Therefore, the man fell because of the optical illusion created by the street art and enhanced by video editing."
1168-3,aWdGWNIye8M,Wrongly-led Open-ended Question,Objective Causality (Videography Phenomenon & Illusion),Did the man in the red hat fall into the hole because he was deceived by a realistic 3D street painting?,14.58,Please state your answer with a brief explanation.,"Yes, the man in the red hat fell into the hole because he was deceived by a realistic 3D street painting.",https://www.youtube.com/shorts/aWdGWNIye8M,"1. Identify the person in the video who is wearing a red hat.
2. Observe if the person in the red hat fell into the hole.
3. Determine if the hole was a realistic 3D street painting.
4. Answer the question based on the observations."
1168-7,aWdGWNIye8M,Multiple-choice Question with a Single Correct Answer,Objective Causality (Videography Phenomenon & Illusion),"Why did the man in the red hat fall into the hole?
A. He tripped over a rock.
B. Video editing and an optical illusion made it appear real.
C. He was deceived by a realistic 3D street painting.
D. The ground was unstable.",14.58,"E. None of the above
Select one best answer to the above multiple-choice question based on the video. Respond with only the letter (A, B, C, D or E) of the correct option.",C,https://www.youtube.com/shorts/aWdGWNIye8M,"The video shows a man in a red hat falling into what appears to be a hole in the ground. However, it is actually a realistic 3D street painting. The comments also indicate that the video is edited to make it appear as if the people are falling into a hole. Therefore, the man fell because he was deceived by the painting."
1169-0,RtYbZzlUVxM,Primary Open-ended Question,Objective Causality (Videography Phenomenon & Illusion),Why was the guy in black and white clothes kicked to pieces by the football?,13.24,Please state your answer with a brief explanation.,The guy in the referee outfit was kicked to pieces by the football because it was a trick shot.,https://www.youtube.com/shorts/RtYbZzlUVxM,"The video shows a trick shot where Zach King kicks a soccer ball at a guy in a referee outfit. The guy explodes into pieces. This is a trick shot, so it's not real."
1169-1,RtYbZzlUVxM,Paraphrased Open-ended Question,Objective Causality (Videography Phenomenon & Illusion),What caused the man in black and white clothes to appear as if he was shattered by the soccer ball?,13.24,Please state your answer with a brief explanation.,The man in black and white clothes appears to be shattered by the soccer ball due to video editing.,https://www.youtube.com/shorts/RtYbZzlUVxM,The man in black and white clothes appears to be shattered by the soccer ball due to a quick change in the video. The man in black and white is replaced with white objects that scatter when the soccer ball makes contact.
1169-2,RtYbZzlUVxM,Correctly-led Open-ended Question,Objective Causality (Videography Phenomenon & Illusion),Was the man in black and white clothes kicked to pieces by the soccer ball due to video editing effects?,13.24,Please state your answer with a brief explanation.,"Yes, the man in black and white clothes was kicked to pieces by the soccer ball due to video editing effects.",https://www.youtube.com/shorts/RtYbZzlUVxM,"The video shows a man in black and white clothes getting kicked by a soccer ball. After the kick, the man in black and white clothes is separated into pieces. This is a trick shot video, so it is likely that this effect was created using video editing."
1169-3,RtYbZzlUVxM,Wrongly-led Open-ended Question,Objective Causality (Videography Phenomenon & Illusion),Was the man in black and white clothes kicked to pieces by the soccer ball because he was a mannequin?,13.24,Please state your answer with a brief explanation.,"No, the man in black and white clothes was not a mannequin. He was a real person who was edited out of the video after being kicked by the soccer ball.",https://www.youtube.com/shorts/RtYbZzlUVxM,"The video shows a man in black and white stripes getting kicked by a soccer ball and falling to pieces. After the kick, the man is gone and his clothes are on the ground. The other men in the video are surprised. This indicates that the man was not a mannequin."
1169-7,RtYbZzlUVxM,Multiple-choice Question with a Single Correct Answer,Objective Causality (Videography Phenomenon & Illusion),"Why was the man in black and white clothes kicked to pieces by the soccer ball?
A. It was due to video editing.
B. He was a mannequin.
C. He was hit too hard.
D. It was a magic trick.",13.24,"E. None of the above
Select one best answer to the above multiple-choice question based on the video. Respond with only the letter (A, B, C, D or E) of the correct option.",A,https://www.youtube.com/shorts/RtYbZzlUVxM,The video shows a man in black and white clothes being kicked by a soccer ball and breaking into pieces. The comments suggest that this is due to video editing.
1170-0,MImfdDB5-K8,Primary Open-ended Question,Objective Causality (Videography Phenomenon & Illusion),How did the containers disappear in the video?,14.05,Please state your answer with a brief explanation.,"The containers disappear after Zach King completes a line, similar to how blocks disappear in the game Tetris.",https://www.youtube.com/shorts/MImfdDB5-K8,"The video shows Zach King playing Tetris with cargo containers. At one point, after he completes a line, the containers disappear as they would in the game Tetris."
1170-1,MImfdDB5-K8,Paraphrased Open-ended Question,Objective Causality (Videography Phenomenon & Illusion),What caused the containers to vanish from the ship in the video?,14.05,Please state your answer with a brief explanation.,"The containers vanish because Zach King is playing ""Cargo Tetris,"" and when he completes a line, the containers disappear as they would in the game.",https://www.youtube.com/shorts/MImfdDB5-K8,"1. The question asks what caused the containers to vanish.
2. I need to look for clues in the video and the provided text.
3. In the video, the containers disappear after Zach King completes a line in his ""Cargo Tetris"" game.
4. The comments also suggest that the containers disappeared into the ""netherrealm"" or ""dissolved"".
5. Therefore, the containers vanish as a result of completing a line in the Tetris game."
1170-2,MImfdDB5-K8,Correctly-led Open-ended Question,Objective Causality (Videography Phenomenon & Illusion),Did the containers disappear because they were part of a Tetris-like game using post-production effects?,14.05,Please state your answer with a brief explanation.,"Yes, the containers disappeared because they were part of a Tetris-like game using post-production effects.",https://www.youtube.com/shorts/MImfdDB5-K8,"1. The question asks if the containers disappeared due to post-production effects related to a Tetris-like game.
2. The video is from Zach King, who is known for using visual effects in his videos.
3. The description mentions stacking cargo containers like a Tetris game.
4. The video shows containers disappearing after a Tetris-like stacking sequence.
5. Therefore, the containers disappeared because of post-production effects to simulate a Tetris game."
1170-3,MImfdDB5-K8,Wrongly-led Open-ended Question,Objective Causality (Videography Phenomenon & Illusion),Did the containers disappear because they fell off the ship due to instability?,14.05,Please state your answer with a brief explanation.,"Yes, the containers disappeared because they fell off the ship due to instability.",https://www.youtube.com/shorts/MImfdDB5-K8,"The video shows a man stacking cargo containers like a Tetris game. The containers disappear after he makes a mistake in the stacking, causing the containers to fall."
1170-7,MImfdDB5-K8,Multiple-choice Question with a Single Correct Answer,Objective Causality (Videography Phenomenon & Illusion),"How did the containers disappear in the video?
A. They were hidden behind other containers.
B. They were stolen.
C. They were part of a Tetris-like game and disappeared due to post-production effects.
D. They fell off the ship.",14.05,"E. None of the above
Select one best answer to the above multiple-choice question based on the video. Respond with only the letter (A, B, C, D or E) of the correct option.",C,https://www.youtube.com/shorts/MImfdDB5-K8,The video is a magic video by Zach King. The containers disappear as part of the Tetris game being played in the video. This is achieved through post-production effects.
1173-0,YfbZV7u3kMM,Primary Open-ended Question,Objective Causality (Videography Phenomenon & Illusion),Why did the person in the back seat of the car suddenly disappear?,5.53,Please state your answer with a brief explanation.,"The person in the back seat disappeared because of a special effect. When the car hit a bump, all the drinks spilled on the person, and they disappeared.",https://www.youtube.com/shorts/YfbZV7u3kMM,"The question asks why the person in the back seat disappeared.
Based on the video, the person disappeared because of a special effect. When the car hit a bump, all the drinks spilled on the person, and they disappeared."
1173-1,YfbZV7u3kMM,Paraphrased Open-ended Question,Objective Causality (Videography Phenomenon & Illusion),What caused the person in the back seat to vanish suddenly?,5.53,Please state your answer with a brief explanation.,The person in the back seat vanished due to special effects editing after the drinks spilled.,https://www.youtube.com/shorts/YfbZV7u3kMM,The video shows a person in the back seat holding many drinks. The driver is warned about a bump in the road. The car goes over the bump and the drinks spill. The person in the back seat vanishes. The vanishing is due to Zach King's special effects editing.
1173-2,YfbZV7u3kMM,Correctly-led Open-ended Question,Objective Causality (Videography Phenomenon & Illusion),Did the person in the back seat disappear due to post-production editing?,5.53,Please state your answer with a brief explanation.,"Yes, the person in the back seat disappeared due to post-production editing, as Zach King is known for his creative video editing.",https://www.youtube.com/shorts/YfbZV7u3kMM,"The video is a short skit by Zach King, known for his creative editing. The person in the back seat is holding many drinks. The car goes over a bump and the drinks spill. The person disappears.
The top comments suggest that the disappearance is due to Zach King's editing skills."
1173-3,YfbZV7u3kMM,Wrongly-led Open-ended Question,Objective Causality (Videography Phenomenon & Illusion),Did the person in the back seat disappear because the car made a sudden stop or sharp turn?,5.53,Please state your answer with a brief explanation.,The person in the back seat disappeared because the car went over a bump.,https://www.youtube.com/shorts/YfbZV7u3kMM,"The video shows the person in the back seat disappearing after the car goes over a bump. The person in the front seat says, ""Hey slow down there's a bump coming up."" This indicates that the bump caused the person in the back to disappear."
1173-7,YfbZV7u3kMM,Multiple-choice Question with a Single Correct Answer,Objective Causality (Videography Phenomenon & Illusion),"Why did the person in the back seat disappear?
A. The car made a sharp turn.
B. The car made a sudden stop.
C. The person jumped out of the car.
D. Post-production editing.",5.53,"E. None of the above
Select one best answer to the above multiple-choice question based on the video. Respond with only the letter (A, B, C, D or E) of the correct option.",D,https://www.youtube.com/shorts/YfbZV7u3kMM,"The video shows a person in the back seat holding many drinks. The person in the front seat drives over a bump, causing the drinks to spill on the person in the back seat. The person in the back seat disappears. This is a Zach King video, so it is likely that the disappearance is due to post-production editing."
1175-0,oG45ZbYePtY,Primary Open-ended Question,Objective Causality (Videography Phenomenon & Illusion),How is the bear on the ground made to move in the video?,19.61,Please state your answer with a brief explanation.,The bear is made to move through editing.,https://www.youtube.com/shorts/oG45ZbYePtY,The video shows a polar bear on the ground that is initially a drawing. The video description and comments suggest that the movement of the bear is achieved through editing.
1175-1,oG45ZbYePtY,Paraphrased Open-ended Question,Objective Causality (Videography Phenomenon & Illusion),What technique is used to make the bear on the ground appear to move in the video?,19.61,Please state your answer with a brief explanation.,The video uses editing to make the chalk art appear as if it is a real bear that is moving.,https://www.youtube.com/shorts/oG45ZbYePtY,"The question asks about the technique used to make the bear appear to move.
Based on the comments, the video uses editing to make the chalk art appear as if it is a real bear."
1175-2,oG45ZbYePtY,Correctly-led Open-ended Question,Objective Causality (Videography Phenomenon & Illusion),Is the bear on the ground made to move through clever editing between a 3D painting and a real bear?,19.61,Please state your answer with a brief explanation.,"Yes, the bear on the ground is made to move through clever editing between a 3D painting and a real bear.",https://www.youtube.com/shorts/oG45ZbYePtY,"The video shows a 3D painting of a polar bear that appears to come to life. The captions mention that it is not real cheese and just a thing. The top comments praise the editing. Therefore, the bear is made to move through clever editing."
1175-3,oG45ZbYePtY,Wrongly-led Open-ended Question,Objective Causality (Videography Phenomenon & Illusion),Is the bear on the ground a mechanical bear moving?,19.61,Please state your answer with a brief explanation.,"No, the bear on the ground is not a mechanical bear moving. It appears to be a real bear.",https://www.youtube.com/shorts/oG45ZbYePtY,"The video shows a polar bear interacting with a man. The bear moves naturally, stands on its hind legs, and walks away at the end. The comments also suggest that the bear is real, with some praising its acting skills. Therefore, the bear is not mechanical."
1175-7,oG45ZbYePtY,Multiple-choice Question with a Single Correct Answer,Objective Causality (Videography Phenomenon & Illusion),"How is the bear on the ground made to move in the video?
A. A digital overlay on a smartphone
B. Clever editing between a 3D painting and a real bear
C. A mechanical bear
D. The bears on the ground are people in disguise.",19.61,"E. None of the above
Select one best answer to the above multiple-choice question based on the video. Respond with only the letter (A, B, C, D or E) of the correct option.",B,https://www.youtube.com/shorts/oG45ZbYePtY,"The video shows a 3D painting of a bear on the ground. The bear appears to come to life through clever editing.
Option A is incorrect because there is no evidence of a smartphone being used.
Option B is correct because the video uses clever editing between a 3D painting and a real bear.
Option C is incorrect because there is no evidence of a mechanical bear.
Option D is incorrect because there is no evidence of people in disguise.
Option E is incorrect because option B is correct."
1176-0,PFlSRwIZ8EM,Primary Open-ended Question,Objective Causality (Videography Phenomenon & Illusion),How did the plant in the man's hand grow larger?,24.15,Please state your answer with a brief explanation.,The plant grew larger because the inside of the greenhouse is massive and allows plants to grow incredibly fast.,https://www.youtube.com/shorts/PFlSRwIZ8EM,"1. The question asks how the plant in the man's hand grew larger.
2. The man enters a greenhouse.
3. The man states that the inside of the greenhouse is massive and allows plants to grow incredibly fast.
4. The plant grows larger inside the greenhouse."
1176-1,PFlSRwIZ8EM,Paraphrased Open-ended Question,Objective Causality (Videography Phenomenon & Illusion),What caused the plant in the man's hand to appear larger?,24.15,Please state your answer with a brief explanation.,The plant appears larger due to a visual effect or editing trick.,https://www.youtube.com/shorts/PFlSRwIZ8EM,"The video shows a man holding a small Venus flytrap in a pot. He enters a greenhouse, and the plant in his hand suddenly appears much larger. This is due to a visual effect or editing trick."
1176-2,PFlSRwIZ8EM,Correctly-led Open-ended Question,Objective Causality (Videography Phenomenon & Illusion),Did the plant in the man's hand appear larger due to a visual effect created by post-production video editing techniques? .,24.15,Please state your answer with a brief explanation.,"Yes, the plant in the man's hand appeared larger due to a visual effect created by post-production video editing techniques.",https://www.youtube.com/shorts/PFlSRwIZ8EM,"The video shows a man holding a small Venus flytrap in a pot. He enters a greenhouse, and suddenly the plant in his hand appears much larger. This is a visual effect created by post-production video editing techniques."
1176-3,PFlSRwIZ8EM,Wrongly-led Open-ended Question,Objective Causality (Videography Phenomenon & Illusion),Did the plant in the man's hand grow larger because of a change in perspective as he moved through a doorway?,24.15,Please state your answer with a brief explanation.,"No, the plant did not grow larger because of a change in perspective. It is a visual effect.",https://www.youtube.com/shorts/PFlSRwIZ8EM,"The video shows a man holding a small Venus flytrap in a pot. He enters a greenhouse, and the plant suddenly becomes much larger. This is a visual effect, not a change in perspective."
1176-7,PFlSRwIZ8EM,Multiple-choice Question with a Single Correct Answer,Objective Causality (Videography Phenomenon & Illusion),"Why did the plant in the man's hand appear larger?
A. It was a change in perspective.
B. It was due to visual effects.
C. It was a natural growth in the greenhouse.
D. It was a change in lighting.",24.15,"E. None of the above
Select one best answer to the above multiple-choice question based on the video. Respond with only the letter (A, B, C, D or E) of the correct option.",B,https://www.youtube.com/shorts/PFlSRwIZ8EM,"The video shows the man entering a greenhouse with a small plant. Inside the greenhouse, the plant appears much larger. This is due to visual effects, as the greenhouse is not actually that large on the outside."
1177-0,lJcTCcUJK0I,Primary Open-ended Question,Objective Causality (Videography Phenomenon & Illusion),How did the man suddenly stand on the other boat?,17.71,Please state your answer with a brief explanation.,The man suddenly appeared on the other boat through editing.,https://www.youtube.com/shorts/lJcTCcUJK0I,"1. The man initially says that he can't do a magic trick because it's edited.
2. He then holds up a towel, and when he drops it, he is gone.
3. The next shot shows the man standing on a boat in the distance.
4. Based on the comments, the trick is done through editing, a twin, or a body double."
1177-1,lJcTCcUJK0I,Paraphrased Open-ended Question,Objective Causality (Videography Phenomenon & Illusion),What technique was used to make the man appear on a different boat suddenly?,17.71,Please state your answer with a brief explanation.,"The technique used was editing. The man dives into the water behind a towel, and the scene is edited to make it appear as though he suddenly appears on a boat in the distance.",https://www.youtube.com/shorts/lJcTCcUJK0I,"1. The question asks about the technique used to make the man appear on a different boat suddenly.
2. The video shows the man diving into the water behind a towel.
3. When the towel is removed, the man is suddenly on a boat in the distance.
4. Based on the comments, the technique used was editing."
1177-2,lJcTCcUJK0I,Correctly-led Open-ended Question,Objective Causality (Videography Phenomenon & Illusion),Did the man appear on another boat due to video editing and visual effects?,17.71,Please state your answer with a brief explanation.,"Yes, the man likely appeared on another boat due to video editing and visual effects, as indicated by the comments and Zach King's own statement.",https://www.youtube.com/shorts/lJcTCcUJK0I,"The video shows Zach King seemingly teleporting onto a boat after diving into the water.
The top comments suggest that the video is edited, and some viewers speculate about the use of a twin brother or a stunt double.
Zach King himself jokes that the video is edited.
Therefore, it is highly likely that the man appeared on another boat due to video editing and visual effects."
1177-3,lJcTCcUJK0I,Wrongly-led Open-ended Question,Objective Causality (Videography Phenomenon & Illusion),Did the man swim to the other boat while using a towel as a distraction?,17.71,Please state your answer with a brief explanation.,"No, it is likely that the video was edited to make it appear that he swam to the boat.",https://www.youtube.com/shorts/lJcTCcUJK0I,"The video shows a man standing on a dock with a towel. He says he can't do a magic trick because it's edited. He then drops the towel and appears to dive into the water. The camera angle shifts to show the man on a boat in the distance. It is likely that the man did not swim to the boat, but rather the video was edited to make it appear that way."
1177-7,lJcTCcUJK0I,Multiple-choice Question with a Single Correct Answer,Objective Causality (Videography Phenomenon & Illusion),"How did the man appear on another boat?
A. He swam to the other boat.
B. He used video editing and visual effects.
C. He used a hidden platform.
D. He was pulled by a rope.",17.71,"E. None of the above
Select one best answer to the above multiple-choice question based on the video. Respond with only the letter (A, B, C, D or E) of the correct option.",B,https://www.youtube.com/shorts/lJcTCcUJK0I,"The man in the video says ""it's edited"" before performing the trick. The top comments also mention the editing. Therefore, the best answer is that he used video editing and visual effects."
1178-0,SArRN5FhkYI,Primary Open-ended Question,Objective Causality (Videography Phenomenon & Illusion),Why does a laptop appear in the final scene of the video?,19.41,Please state your answer with a brief explanation.,The laptop appears to show a progression of device sizes from mini smartphones to larger devices.,https://www.youtube.com/shorts/SArRN5FhkYI,"The video shows different types of smartphones and other devices. The last device shown is a laptop. The video does not provide a specific reason for the laptop's inclusion, but it is likely included to show a progression of device sizes from mini smartphones to larger devices like tablets and laptops."
1178-1,SArRN5FhkYI,Paraphrased Open-ended Question,Objective Causality (Videography Phenomenon & Illusion),What is the reason a laptop is shown in the last part of the video?,19.41,Please state your answer with a brief explanation.,The laptop is shown to continue the theme of showing different types of devices.,https://www.youtube.com/shorts/SArRN5FhkYI,"1. The question asks why a laptop is shown in the last part of the video.
2. The video shows different types of smartphones and other devices.
3. The laptop is shown to continue the theme of showing different types of devices."
1178-2,SArRN5FhkYI,Correctly-led Open-ended Question,Objective Causality (Videography Phenomenon & Illusion),Is the laptop in the final scene actually a phone transformed by a visual effect filter?,19.41,Please state your answer with a brief explanation.,"Yes, the laptop in the final scene is likely a phone transformed by a visual effect filter, consistent with the video's presentation style.",https://www.youtube.com/shorts/SArRN5FhkYI,"1. The question asks if the laptop in the final scene is a phone transformed by a visual effect filter.
2. The video shows various phones and other devices with visual effects applied to the presenter's face.
3. The laptop is shown at the end of the video.
4. Based on the video's presentation style, it is likely that the laptop is also a phone transformed by a visual effect filter."
1178-3,SArRN5FhkYI,Wrongly-led Open-ended Question,Objective Causality (Videography Phenomenon & Illusion),Does the laptop in the final scene a foldable device that unfolds from a smartphone?,19.41,Please state your answer with a brief explanation.,"No, the laptop in the final scene is not a foldable device that unfolds from a smartphone.",https://www.youtube.com/shorts/SArRN5FhkYI,"The video shows a series of smartphones, flip phones, tablets, and laptops. The final scene shows a laptop. The laptop does not unfold from a smartphone."
1178-7,SArRN5FhkYI,Multiple-choice Question with a Single Correct Answer,Objective Causality (Videography Phenomenon & Illusion),"Why does a laptop appear in the final scene of the video?
A. It is a visual effect created by a filter.
B. It is a foldable device.
C. It is a real laptop.
D. It is a hologram.",19.41,"E. None of the above
Select one best answer to the above multiple-choice question based on the video. Respond with only the letter (A, B, C, D or E) of the correct option.",C,https://www.youtube.com/shorts/SArRN5FhkYI,"The video shows different models of smartphones, and in the final scene, a laptop is shown.
The laptop is a real object, not a visual effect, hologram, or foldable device."
1181-0,ys5re4kXW1I,Primary Open-ended Question,Objective Causality (Videography Phenomenon & Illusion),How did the Colosseum disappear?,12.76,Please state your answer with a brief explanation.,The Colosseum disappeared when Zach King framed it with a picture frame.,https://www.youtube.com/shorts/ys5re4kXW1I,"1. The question is about how the Colosseum disappeared in the video.
2. Review the video to find the part where the Colosseum disappears.
3. The Colosseum disappears when Zach King frames it with a picture frame."
1181-1,ys5re4kXW1I,Paraphrased Open-ended Question,Objective Causality (Videography Phenomenon & Illusion),What technique was used to make the Colosseum vanish in the video?,12.76,Please state your answer with a brief explanation.,"The technique used was a visual effect achieved by holding up a framed picture of the Colosseum that perfectly aligned with the real Colosseum in the background. When Zach King runs away with the picture, it creates the illusion that the actual Colosseum has vanished.",https://www.youtube.com/shorts/ys5re4kXW1I,"1. The question asks about the technique used to make the Colosseum vanish.
2. Review the video to identify the technique.
3. The video shows Zach King using a framed picture of the Colosseum. When he holds it up, it blends in with the real Colosseum. Then, he runs away with the picture, making it seem like he stole the Colosseum."
1181-2,ys5re4kXW1I,Correctly-led Open-ended Question,Objective Causality (Videography Phenomenon & Illusion),Did the Colosseum disappear due to a visual trick and post-production effects?,12.76,Please state your answer with a brief explanation.,"Yes, the Colosseum disappeared due to a visual trick and post-production effects. Zach King used a painting and editing to create the illusion.",https://www.youtube.com/shorts/ys5re4kXW1I,"The video shows Zach King using a visual trick to make the Colosseum disappear. He uses a painting of the Colosseum and aligns it perfectly with the real Colosseum. Then, he removes the painting, creating the illusion that the Colosseum has disappeared. This is achieved through editing and post-production effects."
1181-3,ys5re4kXW1I,Wrongly-led Open-ended Question,Objective Causality (Videography Phenomenon & Illusion),Did the Colosseum seem to disappear just because of a painting held in front of it?,12.76,Please state your answer with a brief explanation.,"No, the Colosseum did not disappear because of the painting. It is a visual effect created through editing.",https://www.youtube.com/shorts/ys5re4kXW1I,"The video shows Zach King holding up a painting of the Colosseum, and in the video, it appears as if the actual Colosseum disappears. However, this is a visual trick achieved through editing."
1181-7,ys5re4kXW1I,Multiple-choice Question with a Single Correct Answer,Objective Causality (Videography Phenomenon & Illusion),"How did the Colosseum disappear in the video?
A. It was edited out using visual effects.
B. It was painted over.
C. It was demolished.
D. It was covered by a large cloth.",12.76,"E. None of the above
Select one best answer to the above multiple-choice question based on the video. Respond with only the letter (A, B, C, D or E) of the correct option.",A,https://www.youtube.com/shorts/ys5re4kXW1I,"The video shows Zach King holding up a framed picture of the Colosseum. When he pulls the picture away, the actual Colosseum behind him is gone. This is achieved through visual effects."
1182-0,NFMqcsBtY30,Primary Open-ended Question,Objective Causality (Videography Phenomenon & Illusion),How does the ladder appear beneath the clouds in the video?,20.27,Please state your answer with a brief explanation.,"The ladder appears beneath the clouds through editing. Zach King throws a small, folded ladder into the air, and it magically unfolds into a full-sized ladder.",https://www.youtube.com/shorts/NFMqcsBtY30,"The video shows Zach King holding a small, folded blue ladder. He then throws it into the air, and through editing, it unfolds into a full-sized ladder that he then climbs."
1182-1,NFMqcsBtY30,Paraphrased Open-ended Question,Objective Causality (Videography Phenomenon & Illusion),In what way does the ladder appear under the clouds in the video?,20.27,Please state your answer with a brief explanation.,"The ladder appears under the clouds by being thrown into the air as a small, folded-up version and then magically transforming into a full-sized ladder.",https://www.youtube.com/shorts/NFMqcsBtY30,"1. The question asks about the ladder's appearance under the clouds.
2. I need to watch the video and pay attention to how the ladder appears.
3. At the beginning of the video, Zach King is holding a small, folded-up ladder. He then throws it into the air, and it magically transforms into a full-sized ladder."
1182-2,NFMqcsBtY30,Correctly-led Open-ended Question,Objective Causality (Videography Phenomenon & Illusion),Is the ladder beneath the clouds in the video made to look full-sized through video editing techniques?,20.27,Please state your answer with a brief explanation.,"Yes, the ladder beneath the clouds in the video is made to look full-sized through video editing techniques. The video shows a miniature ladder that is magically transformed into a full-sized ladder.",https://www.youtube.com/shorts/NFMqcsBtY30,"The video shows a miniature ladder that is magically transformed into a full-sized ladder.
The video description and top comments suggest that Zach King is known for his video editing skills."
1182-3,NFMqcsBtY30,Wrongly-led Open-ended Question,Objective Causality (Videography Phenomenon & Illusion),Does the ladder in the video turn into a smaller size as it moves toward the clouds?,20.27,Please state your answer with a brief explanation.,"No, the ladder does not turn into a smaller size as it moves toward the clouds. The ladder expands from a small size to a full-size ladder.",https://www.youtube.com/shorts/NFMqcsBtY30,"I need to analyze the video to see if the ladder changes size as it moves toward the clouds.
At the beginning of the video, the ladder is small. Then, it expands to a full-size ladder. The ladder does not change size as it moves toward the clouds."
1182-7,NFMqcsBtY30,Multiple-choice Question with a Single Correct Answer,Objective Causality (Videography Phenomenon & Illusion),"How does the ladder appear beneath the clouds in the video?
A. It is a small object that is replaced by a full-sized ladder.
B. As it moves toward the clouds, it transforms into a ladder of reduced size.
C. It is a small object that appears full-sized due to video editing techniques.
D. It is a full-sized ladder from the beginning.",20.27,"E. None of the above
Select one best answer to the above multiple-choice question based on the video. Respond with only the letter (A, B, C, D or E) of the correct option.",C,https://www.youtube.com/shorts/NFMqcsBtY30,"The video shows Zach King holding a small, folded ladder. He unfolds it, and it instantly becomes a full-sized ladder. Therefore, the ladder appears full-sized due to video editing techniques."
1183-0,uYIWSSQNV4w,Primary Open-ended Question,Objective Causality (Videography Phenomenon & Illusion),Why did the sky suddenly darken at the beginning of the video?,13.1,Please state your answer with a brief explanation.,The sky suddenly darkened because Zach King caught the sun in his hands.,https://www.youtube.com/shorts/uYIWSSQNV4w,The video begins with Zach King waking up in a brightly lit room. The sky suddenly darkens when he catches the sun in his hands.
1183-1,uYIWSSQNV4w,Paraphrased Open-ended Question,Objective Causality (Videography Phenomenon & Illusion),What caused the sky to become dark so quickly at the start of the video?,13.1,Please state your answer with a brief explanation.,Zach King grabbed the sun out of the sky.,https://www.youtube.com/shorts/uYIWSSQNV4w,"1. The question is about what caused the sky to become dark so quickly at the start of the video.
2. Review the video from the beginning.
3. At the beginning of the video, Zach King is sleeping in his bed. The sky outside the window is bright and sunny. He reaches up and grabs the sun, and the sky immediately turns dark."
1183-2,uYIWSSQNV4w,Correctly-led Open-ended Question,Objective Causality (Videography Phenomenon & Illusion),Did the sky darken because of a combination of lighting changes and post-production effects?,13.1,Please state your answer with a brief explanation.,"Yes, the sky likely darkened because of a combination of lighting changes and post-production effects.",https://www.youtube.com/shorts/uYIWSSQNV4w,"The video shows a transition from a bright, sunny day outside the window to a dark night. Given that Zach King's videos often involve visual effects and editing tricks, it's highly probable that the darkening of the sky is a result of a combination of lighting changes during filming and post-production effects to create a seamless and believable transition."
1183-3,uYIWSSQNV4w,Wrongly-led Open-ended Question,Objective Causality (Videography Phenomenon & Illusion),Did the sky darken because the person in the video turned off all the lights in the room?,13.1,Please state your answer with a brief explanation.,"No, the sky darkened because the person in the video caught the sun and dunked it into a basketball hoop.",https://www.youtube.com/shorts/uYIWSSQNV4w,The video shows the person in the video catching the sun and dunking it into a basketball hoop. The sky darkens because the sun is no longer in the sky. The person in the video did not turn off the lights in the room.
1183-7,uYIWSSQNV4w,Multiple-choice Question with a Single Correct Answer,Objective Causality (Videography Phenomenon & Illusion),"What caused the sky to darken suddenly at the beginning of the video?
A. A combination of lighting changes and post-production effects.
B. The person turned off the lights.
C. The person closed the curtains.
D. The person left the room.",13.1,"E. None of the above
Select one best answer to the above multiple-choice question based on the video. Respond with only the letter (A, B, C, D or E) of the correct option.",A,https://www.youtube.com/shorts/uYIWSSQNV4w,"The video begins with a bright sunny day outside the window. Then, in a split second, the scene transitions to nighttime. This is a visual effect, not something that could happen naturally by closing curtains or turning off lights."
1192-0,RdDzFuX1b1s,Primary Open-ended Question,Objective Causality (Videography Phenomenon & Illusion),Why did a standing sprinkler suddenly appear?,20.65,Please state your answer with a brief explanation.,"The standing sprinkler appeared because Zach King used a device from the new Ratchet and Clank game on the people, which turned them into plant-like figures.",https://www.youtube.com/shorts/RdDzFuX1b1s,"The video shows Zach King using a device that is supposed to be from the new Ratchet and Clank game. When he uses the device on the people, they turn into plant-like figures and a standing sprinkler appears."
1192-1,RdDzFuX1b1s,Paraphrased Open-ended Question,Objective Causality (Videography Phenomenon & Illusion),What caused the sudden appearance of the standing sprinkler in the video?,20.65,Please state your answer with a brief explanation.,The sudden appearance of the standing sprinkler was caused by Zach King using the Ratchet and Clank game weapon.,https://www.youtube.com/shorts/RdDzFuX1b1s,"1. The question asks what caused the sudden appearance of the standing sprinkler.
2. Review the video to find the moment when the sprinkler appears.
3. The sprinkler appears at 0:05 after Zach King uses the Ratchet and Clank game weapon.
4. The weapon causes the people to turn into plant-like figures and a sprinkler to appear."
1192-2,RdDzFuX1b1s,Correctly-led Open-ended Question,Objective Causality (Videography Phenomenon & Illusion),Was the standing sprinkler's sudden appearance in the video due to creative video editing?,20.65,Please state your answer with a brief explanation.,"Yes, the standing sprinkler's sudden appearance in the video is due to creative video editing.",https://www.youtube.com/shorts/RdDzFuX1b1s,"The question asks if the sprinkler's appearance is due to video editing.
The video is by Zach King, who is known for his creative video editing.
At [00:00:05], a sprinkler suddenly appears and sprays water. This is likely a result of video editing."
1192-3,RdDzFuX1b1s,Wrongly-led Open-ended Question,Objective Causality (Videography Phenomenon & Illusion),Did the standing sprinkler appear suddenly because it was hidden underground and activated by the ball?,20.65,Please state your answer with a brief explanation.,"Yes, the standing sprinkler appeared suddenly, implying it was hidden underground and activated by the ball.",https://www.youtube.com/shorts/RdDzFuX1b1s,"The video shows the sprinkler appearing suddenly when the water balloon hits the ground. It is not visible beforehand, so it could have been hidden underground."
1192-7,RdDzFuX1b1s,Multiple-choice Question with a Single Correct Answer,Objective Causality (Videography Phenomenon & Illusion),"Why did the standing sprinkler suddenly appear in the video?
A. It was hidden underground.
B. It was triggered by a sensor.
C. It was a result of video editing.
D. It was always there but invisible.",20.65,"E. None of the above
Select one best answer to the above multiple-choice question based on the video. Respond with only the letter (A, B, C, D or E) of the correct option.",C,https://www.youtube.com/shorts/RdDzFuX1b1s,"The video shows Zach King using a device that transforms people into plant-like figures. When he uses the device on a woman, a standing sprinkler appears and sprays her with water, turning her into a plant. The same thing happens to another man. This is a visual effect, so the sprinkler was added in post-production."
1203-0,X2muluGbNeo,Primary Open-ended Question,Local Event Attribute,How did the man take out the towel without touching the stream?,18.82,Please state your answer with a brief explanation.,The man twisted the towel around the faucet and pulled it out from the side.,https://www.youtube.com/shorts/X2muluGbNeo,"The video shows the man taking the towel out by twisting it around the faucet, then pulling it out from the side."
1203-1,X2muluGbNeo,Paraphrased Open-ended Question,Local Event Attribute,What method did the man use to remove the towel without it touching the water stream?,18.82,Please state your answer with a brief explanation.,The man loops the towel around the faucet and pulls it out.,https://www.youtube.com/shorts/X2muluGbNeo,"The question asks about the method the man used to remove the towel without it touching the water stream.
I need to look for the part of the video where the man demonstrates the method.
The man loops the towel around the faucet and pulls it out."
1203-2,X2muluGbNeo,Correctly-led Open-ended Question,Local Event Attribute,Did the man manage to remove the towel by moving the open end of the towel to the other side of the water flow?,18.82,Please state your answer with a brief explanation.,"Yes, Andrey successfully removed the towel by moving the open end of the towel to the other side of the water flow.",https://www.youtube.com/shorts/X2muluGbNeo,"The video shows a split screen with two people, Karina and Andrey, attempting to remove a towel from under running water. Karina fails, but Andrey successfully moves the open end of the towel to the other side of the water flow and removes the towel."
1203-3,X2muluGbNeo,Wrongly-led Open-ended Question,Local Event Attribute,Did the man use the detachable spray head of the faucet to take out the towel without touching the stream?,18.82,Please state your answer with a brief explanation.,"Yes, the man used the detachable spray head of the faucet to take out the towel without touching the stream.",https://www.youtube.com/shorts/X2muluGbNeo,The video shows a man taking out the towel from under the stream of water by using the detachable spray head of the faucet.
1203-7,X2muluGbNeo,Multiple-choice Question with a Single Correct Answer,Local Event Attribute,"How did the man take out the towel without touching the stream?
A. By turning off the water first.
B. By moving the open end of the towel to the other side of the water flow.
C. By using the detachable spray head of the faucet.
D. By using a different towel.",18.82,"E. None of the above
Select one best answer to the above multiple-choice question based on the video. Respond with only the letter (A, B, C, D or E) of the correct option.",B,https://www.youtube.com/shorts/X2muluGbNeo,The video shows the man taking the towel out of the water stream by moving the open end of the towel to the other side of the water flow.
1206-0,fuAUDvxf_vY,Primary Open-ended Question,Professional Knowledge,Why is the blue paint seemingly spilling unusually?,10.65,Please state your answer with a brief explanation.,"The blue paint is seemingly spilling unusually because the video is an illusion. The camera is likely positioned in a way that makes it appear as if Zach King is standing on the wall, and the paint is falling upwards.",https://www.youtube.com/shorts/fuAUDvxf_vY,"The video shows Zach King pouring blue paint on himself while standing ""on the wall"".
The paint spills upwards, defying gravity.
This is an illusion."
1206-1,fuAUDvxf_vY,Paraphrased Open-ended Question,Professional Knowledge,What causes the blue paint to appear as if it's spilling in an unusual direction?,10.65,Please state your answer with a brief explanation.,"The unusual direction of the blue paint is due to a trick of perspective. The camera is likely positioned on the ceiling, and Zach King is standing on the wall, which makes it appear as if the paint is defying gravity.",https://www.youtube.com/shorts/fuAUDvxf_vY,"The video shows Zach King pouring blue paint on himself while standing against a white wall. The paint appears to defy gravity by spreading upwards and sideways.
The top comments suggest that the video is an illusion or a trick of perspective, with some mentioning that the camera is likely positioned on the ceiling.
Marcactual's comment explains that the camera is on the roof and Zach is bending over to 90 degrees."
1206-2,fuAUDvxf_vY,Correctly-led Open-ended Question,Professional Knowledge,"Is the blue paint spilling upwards because the entire set is upside down, creating an illusion?",10.65,Please state your answer with a brief explanation.,"Yes, the blue paint is spilling upwards because the entire set is upside down, creating an illusion.",https://www.youtube.com/shorts/fuAUDvxf_vY,"The top comment by Marcactual explains the illusion in detail. The camera is on the roof, and the set is upside down. The paint falls ""upwards"" because gravity is pulling it towards the floor, which is actually the ceiling."
1206-3,fuAUDvxf_vY,Wrongly-led Open-ended Question,Professional Knowledge,Is the blue paint spilling unusually because the person is holding the paint can upside down above their head?,10.65,Please state your answer with a brief explanation.,"No, the blue paint is not spilling unusually. When the can is held upside down, gravity causes the paint to spill downwards as expected.",https://www.youtube.com/shorts/fuAUDvxf_vY,"The video shows a person holding a can of blue paint upside down above their head, and the paint spills onto them and the wall. The question asks if the paint is spilling unusually because of this.
Since gravity pulls things downwards, it is expected that the paint would spill downwards when the can is held upside down. Therefore, the paint is not spilling unusually."
1206-7,fuAUDvxf_vY,Multiple-choice Question with a Single Correct Answer,Professional Knowledge,"Why does the blue paint appear to spill unusually?
A. The person is holding the paint can upside down above their head.
B. The paint is thicker than usual.
C. The set is upside down, creating an illusion.
D. The paint can is defective.",10.65,"E. None of the above
Select one best answer to the above multiple-choice question based on the video. Respond with only the letter (A, B, C, D or E) of the correct option.",C,https://www.youtube.com/shorts/fuAUDvxf_vY,"The video shows a man pouring blue paint on himself, but the paint appears to defy gravity. The top comments and one comment in particular (@Marcactual) explain that the set is upside down, creating an illusion that the paint is falling upwards."
1209-0,H-9qGWrW83M,Primary Open-ended Question,Displacement Attribute,How fast is the woman in the photo at the end of the video?,20.67,Please state your answer with a brief explanation.,The woman in the photo at the end of the video is running.,https://www.youtube.com/shorts/H-9qGWrW83M,"The video shows a woman stepping in a puddle. The question asks how fast the woman in the photo at the end of the video is. The video shows the woman kicking the puddle, so she is running."
1209-1,H-9qGWrW83M,Paraphrased Open-ended Question,Displacement Attribute,What is the speed of the woman in the final image of the video?,20.67,Please state your answer with a brief explanation.,The woman is running.,https://www.youtube.com/shorts/H-9qGWrW83M,"The question asks about the speed of the woman in the final image.
The final image shows the woman's foot splashing in a puddle.
The video describes the photo as creating the illusion of running.
Therefore, the woman is running."
1209-2,H-9qGWrW83M,Correctly-led Open-ended Question,Displacement Attribute,"Is the woman in the photo at the end of the video appearing moving fast, because it is just an illusion created by the photo composition?",20.67,Please state your answer with a brief explanation.,"Yes, the woman in the photo at the end of the video appears to be moving fast because it is an illusion created by the photo composition. The splashing water and flying leaves give the impression of movement.",https://www.youtube.com/shorts/H-9qGWrW83M,"The question is asking if the woman in the photo at the end of the video is appearing to move fast due to an illusion created by the photo composition.
The video shows the woman stepping in a puddle while leaves are dropped. The final image shows the woman's foot splashing in the puddle with leaves flying around, which creates the illusion of movement."
1209-3,H-9qGWrW83M,Wrongly-led Open-ended Question,Displacement Attribute,Does the woman in the photo is running quickly due to the position of her legs and the splash of water?,20.67,Please state your answer with a brief explanation.,"Yes, the position of her legs and the splash of water suggest she is running quickly.",https://www.youtube.com/shorts/H-9qGWrW83M,"The question is whether the woman in the photo is running quickly based on her leg position and the water splash.
The video shows the woman stepping in a puddle while leaves are dropped. The final image shows a splash of water and leaves around her foot. Her leg is raised high, suggesting movement.
The comments mention the photo looking like ""Running in autumn rain"" and suggest leaning forward and waving arms to give the illusion of running."
1209-7,H-9qGWrW83M,Multiple-choice Question with a Single Correct Answer,Displacement Attribute,"How fast is the woman in the photo at the end of the video?
A. She is actually running.
B. She is walking quickly.
C. The special composition and photo editing and she never leaves her position.
D. The position of her legs.",20.67,"E. None of the above
Select one best answer to the above multiple-choice question based on the video. Respond with only the letter (A, B, C, D or E) of the correct option.",C,https://www.youtube.com/shorts/H-9qGWrW83M,"The video shows the woman stepping in a puddle and the final image shows her foot in the air with water splashing. It is not clear if she is running or just stepping in the puddle. However, the comments suggest that the photo is edited to give the illusion of running.
The comment by lily1998 says ""It looks good but there's no emotion. To get the ""Running in autumn rain"" feel to the image, lean your other foot forward and wave your arms slightly sideways. This helps give off the illusion of running instead of just kicking a puddle.""
This suggests that the woman is not actually running, but the photo is edited to give that impression."
1210-0,diEfe0tsJY8,Primary Open-ended Question,Objective Causality (Videography Phenomenon & Illusion),What is the change in focus of the video shooting?,6.25,Please state your answer with a brief explanation.,The focus changes from a person to the photograph.,https://www.youtube.com/shorts/diEfe0tsJY8,"The video starts with a blurred focus on a person looking at a photograph. The focus then shifts to the photograph itself, making it clear and sharp."
1210-1,diEfe0tsJY8,Paraphrased Open-ended Question,Objective Causality (Videography Phenomenon & Illusion),How does the focus change throughout the video?,6.25,Please state your answer with a brief explanation.,The focus changes from the person viewing the photograph to the photograph itself.,https://www.youtube.com/shorts/diEfe0tsJY8,"The video shows a series of photographs displayed at an exhibition. The focus is initially on the person viewing the photograph, then shifts to the photograph itself."
1210-2,diEfe0tsJY8,Correctly-led Open-ended Question,Objective Causality (Videography Phenomenon & Illusion),Does the focus of the video remain on the photograph of the two birds throughout the sequence?,6.25,Please state your answer with a brief explanation.,"Yes, the focus of the video remains on the photograph of the two birds throughout the sequence.",https://www.youtube.com/shorts/diEfe0tsJY8,The video shows a photograph of two birds. The video focuses on this photograph throughout the sequence.
1210-3,diEfe0tsJY8,Wrongly-led Open-ended Question,Objective Causality (Videography Phenomenon & Illusion),Does the focus of the video shift from the background to the foreground as it progresses?,6.25,Please state your answer with a brief explanation.,"No, the video consists of still shots with no shift in focus.",https://www.youtube.com/shorts/diEfe0tsJY8,The video shows a series of still shots of photographs. There is no shift in focus from background to foreground.
1210-7,diEfe0tsJY8,Multiple-choice Question with a Single Correct Answer,Objective Causality (Videography Phenomenon & Illusion),"What is the change in focus of the video shooting?
A. The bird to the people in the foreground
B. The people in the foreground to the bird
C. Keeping the photograph of the two birds
D. The entire room",6.25,"E. None of the above
Select one best answer to the above multiple-choice question based on the video. Respond with only the letter (A, B, C, D or E) of the correct option.",B,https://www.youtube.com/shorts/diEfe0tsJY8,The video starts with a focus on the photograph of two birds and then shifts to the people in the foreground.
1214-0,7nnjsL5oc_s,Primary Open-ended Question,Displacement Attribute,What is the motion of the shot when photographing the woman?,5.76,Please state your answer with a brief explanation.,The shot zooms in on the woman.,https://www.youtube.com/shorts/7nnjsL5oc_s,"1. The question asks about the motion of the shot when photographing the woman.
2. I need to observe the video to determine the camera movement.
3. Upon observation, the camera zooms in on the woman lying on the bench."
1214-1,7nnjsL5oc_s,Paraphrased Open-ended Question,Displacement Attribute,How does the camera move when capturing the woman in the video?,5.76,Please state your answer with a brief explanation.,The camera zooms in towards the woman.,https://www.youtube.com/shorts/7nnjsL5oc_s,"1. The question asks about the camera movement when capturing the woman in the video.
2. I need to analyze the video to observe the camera movement.
3. The camera starts at a high angle, looking down at the woman lying on a bench.
4. The camera zooms in towards the woman."
1214-2,7nnjsL5oc_s,Correctly-led Open-ended Question,Displacement Attribute,"Is the camera moving closer to the woman, creating a zoom-in effect, as it films her?",5.76,Please state your answer with a brief explanation.,"Yes, the camera is moving closer to the woman, creating a zoom-in effect.",https://www.youtube.com/shorts/7nnjsL5oc_s,"The video shows a woman lying on a bench. The camera is positioned above her, looking down. As the video progresses, the camera moves closer to the woman, creating a zoom-in effect."
1214-3,7nnjsL5oc_s,Wrongly-led Open-ended Question,Displacement Attribute,"Is the camera moving away from the woman, creating a zoom-out effect, as it films her?",5.76,Please state your answer with a brief explanation.,"Yes, the camera is moving away from the woman, creating a zoom-out effect, as it films her.",https://www.youtube.com/shorts/7nnjsL5oc_s,"The video shows a woman lying on a bench. The camera starts close to her and then moves away, showing more of the surrounding architecture. This creates a zoom-out effect."
1214-7,7nnjsL5oc_s,Multiple-choice Question with a Single Correct Answer,Displacement Attribute,"What is the motion of the camera when photographing the woman?
A. Zoom-in
B. Pan left
C. Zoom-out
D. Pan right",5.76,"E. None of the above
Select one best answer to the above multiple-choice question based on the video. Respond with only the letter (A, B, C, D or E) of the correct option.",A,https://www.youtube.com/shorts/7nnjsL5oc_s,The camera starts far away from the woman and then gets closer to her. This is a zoom-in motion.
1223-0,FxLooSikc2U,Primary Open-ended Question,Objective Causality (Videography Phenomenon & Illusion),How does the camera view differ in the last throw compared to others?,23.66,Please state your answer with a brief explanation.,"In the last throw, the camera zooms in closer to the cup, whereas the other throws are captured with a wide shot.",https://www.youtube.com/shorts/FxLooSikc2U,"1. Analyze the camera view for the initial throws. The camera maintains a wide shot, capturing the thrower, the pans, and the cup in a single frame.
2. Analyze the camera view for the last throw. The camera zooms in closer to the cup.
3. Compare the camera views."
1223-1,FxLooSikc2U,Paraphrased Open-ended Question,Objective Causality (Videography Phenomenon & Illusion),In what way does the camera angle change during the final throw compared to the earlier ones?,23.66,Please state your answer with a brief explanation.,"For the final throw, the camera zooms in closer to the pans and the cup.",https://www.youtube.com/shorts/FxLooSikc2U,"The camera angle is static for the majority of the video. However, for the final throw, the camera zooms in closer to the pans and the cup."
1223-2,FxLooSikc2U,Correctly-led Open-ended Question,Objective Causality (Videography Phenomenon & Illusion),"Does the camera zoom in on the floor during the last throw, unlike the previous stationary views?",23.66,Please state your answer with a brief explanation.,"No, the camera does not zoom in on the floor during the last throw. The camera remains stationary throughout the video.",https://www.youtube.com/shorts/FxLooSikc2U,I will watch the video and pay close attention to the camera movement during the last throw. I will compare it to the previous throws to see if there is any zooming.
1223-3,FxLooSikc2U,Wrongly-led Open-ended Question,Objective Causality (Videography Phenomenon & Illusion),"In the last throw, does the camera keep the same angle as before?",23.66,Please state your answer with a brief explanation.,"No, the camera angle changes in the last throw. The camera zooms in and lowers its angle.",https://www.youtube.com/shorts/FxLooSikc2U,"The question asks if the camera angle remains the same during the last throw.
I need to compare the camera angle of the last throw with the previous throws.
Upon reviewing the video, it is evident that the camera angle changes during the last throw. The camera zooms in and lowers its angle."
1223-7,FxLooSikc2U,Multiple-choice Question with a Single Correct Answer,Objective Causality (Videography Phenomenon & Illusion),"How does the camera view differ in the last throw compared to others?
A. it zooms in on the bottom right section.
B. it zooms out on the bottom left section.
C. It remains stationary.
D. it zooms in on the bottom left section.",23.66,"E. None of the above
Select one best answer to the above multiple-choice question based on the video. Respond with only the letter (A, B, C, D or E) of the correct option.",C,https://www.youtube.com/shorts/FxLooSikc2U,The camera remains stationary throughout the video.
1225-0,-o7pVduTGVs,Primary Open-ended Question,Objective Causality (Videography Phenomenon & Illusion),Who is mainly visible when the first camera zoom is complete?,,Please state your answer with a brief explanation.,Peet is mainly visible after the first camera zoom.,https://www.youtube.com/shorts/-o7pVduTGVs,"1. The question asks about who is mainly visible after the first camera zoom.
2. I need to watch the video and identify the first camera zoom.
3. The first camera zoom occurs at the beginning of the video, between 0:00-0:06.
4. After the zoom, Peet is mainly visible."
1225-1,-o7pVduTGVs,Paraphrased Open-ended Question,Objective Causality (Videography Phenomenon & Illusion),Who is prominently seen when the camera finishes zooming in for the first time?,,Please state your answer with a brief explanation.,Peet Montzingo and his mom are prominently seen when the camera finishes zooming in for the first time.,https://www.youtube.com/shorts/-o7pVduTGVs,"1. The question asks about who is prominently seen when the camera finishes zooming in for the first time.
2. I need to watch the video and identify the moment when the camera zooms in for the first time.
3. At 0:02, the camera finishes zooming in for the first time.
4. At this moment, Peet Montzingo and his mom are prominently seen."
1225-2,-o7pVduTGVs,Correctly-led Open-ended Question,Objective Causality (Videography Phenomenon & Illusion),Is the person mainly visible after the first camera zoom a man in a gray Under Armour t-shirt?,,Please state your answer with a brief explanation.,"Yes, the person mainly visible after the first camera zoom is a man in a gray Under Armour t-shirt.",https://www.youtube.com/shorts/-o7pVduTGVs,"The question asks about the person visible after the first camera zoom.
The first camera zoom occurs at 0:02.
After the zoom, a man is visible wearing a gray Under Armour t-shirt."
1225-3,-o7pVduTGVs,Wrongly-led Open-ended Question,Objective Causality (Videography Phenomenon & Illusion),Is the person mainly visible after the first camera zoom a woman in a red dress?,,Please state your answer with a brief explanation.,"No, the person mainly visible after the first camera zoom is a woman, but she is not wearing a red dress. She is wearing a light pink top and black pants.",https://www.youtube.com/shorts/-o7pVduTGVs,"1. Identify the first camera zoom. The first camera zoom occurs at 0:02, focusing on the woman and Peet.
2. Determine the woman's attire. The woman is wearing a light pink top and black pants.
3. Answer the question."
1225-7,-o7pVduTGVs,Multiple-choice Question with a Single Correct Answer,Objective Causality (Videography Phenomenon & Illusion),"Who is mainly visible when the first camera zoom is complete?
A. A woman in a pink dress.
B. A man in a white Under Armour t-shirt.
C. A man in a gray Under Armour t-shirt.
D. A woman in a blue dress.",,"E. None of the above
Select one best answer to the above multiple-choice question based on the video. Respond with only the letter (A, B, C, D or E) of the correct option.",C,https://www.youtube.com/shorts/-o7pVduTGVs,"The question asks who is mainly visible when the first camera zoom is complete.
The first camera zoom is complete at 0:03.
At 0:03, a man in a gray Under Armour t-shirt is mainly visible.
Therefore, the answer is C."
1229-0,d-uzkMB14xQ,Primary Open-ended Question,Objective Causality (Videography Phenomenon & Illusion),Why is the object in front of the mirror different from its reflection in the mirror?,10.41,Please state your answer with a brief explanation.,"The object in front of the mirror is a pawn, while its reflection is a king. This is because the video is conveying a message that even if you are a pawn now, you have the potential to become a king in the future.",https://www.youtube.com/shorts/d-uzkMB14xQ,"The video shows a pawn in front of a mirror. The reflection in the mirror is a king.
The question asks why the object and its reflection are different.
The object is a pawn, and the reflection is a king."
1229-1,d-uzkMB14xQ,Paraphrased Open-ended Question,Objective Causality (Videography Phenomenon & Illusion),What causes the discrepancy between the object in front of the mirror and its reflection?,10.41,Please state your answer with a brief explanation.,"The discrepancy is caused by the reflection being a king, while the object in front of the mirror is a pawn.",https://www.youtube.com/shorts/d-uzkMB14xQ,"1. The question asks about the discrepancy between the object and its reflection.
2. By observing the video, the object in front of the mirror is a pawn, while the reflection in the mirror is a king.
3. Therefore, the discrepancy is caused by the reflection being a different chess piece than the object."
1229-2,d-uzkMB14xQ,Correctly-led Open-ended Question,Objective Causality (Videography Phenomenon & Illusion),Is the difference between the object and its reflection due to the use of a panoramic photography feature on the phone?,10.41,Please state your answer with a brief explanation.,"Yes, the difference between the object and its reflection is due to the use of a panoramic photography feature on the phone. The panorama feature is used to capture both the pawn and the king in the same image.",https://www.youtube.com/shorts/d-uzkMB14xQ,"The video shows the photographer using the panorama feature on their phone to capture the image. The pawn is in front of a mirror, and the reflection in the mirror is a king. The panorama feature is used to capture both the pawn and the king in the same image. Therefore, the difference between the object and its reflection is due to the use of a panoramic photography feature on the phone."
1229-3,d-uzkMB14xQ,Wrongly-led Open-ended Question,Objective Causality (Videography Phenomenon & Illusion),"Is the difference between the object and its reflection because the mirror is a special type, like a concave mirror?",10.41,Please state your answer with a brief explanation.,"No, the difference between the pawn and its reflection (the king) is not because the mirror is a special type like a concave mirror. The mirror is a regular mirror, and the image is changed in post-production to convey a symbolic meaning.",https://www.youtube.com/shorts/d-uzkMB14xQ,"The video shows a pawn and a mirror. The reflection in the mirror is a king. The question asks if the mirror is a special type, like a concave mirror, that causes the difference between the object and its reflection.
Concave mirrors can create magnified or distorted images depending on the object's position. However, in this video, the mirror is used to create a symbolic representation, not a physically distorted image. The mirror is a regular mirror, and the image is changed in post-production."
1229-7,d-uzkMB14xQ,Multiple-choice Question with a Single Correct Answer,Objective Causality (Videography Phenomenon & Illusion),"Why does the object in front of the mirror appear different from its reflection?
A. The video operates with special editing techniques
B. The mirror is a convex mirror.
C. The photo was taken using a panoramic photography feature.
D. The mirror is a concave mirror.",10.41,"E. None of the above
Select one best answer to the above multiple-choice question based on the video. Respond with only the letter (A, B, C, D or E) of the correct option.",C,https://www.youtube.com/shorts/d-uzkMB14xQ,The video shows the photographer using the panoramic photography feature on their phone to capture the image. The pawn in front of the mirror appears different from its reflection because of this feature.
1231-0,BFgfaUrBoks,Primary Open-ended Question,Objective Causality (Videography Phenomenon & Illusion),Why does the water in the waterfall look like it is flowing backwards at the end of the video?,14.98,Please state your answer with a brief explanation.,The water appears to be flowing backwards because the video was filmed with the person walking backwards and then the video was reversed.,https://www.youtube.com/shorts/BFgfaUrBoks,"The question is asking why the water looks like it is flowing backwards.
The title of the video mentions a reverse waterfall illusion.
The video shows the person walking backwards.
The video is then flipped."
1231-1,BFgfaUrBoks,Paraphrased Open-ended Question,Objective Causality (Videography Phenomenon & Illusion),What causes the waterfall to appear as if it is flowing in reverse at the conclusion of the video?,14.98,Please state your answer with a brief explanation.,The reverse waterfall effect is achieved by filming the person walking backward and then playing the video in reverse. This makes it appear as if the waterfall is flowing upward.,https://www.youtube.com/shorts/BFgfaUrBoks,"1. The question asks what causes the reverse waterfall effect.
2. The video shows the creator using a phone on a gimbal to record a person walking backward in front of a waterfall.
3. The video is then rotated 90 degrees, making it appear as if the person is walking on the side of the waterfall.
4. Because the person is walking backward, when the video is played forward, it looks like the waterfall is flowing upward."
1231-2,BFgfaUrBoks,Correctly-led Open-ended Question,Objective Causality (Videography Phenomenon & Illusion),Is the backward flow of the waterfall at the end of the video due to reverse video processing?,14.98,Please state your answer with a brief explanation.,"No, the backward flow of the waterfall is not due to reverse video processing. The waterfall is flowing normally, but the camera is rotated to create the illusion of reverse flow.",https://www.youtube.com/shorts/BFgfaUrBoks,"The video shows the creator using a mobile gimbal to film a person walking backward in front of a waterfall. The video is then rotated to give the illusion that the person is walking up the waterfall. The backward flow of the waterfall is not due to reverse video processing, but rather the natural flow of the waterfall combined with the camera rotation."
1231-3,BFgfaUrBoks,Wrongly-led Open-ended Question,Objective Causality (Videography Phenomenon & Illusion),Does the waterfall appear to flow backwards at the end of the video because of using special effects techniques?,14.98,Please state your answer with a brief explanation.,"No, the waterfall appears to flow backwards because the video is filmed with the phone rotated 90 degrees and the subject is walking backwards.",https://www.youtube.com/shorts/BFgfaUrBoks,The video shows how the effect is achieved. The videographer rotates the phone 90 degrees and then films the subject walking backwards. This creates the illusion of the waterfall flowing backwards.
1231-7,BFgfaUrBoks,Multiple-choice Question with a Single Correct Answer,Objective Causality (Videography Phenomenon & Illusion),"Why does the waterfall appear to flow backwards at the end of the video?
A. Reverse video processing was used.
B. The water flow was altered physically.
C. The lighting created an illusion.
D. Using special effects techniques.",14.98,"E. None of the above
Select one best answer to the above multiple-choice question based on the video. Respond with only the letter (A, B, C, D or E) of the correct option.",A,https://www.youtube.com/shorts/BFgfaUrBoks,The video shows the creator filming a person walking backwards in front of a waterfall. The video is then rotated to give the illusion that the person is walking up the waterfall. This effect is achieved by reversing the video.
1233-0,vpzN7MFV4YU,Primary Open-ended Question,Objective Causality (Videography Phenomenon & Illusion),Why are there two reflections when there is only one person in the photo?,10.99,Please state your answer with a brief explanation.,"The panorama feature on the phone captures the reflection of the subject and then continues to capture the sky above, creating a mirrored effect.",https://www.youtube.com/shorts/vpzN7MFV4YU,"The video shows the photographer using the panorama feature on their phone to capture the reflection of the subject in a puddle. The photographer starts with the subject in the frame, then moves the camera upwards to capture the sky. This creates a panorama image where the reflection of the subject is mirrored by the sky."
1233-1,vpzN7MFV4YU,Paraphrased Open-ended Question,Objective Causality (Videography Phenomenon & Illusion),How come there are two reflections in the water when only one person is visible in the image?,10.99,Please state your answer with a brief explanation.,"The photographer used the panorama feature on their phone. They started with the woman in the frame, and then moved the camera to the left to capture the man.",https://www.youtube.com/shorts/vpzN7MFV4YU,"The video shows how the photographer took the picture. The photographer uses the panorama feature on their phone to take the picture. The photographer starts with the woman in the frame, and then moves the camera to the left to capture the man. This is why there are two reflections in the water, even though only one person is visible in the final image."
1233-2,vpzN7MFV4YU,Correctly-led Open-ended Question,Objective Causality (Videography Phenomenon & Illusion),Is the reason for the two reflections in the photo due to the use of a panoramic camera function that combined multiple images?,10.99,Please state your answer with a brief explanation.,"Yes, the two reflections in the photo are due to the use of a panoramic camera function that combined multiple images to create a wider field of view, capturing both the subject and their reflection in the puddle.",https://www.youtube.com/shorts/vpzN7MFV4YU,"The video shows the photographer using a phone to take a panorama photo of a person next to a puddle. The phone screen shows the panorama function in use. The final photo shows the person and their reflection in the puddle, with the sky reflected as well. The panorama function allows for a wider field of view than a standard photo, capturing more of the scene and creating the effect of two reflections."
1233-3,vpzN7MFV4YU,Wrongly-led Open-ended Question,Objective Causality (Videography Phenomenon & Illusion),Is the reason for the two reflections in the photo due to image synthesis technology?,10.99,Please state your answer with a brief explanation.,"No, the reflections are not due to image synthesis technology. The reflections are created by capturing the reflection of the subject and the sky in a puddle.",https://www.youtube.com/shorts/vpzN7MFV4YU,"The video shows the photographer taking a panorama shot of a person next to a puddle. The reflection in the puddle creates the second image. Therefore, the reflections are not due to image synthesis technology."
1233-7,vpzN7MFV4YU,Multiple-choice Question with a Single Correct Answer,Objective Causality (Videography Phenomenon & Illusion),"Why are there two reflections in the photo?
A. The photographer used a panoramic camera function.
B. There was a mirror placed in the scene.
C. One is the actual reflection and the other is from the phone screen.
D. The photo was edited post-capture.",10.99,"E. None of the above
Select one best answer to the above multiple-choice question based on the video. Respond with only the letter (A, B, C, D or E) of the correct option.",A,https://www.youtube.com/shorts/vpzN7MFV4YU,"The video shows the photographer using a phone to take a panorama shot of a reflection in a puddle. The panorama function is used to capture the entire scene, including the reflection. Therefore, the two reflections are due to the panoramic camera function."
1235-0,EvlFEYvsf2Q,Primary Open-ended Question,Professional Knowledge,What's the answer for 4+3= according to the video?,4.48,Please state your answer with a brief explanation.,The video does not provide the answer to 4+3=.,https://www.youtube.com/shorts/EvlFEYvsf2Q,"The video presents a math quiz with a series of equations: 4+4=8, 5+5=15, 6+6=24, and asks for the solution to 9+9=?. The question asks for the answer to 4+3= according to the video. Since the video does not have 4+3, the answer is that the video does not provide the answer to 4+3."
1235-1,EvlFEYvsf2Q,Paraphrased Open-ended Question,Professional Knowledge,What is the result of 4 plus 3 according to the pattern shown in the video?,4.48,Please state your answer with a brief explanation.,The video does not provide enough information to determine the result of 4 + 3 based on the pattern shown. The pattern only applies to adding a number to itself.,https://www.youtube.com/shorts/EvlFEYvsf2Q,"The video shows a math quiz with a pattern:
4 + 4 = 8
5 + 5 = 15
6 + 6 = 24
9 + 9 = ?
The pattern seems to be:
4 x 2 = 8
5 x 3 = 15
6 x 4 = 24
So, the next step would be 7 x 5 = 35, 8 x 6 = 48, and 9 x 7 = 63.
The question asks for the result of 4 + 3 according to the pattern. Since the pattern involves adding the same number to itself, and then multiplying by an increasing integer, it's not possible to directly apply this pattern to 4 + 3. The pattern requires the same number to be added to itself. Therefore, I cannot determine the result of 4 + 3 based on the given pattern."
1235-2,EvlFEYvsf2Q,Correctly-led Open-ended Question,Professional Knowledge,"Based on the pattern in the video, does 4 + 3 equal 37?",4.48,Please state your answer with a brief explanation.,"No, 4 + 3 does not equal 37 based on the pattern. The pattern involves adding the same number to itself and multiplying by an incrementing integer.",https://www.youtube.com/shorts/EvlFEYvsf2Q,"The video presents a math quiz with a pattern. The pattern is:
4 + 4 = 8 (4 x 2 = 8)
5 + 5 = 15 (5 x 3 = 15)
6 + 6 = 24 (6 x 4 = 24)
9 + 9 = ? (9 x 7 = 63)
The pattern is that the first number is multiplied by an incrementing number starting from 2.
The question asks if 4 + 3 = 37 based on the pattern.
Since the pattern is based on adding the same number, and the numbers being multiplied are incrementing, the question is not relevant to the pattern.
Therefore, 4 + 3 does not equal 37 based on the pattern."
1235-3,EvlFEYvsf2Q,Wrongly-led Open-ended Question,Professional Knowledge,"According to the pattern in the video, does 4 + 3 equal 412?",4.48,Please state your answer with a brief explanation.,"No, according to the pattern in the video, 4 + 3 does not equal 412. The video only shows examples of adding the same number to itself.",https://www.youtube.com/shorts/EvlFEYvsf2Q,"The video presents a math quiz with a pattern. The pattern is:
4 + 4 = 08
5 + 5 = 15
6 + 6 = 24
9 + 9 = ?
The question asks if 4 + 3 equals 412 according to the pattern. Since the video only shows examples of adding the same number to itself, and there is no clear pattern that would result in 4 + 3 = 412, the answer is no."
1235-7,EvlFEYvsf2Q,Multiple-choice Question with a Single Correct Answer,Professional Knowledge,"What is the result of 4 + 3 according to the pattern in the video?
A. 43
B. 73
C. 412
D. 37",4.48,"E. None of the above
Select one best answer to the above multiple-choice question based on the video. Respond with only the letter (A, B, C, D or E) of the correct option.",E,https://www.youtube.com/shorts/EvlFEYvsf2Q,"The question asks about 4 + 3 based on the pattern in the video.
The video shows a math quiz with the following pattern:
4 + 4 = 08
5 + 5 = 15
6 + 6 = 24
9 + 9 = ?
The comments suggest that the pattern is:
n + n = (n * (n-2))
So, 4 + 3 doesn't fit the pattern.
Therefore, the answer is E. None of the above."
1236-0,eDcteTYALgI,Primary Open-ended Question,Professional Knowledge,Is the method useful to produce correct calculation result?,16.95,Please state your answer with a brief explanation.,"Yes, the method is useful to produce correct calculation results. The trick demonstrated in the video is a valid mathematical shortcut for dividing numbers ending in zero by five.",https://www.youtube.com/shorts/eDcteTYALgI,"The video demonstrates a trick for dividing numbers ending in zero by five. The trick involves removing the zero and multiplying the remaining number by two.
Many comments confirm that the trick works and is helpful.
The trick works because dividing by 5 is the same as multiplying by 2/10. Removing the zero is equivalent to dividing by 10, and then multiplying by 2."
1236-1,eDcteTYALgI,Paraphrased Open-ended Question,Professional Knowledge,Does the method demonstrated in the video effectively yield accurate calculation results?,16.95,Please state your answer with a brief explanation.,"Yes, the method demonstrated in the video effectively yields accurate calculation results. It involves removing the zero from the number and multiplying the remaining number by two, which is mathematically equivalent to dividing by five.",https://www.youtube.com/shorts/eDcteTYALgI,"The video demonstrates a method for dividing numbers ending in zero by five. The method involves removing the zero and multiplying the remaining number by two.
Many comments confirm that the method works and is helpful.
The method is mathematically sound, as explained by some commenters: dividing by 5 is the same as multiplying by 2/10."
1236-2,eDcteTYALgI,Correctly-led Open-ended Question,Professional Knowledge,Is the method shown in the video effective in producing accurate results for the division problems?,16.95,Please state your answer with a brief explanation.,"Yes, the method shown in the video is effective in producing accurate results. It's based on the mathematical principle that dividing by 5 is the same as dividing by 10 and then multiplying by 2.",https://www.youtube.com/shorts/eDcteTYALgI,"The video demonstrates a method for dividing numbers ending in zero by five. The method involves removing the zero and multiplying the remaining number by two.
Many comments confirm the effectiveness of this method.
The method is mathematically sound, as dividing by 5 is equivalent to dividing by 10 and then multiplying by 2."
1236-3,eDcteTYALgI,Wrongly-led Open-ended Question,Professional Knowledge,Is the method shown in the video ineffective because it involves squaring the numbers before dividing by 5?,16.95,Please state your answer with a brief explanation.,"No, the method shown in the video is not ineffective. It involves removing the zero from the number and multiplying the remaining number by 2, which is equivalent to dividing by 5. The video does not involve squaring any numbers.",https://www.youtube.com/shorts/eDcteTYALgI,"The question asks if the method shown in the video is ineffective because it involves squaring the numbers before dividing by 5.
The video shows that to divide a number ending in zero by 5, you can remove the zero and multiply the remaining number by 2. This is equivalent to dividing by 10 and then multiplying by 2. Since multiplying by 2/10 is the same as multiplying by 1/5, which is the same as dividing by 5, the method is mathematically sound. The video does not involve squaring any numbers."
1236-7,eDcteTYALgI,Multiple-choice Question with a Single Correct Answer,Professional Knowledge,"What is the reason the method in the video is considered useful?
A. It involves the square root of a number before dividing by 5.
B. It involves squaring the numbers before dividing by 5.
C. It simplifies division into single-digit multiplication.
D. It reduces division to addition.",16.95,"E. None of the above
Select one best answer to the above multiple-choice question based on the video. Respond with only the letter (A, B, C, D or E) of the correct option.",C,https://www.youtube.com/shorts/eDcteTYALgI,"The video demonstrates a trick to divide numbers ending in zero by 5. The trick involves removing the zero (which is equivalent to dividing by 10) and then multiplying the remaining number by 2. This is equivalent to dividing by 5.
The trick simplifies the division by 5 into a multiplication by 2."
1237-0,jTpJa4TF5cQ,Primary Open-ended Question,Professional Knowledge,What's the answer of 9+9=? according to the video?,4.5,Please state your answer with a brief explanation.,"According to the video and the comments, the answer to 9+9=? is 63. This is based on a pattern established in the quiz.",https://www.youtube.com/shorts/jTpJa4TF5cQ,"The video presents a math quiz with a pattern:
4 + 4 = 08
5 + 5 = 15
6 + 6 = 24
9 + 9 = ?

Based on the comments, the most common answer is 63. Several users provided explanations for this answer, including:
- Multiplying the first number by an increasing sequence (4x2=8, 5x3=15, 6x4=24, 9x7=63)
- Calculating the square of the number and deducting a term in arithmetic sequence (9^2 - 18 = 63)
- (4+4)×1=8 (5+5)×1.5=15 (6+6)×2=24 and (9+9)×3.5=63"
1237-1,jTpJa4TF5cQ,Paraphrased Open-ended Question,Professional Knowledge,What is the result of 9 plus 9 according to the pattern shown in the video?,4.5,Please state your answer with a brief explanation.,"According to the pattern, 9 + 9 = 63. The pattern seems to be that you multiply the number by itself minus 2. For example, 4+4 = 4*(4-2) = 4*2 = 8. 5+5 = 5*(5-2) = 5*3 = 15. 6+6 = 6*(6-2) = 6*4 = 24. Therefore, 9+9 = 9*(9-2) = 9*7 = 63.",https://www.youtube.com/shorts/jTpJa4TF5cQ,"The question asks for the result of 9+9 based on the pattern in the video.
The pattern is:
4+4=8
5+5=15
6+6=24
Based on the comments, the pattern is number + number * (number -2).
So, 9+9 = 9*7 = 63"
1237-2,jTpJa4TF5cQ,Correctly-led Open-ended Question,Professional Knowledge,"Based on the pattern in the video, does the equation 9 + 9 result in 63?",4.5,Please state your answer with a brief explanation.,"Yes, based on the pattern and the comments in the video, the equation 9 + 9 results in 63. The pattern seems to involve multiplying the number by an incrementing value.",https://www.youtube.com/shorts/jTpJa4TF5cQ,"The video presents a math quiz with a pattern:
4 + 4 = 08
5 + 5 = 15
6 + 6 = 24
9 + 9 = ?

Based on the comments, many users suggest the answer to 9 + 9 is 63. Several explanations are given, including:
* Multiplying the number by an incrementing value: 4x2=8, 5x3=15, 6x4=24, 9x7=63
* Using a formula: sq. a - 2b (e.g., 9 + 9 = 63)
* Calculating the square of the number and deducting a term in an arithmetic sequence.
* (4+4)×1=8 (5+5)×1.5=15 (6+6)×2=24 (7+7)×2.5=35 (8+8)×3=48 and (9+9)×3.5=63"
1237-3,jTpJa4TF5cQ,Wrongly-led Open-ended Question,Professional Knowledge,"According to the pattern in the video, does 9 + 9 equal 72?",4.5,Please state your answer with a brief explanation.,"No, according to the pattern in the video, 9 + 9 does not equal 72. The most common answer is 63.",https://www.youtube.com/shorts/jTpJa4TF5cQ,"The video presents a math quiz with a pattern:
4 + 4 = 08
5 + 5 = 15
6 + 6 = 24
9 + 9 = ?

Based on the comments, there are multiple answers, but the most popular one is 63.
Some of the explanations for 63 are:
- 4x2 = 8, 5x3 = 15, 6x4 = 24, 9x7 = 63
- (4+4)×1=8, (5+5)×1.5=15, (6+6)×2=24, (9+9)×3.5=63
- sq. a - 2b, eg. 9 + 9 = 63

The question asks if 9 + 9 = 72 according to the pattern.
Based on the popular answers and explanations, 9 + 9 = 63, not 72."
1237-7,jTpJa4TF5cQ,Multiple-choice Question with a Single Correct Answer,Professional Knowledge,"What is the answer to 9 + 9 according to the pattern in the video?
A. 18
B. 63
C. 81
D. 72",4.5,"E. None of the above
Select one best answer to the above multiple-choice question based on the video. Respond with only the letter (A, B, C, D or E) of the correct option.",B,https://www.youtube.com/shorts/jTpJa4TF5cQ,"The video presents a math quiz with a pattern:
4 + 4 = 08
5 + 5 = 15
6 + 6 = 24
9 + 9 = ?

Based on the comments, the most common answer is 63. Several users explain the pattern as follows:
- Multiply the first number by a number that increases by 1 each time.
4 x 2 = 8
5 x 3 = 15
6 x 4 = 24
So, 9 x 7 = 63"
1239-0,3Eh34zhrxMA,Primary Open-ended Question,Professional Knowledge,Is the method useful to produce correct calculation result?,15.1,Please state your answer with a brief explanation.,"Yes, the method is useful to produce correct calculation results. As stated in the comment from @ChrisWrightReally, the method is 100% correct.",https://www.youtube.com/shorts/3Eh34zhrxMA,"The question asks if the method shown in the video is useful to produce correct calculation results.
The video description mentions math hacks such as using a pencil to keep track of digits in long division, breaking down large numbers into smaller chunks for addition/subtraction, and using mnemonic devices for multiplication tables.
I need to analyze the top comments to see if they provide any insights into the effectiveness of the method.
The comment from @ChrisWrightReally states that as a math guy, he is shocked but the method is 100% correct."
1239-1,3Eh34zhrxMA,Paraphrased Open-ended Question,Professional Knowledge,Does the method shown help in achieving accurate calculation results?,15.1,Please state your answer with a brief explanation.,"Yes, the method shown helps in achieving accurate calculation results. This is supported by a comment from a ""math guy"" who confirms the method's accuracy.",https://www.youtube.com/shorts/3Eh34zhrxMA,"The question asks if the method shown in the video helps in achieving accurate calculation results.
The video description mentions math hacks such as using a pencil to keep track of digits in long division, breaking down large numbers into smaller chunks for addition/subtraction, and using mnemonic devices for multiplication tables.
The top comments include people discussing the video's content, with some expressing surprise and others pointing out patterns in multiplication.
One comment specifically mentions a trick for multiplying by 9.
Another comment from ""ChrisWrightReally"" states that as a math guy, he is shocked but confirms that the method is 100% correct.
Therefore, based on the video content and comments, the method shown does help in achieving accurate calculation results."
1239-2,3Eh34zhrxMA,Correctly-led Open-ended Question,Professional Knowledge,Is the method effective in producing correct results for the multiplication table of 19?,15.1,Please state your answer with a brief explanation.,"Yes, the method is effective in producing correct results for the multiplication table of 19. This is supported by the comment from a self-proclaimed ""math guy"" who states that the method is ""100% correct"".",https://www.youtube.com/shorts/3Eh34zhrxMA,"The question asks if the method shown in the video is effective in producing correct results for the multiplication table of 19.
Several comments mention the multiplication table of 19.
@ChrisWrightReally: As a math guy I'm equally shocked, but this is all 100% correct.
@NimbusDeluxe90125: Now I know what to do if my math test ever had me multiplying multiple numbers by 19
@AymenZero: Honestly, this makes sense when you think about it.
19 is 20 minus 1.
We know that:
20 * 1 = 20
20 * 2 = 40
20 * 3 = 60
This only works when multiplied with numbers smaller than or equal 10.
Reduce the numbers of the results on the 10¹ part by 1. And for the 10⁰ part use the first digits of the numbers multiplied by 9."
1239-3,3Eh34zhrxMA,Wrongly-led Open-ended Question,Professional Knowledge,Does this method produce the correct result for the multiplication table of 19 as efficiently as the normal method?,15.1,Please state your answer with a brief explanation.,"Yes, this method produces the correct result for the multiplication table of 19. It is more efficient than calculating each product individually, but less efficient than memorizing the multiplication table.",https://www.youtube.com/shorts/3Eh34zhrxMA,"The video shows a method of calculating the multiplication table of 19. The person in the video writes down the numbers 1 to 19 in increasing order, and then writes down the numbers 9 to 0 in decreasing order. This produces the correct multiplication table of 19.
Whether this method is as efficient as the normal method depends on what is meant by the normal method. If the normal method means memorizing the multiplication table, then this method is not as efficient. If the normal method means calculating each product individually, then this method is more efficient."
1239-7,3Eh34zhrxMA,Multiple-choice Question with a Single Correct Answer,Professional Knowledge,"What is the outcome of using the method shown in the video?
A. Less efficient than ordinary methods, but more accurate.
B. More efficient than normal methods.
C. The results are as efficient and accurate as the normal method.
D. More efficient than normal methods, but less accurate.",15.1,"E. None of the above
Select one best answer to the above multiple-choice question based on the video. Respond with only the letter (A, B, C, D or E) of the correct option.",C,https://www.youtube.com/shorts/3Eh34zhrxMA,"The video shows a math trick for multiplying by 19. The comments indicate that the trick works and is accurate. The question asks about the outcome of using the method. The video does not provide information about the efficiency of the method compared to normal methods. However, the comments suggest that the method is accurate.
The comments also indicate that the trick works.
Based on the comments, the method is accurate."
1242-0,68kf4Xd63rc,Primary Open-ended Question,Plot Attribute,What was the result of this man's magic show?,12.61,Please state your answer with a brief explanation.,"The man successfully performed a magic trick, making a dollar bill appear from his ear, which surprised and amazed the woman watching.",https://www.youtube.com/shorts/68kf4Xd63rc,The man performed a magic trick where he made a dollar bill appear from his ear using a cup. The woman was initially skeptical but then surprised and amazed by the trick.
1242-1,68kf4Xd63rc,Paraphrased Open-ended Question,Plot Attribute,What was the outcome of the man's magic trick?,12.61,Please state your answer with a brief explanation.,"The man successfully fools the woman with his magic trick, making her believe he made the dollar reappear.",https://www.youtube.com/shorts/68kf4Xd63rc,"The man performs a magic trick where he appears to make a dollar bill disappear and reappear. The trick involves using a cup and sleight of hand to conceal a second dollar bill that was hidden in his ear. The outcome is that he successfully fools the woman, making her believe he made the dollar reappear."
1242-2,68kf4Xd63rc,Correctly-led Open-ended Question,Plot Attribute,Did the man's magic trick succeed in surprising the woman by making money appear under the cup?,12.61,Please state your answer with a brief explanation.,"Yes, the man's magic trick succeeded in surprising the woman. Her reaction clearly shows her amazement when the money appears under the cup.",https://www.youtube.com/shorts/68kf4Xd63rc,"The video shows the woman initially smiling confidently, then being surprised and amazed when the money appears under the cup."
1242-3,68kf4Xd63rc,Wrongly-led Open-ended Question,Plot Attribute,Did the man's magic trick fail because the object remained visible on the table throughout the performance?,12.61,Please state your answer with a brief explanation.,"No, the man's magic trick did not fail. Although the dollar bill remained visible on the table, the trick involved producing a second dollar bill from his ear, which surprised the woman.",https://www.youtube.com/shorts/68kf4Xd63rc,"The question asks if the magic trick failed because the object remained visible on the table throughout the performance.
Looking at the video, the dollar bill is visible on the table throughout the performance. However, the trick is that the magician produces a second dollar bill from his ear. The woman in the video is surprised and impressed by the trick.
Therefore, the trick did not fail."
1242-7,68kf4Xd63rc,Multiple-choice Question with a Single Correct Answer,Plot Attribute,"What was the result of the man's magic show?
A. The new money appeared under the cup.
B. The money fell to the ground.
C. The money under the cup disappeared.
D. The money went back to the boy.",12.61,"E. None of the above
Select one best answer to the above multiple-choice question based on the video. Respond with only the letter (A, B, C, D or E) of the correct option.",E,https://www.youtube.com/shorts/68kf4Xd63rc,"The video shows a man performing a magic trick with a dollar bill and a cup. The dollar bill is initially on the table. The man uses the cup to make the dollar disappear and reappear. At the end of the trick, the dollar bill is in the woman's hand. The man had another dollar bill in his ear, which he used to replace the one on the table. Therefore, the new money appeared in the woman's hand."
1255-0,IpHK0Fscq1o,Primary Open-ended Question,Event Localization,After which color being called did the man run underneath?,38.64,Please state your answer with a brief explanation.,The man ran underneath the parachute after the color yellow was called.,https://www.youtube.com/shorts/IpHK0Fscq1o,"1. The video shows a man participating in a game with a parachute.
2. The video shows the colors being called out.
3. The man runs underneath the parachute after the color ""yellow"" is called."
1255-1,IpHK0Fscq1o,Paraphrased Open-ended Question,Event Localization,What color was called that prompted the man to run underneath?,38.64,Please state your answer with a brief explanation.,Yellow was the color called that prompted the man to run underneath.,https://www.youtube.com/shorts/IpHK0Fscq1o,"1. The video shows a man participating in a color run activity with a parachute.
2. The colors called out are red, pink, orange, and yellow.
3. The man runs underneath the parachute when the color yellow is called."
1255-2,IpHK0Fscq1o,Correctly-led Open-ended Question,Event Localization,Did the man run underneath after the color yellow was called?,38.64,Please state your answer with a brief explanation.,"Yes, the man runs underneath after the color yellow is called.",https://www.youtube.com/shorts/IpHK0Fscq1o,"The video shows the man participating in the color run. When the color yellow is called, the man runs underneath the parachute."
1255-3,IpHK0Fscq1o,Wrongly-led Open-ended Question,Event Localization,Did the man run underneath after the color red was called?,38.64,Please state your answer with a brief explanation.,"No, the man did not run underneath after the color red was called.",https://www.youtube.com/shorts/IpHK0Fscq1o,"The video shows the man participating in the color parachute activity. The video shows the man's reaction to the colors being called. After the color red is called, the video shows the man not running underneath the parachute."
1255-7,IpHK0Fscq1o,Multiple-choice Question with a Single Correct Answer,Event Localization,"After which color being called did the man run underneath?
A. Yellow
B. Green
C. Blue
D. Red",38.64,"E. None of the above
Select one best answer to the above multiple-choice question based on the video. Respond with only the letter (A, B, C, D or E) of the correct option.",A,https://www.youtube.com/shorts/IpHK0Fscq1o,"The question asks after which color being called did the man run underneath.
The man ran underneath after the color yellow was called."
1260-0,zHkShLJc41g,Primary Open-ended Question,Character Reaction Causality,Why does the man in white look surprised at the end of the video?,16.75,Please state your answer with a brief explanation.,The man in white looks surprised because the man in black ate all the food.,https://www.youtube.com/shorts/zHkShLJc41g,"1. The video shows two men eating from a plate of food.
2. The video is edited with troll faces at the end.
3. The man in white is surprised because the man in black ate all the food."
1260-1,zHkShLJc41g,Paraphrased Open-ended Question,Character Reaction Causality,What causes the man in white to appear shocked at the conclusion of the video?,16.75,Please state your answer with a brief explanation.,The man in white appears shocked because the man in black ate all the food.,https://www.youtube.com/shorts/zHkShLJc41g,"The video shows two men eating from a plate. The man in white eats the food first, and then the man in black eats the food. After the man in black eats the food, the video shows the man in white looking shocked. The video then shows troll face edits over the men. This implies that the man in white is shocked because the man in black ate all the food."
1260-2,zHkShLJc41g,Correctly-led Open-ended Question,Character Reaction Causality,Is the man in white surprised because the man in black ate all the food on his plate?,16.75,Please state your answer with a brief explanation.,"No, the man in white is not surprised. The plate of food is still there.",https://www.youtube.com/shorts/zHkShLJc41g,The video shows two men eating from a plate of food. The man in the white shirt eats a piece of food and then the video cuts to the man in the black shirt who is wiping his mouth with a napkin. The plate of food is still there. The man in the white shirt is not surprised.
1260-3,zHkShLJc41g,Wrongly-led Open-ended Question,Character Reaction Causality,Is the man in white surprised because the food he ate was unexpectedly spicy?,16.75,Please state your answer with a brief explanation.,"It is likely that the man in white is surprised because the food he ate was unexpectedly spicy, based on the other man's reaction.",https://www.youtube.com/shorts/zHkShLJc41g,"The video shows two men eating food. After the man in white takes a bite, the other man immediately grabs a tissue and wipes his face, indicating the food was spicy. The man in white does not show any immediate reaction, but the other man's reaction suggests the food was unexpectedly spicy."
1260-7,zHkShLJc41g,Multiple-choice Question with a Single Correct Answer,Character Reaction Causality,"Why does the man in white look surprised at the end of the video?
A. He received unexpected news.
B. The man in black ate all the food on his plate.
C. The food was spicier than he expected.
D. The lights went out suddenly.",16.75,"E. None of the above
Select one best answer to the above multiple-choice question based on the video. Respond with only the letter (A, B, C, D or E) of the correct option.",C,https://www.youtube.com/shorts/zHkShLJc41g,"The man in white eats the food first and seems fine. The man in black eats the food and immediately grabs a tissue and looks like he is struggling with the food. The man in white looks at him with a surprised expression. Therefore, the food was spicier than he expected."
1261-0,nBq9a0dz_w4,Primary Open-ended Question,Objective Causality (Videography Phenomenon & Illusion),"Why in the reflection of only one woman reading under a tree, there're two other men visible?",34.2,Please state your answer with a brief explanation.,The two men are part of the photography crew and are holding torches to create a specific lighting effect for the reflection in the mirror.,https://www.youtube.com/shorts/nBq9a0dz_w4,"The question is asking why there are two men visible in the reflection of the woman reading under a tree.
By looking at the video, it can be seen that the reflection is created using a mirror.
The two men are part of the photography crew and are holding torches to create a specific lighting effect for the reflection."
1261-1,nBq9a0dz_w4,Paraphrased Open-ended Question,Objective Causality (Videography Phenomenon & Illusion),How is there a presence of two men in the reflection of only one woman reading under the tree?,34.2,Please state your answer with a brief explanation.,"The presence of two men in the reflection is due to them holding torches behind the camera, and their reflections are captured in the mirror placed on the ground.",https://www.youtube.com/shorts/nBq9a0dz_w4,"The video shows the behind-the-scenes of the reflection photo ideas. In the ""girl reading under the tree"" photo, there is a mirror placed on the ground. Two men are holding torches behind the camera, and their reflections are captured in the mirror, creating the illusion of their presence in the reflection."
1261-2,nBq9a0dz_w4,Correctly-led Open-ended Question,Objective Causality (Videography Phenomenon & Illusion),"In the scene with the woman reading, could the presence of two men in the reflection be due to the photos being intentionally shot and edited together?",34.2,Please state your answer with a brief explanation.,"Yes, the presence of two men in the reflection is likely due to the photos being intentionally shot and edited together. The behind-the-scenes footage shows that the reflection scene is different from the scene with the woman reading.",https://www.youtube.com/shorts/nBq9a0dz_w4,"The video shows the behind-the-scenes setup for the reflection photos. In the scene with the woman reading under the tree, the reflection shows a different scene with two men holding torches. This indicates that the final image is a composite of multiple shots."
1261-3,nBq9a0dz_w4,Wrongly-led Open-ended Question,Objective Causality (Videography Phenomenon & Illusion),Is the reflection of the two men in the scene created by using a mirror placed on the ground?,34.2,Please state your answer with a brief explanation.,"Yes, the reflection of the two men in the scene is created by using a mirror placed on the ground.",https://www.youtube.com/shorts/nBq9a0dz_w4,"The video shows how the photographer creates reflection photos. At 0:00, it shows a mirror being placed on the ground. At 0:19, it shows two men placing a mirror on the ground."
1261-7,nBq9a0dz_w4,Multiple-choice Question with a Single Correct Answer,Objective Causality (Videography Phenomenon & Illusion),"Why are two men visible in the reflection of the woman reading under a tree?
A. The men were actually sitting next to the woman.
B. A mirror was used to create the reflection.
C. The reflection is a natural phenomenon.
D. The photos were intentionally shot and edited together.",34.2,"E. None of the above
Select one best answer to the above multiple-choice question based on the video. Respond with only the letter (A, B, C, D or E) of the correct option.",B,https://www.youtube.com/shorts/nBq9a0dz_w4,"The video shows how the reflection photos are taken. At 0:19-0:26, it shows the two men holding a mirror while the woman is reading under the tree."
1262-0,gyynOp1Z9vg,Primary Open-ended Question,Character Emotion Attribute,What's the emotion of the girl in pink top after she held on the performer's arm?,59.61,Please state your answer with a brief explanation.,The girl in pink top is scared and starts crying after she held on the performer's arm.,https://www.youtube.com/shorts/gyynOp1Z9vg,"1. The question is about the emotion of the girl in pink top after she held on the performer's arm.
2. I need to watch the video and observe the girl's emotion.
3. The girl in pink top is scared and starts crying after she held on the performer's arm."
1262-1,gyynOp1Z9vg,Paraphrased Open-ended Question,Character Emotion Attribute,How did the girl in the pink top feel after grabbing the performer's arm?,59.61,Please state your answer with a brief explanation.,"After grabbing the performer's arm, the girl felt scared and thought she broke the statue, so she started crying and called for her dad.",https://www.youtube.com/shorts/gyynOp1Z9vg,"1. The question asks about the girl in the pink top's feelings after grabbing the performer's arm.
2. I need to look for the part of the video where the girl in the pink top interacts with the performer.
3. At [00:00:09], the girl in the pink top grabs the performer's arm.
4. After grabbing the performer's arm, the girl starts crying and calls for her dad. This indicates she felt scared and thought she broke the statue."
1262-2,gyynOp1Z9vg,Correctly-led Open-ended Question,Character Emotion Attribute,Did the girl in the pink top feel worried and scared after she held the performer's arm?,59.61,Please state your answer with a brief explanation.,"Yes, the girl in the pink top felt worried and scared after she held the performer's arm. This is evident from her crying and calling for her dad immediately after the performer moved his leg.",https://www.youtube.com/shorts/gyynOp1Z9vg,"The question asks about the girl in the pink top's feelings after touching the performer's arm.
The video shows the girl in the pink top touching the performer's arm. The performer then moves his leg, and the girl starts crying and calls for her dad."
1262-3,gyynOp1Z9vg,Wrongly-led Open-ended Question,Character Emotion Attribute,Did the girl in the pink top feel curious and amused after she held the performer's arm?,59.61,Please state your answer with a brief explanation.,"No, the girl in the pink top did not feel curious and amused after she held the performer's arm. She became scared and started crying when the performer moved.",https://www.youtube.com/shorts/gyynOp1Z9vg,"The question asks about the girl in the pink top's feelings after she held the performer's arm.
In the first instance, the girl in the pink top is initially curious and touches the performer's arm. However, when the performer moves his leg, she becomes scared and starts crying.
In the second instance, the girl in the pink top is initially curious and touches the performer's arm. However, when the performer moves his leg, she becomes scared and starts crying."
1262-7,gyynOp1Z9vg,Multiple-choice Question with a Single Correct Answer,Character Emotion Attribute,"What was the emotion of the girl in the pink top after she held the performer's arm?
A. Worried and scared
B. Indifferent
C. Happy
D. Curious and amused",59.61,"E. None of the above
Select one best answer to the above multiple-choice question based on the video. Respond with only the letter (A, B, C, D or E) of the correct option.",A,https://www.youtube.com/shorts/gyynOp1Z9vg,The girl in the pink top is worried and scared after she touches the performer's arm. She starts crying and calls for her dad.
1275-0,l9HF9qcNvBs,Primary Open-ended Question,Plot Attribute,Who wins the challenge?,58.86,Please state your answer with a brief explanation.,"The person in the blue shirt wins the challenge. He is the last one to add water to the glass without spilling, and then he drinks the water.",https://youtube.com/shorts/l9HF9qcNvBs,"The video shows a challenge where each person takes turns adding water to a glass until it spills. The person who spills loses.
The first person to spill is the person in the pink shirt.
The person in the blue shirt is the last one to add water to the glass without spilling, and then he drinks the water."
1275-1,l9HF9qcNvBs,Paraphrased Open-ended Question,Plot Attribute,Who is the winner of the challenge in the video?,58.86,Please state your answer with a brief explanation.,The person in the blue shirt is the winner because he successfully drank the water without spilling.,https://youtube.com/shorts/l9HF9qcNvBs,"The video shows a challenge where the participants try to fill a glass with water as much as possible without spilling. The person in the blue shirt is the only one who successfully drinks the water without spilling, therefore he is the winner."
1275-2,l9HF9qcNvBs,Correctly-led Open-ended Question,Plot Attribute,Did the person in the blue T-shirt lose the challenge while the others won?,58.86,Please state your answer with a brief explanation.,"No, the person in the blue T-shirt lost the challenge, but he drank the water in the glass. The others lost before him.",https://youtube.com/shorts/l9HF9qcNvBs,"The video shows a challenge where people try to fill a glass with water to the very top without spilling.
The person in the blue T-shirt spills water while filling the glass.
The person in the blue T-shirt then drinks the water in the glass."
1275-3,l9HF9qcNvBs,Wrongly-led Open-ended Question,Plot Attribute,Did the person in the blue shirt win the challenge?,58.86,Please state your answer with a brief explanation.,"Yes, the person in the blue shirt won the challenge because he successfully filled the glass above the rim and then drank the water without spilling.",https://youtube.com/shorts/l9HF9qcNvBs,The video shows the person in the blue shirt filling the glass with water. The water goes above the glass due to surface tension. The person in the blue shirt then drinks the water.
1275-7,l9HF9qcNvBs,Multiple-choice Question with a Single Correct Answer,Plot Attribute,"Who won the challenge?
A. The person in the red T-shirt, the person in the beige jacket, and the person in the light purple/pink T-shirt
B. None of the above
C. The person in the blue T-shirt and the person in the red T-shirt
D. The person in the blue T-shirt",58.86,"E. None of the above
Select one best answer to the above multiple-choice question based on the video. Respond with only the letter (A, B, C, D or E) of the correct option.",D,https://youtube.com/shorts/l9HF9qcNvBs,"The challenge is to fill a glass with water without spilling. The person in the blue T-shirt was the only one who was able to fill the glass without spilling. The person in the red T-shirt spilled a little bit of water, and the person in the light purple/pink T-shirt spilled a lot of water. The person in the beige jacket was out already."
1276-0,vXUZpRRrIBU,Primary Open-ended Question,Plot Attribute,What does the lemon icon at the top of the video mean?,30.32,Please state your answer with a brief explanation.,The lemon icon at the top of the video represents the sour gummy lemon that the family is eating in the challenge.,https://youtube.com/shorts/vXUZpRRrIBU,"The question asks about the lemon icon at the top of the video.
Based on the video content, the lemon icon at the top of the video represents the sour gummy lemon that the family is eating in the challenge."
1276-1,vXUZpRRrIBU,Paraphrased Open-ended Question,Plot Attribute,What is the significance of the lemon icon displayed at the top of the video?,30.32,Please state your answer with a brief explanation.,The lemon icon represents the sour gummy lemon that is being eaten in the challenge.,https://youtube.com/shorts/vXUZpRRrIBU,"The question asks about the lemon icon displayed at the top of the video.
Based on the video title ""Sour Family Sour Gummy Lemon Challenge! 🍋"" and the content of the video, the lemon icon represents the sour gummy lemon that the family is challenging each other to eat."
1276-2,vXUZpRRrIBU,Correctly-led Open-ended Question,Plot Attribute,Does the lemon icon at the top of the video represent different sizes of lemons that participants are challenged with?,30.32,Please state your answer with a brief explanation.,"Yes, the lemon icon at the top of the video represents different sizes of lemons that participants are challenged with.",https://youtube.com/shorts/vXUZpRRrIBU,"The video is titled ""Sour Family Sour Gummy Lemon Challenge! 🍋"".
The video description includes the word ""challenge"".
The video transcript shows the participants eating lemons of different sizes.
The lemon icons at the top of the video also appear to be of different sizes."
1276-3,vXUZpRRrIBU,Wrongly-led Open-ended Question,Plot Attribute,Does the lemon icon at the top of the video indicate the level of sourness of the lemon in the challenge?,30.32,Please state your answer with a brief explanation.,"No, the lemon icon at the top of the video does not indicate the level of sourness of the lemon in the challenge. It indicates the size of the gummy lemon.",https://youtube.com/shorts/vXUZpRRrIBU,"The video shows a family doing a sour gummy lemon challenge. The lemon icons at the top of the video increase in size as the lemons get bigger. The participants are eating gummy lemons of increasing size. The lemon icons at the top of the video seem to indicate the size of the gummy lemon being eaten, not the level of sourness."
1276-7,vXUZpRRrIBU,Multiple-choice Question with a Single Correct Answer,Plot Attribute,"What does the lemon icon at the top of the video signify?
A. A music video
B. The sourness of the lemons to be eaten
C. A cooking show
D. Different sizes of lemons to be eaten",30.32,"E. None of the above
Select one best answer to the above multiple-choice question based on the video. Respond with only the letter (A, B, C, D or E) of the correct option.",D,https://youtube.com/shorts/vXUZpRRrIBU,"The video is about eating sour gummy lemons of different sizes. The lemon icon at the top of the video shows different sizes of lemons.
Therefore, the lemon icon at the top of the video signifies different sizes of lemons to be eaten."
1278-0,X9_PhsoghBI,Primary Open-ended Question,Plot Attribute (Montage),"In the first two challenge, what is the difference in number of attempts?",59.29,Please state your answer with a brief explanation.,"The first challenge took 16 hours and was completed on the first try. The second challenge, which was to knock down all the dominoes, took 4 tries. Therefore, the difference in the number of attempts is 3.",https://www.youtube.com/shorts/X9_PhsoghBI,"1. Identify the first two challenges.
2. Note the number of attempts for each of these challenges.
3. Calculate the difference between these numbers."
1278-1,X9_PhsoghBI,Paraphrased Open-ended Question,Plot Attribute (Montage),What is the difference in the number of attempts between the first two challenges?,59.29,Please state your answer with a brief explanation.,The first challenge took 16 hours and was completed on the first try. The second challenge took 3 hours and was also completed on the first try. The difference in the number of attempts is 0.,https://www.youtube.com/shorts/X9_PhsoghBI,"1. Identify the first two challenges.
2. Find the number of attempts for each of the first two challenges.
3. Calculate the difference between the number of attempts."
1278-2,X9_PhsoghBI,Correctly-led Open-ended Question,Plot Attribute (Montage),Is the difference in the number of attempts between the first two challenges just one?,59.29,Please state your answer with a brief explanation.,"No, the difference in the number of attempts between the first two challenges is zero, as both were completed on the first try.",https://www.youtube.com/shorts/X9_PhsoghBI,"1. Identify the first two challenges in the video.
2. Note the number of attempts for each of these challenges.
3. Calculate the difference between the number of attempts.
4. Determine if the difference is equal to one.

The first challenge, where the car drifts and knocks the phone off the charger, took 16 hours and was completed on the first try.
The second challenge, where the car knocks the bottle into the bucket, also took one attempt.
The difference in the number of attempts is 1-1 = 0."
1278-3,X9_PhsoghBI,Wrongly-led Open-ended Question,Plot Attribute (Montage),Is the difference in the number of attempts between the first two challenges more than two?,59.29,Please state your answer with a brief explanation.,"Yes, the difference in the number of attempts between the first two challenges is more than two. The first challenge was completed on the first try, while the second challenge took 4 tries. The difference is 3, which is more than 2.",https://www.youtube.com/shorts/X9_PhsoghBI,"1. Identify the first two challenges.
2. Note the number of attempts for each of the first two challenges.
3. Calculate the difference between the number of attempts.
4. Determine if the difference is more than two.

The first challenge was completed on the first try.
The second challenge was completed in 4 tries.
The difference is 4-1 = 3.
3 is more than 2."
1278-7,X9_PhsoghBI,Multiple-choice Question with a Single Correct Answer,Plot Attribute (Montage),"What is the difference in the number of attempts between the first two challenges?
A. 1
B. 2
C. 3
D. 0",59.29,"E. None of the above
Select one best answer to the above multiple-choice question based on the video. Respond with only the letter (A, B, C, D or E) of the correct option.",C,https://www.youtube.com/shorts/X9_PhsoghBI,The first challenge took 1 try. The second challenge took 4 tries. The difference between 4 and 1 is 3.
1283-0,gilRZPVaUiM,Primary Open-ended Question,Event Duration & Speed Attribute,Which kid runs the fastest at the end of the video?,20.85,Please state your answer with a brief explanation.,The kid in the red uniform runs the fastest at the end of the video.,https://www.youtube.com/shorts/gilRZPVaUiM,"The question asks who runs the fastest at the end of the video.
Based on the video, the kid in the red uniform is in the lead at the end of the race."
1283-1,gilRZPVaUiM,Paraphrased Open-ended Question,Event Duration & Speed Attribute,Who is the fastest runner among the kids at the conclusion of the video?,20.85,Please state your answer with a brief explanation.,The runner in the red uniform is the fastest runner. He is the first to cross the finish line.,https://www.youtube.com/shorts/gilRZPVaUiM,"The question asks who is the fastest runner at the end of the video.
I need to watch the video and observe who crosses the finish line first.
The runner in the red uniform is the first to cross the finish line."
1283-2,gilRZPVaUiM,Correctly-led Open-ended Question,Event Duration & Speed Attribute,"Is the child in the red outfit, positioned in the middle of the five runners, the fastest at the end of the video?",20.85,Please state your answer with a brief explanation.,"Yes, the child in the red outfit, positioned in the middle of the five runners, is the fastest at the end of the race.",https://www.youtube.com/shorts/gilRZPVaUiM,"1. The question asks about the child in the red outfit, positioned in the middle of the five runners.
2. I need to observe the video to see if this child is the fastest at the end of the race.
3. By observing the video, the child in the red outfit, positioned in the middle of the five runners, is the fastest at the end of the race."
1283-3,gilRZPVaUiM,Wrongly-led Open-ended Question,Event Duration & Speed Attribute,Is the child in the green outfit the fastest runner at the end of the video?,20.85,Please state your answer with a brief explanation.,"No, the child in the green outfit is not the fastest runner at the end of the video.",https://www.youtube.com/shorts/gilRZPVaUiM,"The video shows a 50-meter dash. The runners are wearing different colored outfits. The question asks if the child in the green outfit is the fastest runner. At the end of the video, the child in the green outfit is not the fastest runner."
1283-7,gilRZPVaUiM,Multiple-choice Question with a Single Correct Answer,Event Duration & Speed Attribute,"Which child runs the fastest at the end of the video?
A. The child in the yellow outfit
B. The child in the blue outfit
C. The child in the red outfit in the middle
D. The child in the green outfit",20.85,"E. None of the above
Select one best answer to the above multiple-choice question based on the video. Respond with only the letter (A, B, C, D or E) of the correct option.",C,https://www.youtube.com/shorts/gilRZPVaUiM,"The video shows a 50-meter dash.
The question asks who runs the fastest at the end of the video.
At the end of the video, the child in the red outfit is in the lead."
1288-0,YKdNJPfnbLA,Primary Open-ended Question,Character Emotion Attribute,What is the blond man's emotion at the end of the video?,12.52,Please state your answer with a brief explanation.,The blond man is annoyed at the end of the video.,https://www.youtube.com/shorts/YKdNJPfnbLA,"The question asks about the blond man's emotion at the end of the video.
At the end of the video, the blond man is making a face that indicates he is annoyed."
1288-1,YKdNJPfnbLA,Paraphrased Open-ended Question,Character Emotion Attribute,How does the blond man feel at the conclusion of the video?,12.52,Please state your answer with a brief explanation.,The blond man feels frustrated at the conclusion of the video because the woman behind him ruins his magic trick.,https://www.youtube.com/shorts/YKdNJPfnbLA,"The video shows a man with blond hair performing a magic trick with a pink towel. At the end of the video, the woman behind him ruins the trick. The man looks at the camera with a frustrated expression."
1288-2,YKdNJPfnbLA,Correctly-led Open-ended Question,Character Emotion Attribute,Does the blond man feel frustrated because the woman behind him revealed the trick?,12.52,Please state your answer with a brief explanation.,"Yes, the blond man feels frustrated because the woman behind him revealed the trick. He looks annoyed after she reveals the trick.",https://www.youtube.com/shorts/YKdNJPfnbLA,The video shows a man doing a magic trick with a towel. The woman behind him reveals how the trick is done. The man looks frustrated and annoyed.
1288-3,YKdNJPfnbLA,Wrongly-led Open-ended Question,Character Emotion Attribute,Does the blond man feel playful and energetic at the end of the video?,12.52,Please state your answer with a brief explanation.,"Yes, the blond man appears playful and energetic at the end of the video. He is making exaggerated poses and facial expressions, which suggests he is having fun and being energetic.",https://www.youtube.com/shorts/YKdNJPfnbLA,"The video shows the blond man doing magic tricks with a pink towel. He makes exaggerated poses and facial expressions. At the end of the video, he is still making funny faces and gestures."
1288-7,YKdNJPfnbLA,Multiple-choice Question with a Single Correct Answer,Character Emotion Attribute,"What emotion does the blond man display at the end of the video?
A. Frustrated
B. Indifferent
C. Joyful
D. Playful",12.52,"E. None of the above
Select one best answer to the above multiple-choice question based on the video. Respond with only the letter (A, B, C, D or E) of the correct option.",D,https://www.youtube.com/shorts/YKdNJPfnbLA,"The question asks about the emotion displayed by the blond man at the end of the video.
At the end of the video, the blond man is playfully frustrated that his magic trick was ruined.
Therefore, the answer is D."
1290-0,WuoIOYVkN7E,Primary Open-ended Question,Character Emotion Attribute,What is the reaction of the man in the end?,7.96,Please state your answer with a brief explanation.,"At the end of the video, the man hits the wall and makes a screaming sound.",https://www.youtube.com/shorts/WuoIOYVkN7E,"1. The question asks about the reaction of the man at the end of the video.
2. I will look at the end of the video to analyze the man's reaction.
3. At the end of the video, the man hits the wall and makes a screaming sound."
1290-1,WuoIOYVkN7E,Paraphrased Open-ended Question,Character Emotion Attribute,How does the man react at the conclusion of the video?,7.96,Please state your answer with a brief explanation.,"At the conclusion of the video, the man is hit in the face with a pillow. He makes a noise and his face shows that he is in pain.",https://www.youtube.com/shorts/WuoIOYVkN7E,"1. The question asks about the man's reaction at the end of the video.
2. I need to watch the video and pay attention to the man's reaction.
3. At the end of the video, the man is hit in the face with a pillow. He makes a noise and his face shows that he is in pain."
1290-2,WuoIOYVkN7E,Correctly-led Open-ended Question,Character Emotion Attribute,Does the man at the end show signs of shock and pain after his attempt with the pillow?,7.96,Please state your answer with a brief explanation.,"Yes, the man shows signs of shock and pain. He makes a noise that sounds like he is hurt, and his facial expression changes to reflect discomfort. This is supported by the comments that mention his face and the sound he made.",https://www.youtube.com/shorts/WuoIOYVkN7E,"1. Analyze the video to observe the man's reaction after the pillow hit him.
2. Consider the comments that describe his reaction.
3. Form a conclusion based on the video and comments."
1290-3,WuoIOYVkN7E,Wrongly-led Open-ended Question,Character Emotion Attribute,Does the man at the end seem amused and entertained after his attempt with the pillow?,7.96,Please state your answer with a brief explanation.,"No, the man at the end does not seem amused or entertained. His facial expression shows that he is silently dying inside.",https://www.youtube.com/shorts/WuoIOYVkN7E,"1. Analyze the video to observe the man's facial expression and body language after his attempt with the pillow.
2. Consider the comments to see if they offer any insights into the man's reaction.
3. Form a conclusion based on the observations."
1290-7,WuoIOYVkN7E,Multiple-choice Question with a Single Correct Answer,Character Emotion Attribute,"What is the man's reaction at the end of the video?
A. He is indifferent.
B. He is confused.
C. He is in shock and agony.
D. He is amused and entertained.",7.96,"E. None of the above
Select one best answer to the above multiple-choice question based on the video. Respond with only the letter (A, B, C, D or E) of the correct option.",C,https://www.youtube.com/shorts/WuoIOYVkN7E,The man hits the wall before the pillow hits him. He makes a sound of pain and his face shows that he is in shock and agony.
1293-0,c77XgLraFbM,Primary Open-ended Question,Objective Causality,How did the bottle cap fly in the second scene of the video?,24.45,Please state your answer with a brief explanation.,The bottle cap was suspended by a string.,https://www.youtube.com/shorts/c77XgLraFbM,"The question asks how the bottle cap flew in the second scene of the video.
In the second scene, the video shows a woman sitting in a chair on a balcony, holding a bottle.
The video then shows a bottle cap hanging from a string.
It can be inferred that the bottle cap was suspended by a string to give the illusion that it was flying."
1293-1,c77XgLraFbM,Paraphrased Open-ended Question,Objective Causality,What method was used to make the bottle cap appear to fly in the second scene of the video?,24.45,Please state your answer with a brief explanation.,The bottle cap was suspended by a thin string.,https://www.youtube.com/shorts/c77XgLraFbM,"The question asks about the method used to make the bottle cap appear to fly in the second scene.
At around [00:00:06], the video shows the behind-the-scenes of the bottle cap photo. It shows that the bottle cap was suspended by a thin string."
1293-2,c77XgLraFbM,Correctly-led Open-ended Question,Objective Causality,Was the bottle cap in the second scene made to look like it was flying by using a thin string and clever camera angles?,24.45,Please state your answer with a brief explanation.,"Yes, the bottle cap in the second scene was made to look like it was flying by using a thin string and clever camera angles.",https://www.youtube.com/shorts/c77XgLraFbM,The video shows the behind-the-scenes of the second scene. It shows that the bottle cap was indeed suspended by a thin string to make it look like it was flying.
1293-3,c77XgLraFbM,Wrongly-led Open-ended Question,Objective Causality,Did the bottle cap fly in the second scene because someone actually flicked it with their finger?,24.45,Please state your answer with a brief explanation.,"No, the bottle cap did not fly because someone flicked it with their finger. It was suspended by a string.",https://www.youtube.com/shorts/c77XgLraFbM,The video shows how the second scene was set up. A string was used to suspend the bottle cap in the air.
1293-7,c77XgLraFbM,Multiple-choice Question with a Single Correct Answer,Objective Causality,"How was the flying bottle cap photo created in the second scene?
A. By throwing it in the air and capturing the photo precisely.
B. By physically flicking it with a finger.
C. By using a fan to blow it into the air.
D. By attaching it to a thin string and using camera angles.",24.45,"E. None of the above
Select one best answer to the above multiple-choice question based on the video. Respond with only the letter (A, B, C, D or E) of the correct option.",D,https://www.youtube.com/shorts/c77XgLraFbM,The video shows how the flying bottle cap photo was created. It was attached to a thin string.
1294-0,WbCqk3TIySs,Primary Open-ended Question,Plot Attribute (Montage),"Based on the narrative in the video, why did a piece of meat appear on the grill?",12.08,Please state your answer with a brief explanation.,"The meat appeared on the grill as a humorous, unexpected event, seemingly falling from the sky as a ""gift"" or ""blessing,"" likely staged for comedic effect.",https://www.youtube.com/shorts/WbCqk3TIySs,"1. The video is a humorous take on culinary life hacks.
2. The chef is grilling corn, and then a piece of meat suddenly appears on the grill.
3. The comments suggest the meat fell from the sky, a gift from above, or a blessing from the gods.
4. The video description mentions a blend of taste and humor, with the chef testing weird and interesting culinary life hacks.
5. The video is likely staged for comedic effect, making it seem as though the meat magically appeared."
1294-1,WbCqk3TIySs,Paraphrased Open-ended Question,Plot Attribute (Montage),What caused the piece of meat to end up on the grill in the video?,12.08,Please state your answer with a brief explanation.,"The piece of meat fell from the sky. The video shows someone cutting meat in a hot air balloon, implying that the meat fell from the balloon onto the grill.",https://www.youtube.com/shorts/WbCqk3TIySs,"The video starts with a clip of someone cutting meat in a hot air balloon. The next scene shows the chef grilling corn, and then a piece of meat suddenly falls onto the grill. Therefore, the meat fell from the sky."
1294-2,WbCqk3TIySs,Correctly-led Open-ended Question,Plot Attribute (Montage),"Based on narrative, did the piece of meat land on the grill because it was dropped from a hot air balloon?",12.08,Please state your answer with a brief explanation.,"Yes, the piece of meat landed on the grill because it was dropped from a hot air balloon.",https://www.youtube.com/shorts/WbCqk3TIySs,The video shows the chef grilling corn and then a piece of meat falls onto the grill. The video starts with a clip of someone cutting meat in a hot air balloon. The comments also refer to the meat falling from the sky.
1294-3,WbCqk3TIySs,Wrongly-led Open-ended Question,Plot Attribute (Montage),"Based on narrative, did the piece of meat appear on the grill because someone placed it there using tongs?",12.08,Please state your answer with a brief explanation.,"No, the piece of meat was not placed on the grill using tongs. It fell from above.",https://www.youtube.com/shorts/WbCqk3TIySs,"The video shows the chef placing corn on the grill using tongs. Then, a piece of meat falls onto the grill unexpectedly. Therefore, the meat was not placed there using tongs."
1294-7,WbCqk3TIySs,Multiple-choice Question with a Single Correct Answer,Plot Attribute (Montage),"Based on narrative, how did the piece of meat end up on the grill?
A. It was placed there using tongs.
B. It was dropped by the chef next to the grill.
C. It was already on the grill.
D. It was dropped from a hot air balloon.",12.08,"E. None of the above
Select one best answer to the above multiple-choice question based on the video. Respond with only the letter (A, B, C, D or E) of the correct option.",D,https://www.youtube.com/shorts/WbCqk3TIySs,"The video shows a piece of meat falling onto the grill. The first scene shows meat being cut in a hot air balloon. The next scene shows the chef grilling corn. Then a piece of meat falls from the sky onto the grill. Therefore, the meat was dropped from a hot air balloon."
1298-0,WKkCkLRo-Us,Primary Open-ended Question,Objective Causality,Why did the man's football not return to him?,7.71,Please state your answer with a brief explanation.,The man's football did not return to him because his son kicked it into a basketball hoop.,https://www.youtube.com/shorts/WKkCkLRo-Us,The man's football did not return to him because his son kicked it into a basketball hoop.
1298-1,WKkCkLRo-Us,Paraphrased Open-ended Question,Objective Causality,What caused the man's football not to come back to him?,7.71,Please state your answer with a brief explanation.,The man's football did not come back to him because it bounced off the wall in the opposite direction.,https://www.youtube.com/shorts/WKkCkLRo-Us,"The video shows a man and a boy playing with a soccer ball. The man kicks the ball, but it hits the wall and bounces away from him. The boy then kicks the ball into a basketball hoop."
1298-2,WKkCkLRo-Us,Correctly-led Open-ended Question,Objective Causality,Did the man's football not return because it landed in a blue bucket?,7.71,Please state your answer with a brief explanation.,"No, the man's football did not land in the blue bucket. It hit the wall above it and bounced back.",https://www.youtube.com/shorts/WKkCkLRo-Us,The video shows the man's football hitting the wall above the blue bucket and bouncing back.
1298-3,WKkCkLRo-Us,Wrongly-led Open-ended Question,Objective Causality,Was the man's football unable to return because a dog intercepted it?,7.71,Please state your answer with a brief explanation.,"No, the man's football was not unable to return because a dog intercepted it.",https://www.youtube.com/shorts/WKkCkLRo-Us,I watched the video and there was no dog present in the video.
1298-7,WKkCkLRo-Us,Multiple-choice Question with a Single Correct Answer,Objective Causality,"Why didn't the man's football return to him?
A. It landed in a blue bucket.
B. It landed in a basketball hoop.
C. The video ended before it is shown.
D. It was intercepted by a dog.",7.71,"E. None of the above
Select one best answer to the above multiple-choice question based on the video. Respond with only the letter (A, B, C, D or E) of the correct option.",A,https://www.youtube.com/shorts/WKkCkLRo-Us,"The man kicks the football towards the wall, but it bounces off the wall and lands in a blue bucket."
1299-0,OHk9qAIMKKU,Primary Open-ended Question,Objective Causality,Why did the elevator door close?,7.49,Please state your answer with a brief explanation.,The elevator door closed because Sofi pressed the button to close the elevator door.,https://www.youtube.com/shorts/OHk9qAIMKKU,"The video shows Sofi trying to avoid someone in the elevator. She pretends to press the button to close the elevator door.
The elevator door closed because Sofi pressed the button to close the elevator door."
1299-1,OHk9qAIMKKU,Paraphrased Open-ended Question,Objective Causality,What caused the elevator door to shut?,7.49,Please state your answer with a brief explanation.,Sofi pressed the button to close the elevator door.,https://www.youtube.com/shorts/OHk9qAIMKKU,The video shows Sofi trying to avoid someone in the elevator. She presses the button to close the elevator door.
1299-2,OHk9qAIMKKU,Correctly-led Open-ended Question,Objective Causality,Did the elevator door close automatically as buffer time is up?,7.49,Please state your answer with a brief explanation.,It is not clear whether the elevator door closed automatically.,https://www.youtube.com/shorts/OHk9qAIMKKU,The video shows the elevator door closing after the person exits. It is not clear whether the door closed automatically or if the person pressed the close button.
1299-3,OHk9qAIMKKU,Wrongly-led Open-ended Question,Objective Causality,Did the elevator door close because the person inside pressed the button to close it?,7.49,Please state your answer with a brief explanation.,"Yes, the elevator door closed because the person inside pressed the button to close it.",https://www.youtube.com/shorts/OHk9qAIMKKU,"The video shows a person trying to prevent someone from entering the elevator. The person inside the elevator is seen pressing the buttons on the elevator panel.
The top comments also suggest that the person inside the elevator pressed the close button."
1299-7,OHk9qAIMKKU,Multiple-choice Question with a Single Correct Answer,Objective Causality,"Why did the elevator door close?
A. Buffer time has run out.
B. The person inside pressed the close button.
C. The elevator malfunctioned.
D. The person outside was holding the door.",7.49,"E. None of the above
Select one best answer to the above multiple-choice question based on the video. Respond with only the letter (A, B, C, D or E) of the correct option.",B,https://www.youtube.com/shorts/OHk9qAIMKKU,"The video shows a person trying to avoid another person in an elevator. The person inside the elevator presses the close button repeatedly.
Therefore, the elevator door closed because the person inside pressed the close button."
1307-0,BH9b46Sy7jM,Primary Open-ended Question,Event Duration & Speed Attribute,"Past the ramp, what is the change in speed difference between the two tires in terms of forward distance?",29.61,Please state your answer with a brief explanation.,"The first tire is traveling faster than the second tire, increasing the distance between them.",https://www.youtube.com/shorts/BH9b46Sy7jM,"The question asks about the change in speed difference between the two tires after they pass the ramp.
From the video, the first tire misses the ramp and continues rolling down the hill. The second tire also misses the ramp and rolls down the hill.
After the ramp, the first tire is further down the hill than the second tire. This means the first tire is traveling faster than the second tire.
The distance between the two tires increases as they roll down the hill."
1307-1,BH9b46Sy7jM,Paraphrased Open-ended Question,Event Duration & Speed Attribute,How does the speed difference between the two tires change as they move forward past the ramp?,29.61,Please state your answer with a brief explanation.,The speed difference increases because the second tire hits a bump and slows down.,https://www.youtube.com/shorts/BH9b46Sy7jM,"The question asks about the speed difference between the two tires after they pass the ramp.
From the video, it is clear that the second tire hits a bump and slows down.
Therefore, the speed difference between the two tires increases as they move forward past the ramp."
1307-2,BH9b46Sy7jM,Correctly-led Open-ended Question,Event Duration & Speed Attribute,Does the tire initially lagging behind eventually surpass the leading tire in speed and distance after the ramp?,29.61,Please state your answer with a brief explanation.,"No, the tire initially lagging behind does not surpass the leading tire in speed and distance after the ramp.",https://www.youtube.com/shorts/BH9b46Sy7jM,"The video shows two tires rolling down a hill, with one initially ahead of the other. The question asks if the tire that starts behind eventually surpasses the leading tire in speed and distance after the ramp.
From the video, it is clear that the tire initially lagging behind does not surpass the leading tire in speed and distance after the ramp."
1307-3,BH9b46Sy7jM,Wrongly-led Open-ended Question,Event Duration & Speed Attribute,Does the tire that takes the lead at the start remain in the lead all the time?,29.61,Please state your answer with a brief explanation.,"No, the tire that takes the lead at the start does not remain in the lead all the time. The other tire overtakes it.",https://www.youtube.com/shorts/BH9b46Sy7jM,"The question asks if the tire that takes the lead at the start remains in the lead all the time.
I need to watch the video and observe the tires.
At the start, the tire on the left is in the lead.
At around 0:09, the tire on the right takes the lead.
Therefore, the tire that takes the lead at the start does not remain in the lead all the time."
1307-7,BH9b46Sy7jM,Multiple-choice Question with a Single Correct Answer,Event Duration & Speed Attribute,"What happens to the speed difference between the two tires after the ramp?
A. Both tires maintain the same speed.
B. The initially lagging tire accelerates and surpasses the leading tire.
C. The leading tire remains in the leading position all the time.
D. The lagging tire stops moving.",29.61,"E. None of the above
Select one best answer to the above multiple-choice question based on the video. Respond with only the letter (A, B, C, D or E) of the correct option.",C,https://www.youtube.com/shorts/BH9b46Sy7jM,"The video shows two tires rolling down a hill, one slightly ahead of the other. The tires approach a ramp. After the ramp, the tires continue rolling. The lagging tire hits a bump and slows down. Therefore, the leading tire remains in the leading position all the time."
1308-0,KZfOc4Bygfs,Primary Open-ended Question,Event Duration & Speed Attribute,How does the speed of the black missile change in this animation?,24.09,Please state your answer with a brief explanation.,"The black missile is shown moving at a slower speed, then the BrahMos 2 missile is shown moving faster. The BrahMos 2 missile is said to be seven times faster than the speed of sound.",https://www.youtube.com/shorts/KZfOc4Bygfs,"1. The question asks about the speed of the black missile in the animation.
2. The video shows a black missile at first, then a red and white missile.
3. The black missile is shown first, then the red and white missile is shown moving faster.
4. The red and white missile is labeled as the BrahMos 2 missile.
5. The BrahMos 2 missile is said to be seven times faster than the speed of sound."
1308-1,KZfOc4Bygfs,Paraphrased Open-ended Question,Event Duration & Speed Attribute,What changes occur in the speed of the black missile throughout the animation?,24.09,Please state your answer with a brief explanation.,"The black missile accelerates to a very high speed, reaching seven times the speed of sound.",https://www.youtube.com/shorts/KZfOc4Bygfs,"1. The question asks about the speed changes of the black missile in the animation.
2. The video shows the black missile accelerating to a very high speed.
3. The video mentions that the missile is faster than a bullet, and then it accelerates to seven times the speed of sound."
1308-2,KZfOc4Bygfs,Correctly-led Open-ended Question,Event Duration & Speed Attribute,Does the black missile in the animation first decelerate to match the bullet's speed before accelerating rapidly?,24.09,Please state your answer with a brief explanation.,"No, the missile does not decelerate to match the bullet's speed. It appears and immediately accelerates.",https://www.youtube.com/shorts/KZfOc4Bygfs,"The question asks if the missile decelerates to match the bullet's speed before accelerating rapidly.
I need to watch the video to observe the missile's movement relative to the bullet.
From 0:06-0:11, the missile appears and accelerates rapidly, without any deceleration."
1308-3,KZfOc4Bygfs,Wrongly-led Open-ended Question,Event Duration & Speed Attribute,Does the speed of the black missile in the animation keep increasing?,24.09,Please state your answer with a brief explanation.,"Yes, the speed of the black missile in the animation keeps increasing.",https://www.youtube.com/shorts/KZfOc4Bygfs,"1. The question is whether the speed of the black missile in the animation keeps increasing.
2. Review the animation from 0:06-0:12.
3. The missile appears to be accelerating."
1308-7,KZfOc4Bygfs,Multiple-choice Question with a Single Correct Answer,Event Duration & Speed Attribute,"How does the speed of the black missile change in the animation?
A. It increases significantly from the start.
B. It moves seven times faster than the bullet from the start.
C. It first decelerates to match the bullet's speed, then accelerates rapidly.
D. It maintains a constant speed throughout.",24.09,"E. None of the above
Select one best answer to the above multiple-choice question based on the video. Respond with only the letter (A, B, C, D or E) of the correct option.",A,https://www.youtube.com/shorts/KZfOc4Bygfs,The video shows the bullet moving at a constant speed. Then the missile appears and its speed increases significantly.
1310-0,xk2yJbDhU0E,Primary Open-ended Question,Event Duration & Speed Attribute,Who used lesser time in completing the game?,28.65,Please state your answer with a brief explanation.,Michiel used lesser time in completing the game.,https://www.youtube.com/shorts/xk2yJbDhU0E,The video shows Celine and Michiel competing in a 6-ball sprint challenge. Michiel finishes the game faster than Celine.
1310-1,xk2yJbDhU0E,Paraphrased Open-ended Question,Event Duration & Speed Attribute,Which participant finished the game in the shortest amount of time?,28.65,Please state your answer with a brief explanation.,Michiel finished the game in the shortest amount of time.,https://www.youtube.com/shorts/xk2yJbDhU0E,"The video shows Celine and Michiel competing in a 6-ball sprint challenge. Based on the visual, Michiel finishes the game faster than Celine."
1310-2,xk2yJbDhU0E,Correctly-led Open-ended Question,Event Duration & Speed Attribute,"Did Michiel, the man on the right in the pink top, complete the game faster than Celine?",28.65,Please state your answer with a brief explanation.,"Yes, Michiel completed the game faster than Celine.",https://www.youtube.com/shorts/xk2yJbDhU0E,The video shows Michiel completing the challenge faster than Celine.
1310-3,xk2yJbDhU0E,Wrongly-led Open-ended Question,Event Duration & Speed Attribute,Did Celine finish the game faster because she had more soccer ball icons above her name?,28.65,Please state your answer with a brief explanation.,"No, Celine did not finish the game faster because she had more soccer ball icons above her name. Michiel finished faster. The soccer ball icons are added as they progress through the game and do not determine the winner.",https://www.youtube.com/shorts/xk2yJbDhU0E,"The question asks if Celine finished the game faster because she had more soccer ball icons above her name.
The soccer ball icons above their names are added as they progress through the game.
The video shows that Michiel finishes the game faster than Celine.
Therefore, the number of soccer ball icons above their names does not determine who finishes faster."
1310-7,xk2yJbDhU0E,Multiple-choice Question with a Single Correct Answer,Event Duration & Speed Attribute,"Who completed the game in less time?
A. Both finished at the same time
B. Michiel
C. Neither completed the game
D. Celine",28.65,"E. None of the above
Select one best answer to the above multiple-choice question based on the video. Respond with only the letter (A, B, C, D or E) of the correct option.",B,https://www.youtube.com/shorts/xk2yJbDhU0E,"The video shows Michiel completing the game before Celine.
Therefore, the answer is B."
1312-0,_tT2ldpZHek,Primary Open-ended Question,Displacement Attribute,Is the treadmill running while the person in the video is sleeping?,46.34,Please state your answer with a brief explanation.,"Yes, the treadmill is running while the person in the video is sleeping.",https://www.youtube.com/shorts/_tT2ldpZHek,"The video shows a person sleeping on a treadmill. By observing the video, the treadmill is running while the person is sleeping."
1312-1,_tT2ldpZHek,Paraphrased Open-ended Question,Displacement Attribute,Was the treadmill active while the person was trying to sleep in the video?,46.34,Please state your answer with a brief explanation.,"Yes, the treadmill was active while the person was trying to sleep in the video. The treadmill belt was moving while the person was lying on it, covered with a blanket.",https://www.youtube.com/shorts/_tT2ldpZHek,"The video shows the person sleeping on the treadmill.
I need to observe the video to see if the treadmill is active while the person is sleeping.
At the sleeping scene, the treadmill is active."
1312-2,_tT2ldpZHek,Correctly-led Open-ended Question,Displacement Attribute,Did the person in the video have to crawl forward to avoid falling off the treadmill because it was running while they were sleeping?,46.34,Please state your answer with a brief explanation.,"Yes, the person in the video had to crawl forward to avoid falling off the treadmill because it was running while they were sleeping.",https://www.youtube.com/shorts/_tT2ldpZHek,"The video shows a person sleeping on a treadmill. The treadmill is running, and the person is moving forward on the treadmill to avoid falling off."
1312-3,_tT2ldpZHek,Wrongly-led Open-ended Question,Displacement Attribute,Was the treadmill belt stationary while the person was sleeping in the video?,46.34,Please state your answer with a brief explanation.,"No, the treadmill belt was not stationary while the person was sleeping in the video. The belt was moving.",https://www.youtube.com/shorts/_tT2ldpZHek,"The question asks if the treadmill belt was stationary when the person was sleeping.
I need to look at the video to see if the treadmill belt was moving or not during the sleeping scene.
At the sleeping scene, the treadmill belt was moving."
1312-7,_tT2ldpZHek,Multiple-choice Question with a Single Correct Answer,Displacement Attribute,"What was the state of the treadmill while the person was sleeping in the video?
A. The treadmill was off, but the person was moving.
B. The treadmill was running, but the person was unaffected, sleeping on bed.
C. The treadmill was running, causing the person to crawl forward.
D. The treadmill was turned off and stationary.",46.34,"E. None of the above
Select one best answer to the above multiple-choice question based on the video. Respond with only the letter (A, B, C, D or E) of the correct option.",C,https://www.youtube.com/shorts/_tT2ldpZHek,"The video shows the person sleeping on the treadmill. The treadmill is running, causing the person to crawl forward."
1318-0,3i4wmfNpqRg,Primary Open-ended Question,Character Emotion Attribute,What are the daughter's emotions at the end?,16.38,Please state your answer with a brief explanation.,"The daughter appears unimpressed and slightly annoyed at the end. She is looking away from her dad with a neutral to slightly disapproving expression, suggesting she is not amused by his antics.",https://www.youtube.com/shorts/3i4wmfNpqRg,"1. I will watch the video and pay close attention to the daughter's facial expressions and body language at the end.
2. I will analyze her reaction to determine her emotions.
3. I will provide a brief explanation of my interpretation."
1318-1,3i4wmfNpqRg,Paraphrased Open-ended Question,Character Emotion Attribute,How does the daughter feel at the conclusion of the video?,16.38,Please state your answer with a brief explanation.,"The daughter seems unimpressed and slightly annoyed. She maintains a neutral expression, suggesting she is not particularly amused by her father's behavior.",https://www.youtube.com/shorts/3i4wmfNpqRg,"The daughter appears to be unimpressed and slightly annoyed by her father's antics. She maintains a relatively neutral expression throughout the video, even when he is meowing and acting like a cat. Some comments suggest she is trying not to laugh, but overall, she seems more exasperated than amused."
1318-2,3i4wmfNpqRg,Correctly-led Open-ended Question,Character Emotion Attribute,Does the daughter seem speechless with her father at the end?,16.38,Please state your answer with a brief explanation.,"Yes, the daughter seems speechless at the end. She doesn't say anything and has a slight smile, suggesting she's amused but doesn't know how to respond to her father's antics.",https://www.youtube.com/shorts/3i4wmfNpqRg,"The question asks if the daughter seems speechless at the end.
I need to analyze the video to determine the daughter's reaction at the end.
At the end of the video, the daughter is sitting on the couch while her father is on the couch acting like a cat. The daughter does not say anything and has a slight smile."
1318-3,3i4wmfNpqRg,Wrongly-led Open-ended Question,Character Emotion Attribute,Does the daughter appear amused and entertained by her father's antics at the end?,16.38,Please state your answer with a brief explanation.,"Yes, the daughter appears amused and entertained at the end, as she is smiling slightly while watching her father.",https://www.youtube.com/shorts/3i4wmfNpqRg,"The question asks if the daughter appears amused and entertained at the end.
I need to look at the end of the video and analyze the daughter's facial expressions and body language.
At the end of the video, the daughter is sitting on the couch while her father is on the couch acting like a cat.
The daughter is smiling slightly."
1318-7,3i4wmfNpqRg,Multiple-choice Question with a Single Correct Answer,Character Emotion Attribute,"What are the daughter's emotions at the end of the video?
A. Confused
B. Excited
C. Speechless
D. Amused",16.38,"E. None of the above
Select one best answer to the above multiple-choice question based on the video. Respond with only the letter (A, B, C, D or E) of the correct option.",D,https://www.youtube.com/shorts/3i4wmfNpqRg,The daughter is trying very hard not to laugh at her dad's antics. She is amused by his behavior.
1321-0,6qHXenlRDH4,Primary Open-ended Question,Character Emotion Attribute,What is the emotion of the girl in braids at the end of the video?,24.32,Please state your answer with a brief explanation.,,https://youtube.com/shorts/6qHXenlRDH4,
1321-1,6qHXenlRDH4,Paraphrased Open-ended Question,Character Emotion Attribute,How does the girl with braids feel at the conclusion of the video?,24.32,Please state your answer with a brief explanation.,,https://youtube.com/shorts/6qHXenlRDH4,
1321-2,6qHXenlRDH4,Correctly-led Open-ended Question,Character Emotion Attribute,Is the girl with braids feeling dazed and confused by the actions of the man next to her at the end of the video?,24.32,Please state your answer with a brief explanation.,,https://youtube.com/shorts/6qHXenlRDH4,
1321-3,6qHXenlRDH4,Wrongly-led Open-ended Question,Character Emotion Attribute,Does the girl with braids appear happy at the end of the video?,24.32,Please state your answer with a brief explanation.,,https://youtube.com/shorts/6qHXenlRDH4,
1321-7,6qHXenlRDH4,Multiple-choice Question with a Single Correct Answer,Character Emotion Attribute,"What is the emotion of the girl in braids at the end of the video?
A. Happy and engaged
B. Indifferent and bored
C. Excited and thrilled
D. Dazed and confused",24.32,"E. None of the above
Select one best answer to the above multiple-choice question based on the video. Respond with only the letter (A, B, C, D or E) of the correct option.",,https://youtube.com/shorts/6qHXenlRDH4,
1324-0,L9dnb-wfsnc,Primary Open-ended Question,Character Reaction Causality,What is the mood of the man and woman at the end of the video? Why is this sentiment caused?,28.67,Please state your answer with a brief explanation.,"At the end of the video, the man is shocked and surprised, while the woman is relieved and apologetic. This is because the man almost cut their dog in half, thinking it was another object.",https://www.youtube.com/shorts/L9dnb-wfsnc,"1. The question asks about the mood of the man and woman at the end of the video and the reason for this sentiment.
2. Review the video to observe the man and woman's reactions at the end.
3. The man is shocked and surprised, while the woman is relieved and apologetic.
4. This is because the man almost cut their dog in half, thinking it was another object."
1324-1,L9dnb-wfsnc,Paraphrased Open-ended Question,Character Reaction Causality,"How do the man and woman feel at the conclusion of the video, and what causes these emotions?",28.67,Please state your answer with a brief explanation.,"At the conclusion of the video, the man and woman are shocked and relieved. This is because the woman places their dog in the man's hands as he is about to split it in half, causing them to realize the potential danger the dog was in.",https://www.youtube.com/shorts/L9dnb-wfsnc,"1. Review the video to understand the context of the question.
2. Analyze the facial expressions and body language of the man and woman at the end of the video.
3. Identify the event that causes their emotions.
4. Formulate an answer based on the analysis."
1324-2,L9dnb-wfsnc,Correctly-led Open-ended Question,Character Reaction Causality,Do the man and woman experience shock and remorse at the end of the video due to the man's distracted actions with the dog?,28.67,Please state your answer with a brief explanation.,"Yes, the man and woman experience shock at the end of the video. The woman gasps and pulls at the man's arm, while the man looks surprised and concerned after realizing he almost harmed the dog.",https://www.youtube.com/shorts/L9dnb-wfsnc,"1. Review the video to observe the man and woman's reactions at the end, specifically when the dog is nearly harmed.
2. Analyze their facial expressions and body language to determine if they convey shock and remorse.
3. Consider the overall tone of the video, which appears to be comedic."
1324-3,L9dnb-wfsnc,Wrongly-led Open-ended Question,Character Reaction Causality,Do the man and woman appear to be in a light-hearted and playful mood at the end of the video because of their interaction with the fluffy white dog?,28.67,Please state your answer with a brief explanation.,"Yes, the man and woman appear to be in a light-hearted and playful mood at the end of the video because of their interaction with the fluffy white dog. They are both laughing and seem relieved that the dog was not harmed.",https://www.youtube.com/shorts/L9dnb-wfsnc,"The video shows a man and a woman sitting on a couch. The man is demonstrating his ability to cut things in half. The woman looks surprised and amused by his actions. At the end of the video, the woman hands the man a fluffy white dog. The man almost cuts the dog in half, but stops at the last second. Both the man and woman look relieved and start laughing."
1324-7,L9dnb-wfsnc,Multiple-choice Question with a Single Correct Answer,Character Reaction Causality,"What caused the change in mood for the man and woman at the end of the video?
A. They were enjoying the moment with the dog.
B. They were not paying attention.
C. The man was almost about to harm the dog.
D. They were relaxed and playful.",28.67,"E. None of the above
Select one best answer to the above multiple-choice question based on the video. Respond with only the letter (A, B, C, D or E) of the correct option.",C,https://www.youtube.com/shorts/L9dnb-wfsnc,"The video shows a man and woman attempting to break various items in half. At the end of the video, a dog is placed in the man's arms, and he almost breaks the dog in half, causing a change in mood.
Option A is incorrect because they were not enjoying the moment with the dog.
Option B is incorrect because they were paying attention.
Option C is correct because the man was almost about to harm the dog.
Option D is incorrect because they were not relaxed and playful."
1329-0,x5JHiogS_nM,Primary Open-ended Question,Character Reaction Causality,What is the mood of the woman at the end of the video? Why？,16.21,Please state your answer with a brief explanation.,The woman is in a playful mood at the end of the video because she playfully chases the man after he pretends to be a king.,https://www.youtube.com/shorts/x5JHiogS_nM,"The video shows a woman doing yoga, and the man pretends to be a king and makes her bow to him. At the end of the video, the woman playfully chases the man.
Based on this, I can infer that the woman is in a playful mood."
1329-1,x5JHiogS_nM,Paraphrased Open-ended Question,Character Reaction Causality,"How does the woman feel at the conclusion of the video, and what causes this mood?",16.21,Please state your answer with a brief explanation.,"At the conclusion of the video, the woman is playfully annoyed or shocked. This is caused by the man's sudden and unexpected behavior of sitting like a king while she was doing yoga.",https://www.youtube.com/shorts/x5JHiogS_nM,"1. The video shows a woman doing yoga.
2. The man puts the baby down and sits on the couch.
3. The woman raises her head and sees the man sitting like a king.
4. She playfully kicks him, and he runs away.
5. Based on the kick and the comments, she is likely playfully annoyed or shocked by his behavior."
1329-2,x5JHiogS_nM,Correctly-led Open-ended Question,Character Reaction Causality,Does the woman's mood at the end of the video reflect frustration or anger due to the man's pretending to be a king during her yoga session?,16.21,Please state your answer with a brief explanation.,"The woman's mood at the end of the video reflects playfulness, not frustration or anger. She playfully smacks him, indicating a lighthearted reaction to his prank.",https://www.youtube.com/shorts/x5JHiogS_nM,The comments suggest the video is humorous and lighthearted. The woman playfully smacks the man after he pretends to be a king. The comments do not suggest any real anger or frustration.
1329-3,x5JHiogS_nM,Wrongly-led Open-ended Question,Character Reaction Causality,"Is the woman's mood at the end of the video one of confusion and curiosity, as she failed to undertand the man's action completely?",16.21,Please state your answer with a brief explanation.,"No, the woman's mood at the end of the video is not one of confusion and curiosity. She understands the man's actions and playfully chases him.",https://www.youtube.com/shorts/x5JHiogS_nM,"The video shows a woman doing yoga, and the man pretends to be a king while she is bowing down. At the end of the video, the woman gets up and playfully chases the man.
The comments suggest that the woman was shocked and not confused by the man's actions."
1329-7,x5JHiogS_nM,Multiple-choice Question with a Single Correct Answer,Character Reaction Causality,"What were the reasons for the woman's mood at the end of the video?
A. She was curious about what happened.
B. The man was not taking care of their child.
C. She failed to understand the man's actions.
D. The man made it look like she was doing a kowtow while the man preteded to be a king.",16.21,"E. None of the above
Select one best answer to the above multiple-choice question based on the video. Respond with only the letter (A, B, C, D or E) of the correct option.",D,https://www.youtube.com/shorts/x5JHiogS_nM,"The video shows a woman doing yoga. The man puts the baby down and sits on the couch. When the woman raises her head, the man gets up and runs away because she kicks him. The comments confirm that the man was pretending to be a king and the woman was not happy about it.
Option A is incorrect because she was not curious.
Option B is incorrect because the man was taking care of the child.
Option C is incorrect because she understood the man's actions.
Option D is correct because the man made it look like she was doing a kowtow while the man preteded to be a king."
1344-0,eLJNa61S4RE,Primary Open-ended Question,Character Reaction Causality,"In this video, why does the child smile after the injection?",18.35,Please state your answer with a brief explanation.,The child smiles after the injection because the baby realizes it wasn't that painful.,https://www.youtube.com/shorts/eLJNa61S4RE,"The video shows a baby crying after getting an injection. However, the baby quickly stops crying and starts smiling. The video captions suggest the baby realizes it wasn't that painful and starts smiling."
1344-1,eLJNa61S4RE,Paraphrased Open-ended Question,Character Reaction Causality,What causes the child to smile after receiving the injection in the video?,18.35,Please state your answer with a brief explanation.,The child smiles after receiving the injection because the pain was not as bad as they initially thought.,https://www.youtube.com/shorts/eLJNa61S4RE,"The video shows a baby receiving an injection, crying briefly, and then quickly transitioning to a smile. The baby seems to realize that the pain wasn't as bad as expected, which leads to the smile."
1344-2,eLJNa61S4RE,Correctly-led Open-ended Question,Character Reaction Causality,Does the child smile after the injection because the pain subsides once the needle is removed?,18.35,Please state your answer with a brief explanation.,"It's possible that the pain subsiding contributes to the baby's smile, but the quick emotional shift and the comments suggest that other factors, such as distraction or realizing the pain wasn't severe, also play a significant role.",https://www.youtube.com/shorts/eLJNa61S4RE,"The video shows a baby crying during an injection and then quickly transitioning to smiling and appearing happy immediately after. The comments suggest that the baby's reaction is due to a quick emotional shift, possibly influenced by the parents' reaction or a distraction. The baby may have realized that the pain wasn't as bad as expected."
1344-3,eLJNa61S4RE,Wrongly-led Open-ended Question,Character Reaction Causality,Is the child's smile after the injection due to being comforted by the person around them?,18.35,Please state your answer with a brief explanation.,"No, the child's smile after the injection is not due to being comforted by the person around them. The baby seems to be smiling because the pain was not as bad as expected.",https://www.youtube.com/shorts/eLJNa61S4RE,"The video shows a baby crying after getting an injection. Then the baby stops crying and looks around, seemingly realizing it wasn't so bad. The baby then starts smiling and laughing. There is no indication that the baby's smile is due to being comforted by the person holding them. The baby seems to be smiling because the pain was not as bad as expected."
1344-7,eLJNa61S4RE,Multiple-choice Question with a Single Correct Answer,Character Reaction Causality,"Why does the child smile after the injection?
A. They are distracted by a toy.
B. They are being comforted by the person around them.
C. The pain subsides once the needle is removed.
D. They are reacting to the interesting environment.",18.35,"E. None of the above
Select one best answer to the above multiple-choice question based on the video. Respond with only the letter (A, B, C, D or E) of the correct option.",C,https://www.youtube.com/shorts/eLJNa61S4RE,"The baby cries during the injection, then stops crying and looks around with a questioning expression. After that, the baby smiles. The baby smiles because the pain subsides once the needle is removed."
